:START_ID,:END_ID,:TYPE
25,798,FOLLOWS
25,789,FOLLOWS
25,753,FOLLOWS
58,172,FOLLOWS
58,4834,FOLLOWS
58,5486,FOLLOWS
58,81,FOLLOWS
58,5656,FOLLOWS
58,4939,FOLLOWS
58,5596,FOLLOWS
58,6792,FOLLOWS
81,58,FOLLOWS
172,58,FOLLOWS
172,2898,FOLLOWS
172,87417,FOLLOWS
244,295,FOLLOWS
258,244,FOLLOWS
258,4982,FOLLOWS
258,4980,FOLLOWS
258,5372,FOLLOWS
258,5376,FOLLOWS
291,9262,FOLLOWS
295,244,FOLLOWS
300,6927,FOLLOWS
337,214228,FOLLOWS
337,247358,FOLLOWS
363,8696,FOLLOWS
371,17907,FOLLOWS
371,18124,FOLLOWS
592,18094,FOLLOWS
737,19591,FOLLOWS
753,25,FOLLOWS
755,25,FOLLOWS
755,18094,FOLLOWS
755,20805,FOLLOWS
755,11672,FOLLOWS
789,25,FOLLOWS
798,25,FOLLOWS
798,3006,FOLLOWS
798,44827,FOLLOWS
798,58225,FOLLOWS
929,8378,FOLLOWS
929,17742,FOLLOWS
938,14815,FOLLOWS
938,24880,FOLLOWS
938,24379,FOLLOWS
938,20340,FOLLOWS
1028,11162,FOLLOWS
1219,22531,FOLLOWS
1219,29279,FOLLOWS
1222,14901,FOLLOWS
1310,79580,FOLLOWS
1339,8656,FOLLOWS
1478,37570,FOLLOWS
1633,1219,FOLLOWS
1694,183952,FOLLOWS
1699,33461,FOLLOWS
1699,40030,FOLLOWS
1699,39958,FOLLOWS
1699,40738,FOLLOWS
1699,211147,FOLLOWS
1789,4819,FOLLOWS
1811,21072,FOLLOWS
1986,18999,FOLLOWS
2008,11645,FOLLOWS
2008,49146,FOLLOWS
2014,3921,FOLLOWS
2014,2868,FOLLOWS
2111,23169,FOLLOWS
2157,1699,FOLLOWS
2157,15887,FOLLOWS
2157,90447,FOLLOWS
2224,13491,FOLLOWS
2253,50551,FOLLOWS
2371,6405,FOLLOWS
2446,159894,FOLLOWS
2446,182899,FOLLOWS
2446,507764,FOLLOWS
2582,2619,FOLLOWS
2582,5508,FOLLOWS
2619,2582,FOLLOWS
2787,22578,FOLLOWS
2787,27767,FOLLOWS
2787,42415,FOLLOWS
2787,126451,FOLLOWS
2813,68736,FOLLOWS
2814,373047,FOLLOWS
2814,390528,FOLLOWS
2814,700682,FOLLOWS
2890,172,FOLLOWS
2890,142458,FOLLOWS
2898,172,FOLLOWS
2976,172,FOLLOWS
3006,37528,FOLLOWS
3011,25486,FOLLOWS
3023,172,FOLLOWS
3023,1699,FOLLOWS
3183,48196,FOLLOWS
3183,10577,FOLLOWS
3286,82199,FOLLOWS
3287,994629,FOLLOWS
3343,11645,FOLLOWS
3343,15264,FOLLOWS
3406,4819,FOLLOWS
3435,542552,FOLLOWS
3440,67915,FOLLOWS
3459,1219,FOLLOWS
3459,38519,FOLLOWS
3539,17411,FOLLOWS
3557,24970,FOLLOWS
3557,3921,FOLLOWS
3557,16570,FOLLOWS
3557,16158,FOLLOWS
3618,37788,FOLLOWS
3646,434492,FOLLOWS
3700,18480,FOLLOWS
3700,19716,FOLLOWS
3921,2014,FOLLOWS
3921,3557,FOLLOWS
3921,265249,FOLLOWS
3966,92568,FOLLOWS
3966,92581,FOLLOWS
3966,92972,FOLLOWS
3966,92986,FOLLOWS
4025,4173,FOLLOWS
4025,95130,FOLLOWS
4025,51782,FOLLOWS
4025,18563,FOLLOWS
4025,95380,FOLLOWS
4032,80823,FOLLOWS
4059,42415,FOLLOWS
4059,95703,FOLLOWS
4064,1028,FOLLOWS
4064,146505,FOLLOWS
4086,4173,FOLLOWS
4086,101599,FOLLOWS
4173,4025,FOLLOWS
4173,4086,FOLLOWS
4173,10309,FOLLOWS
4173,4667,FOLLOWS
4173,6539,FOLLOWS
4173,4022,FOLLOWS
4211,47932,FOLLOWS
4247,95649,FOLLOWS
4247,95704,FOLLOWS
4251,81531,FOLLOWS
4251,86218,FOLLOWS
4360,102444,FOLLOWS
4360,102448,FOLLOWS
4425,94110,FOLLOWS
4425,98477,FOLLOWS
4429,57809,FOLLOWS
4429,178033,FOLLOWS
4429,401575,FOLLOWS
4556,191866,FOLLOWS
4566,557346,FOLLOWS
4649,111545,FOLLOWS
4649,111543,FOLLOWS
4649,100577,FOLLOWS
4649,112142,FOLLOWS
4649,112236,FOLLOWS
4649,112370,FOLLOWS
4661,15706,FOLLOWS
4661,284512,FOLLOWS
4667,4173,FOLLOWS
4667,8190,FOLLOWS
4680,81653,FOLLOWS
4680,81658,FOLLOWS
4819,58,FOLLOWS
4819,1789,FOLLOWS
4819,26658,FOLLOWS
4834,58,FOLLOWS
4878,110257,FOLLOWS
4939,58,FOLLOWS
4939,2253,FOLLOWS
4939,998669,FOLLOWS
4980,258,FOLLOWS
4982,258,FOLLOWS
4982,31008,FOLLOWS
5046,96499,FOLLOWS
5046,1056989,FOLLOWS
5101,5162,FOLLOWS
5162,5101,FOLLOWS
5162,66214,FOLLOWS
5188,35964,FOLLOWS
5188,114441,FOLLOWS
5188,80766,FOLLOWS
5188,119729,FOLLOWS
5188,40014,FOLLOWS
5188,120051,FOLLOWS
5283,173626,FOLLOWS
5372,118981,FOLLOWS
5376,120460,FOLLOWS
5486,58,FOLLOWS
5508,18079,FOLLOWS
5519,57219,FOLLOWS
5525,120460,FOLLOWS
5525,107177,FOLLOWS
5525,63387,FOLLOWS
5556,10448,FOLLOWS
5556,126322,FOLLOWS
5596,58,FOLLOWS
5596,26150,FOLLOWS
5656,58,FOLLOWS
5656,116498,FOLLOWS
5731,102021,FOLLOWS
5888,22578,FOLLOWS
5888,90641,FOLLOWS
5889,28210,FOLLOWS
5889,121636,FOLLOWS
5889,69773,FOLLOWS
5889,12950,FOLLOWS
5889,11653,FOLLOWS
5889,131723,FOLLOWS
5927,6910,FOLLOWS
5927,128683,FOLLOWS
5991,21072,FOLLOWS
5991,28264,FOLLOWS
6048,134483,FOLLOWS
6048,134805,FOLLOWS
6048,129178,FOLLOWS
6048,100706,FOLLOWS
6136,325274,FOLLOWS
6136,755308,FOLLOWS
6150,133229,FOLLOWS
6150,6671,FOLLOWS
6150,141746,FOLLOWS
6150,140060,FOLLOWS
6150,141738,FOLLOWS
6150,139951,FOLLOWS
6150,132857,FOLLOWS
6150,140409,FOLLOWS
6150,139410,FOLLOWS
6150,136825,FOLLOWS
6150,69149,FOLLOWS
6150,63412,FOLLOWS
6150,142915,FOLLOWS
6150,144161,FOLLOWS
6203,34466,FOLLOWS
6237,207430,FOLLOWS
6237,207615,FOLLOWS
6237,207151,FOLLOWS
6237,65838,FOLLOWS
6237,207244,FOLLOWS
6237,191505,FOLLOWS
6237,208002,FOLLOWS
6237,208078,FOLLOWS
6238,90403,FOLLOWS
6238,133229,FOLLOWS
6242,98005,FOLLOWS
6242,227478,FOLLOWS
6405,2371,FOLLOWS
6405,21209,FOLLOWS
6405,49038,FOLLOWS
6486,5889,FOLLOWS
6486,47005,FOLLOWS
6486,32792,FOLLOWS
6497,7269,FOLLOWS
6500,8190,FOLLOWS
6500,896183,FOLLOWS
6539,4173,FOLLOWS
6539,92894,FOLLOWS
6539,190182,FOLLOWS
6597,133229,FOLLOWS
6597,153012,FOLLOWS
6597,6450,FOLLOWS
6664,144161,FOLLOWS
6664,140409,FOLLOWS
6664,143039,FOLLOWS
6671,6150,FOLLOWS
6671,63412,FOLLOWS
6671,133229,FOLLOWS
6688,3287,FOLLOWS
6688,8190,FOLLOWS
6688,76211,FOLLOWS
6725,129917,FOLLOWS
6792,800956,FOLLOWS
6866,119177,FOLLOWS
6910,35887,FOLLOWS
6927,300,FOLLOWS
6927,11672,FOLLOWS
7066,291,FOLLOWS
7152,162792,FOLLOWS
7152,13508,FOLLOWS
7193,122961,FOLLOWS
7193,109145,FOLLOWS
7204,7650,FOLLOWS
7252,7269,FOLLOWS
7269,6497,FOLLOWS
7269,45144,FOLLOWS
7305,167371,FOLLOWS
7402,79934,FOLLOWS
7437,164396,FOLLOWS
7437,164392,FOLLOWS
7437,12298,FOLLOWS
7491,162279,FOLLOWS
7491,162433,FOLLOWS
7491,253001,FOLLOWS
7504,162918,FOLLOWS
7504,162967,FOLLOWS
7504,161804,FOLLOWS
7504,95957,FOLLOWS
7531,146782,FOLLOWS
7531,62849,FOLLOWS
7531,81653,FOLLOWS
7548,35006,FOLLOWS
7611,127617,FOLLOWS
7650,7204,FOLLOWS
7650,96416,FOLLOWS
7754,7938,FOLLOWS
7759,31542,FOLLOWS
7759,75580,FOLLOWS
7807,2868,FOLLOWS
7908,33650,FOLLOWS
7908,35006,FOLLOWS
7908,24638,FOLLOWS
7908,63380,FOLLOWS
7908,57809,FOLLOWS
7926,178910,FOLLOWS
7926,21451,FOLLOWS
7926,1339,FOLLOWS
7932,184630,FOLLOWS
7938,7754,FOLLOWS
7938,30361,FOLLOWS
7938,77889,FOLLOWS
7938,20544,FOLLOWS
7981,23034,FOLLOWS
8084,22831,FOLLOWS
8084,65359,FOLLOWS
8190,6688,FOLLOWS
8190,6500,FOLLOWS
8190,4667,FOLLOWS
8190,182177,FOLLOWS
8190,90822,FOLLOWS
8197,775832,FOLLOWS
8197,929288,FOLLOWS
8200,10448,FOLLOWS
8200,114067,FOLLOWS
8200,882339,FOLLOWS
8255,70905,FOLLOWS
8255,745107,FOLLOWS
8255,962962,FOLLOWS
8295,8626,FOLLOWS
8295,37477,FOLLOWS
8295,46816,FOLLOWS
8295,74238,FOLLOWS
8295,108727,FOLLOWS
8295,184919,FOLLOWS
8421,46775,FOLLOWS
8422,134738,FOLLOWS
8422,183372,FOLLOWS
8422,183748,FOLLOWS
8422,94349,FOLLOWS
8422,183394,FOLLOWS
8422,183766,FOLLOWS
8422,183573,FOLLOWS
8510,1699,FOLLOWS
8510,36126,FOLLOWS
8594,113018,FOLLOWS
8626,8295,FOLLOWS
8626,188497,FOLLOWS
8656,38569,FOLLOWS
8656,38519,FOLLOWS
8696,363,FOLLOWS
8696,188448,FOLLOWS
8854,191358,FOLLOWS
8924,39958,FOLLOWS
8924,94349,FOLLOWS
8924,391836,FOLLOWS
8924,396284,FOLLOWS
8924,531518,FOLLOWS
8942,22531,FOLLOWS
9000,111282,FOLLOWS
9000,151462,FOLLOWS
9000,377566,FOLLOWS
9000,938390,FOLLOWS
9142,49678,FOLLOWS
9142,158403,FOLLOWS
9155,97677,FOLLOWS
9155,142501,FOLLOWS
9244,24638,FOLLOWS
9244,26545,FOLLOWS
9262,90382,FOLLOWS
9279,95997,FOLLOWS
9279,195451,FOLLOWS
9331,200887,FOLLOWS
9375,22831,FOLLOWS
9375,46259,FOLLOWS
9384,192120,FOLLOWS
9393,152496,FOLLOWS
9393,1287002,FOLLOWS
9419,10448,FOLLOWS
9419,78447,FOLLOWS
9545,123270,FOLLOWS
9593,203620,FOLLOWS
9593,203894,FOLLOWS
9593,204133,FOLLOWS
9596,60506,FOLLOWS
9596,462559,FOLLOWS
9640,68025,FOLLOWS
9688,595949,FOLLOWS
9696,203715,FOLLOWS
9703,1188955,FOLLOWS
9797,177180,FOLLOWS
9797,23034,FOLLOWS
9797,13906,FOLLOWS
9797,202799,FOLLOWS
9802,7133,FOLLOWS
9802,75449,FOLLOWS
9816,205004,FOLLOWS
9838,101671,FOLLOWS
9838,68025,FOLLOWS
9852,101029,FOLLOWS
10022,94110,FOLLOWS
10022,190182,FOLLOWS
10090,115329,FOLLOWS
10090,212125,FOLLOWS
10090,212389,FOLLOWS
10215,215528,FOLLOWS
10215,215455,FOLLOWS
10251,1699,FOLLOWS
10251,117866,FOLLOWS
10251,1418259,FOLLOWS
10302,15706,FOLLOWS
10309,4173,FOLLOWS
10309,200608,FOLLOWS
10309,78447,FOLLOWS
10309,114067,FOLLOWS
10370,157111,FOLLOWS
10370,214589,FOLLOWS
10448,5556,FOLLOWS
10448,9419,FOLLOWS
10448,11855,FOLLOWS
10448,92894,FOLLOWS
10448,200608,FOLLOWS
10486,48847,FOLLOWS
10486,218338,FOLLOWS
10487,1811,FOLLOWS
10487,14616,FOLLOWS
10487,62626,FOLLOWS
10487,95492,FOLLOWS
10487,133734,FOLLOWS
10487,146782,FOLLOWS
10487,152164,FOLLOWS
10487,233767,FOLLOWS
10487,312152,FOLLOWS
10487,356970,FOLLOWS
10487,640228,FOLLOWS
10487,759021,FOLLOWS
10487,946782,FOLLOWS
10552,215576,FOLLOWS
10577,3183,FOLLOWS
10577,35006,FOLLOWS
10644,183589,FOLLOWS
10644,402071,FOLLOWS
10679,118254,FOLLOWS
10679,161980,FOLLOWS
10679,177135,FOLLOWS
10679,195188,FOLLOWS
10679,289306,FOLLOWS
10679,301015,FOLLOWS
10679,494617,FOLLOWS
10679,578538,FOLLOWS
10679,595666,FOLLOWS
10679,609454,FOLLOWS
10679,620506,FOLLOWS
10679,1205182,FOLLOWS
10679,1247970,FOLLOWS
10679,1436696,FOLLOWS
10679,1554669,FOLLOWS
10933,11609,FOLLOWS
11003,36375,FOLLOWS
11162,1028,FOLLOWS
11162,12950,FOLLOWS
11162,106743,FOLLOWS
11165,1522096,FOLLOWS
11175,15396,FOLLOWS
11175,229158,FOLLOWS
11195,94272,FOLLOWS
11212,223938,FOLLOWS
11212,224349,FOLLOWS
11212,224355,FOLLOWS
11250,116196,FOLLOWS
11250,211205,FOLLOWS
11250,230986,FOLLOWS
11250,230987,FOLLOWS
11250,230991,FOLLOWS
11250,27644,FOLLOWS
11250,231176,FOLLOWS
11250,89438,FOLLOWS
11250,231403,FOLLOWS
11255,586404,FOLLOWS
11282,16701,FOLLOWS
11335,231352,FOLLOWS
11335,504983,FOLLOWS
11497,48694,FOLLOWS
11497,179738,FOLLOWS
11497,193870,FOLLOWS
11497,305224,FOLLOWS
11497,319859,FOLLOWS
11497,573193,FOLLOWS
11609,10933,FOLLOWS
11627,167152,FOLLOWS
11627,178868,FOLLOWS
11645,21457,FOLLOWS
11653,5889,FOLLOWS
11653,651236,FOLLOWS
11672,6927,FOLLOWS
11672,8378,FOLLOWS
11695,232351,FOLLOWS
11698,232847,FOLLOWS
11710,253917,FOLLOWS
11710,466170,FOLLOWS
11726,234357,FOLLOWS
11726,234352,FOLLOWS
11726,234759,FOLLOWS
11774,26293,FOLLOWS
11774,232082,FOLLOWS
11800,40300,FOLLOWS
11800,234894,FOLLOWS
11800,234947,FOLLOWS
11855,10448,FOLLOWS
11923,31169,FOLLOWS
11923,53411,FOLLOWS
11957,25130,FOLLOWS
11965,17142,FOLLOWS
12090,237424,FOLLOWS
12129,218208,FOLLOWS
12141,29852,FOLLOWS
12187,1699,FOLLOWS
12187,85512,FOLLOWS
12293,25003,FOLLOWS
12293,30675,FOLLOWS
12322,18017,FOLLOWS
12570,31300,FOLLOWS
12574,93578,FOLLOWS
12574,105794,FOLLOWS
12574,869581,FOLLOWS
12583,38029,FOLLOWS
12583,36655,FOLLOWS
12583,28798,FOLLOWS
12583,39089,FOLLOWS
12667,405314,FOLLOWS
12667,445436,FOLLOWS
12911,250834,FOLLOWS
12911,300212,FOLLOWS
12950,5889,FOLLOWS
12950,88905,FOLLOWS
12987,117407,FOLLOWS
13189,126487,FOLLOWS
13189,31008,FOLLOWS
13346,38341,FOLLOWS
13359,13363,FOLLOWS
13363,13359,FOLLOWS
13481,83206,FOLLOWS
13493,137697,FOLLOWS
13508,122423,FOLLOWS
13594,190182,FOLLOWS
13725,23861,FOLLOWS
13802,162497,FOLLOWS
13802,48847,FOLLOWS
13802,108572,FOLLOWS
13820,239382,FOLLOWS
13824,85512,FOLLOWS
13882,138206,FOLLOWS
13906,128378,FOLLOWS
13906,14185,FOLLOWS
13906,107362,FOLLOWS
13906,15110,FOLLOWS
13906,24880,FOLLOWS
13921,6236,FOLLOWS
14185,13906,FOLLOWS
14185,28348,FOLLOWS
14214,25869,FOLLOWS
14224,227492,FOLLOWS
14298,201074,FOLLOWS
14298,106575,FOLLOWS
14328,16530,FOLLOWS
14361,165714,FOLLOWS
14516,15843,FOLLOWS
14516,21929,FOLLOWS
14516,20350,FOLLOWS
14516,20732,FOLLOWS
14516,14810,FOLLOWS
14590,40752,FOLLOWS
14590,320744,FOLLOWS
14651,387070,FOLLOWS
14651,501086,FOLLOWS
14788,270014,FOLLOWS
14815,938,FOLLOWS
14815,15369,FOLLOWS
14815,71384,FOLLOWS
14885,256121,FOLLOWS
14885,256443,FOLLOWS
14885,271379,FOLLOWS
14885,492830,FOLLOWS
15054,20970,FOLLOWS
15054,107362,FOLLOWS
15086,133734,FOLLOWS
15086,274392,FOLLOWS
15086,274357,FOLLOWS
15086,228143,FOLLOWS
15086,268633,FOLLOWS
15086,270736,FOLLOWS
15086,275941,FOLLOWS
15086,275947,FOLLOWS
15086,71475,FOLLOWS
15086,126655,FOLLOWS
15086,276198,FOLLOWS
15086,33695,FOLLOWS
15086,230459,FOLLOWS
15144,77370,FOLLOWS
15146,275098,FOLLOWS
15149,275481,FOLLOWS
15162,277157,FOLLOWS
15162,277322,FOLLOWS
15162,20299,FOLLOWS
15195,125682,FOLLOWS
15195,35664,FOLLOWS
15195,20549,FOLLOWS
15195,20794,FOLLOWS
15264,17441,FOLLOWS
15368,276229,FOLLOWS
15369,14815,FOLLOWS
15369,19578,FOLLOWS
15369,21451,FOLLOWS
15370,1066765,FOLLOWS
15396,55637,FOLLOWS
15396,277378,FOLLOWS
15416,490291,FOLLOWS
15478,25904,FOLLOWS
15478,112903,FOLLOWS
15478,293352,FOLLOWS
15483,47184,FOLLOWS
15483,255691,FOLLOWS
15483,57219,FOLLOWS
15590,63912,FOLLOWS
15685,25869,FOLLOWS
15706,10302,FOLLOWS
15706,94746,FOLLOWS
15706,216421,FOLLOWS
15706,284512,FOLLOWS
15706,654095,FOLLOWS
15732,38248,FOLLOWS
15732,61567,FOLLOWS
15732,50484,FOLLOWS
15732,281804,FOLLOWS
15736,282716,FOLLOWS
15736,23992,FOLLOWS
15736,283260,FOLLOWS
15736,25942,FOLLOWS
15736,7417,FOLLOWS
15843,14516,FOLLOWS
15843,14810,FOLLOWS
15869,11003,FOLLOWS
15869,24970,FOLLOWS
15869,142536,FOLLOWS
15869,283813,FOLLOWS
15869,151390,FOLLOWS
15887,17441,FOLLOWS
16028,226101,FOLLOWS
16128,11957,FOLLOWS
16128,48893,FOLLOWS
16158,3557,FOLLOWS
16166,302347,FOLLOWS
16239,15736,FOLLOWS
16254,178414,FOLLOWS
16254,179469,FOLLOWS
16254,243326,FOLLOWS
16279,286108,FOLLOWS
16279,265557,FOLLOWS
16279,286224,FOLLOWS
16425,17004,FOLLOWS
16425,164062,FOLLOWS
16428,13491,FOLLOWS
16428,7759,FOLLOWS
16428,24970,FOLLOWS
16428,31326,FOLLOWS
16428,16158,FOLLOWS
16428,56111,FOLLOWS
16428,47178,FOLLOWS
16447,195329,FOLLOWS
16517,27796,FOLLOWS
16530,75978,FOLLOWS
16570,3557,FOLLOWS
16570,26499,FOLLOWS
16570,2157,FOLLOWS
16570,19612,FOLLOWS
16676,11842,FOLLOWS
16676,25869,FOLLOWS
16676,47374,FOLLOWS
16676,25524,FOLLOWS
16690,194717,FOLLOWS
16690,817325,FOLLOWS
16694,58238,FOLLOWS
16694,123749,FOLLOWS
16694,293344,FOLLOWS
16701,47386,FOLLOWS
16739,47893,FOLLOWS
16752,802485,FOLLOWS
16762,291521,FOLLOWS
16762,110438,FOLLOWS
16814,212215,FOLLOWS
16814,124111,FOLLOWS
16851,464194,FOLLOWS
16896,11842,FOLLOWS
17004,16425,FOLLOWS
17097,22115,FOLLOWS
17142,11965,FOLLOWS
17143,17145,FOLLOWS
17145,17143,FOLLOWS
17221,25301,FOLLOWS
17221,62291,FOLLOWS
17221,300332,FOLLOWS
17221,145222,FOLLOWS
17221,33411,FOLLOWS
17301,76284,FOLLOWS
17301,113862,FOLLOWS
17301,114392,FOLLOWS
17301,250749,FOLLOWS
17316,1699,FOLLOWS
17316,298142,FOLLOWS
17316,298366,FOLLOWS
17337,187581,FOLLOWS
17337,29951,FOLLOWS
17402,18336,FOLLOWS
17402,19987,FOLLOWS
17432,116798,FOLLOWS
17441,15264,FOLLOWS
17441,15887,FOLLOWS
17466,708439,FOLLOWS
17506,71875,FOLLOWS
17563,20350,FOLLOWS
17563,26512,FOLLOWS
17563,304924,FOLLOWS
17742,18336,FOLLOWS
17742,19987,FOLLOWS
17742,29658,FOLLOWS
17742,48893,FOLLOWS
17742,61039,FOLLOWS
17742,431503,FOLLOWS
17801,371,FOLLOWS
17847,18157,FOLLOWS
17847,18770,FOLLOWS
17907,371,FOLLOWS
17907,96765,FOLLOWS
17933,42415,FOLLOWS
17933,63912,FOLLOWS
18017,88007,FOLLOWS
18079,5508,FOLLOWS
18094,592,FOLLOWS
18094,11672,FOLLOWS
18094,25869,FOLLOWS
18111,153789,FOLLOWS
18124,371,FOLLOWS
18139,18144,FOLLOWS
18144,18139,FOLLOWS
18144,19613,FOLLOWS
18157,17847,FOLLOWS
18157,20230,FOLLOWS
18262,938886,FOLLOWS
18320,307904,FOLLOWS
18336,17402,FOLLOWS
18336,17742,FOLLOWS
18336,19987,FOLLOWS
18407,114193,FOLLOWS
18433,270361,FOLLOWS
18433,1000793,FOLLOWS
18438,21569,FOLLOWS
18480,11842,FOLLOWS
18480,14274,FOLLOWS
18480,3700,FOLLOWS
18480,12298,FOLLOWS
18563,4025,FOLLOWS
18596,18641,FOLLOWS
18596,49673,FOLLOWS
18596,114346,FOLLOWS
18641,18596,FOLLOWS
18641,119504,FOLLOWS
18724,274428,FOLLOWS
18738,142273,FOLLOWS
18738,62152,FOLLOWS
18770,25076,FOLLOWS
18932,310681,FOLLOWS
18932,121012,FOLLOWS
18932,215576,FOLLOWS
18932,311347,FOLLOWS
18932,311349,FOLLOWS
18995,64684,FOLLOWS
18995,64538,FOLLOWS
18995,193302,FOLLOWS
18995,312485,FOLLOWS
18995,511991,FOLLOWS
18999,49839,FOLLOWS
19053,34252,FOLLOWS
19053,21301,FOLLOWS
19053,46775,FOLLOWS
19053,117606,FOLLOWS
19053,22238,FOLLOWS
19256,46419,FOLLOWS
19256,49351,FOLLOWS
19256,75449,FOLLOWS
19294,48674,FOLLOWS
19294,297510,FOLLOWS
19400,316552,FOLLOWS
19400,317162,FOLLOWS
19468,246305,FOLLOWS
19468,23169,FOLLOWS
19479,76539,FOLLOWS
19527,109006,FOLLOWS
19567,162786,FOLLOWS
19567,19622,FOLLOWS
19567,318118,FOLLOWS
19591,296569,FOLLOWS
19591,737,FOLLOWS
19612,19613,FOLLOWS
19612,43747,FOLLOWS
19613,5508,FOLLOWS
19613,18144,FOLLOWS
19622,19567,FOLLOWS
19643,166323,FOLLOWS
19716,3700,FOLLOWS
19792,316179,FOLLOWS
19830,18995,FOLLOWS
19830,59816,FOLLOWS
19830,225031,FOLLOWS
19830,225451,FOLLOWS
19854,19864,FOLLOWS
19854,190975,FOLLOWS
19854,22238,FOLLOWS
19854,47505,FOLLOWS
19854,120908,FOLLOWS
19854,1958,FOLLOWS
19854,83342,FOLLOWS
19864,19854,FOLLOWS
19864,22238,FOLLOWS
19864,25406,FOLLOWS
19864,190975,FOLLOWS
19864,8679,FOLLOWS
19864,321198,FOLLOWS
19951,17847,FOLLOWS
19987,17742,FOLLOWS
19987,61039,FOLLOWS
19987,17402,FOLLOWS
20054,81308,FOLLOWS
20054,356436,FOLLOWS
20137,18320,FOLLOWS
20137,63912,FOLLOWS
20144,44697,FOLLOWS
20230,17097,FOLLOWS
20230,18157,FOLLOWS
20230,1339,FOLLOWS
20244,24141,FOLLOWS
20244,33563,FOLLOWS
20244,95703,FOLLOWS
20299,211574,FOLLOWS
20299,38519,FOLLOWS
20350,17563,FOLLOWS
20352,327388,FOLLOWS
20358,326843,FOLLOWS
20403,250272,FOLLOWS
20408,58952,FOLLOWS
20522,189053,FOLLOWS
20522,326469,FOLLOWS
20544,20731,FOLLOWS
20549,15195,FOLLOWS
20560,126412,FOLLOWS
20578,140546,FOLLOWS
20578,353419,FOLLOWS
20578,783344,FOLLOWS
20600,316968,FOLLOWS
20603,66805,FOLLOWS
20603,69003,FOLLOWS
20603,71519,FOLLOWS
20603,86141,FOLLOWS
20603,333573,FOLLOWS
20603,468038,FOLLOWS
20640,571958,FOLLOWS
20651,3006,FOLLOWS
20651,396202,FOLLOWS
20660,24600,FOLLOWS
20660,129917,FOLLOWS
20731,7938,FOLLOWS
20731,20544,FOLLOWS
20732,1219,FOLLOWS
20732,20350,FOLLOWS
20752,33700,FOLLOWS
20752,31159,FOLLOWS
20756,259920,FOLLOWS
20756,329793,FOLLOWS
20756,213810,FOLLOWS
20794,14616,FOLLOWS
20794,15195,FOLLOWS
20794,78464,FOLLOWS
20805,178868,FOLLOWS
20849,171099,FOLLOWS
20849,331930,FOLLOWS
20849,334940,FOLLOWS
20849,345801,FOLLOWS
20849,354290,FOLLOWS
20849,359590,FOLLOWS
20849,365776,FOLLOWS
20849,413417,FOLLOWS
20849,475197,FOLLOWS
20849,580594,FOLLOWS
20849,592794,FOLLOWS
20849,646440,FOLLOWS
20849,713295,FOLLOWS
20849,716561,FOLLOWS
20849,858882,FOLLOWS
20849,935309,FOLLOWS
20849,1087628,FOLLOWS
20882,45276,FOLLOWS
20932,5889,FOLLOWS
20932,6497,FOLLOWS
20932,7269,FOLLOWS
20932,86657,FOLLOWS
20932,140060,FOLLOWS
20932,155639,FOLLOWS
20932,205864,FOLLOWS
20932,275342,FOLLOWS
20932,369383,FOLLOWS
20932,484173,FOLLOWS
20932,507887,FOLLOWS
20932,605815,FOLLOWS
20932,796504,FOLLOWS
20932,1022498,FOLLOWS
20987,329382,FOLLOWS
20987,37011,FOLLOWS
20997,335917,FOLLOWS
20997,335482,FOLLOWS
20997,121163,FOLLOWS
20997,336511,FOLLOWS
20997,55012,FOLLOWS
20997,331562,FOLLOWS
21042,21098,FOLLOWS
21042,337187,FOLLOWS
21042,337549,FOLLOWS
21042,23543,FOLLOWS
21042,338002,FOLLOWS
21072,1811,FOLLOWS
21072,72030,FOLLOWS
21072,44663,FOLLOWS
21072,5991,FOLLOWS
21098,97369,FOLLOWS
21098,21042,FOLLOWS
21098,331566,FOLLOWS
21098,334940,FOLLOWS
21124,37444,FOLLOWS
21124,38569,FOLLOWS
21124,283294,FOLLOWS
21124,38519,FOLLOWS
21209,6405,FOLLOWS
21301,19053,FOLLOWS
21327,59409,FOLLOWS
21327,104931,FOLLOWS
21327,107195,FOLLOWS
21398,24826,FOLLOWS
21416,8942,FOLLOWS
21416,38248,FOLLOWS
21416,85179,FOLLOWS
21416,110571,FOLLOWS
21429,50717,FOLLOWS
21451,7926,FOLLOWS
21457,7891,FOLLOWS
21457,11645,FOLLOWS
21457,89328,FOLLOWS
21537,296339,FOLLOWS
21537,340802,FOLLOWS
21569,129454,FOLLOWS
21569,18438,FOLLOWS
21569,39089,FOLLOWS
21590,80817,FOLLOWS
21590,179469,FOLLOWS
21655,81243,FOLLOWS
21655,87905,FOLLOWS
21655,492830,FOLLOWS
21655,647901,FOLLOWS
21655,698170,FOLLOWS
21785,118414,FOLLOWS
21791,346946,FOLLOWS
21791,347220,FOLLOWS
21794,615373,FOLLOWS
21812,63818,FOLLOWS
21860,87135,FOLLOWS
21860,38094,FOLLOWS
21860,70008,FOLLOWS
21860,180451,FOLLOWS
21860,29059,FOLLOWS
21867,279206,FOLLOWS
21867,240174,FOLLOWS
21867,58497,FOLLOWS
21867,38094,FOLLOWS
21867,180442,FOLLOWS
21915,17441,FOLLOWS
21929,14516,FOLLOWS
21929,20350,FOLLOWS
21953,259961,FOLLOWS
21975,871120,FOLLOWS
22054,47374,FOLLOWS
22103,164227,FOLLOWS
22155,298352,FOLLOWS
22238,19854,FOLLOWS
22238,19864,FOLLOWS
22238,190975,FOLLOWS
22465,179823,FOLLOWS
22465,33836,FOLLOWS
22471,105096,FOLLOWS
22498,49038,FOLLOWS
22500,127747,FOLLOWS
22500,353694,FOLLOWS
22531,1219,FOLLOWS
22531,8942,FOLLOWS
22539,667050,FOLLOWS
22542,29852,FOLLOWS
22542,39074,FOLLOWS
22542,57219,FOLLOWS
22542,90641,FOLLOWS
22578,5888,FOLLOWS
22578,90641,FOLLOWS
22707,203938,FOLLOWS
22793,18320,FOLLOWS
22793,23059,FOLLOWS
22793,23169,FOLLOWS
22793,48025,FOLLOWS
22795,23169,FOLLOWS
22795,121636,FOLLOWS
22831,6832,FOLLOWS
22965,143898,FOLLOWS
23056,126451,FOLLOWS
23056,24111,FOLLOWS
23056,221733,FOLLOWS
23056,358851,FOLLOWS
23059,22793,FOLLOWS
23059,42450,FOLLOWS
23169,22793,FOLLOWS
23169,22795,FOLLOWS
23169,104858,FOLLOWS
23169,79580,FOLLOWS
23307,363581,FOLLOWS
23333,169218,FOLLOWS
23348,153939,FOLLOWS
23490,105735,FOLLOWS
23543,21042,FOLLOWS
23543,362622,FOLLOWS
23543,343723,FOLLOWS
23543,211069,FOLLOWS
23543,362794,FOLLOWS
23602,445461,FOLLOWS
23608,349162,FOLLOWS
23608,259919,FOLLOWS
23608,365335,FOLLOWS
23608,140976,FOLLOWS
23645,154244,FOLLOWS
23711,119818,FOLLOWS
23711,364481,FOLLOWS
23798,297803,FOLLOWS
23861,33160,FOLLOWS
23929,249554,FOLLOWS
23929,31169,FOLLOWS
23929,56654,FOLLOWS
23929,5596,FOLLOWS
23929,7548,FOLLOWS
23929,128946,FOLLOWS
23929,11165,FOLLOWS
23935,6832,FOLLOWS
23945,364708,FOLLOWS
23992,9070,FOLLOWS
23992,13493,FOLLOWS
23992,15736,FOLLOWS
23992,24600,FOLLOWS
24081,431413,FOLLOWS
24092,365928,FOLLOWS
24092,246696,FOLLOWS
24092,232386,FOLLOWS
24092,110275,FOLLOWS
24092,363795,FOLLOWS
24111,41113,FOLLOWS
24141,20244,FOLLOWS
24221,132652,FOLLOWS
24231,104858,FOLLOWS
24244,20350,FOLLOWS
24273,259919,FOLLOWS
24298,144614,FOLLOWS
24298,374339,FOLLOWS
24298,416608,FOLLOWS
24379,938,FOLLOWS
24379,43956,FOLLOWS
24379,71384,FOLLOWS
24379,231164,FOLLOWS
24421,298338,FOLLOWS
24490,26545,FOLLOWS
24528,244237,FOLLOWS
24528,371212,FOLLOWS
24528,371281,FOLLOWS
24528,110190,FOLLOWS
24528,371451,FOLLOWS
24528,371454,FOLLOWS
24528,284775,FOLLOWS
24528,371654,FOLLOWS
24600,23992,FOLLOWS
24600,71471,FOLLOWS
24600,146519,FOLLOWS
24600,20660,FOLLOWS
24623,180165,FOLLOWS
24623,1034232,FOLLOWS
24638,32792,FOLLOWS
24638,30391,FOLLOWS
24638,26487,FOLLOWS
24638,26545,FOLLOWS
24687,372208,FOLLOWS
24687,244615,FOLLOWS
24713,31099,FOLLOWS
24713,66126,FOLLOWS
24713,137618,FOLLOWS
24713,177595,FOLLOWS
24713,305946,FOLLOWS
24746,6832,FOLLOWS
24826,21398,FOLLOWS
24840,24111,FOLLOWS
24840,27935,FOLLOWS
24852,374858,FOLLOWS
24852,374815,FOLLOWS
24852,231953,FOLLOWS
24852,374971,FOLLOWS
24852,375022,FOLLOWS
24852,92458,FOLLOWS
24852,375033,FOLLOWS
24880,938,FOLLOWS
24880,286776,FOLLOWS
24890,374723,FOLLOWS
24890,374822,FOLLOWS
24915,326106,FOLLOWS
24915,424265,FOLLOWS
24923,48196,FOLLOWS
24923,323146,FOLLOWS
24923,48033,FOLLOWS
24960,37477,FOLLOWS
24960,144770,FOLLOWS
24970,3557,FOLLOWS
24970,15869,FOLLOWS
24970,31326,FOLLOWS
24970,16428,FOLLOWS
24970,56111,FOLLOWS
25003,12293,FOLLOWS
25021,41113,FOLLOWS
25021,378631,FOLLOWS
25062,6832,FOLLOWS
25076,152834,FOLLOWS
25087,31330,FOLLOWS
25118,376146,FOLLOWS
25118,26476,FOLLOWS
25130,11957,FOLLOWS
25301,17221,FOLLOWS
25338,111650,FOLLOWS
25338,24490,FOLLOWS
25360,110571,FOLLOWS
25382,125616,FOLLOWS
25406,19864,FOLLOWS
25406,42988,FOLLOWS
25406,380614,FOLLOWS
25437,379476,FOLLOWS
25437,114468,FOLLOWS
25455,34012,FOLLOWS
25486,3011,FOLLOWS
25486,6486,FOLLOWS
25486,559617,FOLLOWS
25587,380681,FOLLOWS
25587,380666,FOLLOWS
25587,97228,FOLLOWS
25616,380756,FOLLOWS
25836,134538,FOLLOWS
25836,116068,FOLLOWS
25869,16676,FOLLOWS
25869,15685,FOLLOWS
25869,18094,FOLLOWS
25892,25904,FOLLOWS
25892,210576,FOLLOWS
25892,283550,FOLLOWS
25904,25892,FOLLOWS
25904,300061,FOLLOWS
25904,210576,FOLLOWS
25904,299589,FOLLOWS
25904,385074,FOLLOWS
25904,385076,FOLLOWS
25904,299560,FOLLOWS
25904,169742,FOLLOWS
25904,304139,FOLLOWS
25906,15370,FOLLOWS
25942,235765,FOLLOWS
26110,339734,FOLLOWS
26131,95759,FOLLOWS
26293,119504,FOLLOWS
26310,95115,FOLLOWS
26310,169279,FOLLOWS
26310,198823,FOLLOWS
26339,55547,FOLLOWS
26339,271077,FOLLOWS
26339,93666,FOLLOWS
26339,93333,FOLLOWS
26377,343974,FOLLOWS
26377,31930,FOLLOWS
26377,386272,FOLLOWS
26377,223813,FOLLOWS
26393,92918,FOLLOWS
26393,34012,FOLLOWS
26458,33160,FOLLOWS
26476,25118,FOLLOWS
26487,24638,FOLLOWS
26487,138810,FOLLOWS
26499,3557,FOLLOWS
26499,16570,FOLLOWS
26499,188434,FOLLOWS
26526,387139,FOLLOWS
26545,24638,FOLLOWS
26545,49743,FOLLOWS
26545,47005,FOLLOWS
26556,153819,FOLLOWS
26641,38099,FOLLOWS
26641,348485,FOLLOWS
26701,18017,FOLLOWS
26701,88007,FOLLOWS
26890,1222,FOLLOWS
26923,120194,FOLLOWS
26923,120495,FOLLOWS
26923,424513,FOLLOWS
26923,1125149,FOLLOWS
27092,480286,FOLLOWS
27187,321528,FOLLOWS
27259,251521,FOLLOWS
27274,393906,FOLLOWS
27274,301808,FOLLOWS
27274,393912,FOLLOWS
27274,394112,FOLLOWS
27274,266456,FOLLOWS
27274,194111,FOLLOWS
27274,394382,FOLLOWS
27274,394423,FOLLOWS
27274,340600,FOLLOWS
27274,288069,FOLLOWS
27274,394543,FOLLOWS
27308,13921,FOLLOWS
27393,139385,FOLLOWS
27397,49839,FOLLOWS
27397,108299,FOLLOWS
27496,15771,FOLLOWS
27526,211486,FOLLOWS
27526,200604,FOLLOWS
27526,300760,FOLLOWS
27635,396218,FOLLOWS
27635,272286,FOLLOWS
27641,144853,FOLLOWS
27641,275868,FOLLOWS
27641,355228,FOLLOWS
27753,594036,FOLLOWS
27753,660764,FOLLOWS
27767,42415,FOLLOWS
27767,79580,FOLLOWS
27796,41636,FOLLOWS
27796,16517,FOLLOWS
27868,100784,FOLLOWS
27868,471571,FOLLOWS
27868,658956,FOLLOWS
27935,24840,FOLLOWS
27941,48847,FOLLOWS
28143,500967,FOLLOWS
28143,872321,FOLLOWS
28184,270705,FOLLOWS
28184,76561,FOLLOWS
28210,5889,FOLLOWS
28219,400517,FOLLOWS
28264,5991,FOLLOWS
28275,11645,FOLLOWS
28275,46250,FOLLOWS
28275,49958,FOLLOWS
28275,50484,FOLLOWS
28275,53239,FOLLOWS
28275,115042,FOLLOWS
28275,120855,FOLLOWS
28275,157308,FOLLOWS
28275,222657,FOLLOWS
28275,353768,FOLLOWS
28275,443364,FOLLOWS
28275,495646,FOLLOWS
28275,570756,FOLLOWS
28275,600750,FOLLOWS
28275,720018,FOLLOWS
28275,992847,FOLLOWS
28296,28348,FOLLOWS
28296,58170,FOLLOWS
28296,121151,FOLLOWS
28296,914136,FOLLOWS
28330,15771,FOLLOWS
28348,17142,FOLLOWS
28348,18111,FOLLOWS
28348,14185,FOLLOWS
28348,28296,FOLLOWS
28348,86334,FOLLOWS
28348,115680,FOLLOWS
28354,70906,FOLLOWS
28468,241755,FOLLOWS
28643,315812,FOLLOWS
28739,71855,FOLLOWS
28798,12583,FOLLOWS
28811,67836,FOLLOWS
28856,6832,FOLLOWS
28856,1323802,FOLLOWS
28944,8295,FOLLOWS
28944,37477,FOLLOWS
28944,74238,FOLLOWS
28944,108727,FOLLOWS
28966,410967,FOLLOWS
28968,8190,FOLLOWS
28999,106224,FOLLOWS
28999,4032,FOLLOWS
29007,373387,FOLLOWS
29066,53411,FOLLOWS
29066,95160,FOLLOWS
29279,1219,FOLLOWS
29279,233951,FOLLOWS
29498,145416,FOLLOWS
29520,150462,FOLLOWS
29531,288811,FOLLOWS
29531,414650,FOLLOWS
29531,340829,FOLLOWS
29531,414651,FOLLOWS
29531,242113,FOLLOWS
29531,281541,FOLLOWS
29589,63434,FOLLOWS
29589,268886,FOLLOWS
29589,414491,FOLLOWS
29589,414541,FOLLOWS
29589,414542,FOLLOWS
29658,17742,FOLLOWS
29658,148889,FOLLOWS
29739,269040,FOLLOWS
29844,417877,FOLLOWS
29850,30221,FOLLOWS
29850,405389,FOLLOWS
29852,22542,FOLLOWS
29852,12141,FOLLOWS
29939,29850,FOLLOWS
29939,404999,FOLLOWS
29939,242113,FOLLOWS
29951,77291,FOLLOWS
29968,61549,FOLLOWS
29972,212215,FOLLOWS
30008,11645,FOLLOWS
30008,173626,FOLLOWS
30020,48076,FOLLOWS
30020,8421,FOLLOWS
30221,29850,FOLLOWS
30221,31044,FOLLOWS
30271,143126,FOLLOWS
30361,7938,FOLLOWS
30391,24638,FOLLOWS
30391,3338,FOLLOWS
30391,32792,FOLLOWS
30419,11957,FOLLOWS
30480,48578,FOLLOWS
30480,422354,FOLLOWS
30480,426318,FOLLOWS
30480,53834,FOLLOWS
30480,112004,FOLLOWS
30549,702895,FOLLOWS
30566,542047,FOLLOWS
30566,680510,FOLLOWS
30574,66126,FOLLOWS
30574,134820,FOLLOWS
30574,137618,FOLLOWS
30574,230459,FOLLOWS
30574,289687,FOLLOWS
30574,296676,FOLLOWS
30574,327449,FOLLOWS
30574,607350,FOLLOWS
30574,1189870,FOLLOWS
30615,8326,FOLLOWS
30675,12293,FOLLOWS
30675,34012,FOLLOWS
30675,166438,FOLLOWS
30696,410836,FOLLOWS
30696,980352,FOLLOWS
30911,372881,FOLLOWS
31008,13189,FOLLOWS
31008,175167,FOLLOWS
31008,4982,FOLLOWS
31008,426526,FOLLOWS
31008,115513,FOLLOWS
31008,334607,FOLLOWS
31044,30221,FOLLOWS
31044,295086,FOLLOWS
31044,57949,FOLLOWS
31044,316486,FOLLOWS
31099,6405,FOLLOWS
31099,406442,FOLLOWS
31099,427522,FOLLOWS
31099,42235,FOLLOWS
31099,24713,FOLLOWS
31099,263113,FOLLOWS
31099,397523,FOLLOWS
31099,38975,FOLLOWS
31099,222371,FOLLOWS
31099,396556,FOLLOWS
31099,428203,FOLLOWS
31099,45561,FOLLOWS
31099,428254,FOLLOWS
31099,428284,FOLLOWS
31099,427222,FOLLOWS
31099,281168,FOLLOWS
31099,11255,FOLLOWS
31099,429243,FOLLOWS
31099,135514,FOLLOWS
31099,133125,FOLLOWS
31108,31384,FOLLOWS
31108,432305,FOLLOWS
31128,427210,FOLLOWS
31128,263781,FOLLOWS
31128,384235,FOLLOWS
31128,2890,FOLLOWS
31146,429517,FOLLOWS
31146,429600,FOLLOWS
31159,20752,FOLLOWS
31167,108299,FOLLOWS
31193,252553,FOLLOWS
31286,426934,FOLLOWS
31286,236401,FOLLOWS
31310,420978,FOLLOWS
31310,436235,FOLLOWS
31310,452953,FOLLOWS
31326,24970,FOLLOWS
31326,16428,FOLLOWS
31330,25087,FOLLOWS
31330,40752,FOLLOWS
31330,165996,FOLLOWS
31384,31108,FOLLOWS
31384,428970,FOLLOWS
31509,432807,FOLLOWS
31542,7759,FOLLOWS
31570,433431,FOLLOWS
31570,172348,FOLLOWS
31570,433343,FOLLOWS
31570,431261,FOLLOWS
31570,431229,FOLLOWS
31570,430913,FOLLOWS
31570,433897,FOLLOWS
31570,433984,FOLLOWS
31570,434172,FOLLOWS
31570,339944,FOLLOWS
31684,383438,FOLLOWS
31684,807345,FOLLOWS
31708,17441,FOLLOWS
31708,11446,FOLLOWS
31708,436594,FOLLOWS
31708,245437,FOLLOWS
31708,35515,FOLLOWS
31708,115812,FOLLOWS
31708,15110,FOLLOWS
31869,137697,FOLLOWS
31930,437777,FOLLOWS
31930,26377,FOLLOWS
31930,435080,FOLLOWS
31960,386816,FOLLOWS
31960,437112,FOLLOWS
31965,130785,FOLLOWS
31969,130785,FOLLOWS
31971,294788,FOLLOWS
31971,299559,FOLLOWS
31971,210576,FOLLOWS
31971,436456,FOLLOWS
31971,15478,FOLLOWS
31989,41837,FOLLOWS
31993,431088,FOLLOWS
32149,437899,FOLLOWS
32149,422001,FOLLOWS
32149,179407,FOLLOWS
32391,1811,FOLLOWS
32391,178982,FOLLOWS
32391,78836,FOLLOWS
32542,254761,FOLLOWS
32567,440384,FOLLOWS
32628,669537,FOLLOWS
32636,15771,FOLLOWS
32650,420044,FOLLOWS
32650,141787,FOLLOWS
32650,237915,FOLLOWS
32650,444178,FOLLOWS
32650,444254,FOLLOWS
32698,548271,FOLLOWS
32698,813204,FOLLOWS
32792,24638,FOLLOWS
32792,27308,FOLLOWS
32792,96276,FOLLOWS
32792,47005,FOLLOWS
32820,237365,FOLLOWS
32820,448635,FOLLOWS
32823,239733,FOLLOWS
32823,785779,FOLLOWS
32856,444301,FOLLOWS
32972,132964,FOLLOWS
32972,539985,FOLLOWS
32998,59079,FOLLOWS
32998,714031,FOLLOWS
32998,860958,FOLLOWS
33010,195755,FOLLOWS
33010,447142,FOLLOWS
33010,447219,FOLLOWS
33033,1232846,FOLLOWS
33050,293420,FOLLOWS
33160,23861,FOLLOWS
33160,26458,FOLLOWS
33209,114708,FOLLOWS
33209,126451,FOLLOWS
33268,453245,FOLLOWS
33268,453782,FOLLOWS
33325,156935,FOLLOWS
33325,126382,FOLLOWS
33325,450019,FOLLOWS
33325,450428,FOLLOWS
33352,451844,FOLLOWS
33377,449099,FOLLOWS
33377,426492,FOLLOWS
33377,449151,FOLLOWS
33411,25360,FOLLOWS
33411,117570,FOLLOWS
33461,1699,FOLLOWS
33466,1317,FOLLOWS
33466,125429,FOLLOWS
33490,284931,FOLLOWS
33493,325736,FOLLOWS
33493,447669,FOLLOWS
33563,341185,FOLLOWS
33594,27308,FOLLOWS
33650,6203,FOLLOWS
33650,51133,FOLLOWS
33695,307464,FOLLOWS
33700,20752,FOLLOWS
33700,58225,FOLLOWS
33829,344692,FOLLOWS
33836,22465,FOLLOWS
33836,26131,FOLLOWS
33871,294661,FOLLOWS
33871,367698,FOLLOWS
33871,458183,FOLLOWS
33913,13493,FOLLOWS
33913,26150,FOLLOWS
33913,225457,FOLLOWS
33913,24746,FOLLOWS
33913,252292,FOLLOWS
33913,457841,FOLLOWS
33913,457842,FOLLOWS
33913,371108,FOLLOWS
33913,385502,FOLLOWS
33913,86555,FOLLOWS
33913,25062,FOLLOWS
33913,107816,FOLLOWS
33913,339764,FOLLOWS
33924,46941,FOLLOWS
33924,280681,FOLLOWS
33964,99537,FOLLOWS
33964,387923,FOLLOWS
34012,18320,FOLLOWS
34012,26393,FOLLOWS
34031,47184,FOLLOWS
34031,232904,FOLLOWS
34060,113800,FOLLOWS
34066,158781,FOLLOWS
34066,285425,FOLLOWS
34066,367406,FOLLOWS
34252,19053,FOLLOWS
34275,376028,FOLLOWS
34597,135931,FOLLOWS
34597,289806,FOLLOWS
34685,210628,FOLLOWS
34685,462434,FOLLOWS
34762,58252,FOLLOWS
34791,144398,FOLLOWS
34791,336412,FOLLOWS
34907,3006,FOLLOWS
34917,456476,FOLLOWS
34917,456348,FOLLOWS
34917,467228,FOLLOWS
34944,282431,FOLLOWS
34979,163261,FOLLOWS
34979,9375,FOLLOWS
35006,45276,FOLLOWS
35008,53287,FOLLOWS
35022,164181,FOLLOWS
35026,79482,FOLLOWS
35026,89630,FOLLOWS
35051,131854,FOLLOWS
35131,469934,FOLLOWS
35199,46419,FOLLOWS
35199,42339,FOLLOWS
35497,470381,FOLLOWS
35497,392075,FOLLOWS
35515,304924,FOLLOWS
35515,305946,FOLLOWS
35515,466757,FOLLOWS
35519,476497,FOLLOWS
35519,476223,FOLLOWS
35519,476226,FOLLOWS
35519,476986,FOLLOWS
35559,47239,FOLLOWS
35559,303289,FOLLOWS
35599,183930,FOLLOWS
35664,15195,FOLLOWS
35666,123841,FOLLOWS
35667,446056,FOLLOWS
35667,294320,FOLLOWS
35676,289016,FOLLOWS
35676,473109,FOLLOWS
35738,474745,FOLLOWS
35776,1136904,FOLLOWS
35928,475121,FOLLOWS
35964,5188,FOLLOWS
35964,71855,FOLLOWS
36042,477672,FOLLOWS
36133,1699,FOLLOWS
36143,66313,FOLLOWS
36143,228535,FOLLOWS
36143,343323,FOLLOWS
36177,209537,FOLLOWS
36320,249882,FOLLOWS
36332,273785,FOLLOWS
36375,11003,FOLLOWS
36411,257463,FOLLOWS
36554,623702,FOLLOWS
36554,1160257,FOLLOWS
36593,481413,FOLLOWS
36618,114483,FOLLOWS
36655,12583,FOLLOWS
36753,324377,FOLLOWS
36753,440435,FOLLOWS
37011,20987,FOLLOWS
37011,171083,FOLLOWS
37011,335777,FOLLOWS
37019,37133,FOLLOWS
37019,357411,FOLLOWS
37019,189203,FOLLOWS
37019,488743,FOLLOWS
37019,191205,FOLLOWS
37019,209408,FOLLOWS
37133,189293,FOLLOWS
37133,37019,FOLLOWS
37133,488372,FOLLOWS
37263,362019,FOLLOWS
37263,389822,FOLLOWS
37444,21124,FOLLOWS
37444,38569,FOLLOWS
37444,38519,FOLLOWS
37470,396281,FOLLOWS
37470,203403,FOLLOWS
37470,80991,FOLLOWS
37470,366774,FOLLOWS
37470,92458,FOLLOWS
37470,158246,FOLLOWS
37470,26923,FOLLOWS
37477,27935,FOLLOWS
37477,42988,FOLLOWS
37477,74238,FOLLOWS
37477,108727,FOLLOWS
37528,3006,FOLLOWS
37528,82209,FOLLOWS
37585,78587,FOLLOWS
37610,478989,FOLLOWS
37686,15590,FOLLOWS
37692,19435,FOLLOWS
37705,248575,FOLLOWS
37733,67836,FOLLOWS
37765,7891,FOLLOWS
37765,50862,FOLLOWS
37768,733358,FOLLOWS
37788,3618,FOLLOWS
37788,44697,FOLLOWS
37788,37900,FOLLOWS
37800,113145,FOLLOWS
37800,242697,FOLLOWS
37843,33595,FOLLOWS
37881,429981,FOLLOWS
37887,493006,FOLLOWS
37887,493080,FOLLOWS
37888,261166,FOLLOWS
37888,493394,FOLLOWS
37888,275548,FOLLOWS
37888,493679,FOLLOWS
37900,37788,FOLLOWS
37931,494646,FOLLOWS
37931,682711,FOLLOWS
38002,103861,FOLLOWS
38002,410943,FOLLOWS
38002,532574,FOLLOWS
38002,600841,FOLLOWS
38002,734015,FOLLOWS
38029,12583,FOLLOWS
38029,170050,FOLLOWS
38029,494047,FOLLOWS
38029,177806,FOLLOWS
38029,39025,FOLLOWS
38094,21860,FOLLOWS
38094,21867,FOLLOWS
38094,102503,FOLLOWS
38094,255976,FOLLOWS
38094,233919,FOLLOWS
38094,297538,FOLLOWS
38094,39089,FOLLOWS
38099,26641,FOLLOWS
38099,199117,FOLLOWS
38099,229629,FOLLOWS
38099,64520,FOLLOWS
38099,97633,FOLLOWS
38099,238460,FOLLOWS
38175,114392,FOLLOWS
38175,136154,FOLLOWS
38175,264191,FOLLOWS
38256,168584,FOLLOWS
38263,496346,FOLLOWS
38267,130675,FOLLOWS
38267,1187934,FOLLOWS
38341,235906,FOLLOWS
38341,66014,FOLLOWS
38341,376028,FOLLOWS
38407,421417,FOLLOWS
38407,498177,FOLLOWS
38438,625469,FOLLOWS
38519,8656,FOLLOWS
38519,38569,FOLLOWS
38519,3459,FOLLOWS
38519,37444,FOLLOWS
38559,47505,FOLLOWS
38569,8656,FOLLOWS
38569,21124,FOLLOWS
38569,37444,FOLLOWS
38569,38519,FOLLOWS
38621,403201,FOLLOWS
38621,916682,FOLLOWS
38635,480472,FOLLOWS
38666,475864,FOLLOWS
38666,309786,FOLLOWS
38666,11446,FOLLOWS
38666,40027,FOLLOWS
38666,150082,FOLLOWS
38666,501825,FOLLOWS
38900,500730,FOLLOWS
38954,982685,FOLLOWS
38975,31099,FOLLOWS
38975,263599,FOLLOWS
38975,501613,FOLLOWS
38975,501830,FOLLOWS
39025,287162,FOLLOWS
39074,22542,FOLLOWS
39150,49754,FOLLOWS
39150,315812,FOLLOWS
39429,229378,FOLLOWS
39429,506207,FOLLOWS
39429,506496,FOLLOWS
39435,6150,FOLLOWS
39435,260838,FOLLOWS
39435,286822,FOLLOWS
39435,190311,FOLLOWS
39435,169742,FOLLOWS
39435,509129,FOLLOWS
39435,509294,FOLLOWS
39456,1699,FOLLOWS
39606,206360,FOLLOWS
39671,74412,FOLLOWS
39671,242797,FOLLOWS
39671,411436,FOLLOWS
39694,509563,FOLLOWS
39694,509875,FOLLOWS
39694,447861,FOLLOWS
39694,158204,FOLLOWS
39694,2678,FOLLOWS
39694,501832,FOLLOWS
39694,410830,FOLLOWS
39694,31310,FOLLOWS
39773,727141,FOLLOWS
39915,1699,FOLLOWS
39958,1699,FOLLOWS
39958,72980,FOLLOWS
39958,437218,FOLLOWS
39958,498082,FOLLOWS
39991,514815,FOLLOWS
40014,71855,FOLLOWS
40027,1699,FOLLOWS
40030,1699,FOLLOWS
40030,513675,FOLLOWS
40030,484851,FOLLOWS
40030,24421,FOLLOWS
40030,68256,FOLLOWS
40030,110275,FOLLOWS
40128,318389,FOLLOWS
40149,438774,FOLLOWS
40273,179469,FOLLOWS
40361,190785,FOLLOWS
40361,516526,FOLLOWS
40396,518348,FOLLOWS
40413,1699,FOLLOWS
40421,75055,FOLLOWS
40421,239961,FOLLOWS
40421,427740,FOLLOWS
40421,471430,FOLLOWS
40421,548830,FOLLOWS
40504,279206,FOLLOWS
40635,1699,FOLLOWS
40638,1699,FOLLOWS
40696,525367,FOLLOWS
40696,383343,FOLLOWS
40696,104047,FOLLOWS
40696,295945,FOLLOWS
40696,417553,FOLLOWS
40696,343017,FOLLOWS
40722,121092,FOLLOWS
40738,1699,FOLLOWS
40752,31330,FOLLOWS
40752,74156,FOLLOWS
40752,14590,FOLLOWS
40752,114346,FOLLOWS
40842,191466,FOLLOWS
40846,83748,FOLLOWS
40846,800876,FOLLOWS
41065,297510,FOLLOWS
41065,523257,FOLLOWS
41113,17847,FOLLOWS
41113,24111,FOLLOWS
41113,375981,FOLLOWS
41113,525090,FOLLOWS
41113,25021,FOLLOWS
41113,1408,FOLLOWS
41113,36177,FOLLOWS
41213,140060,FOLLOWS
41213,473385,FOLLOWS
41281,127649,FOLLOWS
41295,1699,FOLLOWS
41295,514638,FOLLOWS
41295,530750,FOLLOWS
41295,72392,FOLLOWS
41295,506684,FOLLOWS
41295,531023,FOLLOWS
41305,29658,FOLLOWS
41497,393308,FOLLOWS
41582,204409,FOLLOWS
41582,52272,FOLLOWS
41582,526947,FOLLOWS
41582,20600,FOLLOWS
41582,283158,FOLLOWS
41582,289867,FOLLOWS
41582,46249,FOLLOWS
41582,133923,FOLLOWS
41582,248588,FOLLOWS
41636,27796,FOLLOWS
41688,187596,FOLLOWS
41732,176781,FOLLOWS
41732,528014,FOLLOWS
41732,227835,FOLLOWS
41732,55235,FOLLOWS
41754,20299,FOLLOWS
41754,283260,FOLLOWS
41754,279039,FOLLOWS
41837,31989,FOLLOWS
41837,529995,FOLLOWS
41837,530132,FOLLOWS
41837,95189,FOLLOWS
41850,547122,FOLLOWS
41858,533036,FOLLOWS
42075,118069,FOLLOWS
42075,237672,FOLLOWS
42075,336412,FOLLOWS
42137,17411,FOLLOWS
42137,205318,FOLLOWS
42140,428240,FOLLOWS
42140,78092,FOLLOWS
42148,369549,FOLLOWS
42148,533862,FOLLOWS
42148,433304,FOLLOWS
42148,530991,FOLLOWS
42148,533824,FOLLOWS
42229,39089,FOLLOWS
42229,64520,FOLLOWS
42229,94272,FOLLOWS
42229,102710,FOLLOWS
42229,108346,FOLLOWS
42229,489239,FOLLOWS
42235,31099,FOLLOWS
42348,535537,FOLLOWS
42348,535957,FOLLOWS
42348,249251,FOLLOWS
42348,535578,FOLLOWS
42348,379488,FOLLOWS
42348,536438,FOLLOWS
42415,4059,FOLLOWS
42415,27767,FOLLOWS
42476,1699,FOLLOWS
42476,536398,FOLLOWS
42476,337549,FOLLOWS
42476,195282,FOLLOWS
42476,536399,FOLLOWS
42578,1699,FOLLOWS
42578,505493,FOLLOWS
42592,537468,FOLLOWS
42592,537536,FOLLOWS
42592,536940,FOLLOWS
42592,413589,FOLLOWS
42628,244118,FOLLOWS
42628,101116,FOLLOWS
42628,142896,FOLLOWS
42729,1699,FOLLOWS
42729,180577,FOLLOWS
42729,312903,FOLLOWS
42729,516513,FOLLOWS
42738,1699,FOLLOWS
42738,434492,FOLLOWS
42738,49425,FOLLOWS
42738,184139,FOLLOWS
42738,156161,FOLLOWS
42789,1699,FOLLOWS
42789,137294,FOLLOWS
42789,147280,FOLLOWS
42789,290289,FOLLOWS
42797,410705,FOLLOWS
42797,323876,FOLLOWS
42797,42857,FOLLOWS
42797,154321,FOLLOWS
42838,41497,FOLLOWS
42857,42797,FOLLOWS
42857,538683,FOLLOWS
42857,323876,FOLLOWS
42864,477111,FOLLOWS
42864,437941,FOLLOWS
42864,110629,FOLLOWS
42864,537730,FOLLOWS
42911,232147,FOLLOWS
42988,25406,FOLLOWS
42988,27935,FOLLOWS
42988,37477,FOLLOWS
42988,95759,FOLLOWS
42988,183685,FOLLOWS
43009,43271,FOLLOWS
43009,154244,FOLLOWS
43028,1699,FOLLOWS
43028,195420,FOLLOWS
43028,375421,FOLLOWS
43028,271879,FOLLOWS
43028,79314,FOLLOWS
43028,118925,FOLLOWS
43084,1699,FOLLOWS
43125,1699,FOLLOWS
43125,98136,FOLLOWS
43271,43009,FOLLOWS
43271,455996,FOLLOWS
43315,1699,FOLLOWS
43315,365073,FOLLOWS
43315,432468,FOLLOWS
43315,1170378,FOLLOWS
43315,1591437,FOLLOWS
43443,398423,FOLLOWS
43445,291484,FOLLOWS
43445,241948,FOLLOWS
43445,263174,FOLLOWS
43445,205794,FOLLOWS
43445,143340,FOLLOWS
43445,300058,FOLLOWS
43445,437532,FOLLOWS
43445,8025,FOLLOWS
43460,226981,FOLLOWS
43460,426780,FOLLOWS
43490,49101,FOLLOWS
43490,206492,FOLLOWS
43518,1699,FOLLOWS
43552,129099,FOLLOWS
43552,290669,FOLLOWS
43552,189644,FOLLOWS
43552,49191,FOLLOWS
43580,1699,FOLLOWS
43580,220824,FOLLOWS
43580,329582,FOLLOWS
43580,420680,FOLLOWS
43681,158728,FOLLOWS
43681,208850,FOLLOWS
43714,546050,FOLLOWS
43747,19612,FOLLOWS
43968,130675,FOLLOWS
44047,148889,FOLLOWS
44084,15590,FOLLOWS
44094,1699,FOLLOWS
44094,205654,FOLLOWS
44094,210399,FOLLOWS
44301,205590,FOLLOWS
44309,72240,FOLLOWS
44309,97322,FOLLOWS
44309,170050,FOLLOWS
44343,1699,FOLLOWS
44354,186453,FOLLOWS
44381,90173,FOLLOWS
44434,60474,FOLLOWS
44462,122538,FOLLOWS
44494,1699,FOLLOWS
44494,138892,FOLLOWS
44494,426780,FOLLOWS
44532,553998,FOLLOWS
44532,555688,FOLLOWS
44532,239245,FOLLOWS
44570,1699,FOLLOWS
44570,104086,FOLLOWS
44570,337367,FOLLOWS
44570,517138,FOLLOWS
44570,556489,FOLLOWS
44589,254319,FOLLOWS
44589,138512,FOLLOWS
44589,329382,FOLLOWS
44589,86555,FOLLOWS
44589,61268,FOLLOWS
44589,448971,FOLLOWS
44589,311941,FOLLOWS
44610,1699,FOLLOWS
44663,21072,FOLLOWS
44697,12570,FOLLOWS
44697,24111,FOLLOWS
44697,37788,FOLLOWS
44697,20144,FOLLOWS
44697,5101,FOLLOWS
44723,1699,FOLLOWS
44723,512723,FOLLOWS
44723,557198,FOLLOWS
44723,557102,FOLLOWS
44723,432549,FOLLOWS
44757,1699,FOLLOWS
44759,1699,FOLLOWS
44768,1699,FOLLOWS
44768,558344,FOLLOWS
44768,264042,FOLLOWS
44768,208874,FOLLOWS
44768,543034,FOLLOWS
44801,1699,FOLLOWS
44801,59218,FOLLOWS
44801,713094,FOLLOWS
44827,556984,FOLLOWS
44859,18144,FOLLOWS
45131,282580,FOLLOWS
45131,333169,FOLLOWS
45144,7269,FOLLOWS
45200,277404,FOLLOWS
45200,338204,FOLLOWS
45200,383010,FOLLOWS
45200,380144,FOLLOWS
45200,562028,FOLLOWS
45200,344609,FOLLOWS
45200,322380,FOLLOWS
45210,567131,FOLLOWS
45276,35006,FOLLOWS
45306,580234,FOLLOWS
45306,697950,FOLLOWS
45338,127589,FOLLOWS
45368,14286,FOLLOWS
45547,356509,FOLLOWS
45561,151062,FOLLOWS
45653,566138,FOLLOWS
45653,566183,FOLLOWS
45852,82009,FOLLOWS
45852,45860,FOLLOWS
45852,6792,FOLLOWS
45852,403640,FOLLOWS
45860,45852,FOLLOWS
45918,794383,FOLLOWS
45931,59487,FOLLOWS
46126,46259,FOLLOWS
46193,108572,FOLLOWS
46259,46126,FOLLOWS
46335,159310,FOLLOWS
46335,739734,FOLLOWS
46419,19256,FOLLOWS
46419,35199,FOLLOWS
46426,47353,FOLLOWS
46488,239245,FOLLOWS
46534,866534,FOLLOWS
46569,147926,FOLLOWS
46742,124340,FOLLOWS
46742,62829,FOLLOWS
46742,115345,FOLLOWS
46742,98574,FOLLOWS
46742,213119,FOLLOWS
46742,309105,FOLLOWS
46775,19053,FOLLOWS
46786,98136,FOLLOWS
46797,494787,FOLLOWS
46802,572498,FOLLOWS
46816,8295,FOLLOWS
46816,8626,FOLLOWS
46816,63387,FOLLOWS
46821,46822,FOLLOWS
46822,46821,FOLLOWS
46885,224809,FOLLOWS
46885,232755,FOLLOWS
46941,33924,FOLLOWS
46941,275964,FOLLOWS
47005,6486,FOLLOWS
47005,26545,FOLLOWS
47050,55384,FOLLOWS
47096,14887,FOLLOWS
47096,307366,FOLLOWS
47096,319608,FOLLOWS
47096,575287,FOLLOWS
47175,83141,FOLLOWS
47178,47175,FOLLOWS
47178,56111,FOLLOWS
47184,15483,FOLLOWS
47184,34031,FOLLOWS
47224,435964,FOLLOWS
47224,528690,FOLLOWS
47224,577101,FOLLOWS
47239,35559,FOLLOWS
47239,111338,FOLLOWS
47318,33563,FOLLOWS
47318,79580,FOLLOWS
47353,46426,FOLLOWS
47374,16676,FOLLOWS
47374,22054,FOLLOWS
47376,110178,FOLLOWS
47376,578183,FOLLOWS
47376,578188,FOLLOWS
47376,578226,FOLLOWS
47386,16701,FOLLOWS
47430,345801,FOLLOWS
47430,497592,FOLLOWS
47478,408902,FOLLOWS
47505,19854,FOLLOWS
47505,129620,FOLLOWS
47505,38559,FOLLOWS
47505,299151,FOLLOWS
47505,93327,FOLLOWS
47505,76785,FOLLOWS
47505,580380,FOLLOWS
47601,416167,FOLLOWS
47601,415520,FOLLOWS
47714,687591,FOLLOWS
47882,581051,FOLLOWS
47893,16739,FOLLOWS
47932,4211,FOLLOWS
47932,75978,FOLLOWS
48025,22793,FOLLOWS
48025,99366,FOLLOWS
48033,24923,FOLLOWS
48033,48196,FOLLOWS
48033,49743,FOLLOWS
48033,48124,FOLLOWS
48033,4002,FOLLOWS
48076,30020,FOLLOWS
48076,81020,FOLLOWS
48076,229856,FOLLOWS
48076,71587,FOLLOWS
48076,583954,FOLLOWS
48124,24923,FOLLOWS
48140,365815,FOLLOWS
48140,369383,FOLLOWS
48140,382586,FOLLOWS
48140,390140,FOLLOWS
48196,3183,FOLLOWS
48196,24923,FOLLOWS
48196,49743,FOLLOWS
48267,399179,FOLLOWS
48267,227205,FOLLOWS
48267,148569,FOLLOWS
48522,48694,FOLLOWS
48578,30480,FOLLOWS
48578,174090,FOLLOWS
48579,587114,FOLLOWS
48579,326181,FOLLOWS
48579,587687,FOLLOWS
48579,108111,FOLLOWS
48595,1203100,FOLLOWS
48674,175264,FOLLOWS
48674,590127,FOLLOWS
48674,225723,FOLLOWS
48680,586758,FOLLOWS
48694,48522,FOLLOWS
48694,11497,FOLLOWS
48694,218833,FOLLOWS
48694,386770,FOLLOWS
48694,300173,FOLLOWS
48694,445197,FOLLOWS
48797,591929,FOLLOWS
48847,10486,FOLLOWS
48847,13802,FOLLOWS
48847,27941,FOLLOWS
48893,17742,FOLLOWS
48893,16128,FOLLOWS
49022,77314,FOLLOWS
49038,22498,FOLLOWS
49038,13830,FOLLOWS
49084,67413,FOLLOWS
49084,666014,FOLLOWS
49084,1094967,FOLLOWS
49101,43490,FOLLOWS
49101,79580,FOLLOWS
49101,186989,FOLLOWS
49133,3338,FOLLOWS
49202,173271,FOLLOWS
49286,171099,FOLLOWS
49286,594333,FOLLOWS
49286,354110,FOLLOWS
49351,19256,FOLLOWS
49402,594568,FOLLOWS
49412,816478,FOLLOWS
49412,851840,FOLLOWS
49493,31509,FOLLOWS
49493,596061,FOLLOWS
49493,596340,FOLLOWS
49493,392566,FOLLOWS
49493,502579,FOLLOWS
49493,391836,FOLLOWS
49493,316518,FOLLOWS
49493,371212,FOLLOWS
49493,597025,FOLLOWS
49493,187917,FOLLOWS
49493,597208,FOLLOWS
49493,438437,FOLLOWS
49493,441276,FOLLOWS
49493,93572,FOLLOWS
49493,597395,FOLLOWS
49493,597423,FOLLOWS
49493,391475,FOLLOWS
49493,87166,FOLLOWS
49595,293931,FOLLOWS
49673,18596,FOLLOWS
49678,9142,FOLLOWS
49680,687463,FOLLOWS
49743,26545,FOLLOWS
49743,48196,FOLLOWS
49743,48033,FOLLOWS
49754,39150,FOLLOWS
49754,98075,FOLLOWS
49839,18999,FOLLOWS
49839,27397,FOLLOWS
49839,108299,FOLLOWS
49852,112464,FOLLOWS
49852,120460,FOLLOWS
50035,771334,FOLLOWS
50250,537230,FOLLOWS
50399,511799,FOLLOWS
50399,314742,FOLLOWS
50399,127597,FOLLOWS
50399,602941,FOLLOWS
50422,329566,FOLLOWS
50466,400214,FOLLOWS
50484,230536,FOLLOWS
50484,602873,FOLLOWS
50551,2253,FOLLOWS
50587,24880,FOLLOWS
50621,224900,FOLLOWS
50621,603582,FOLLOWS
50621,214294,FOLLOWS
50621,416232,FOLLOWS
50621,26923,FOLLOWS
50621,164607,FOLLOWS
50674,82340,FOLLOWS
50674,182638,FOLLOWS
50717,21429,FOLLOWS
50746,349371,FOLLOWS
50756,62564,FOLLOWS
50849,158822,FOLLOWS
50849,232765,FOLLOWS
50849,572692,FOLLOWS
50849,175264,FOLLOWS
50862,91081,FOLLOWS
50902,35738,FOLLOWS
51130,2253,FOLLOWS
51130,63387,FOLLOWS
51133,33650,FOLLOWS
51206,1173109,FOLLOWS
51247,253752,FOLLOWS
51247,353768,FOLLOWS
51247,825642,FOLLOWS
51247,1106258,FOLLOWS
51298,51303,FOLLOWS
51303,51298,FOLLOWS
51311,55641,FOLLOWS
51618,554600,FOLLOWS
51618,448311,FOLLOWS
51659,347129,FOLLOWS
51769,611764,FOLLOWS
51775,611001,FOLLOWS
51775,610943,FOLLOWS
51775,71327,FOLLOWS
51775,611392,FOLLOWS
51775,329793,FOLLOWS
51782,4025,FOLLOWS
51798,609426,FOLLOWS
51798,307575,FOLLOWS
51798,157225,FOLLOWS
51863,610807,FOLLOWS
51931,82209,FOLLOWS
51931,178414,FOLLOWS
51936,994486,FOLLOWS
51965,126322,FOLLOWS
52005,543578,FOLLOWS
52005,247429,FOLLOWS
52005,265496,FOLLOWS
52007,366355,FOLLOWS
52007,492190,FOLLOWS
52066,422877,FOLLOWS
52075,132964,FOLLOWS
52095,95997,FOLLOWS
52124,411620,FOLLOWS
52272,305946,FOLLOWS
52287,268065,FOLLOWS
52287,443740,FOLLOWS
52308,325575,FOLLOWS
52308,447820,FOLLOWS
52308,574137,FOLLOWS
52417,737105,FOLLOWS
52657,341766,FOLLOWS
52657,344754,FOLLOWS
52657,616578,FOLLOWS
52669,279206,FOLLOWS
52672,1385463,FOLLOWS
52946,55492,FOLLOWS
52946,257709,FOLLOWS
52946,177806,FOLLOWS
52946,39025,FOLLOWS
53066,53239,FOLLOWS
53066,621218,FOLLOWS
53083,183952,FOLLOWS
53248,624544,FOLLOWS
53248,624456,FOLLOWS
53248,237793,FOLLOWS
53248,223938,FOLLOWS
53248,97228,FOLLOWS
53287,35008,FOLLOWS
53325,534617,FOLLOWS
53325,457887,FOLLOWS
53325,313456,FOLLOWS
53325,361753,FOLLOWS
53325,291546,FOLLOWS
53325,127575,FOLLOWS
53325,625582,FOLLOWS
53325,46742,FOLLOWS
53325,69773,FOLLOWS
53331,108093,FOLLOWS
53363,622754,FOLLOWS
53375,72905,FOLLOWS
53375,237547,FOLLOWS
53375,615312,FOLLOWS
53543,267382,FOLLOWS
53543,527661,FOLLOWS
53611,292740,FOLLOWS
53611,220460,FOLLOWS
53611,220765,FOLLOWS
53611,292742,FOLLOWS
53671,629065,FOLLOWS
53671,628901,FOLLOWS
53671,530079,FOLLOWS
53683,500226,FOLLOWS
53683,388326,FOLLOWS
53729,59592,FOLLOWS
53729,578564,FOLLOWS
53834,30480,FOLLOWS
53834,54158,FOLLOWS
53841,475047,FOLLOWS
53841,324317,FOLLOWS
53841,609689,FOLLOWS
54027,521985,FOLLOWS
54027,956926,FOLLOWS
54158,57692,FOLLOWS
54158,578564,FOLLOWS
54158,53834,FOLLOWS
54158,629311,FOLLOWS
54158,631102,FOLLOWS
54158,536788,FOLLOWS
54158,631105,FOLLOWS
54158,236983,FOLLOWS
54178,237365,FOLLOWS
54178,283169,FOLLOWS
54178,200714,FOLLOWS
54178,56130,FOLLOWS
54178,85041,FOLLOWS
54178,451448,FOLLOWS
54178,632841,FOLLOWS
54178,221926,FOLLOWS
54225,54226,FOLLOWS
54225,631661,FOLLOWS
54226,54225,FOLLOWS
54242,13830,FOLLOWS
54502,632165,FOLLOWS
54571,540356,FOLLOWS
54571,730813,FOLLOWS
54639,65021,FOLLOWS
54709,944785,FOLLOWS
54739,206668,FOLLOWS
54739,113862,FOLLOWS
54739,78969,FOLLOWS
54739,633818,FOLLOWS
54739,368958,FOLLOWS
54739,633821,FOLLOWS
54754,168584,FOLLOWS
54754,208717,FOLLOWS
54754,609605,FOLLOWS
55086,288661,FOLLOWS
55192,8295,FOLLOWS
55373,564991,FOLLOWS
55384,638382,FOLLOWS
55384,47050,FOLLOWS
55384,195451,FOLLOWS
55384,582024,FOLLOWS
55384,122599,FOLLOWS
55384,301876,FOLLOWS
55492,52946,FOLLOWS
55492,257709,FOLLOWS
55492,177806,FOLLOWS
55534,37263,FOLLOWS
55547,26339,FOLLOWS
55548,1125149,FOLLOWS
55557,66670,FOLLOWS
55557,626496,FOLLOWS
55571,59816,FOLLOWS
55637,17097,FOLLOWS
55637,29972,FOLLOWS
55637,48847,FOLLOWS
55637,390459,FOLLOWS
55637,401871,FOLLOWS
55637,319491,FOLLOWS
55659,33461,FOLLOWS
55659,236983,FOLLOWS
55659,522182,FOLLOWS
55659,501832,FOLLOWS
55659,639816,FOLLOWS
55690,161661,FOLLOWS
55690,149517,FOLLOWS
55696,186843,FOLLOWS
55854,270965,FOLLOWS
55854,354051,FOLLOWS
55867,211904,FOLLOWS
55886,256587,FOLLOWS
55905,245562,FOLLOWS
55905,11965,FOLLOWS
55921,61730,FOLLOWS
55921,78979,FOLLOWS
55965,57959,FOLLOWS
55965,247372,FOLLOWS
55967,509091,FOLLOWS
56113,248952,FOLLOWS
56113,24970,FOLLOWS
56130,54178,FOLLOWS
56459,46419,FOLLOWS
56459,71513,FOLLOWS
56629,554365,FOLLOWS
56647,552310,FOLLOWS
56654,9070,FOLLOWS
56654,13493,FOLLOWS
56654,34979,FOLLOWS
56757,82009,FOLLOWS
56757,56997,FOLLOWS
56757,651359,FOLLOWS
56757,547220,FOLLOWS
56781,365555,FOLLOWS
56887,185249,FOLLOWS
56887,941868,FOLLOWS
56902,82644,FOLLOWS
56902,83158,FOLLOWS
56902,156102,FOLLOWS
56902,181177,FOLLOWS
56908,252292,FOLLOWS
56908,652498,FOLLOWS
56925,57878,FOLLOWS
56945,316237,FOLLOWS
56945,335172,FOLLOWS
56962,122385,FOLLOWS
56962,397523,FOLLOWS
56966,98513,FOLLOWS
56966,406069,FOLLOWS
56997,56757,FOLLOWS
56997,651500,FOLLOWS
57085,179885,FOLLOWS
57085,1063511,FOLLOWS
57219,15483,FOLLOWS
57219,22542,FOLLOWS
57219,247852,FOLLOWS
57219,20340,FOLLOWS
57254,480763,FOLLOWS
57336,437608,FOLLOWS
57366,653384,FOLLOWS
57366,106568,FOLLOWS
57461,162936,FOLLOWS
57461,566679,FOLLOWS
57461,35234,FOLLOWS
57481,410830,FOLLOWS
57541,651903,FOLLOWS
57543,589066,FOLLOWS
57555,295126,FOLLOWS
57615,150254,FOLLOWS
57675,131870,FOLLOWS
57675,118163,FOLLOWS
57692,33461,FOLLOWS
57692,54158,FOLLOWS
57737,654660,FOLLOWS
57747,146914,FOLLOWS
57747,658367,FOLLOWS
57809,653035,FOLLOWS
57809,4429,FOLLOWS
57809,401575,FOLLOWS
57809,396669,FOLLOWS
57813,37610,FOLLOWS
57813,482437,FOLLOWS
57813,138035,FOLLOWS
57813,296606,FOLLOWS
57878,379704,FOLLOWS
57878,468998,FOLLOWS
57878,659017,FOLLOWS
57949,31044,FOLLOWS
57949,249302,FOLLOWS
57949,341268,FOLLOWS
57949,145986,FOLLOWS
57959,165719,FOLLOWS
57959,484642,FOLLOWS
58064,87415,FOLLOWS
58064,113800,FOLLOWS
58064,736103,FOLLOWS
58170,28296,FOLLOWS
58170,662379,FOLLOWS
58225,798,FOLLOWS
58225,33700,FOLLOWS
58238,16694,FOLLOWS
58238,492812,FOLLOWS
58238,143292,FOLLOWS
58252,34762,FOLLOWS
58252,113029,FOLLOWS
58252,139466,FOLLOWS
58365,663322,FOLLOWS
58365,663406,FOLLOWS
58365,663512,FOLLOWS
58365,530901,FOLLOWS
58365,92458,FOLLOWS
58365,661710,FOLLOWS
58369,443363,FOLLOWS
58369,638189,FOLLOWS
58369,72399,FOLLOWS
58369,269697,FOLLOWS
58369,435217,FOLLOWS
58385,58402,FOLLOWS
58402,58385,FOLLOWS
58445,81438,FOLLOWS
58445,224809,FOLLOWS
58445,618224,FOLLOWS
58445,224355,FOLLOWS
58445,175264,FOLLOWS
58445,58939,FOLLOWS
58497,21867,FOLLOWS
58497,37916,FOLLOWS
58497,126769,FOLLOWS
58497,154244,FOLLOWS
58561,394428,FOLLOWS
58568,446697,FOLLOWS
58568,663482,FOLLOWS
58568,371847,FOLLOWS
58605,115812,FOLLOWS
58615,337367,FOLLOWS
58615,1413793,FOLLOWS
58666,456288,FOLLOWS
58773,65411,FOLLOWS
58773,1187796,FOLLOWS
58936,65269,FOLLOWS
58936,455399,FOLLOWS
58952,152357,FOLLOWS
59006,424414,FOLLOWS
59098,150553,FOLLOWS
59098,310144,FOLLOWS
59122,504736,FOLLOWS
59122,667747,FOLLOWS
59126,655630,FOLLOWS
59126,660571,FOLLOWS
59370,777925,FOLLOWS
59388,465075,FOLLOWS
59388,389191,FOLLOWS
59388,478149,FOLLOWS
59409,21327,FOLLOWS
59409,260374,FOLLOWS
59409,602095,FOLLOWS
59451,643118,FOLLOWS
59592,143449,FOLLOWS
59592,410830,FOLLOWS
59809,158959,FOLLOWS
59809,672629,FOLLOWS
59816,33461,FOLLOWS
59816,55571,FOLLOWS
59816,64684,FOLLOWS
59816,66670,FOLLOWS
59816,103746,FOLLOWS
59906,84188,FOLLOWS
59906,305298,FOLLOWS
59906,573125,FOLLOWS
60091,130219,FOLLOWS
60091,194815,FOLLOWS
60206,1368154,FOLLOWS
60324,269529,FOLLOWS
60324,154624,FOLLOWS
60410,343290,FOLLOWS
60419,344039,FOLLOWS
60419,678701,FOLLOWS
60419,298281,FOLLOWS
60474,44434,FOLLOWS
60474,80817,FOLLOWS
60486,118981,FOLLOWS
60486,165080,FOLLOWS
60486,678035,FOLLOWS
60486,545083,FOLLOWS
60506,679319,FOLLOWS
60506,679345,FOLLOWS
60506,291065,FOLLOWS
60506,513390,FOLLOWS
60506,9596,FOLLOWS
60506,679461,FOLLOWS
60518,220853,FOLLOWS
60518,293244,FOLLOWS
60518,294786,FOLLOWS
60894,159219,FOLLOWS
61039,19987,FOLLOWS
61069,1130598,FOLLOWS
61077,74201,FOLLOWS
61103,626488,FOLLOWS
61103,75473,FOLLOWS
61103,681538,FOLLOWS
61109,63032,FOLLOWS
61109,436415,FOLLOWS
61148,183084,FOLLOWS
61148,429191,FOLLOWS
61148,618032,FOLLOWS
61148,683479,FOLLOWS
61185,123651,FOLLOWS
61185,162967,FOLLOWS
61185,620001,FOLLOWS
61185,683279,FOLLOWS
61223,301005,FOLLOWS
61231,11957,FOLLOWS
61231,18139,FOLLOWS
61238,278101,FOLLOWS
61238,270883,FOLLOWS
61238,683241,FOLLOWS
61238,683280,FOLLOWS
61238,61424,FOLLOWS
61238,681801,FOLLOWS
61241,387524,FOLLOWS
61257,178914,FOLLOWS
61257,543887,FOLLOWS
61263,394693,FOLLOWS
61268,257480,FOLLOWS
61268,444854,FOLLOWS
61268,1012824,FOLLOWS
61309,842277,FOLLOWS
61362,501832,FOLLOWS
61362,64018,FOLLOWS
61362,685959,FOLLOWS
61424,61238,FOLLOWS
61517,65411,FOLLOWS
61567,8942,FOLLOWS
61567,22531,FOLLOWS
61614,687747,FOLLOWS
61614,238272,FOLLOWS
61614,688313,FOLLOWS
61666,81438,FOLLOWS
61666,132344,FOLLOWS
61666,218396,FOLLOWS
61666,401621,FOLLOWS
61666,932541,FOLLOWS
61730,55921,FOLLOWS
61858,95501,FOLLOWS
61858,447613,FOLLOWS
61858,233360,FOLLOWS
61858,302706,FOLLOWS
61960,310038,FOLLOWS
61966,31128,FOLLOWS
61966,690384,FOLLOWS
61966,226225,FOLLOWS
61966,427444,FOLLOWS
62015,50605,FOLLOWS
62036,676304,FOLLOWS
62036,1297366,FOLLOWS
62037,989235,FOLLOWS
62152,18738,FOLLOWS
62152,144161,FOLLOWS
62152,63412,FOLLOWS
62152,403717,FOLLOWS
62152,149970,FOLLOWS
62152,271077,FOLLOWS
62205,440435,FOLLOWS
62235,36177,FOLLOWS
62287,234357,FOLLOWS
62287,1449027,FOLLOWS
62291,17221,FOLLOWS
62291,20544,FOLLOWS
62291,374339,FOLLOWS
62291,145222,FOLLOWS
62291,465291,FOLLOWS
62368,191505,FOLLOWS
62389,62829,FOLLOWS
62389,65269,FOLLOWS
62389,64072,FOLLOWS
62389,692327,FOLLOWS
62391,897643,FOLLOWS
62407,410297,FOLLOWS
62564,50756,FOLLOWS
62621,604121,FOLLOWS
62626,336940,FOLLOWS
62829,62389,FOLLOWS
62829,64072,FOLLOWS
62829,65269,FOLLOWS
62829,153069,FOLLOWS
62829,202475,FOLLOWS
62849,7531,FOLLOWS
63032,121736,FOLLOWS
63149,319089,FOLLOWS
63149,502373,FOLLOWS
63387,5525,FOLLOWS
63387,46816,FOLLOWS
63387,51130,FOLLOWS
63387,416669,FOLLOWS
63387,129151,FOLLOWS
63412,62152,FOLLOWS
63412,69149,FOLLOWS
63412,144161,FOLLOWS
63434,29589,FOLLOWS
63460,140953,FOLLOWS
63460,674010,FOLLOWS
63460,313014,FOLLOWS
63460,363822,FOLLOWS
63460,699599,FOLLOWS
63460,700162,FOLLOWS
63460,318138,FOLLOWS
63460,107762,FOLLOWS
63491,699163,FOLLOWS
63511,564991,FOLLOWS
63585,13906,FOLLOWS
63771,305843,FOLLOWS
63771,323791,FOLLOWS
63771,1150639,FOLLOWS
63771,1598232,FOLLOWS
63818,21812,FOLLOWS
63818,266913,FOLLOWS
63818,78248,FOLLOWS
63818,27234,FOLLOWS
63874,230973,FOLLOWS
63912,20137,FOLLOWS
63955,249554,FOLLOWS
63955,249435,FOLLOWS
64043,66761,FOLLOWS
64043,852907,FOLLOWS
64072,62389,FOLLOWS
64072,65269,FOLLOWS
64072,118526,FOLLOWS
64072,608194,FOLLOWS
64072,236835,FOLLOWS
64072,201220,FOLLOWS
64128,282609,FOLLOWS
64128,188802,FOLLOWS
64128,220342,FOLLOWS
64128,212719,FOLLOWS
64128,151062,FOLLOWS
64128,339400,FOLLOWS
64177,41113,FOLLOWS
64184,111171,FOLLOWS
64184,121736,FOLLOWS
64216,1215100,FOLLOWS
64520,38099,FOLLOWS
64520,414532,FOLLOWS
64520,240480,FOLLOWS
64520,343424,FOLLOWS
64536,480716,FOLLOWS
64536,703586,FOLLOWS
64536,196123,FOLLOWS
64538,18995,FOLLOWS
64538,680218,FOLLOWS
64538,425859,FOLLOWS
64538,625256,FOLLOWS
64538,292794,FOLLOWS
64538,312485,FOLLOWS
64634,166775,FOLLOWS
64634,67499,FOLLOWS
64634,59816,FOLLOWS
64634,658023,FOLLOWS
64672,343290,FOLLOWS
64672,100726,FOLLOWS
64672,227317,FOLLOWS
64684,18995,FOLLOWS
64684,491725,FOLLOWS
64684,625256,FOLLOWS
64684,59816,FOLLOWS
64684,312485,FOLLOWS
64684,225031,FOLLOWS
64684,57254,FOLLOWS
64684,630392,FOLLOWS
64908,334724,FOLLOWS
64908,522182,FOLLOWS
64908,564991,FOLLOWS
64908,626496,FOLLOWS
65021,54639,FOLLOWS
65021,69588,FOLLOWS
65145,645890,FOLLOWS
65145,790290,FOLLOWS
65145,837838,FOLLOWS
65269,62389,FOLLOWS
65269,64072,FOLLOWS
65269,517890,FOLLOWS
65269,692327,FOLLOWS
65269,58936,FOLLOWS
65269,455399,FOLLOWS
65269,93614,FOLLOWS
65269,149591,FOLLOWS
65269,151127,FOLLOWS
65411,445056,FOLLOWS
65476,65610,FOLLOWS
65476,667449,FOLLOWS
65476,355603,FOLLOWS
65610,98753,FOLLOWS
65610,65476,FOLLOWS
65610,711613,FOLLOWS
65615,289091,FOLLOWS
65687,874876,FOLLOWS
65838,6237,FOLLOWS
65838,191505,FOLLOWS
65838,300061,FOLLOWS
65838,621059,FOLLOWS
65891,65269,FOLLOWS
66091,492505,FOLLOWS
66094,439605,FOLLOWS
66094,461429,FOLLOWS
66094,273924,FOLLOWS
66126,305946,FOLLOWS
66183,113188,FOLLOWS
66183,522182,FOLLOWS
66183,630364,FOLLOWS
66214,5162,FOLLOWS
66257,430180,FOLLOWS
66257,632359,FOLLOWS
66313,36143,FOLLOWS
66351,6927,FOLLOWS
66413,543741,FOLLOWS
66413,431969,FOLLOWS
66413,245756,FOLLOWS
66413,480571,FOLLOWS
66413,715553,FOLLOWS
66420,114833,FOLLOWS
66420,284994,FOLLOWS
66449,295235,FOLLOWS
66449,570449,FOLLOWS
66449,717049,FOLLOWS
66565,717816,FOLLOWS
66565,459242,FOLLOWS
66691,66793,FOLLOWS
66761,64043,FOLLOWS
66793,66691,FOLLOWS
66793,541805,FOLLOWS
66793,635208,FOLLOWS
66793,719563,FOLLOWS
66842,108672,FOLLOWS
66842,621712,FOLLOWS
66981,119606,FOLLOWS
67413,494188,FOLLOWS
67413,49084,FOLLOWS
67417,871246,FOLLOWS
67429,75417,FOLLOWS
67499,64634,FOLLOWS
67710,622384,FOLLOWS
67785,60410,FOLLOWS
67785,452630,FOLLOWS
67851,492391,FOLLOWS
67915,58229,FOLLOWS
67915,317738,FOLLOWS
67915,545637,FOLLOWS
67915,374694,FOLLOWS
67915,726514,FOLLOWS
67915,43315,FOLLOWS
67915,475328,FOLLOWS
67915,726737,FOLLOWS
67915,726785,FOLLOWS
67915,726788,FOLLOWS
67915,386165,FOLLOWS
67915,230926,FOLLOWS
67915,401323,FOLLOWS
67915,727064,FOLLOWS
67915,727082,FOLLOWS
67915,115861,FOLLOWS
67915,358984,FOLLOWS
67915,24421,FOLLOWS
67915,727349,FOLLOWS
67915,727350,FOLLOWS
67915,52287,FOLLOWS
67915,240968,FOLLOWS
67915,727532,FOLLOWS
67915,672629,FOLLOWS
67915,727639,FOLLOWS
67915,727640,FOLLOWS
67915,86705,FOLLOWS
67915,727766,FOLLOWS
67915,727767,FOLLOWS
67915,408761,FOLLOWS
67915,727796,FOLLOWS
67915,131032,FOLLOWS
67915,727851,FOLLOWS
67915,287253,FOLLOWS
67915,727732,FOLLOWS
67915,727915,FOLLOWS
67915,327886,FOLLOWS
67915,726276,FOLLOWS
67915,80316,FOLLOWS
67915,727990,FOLLOWS
67915,371050,FOLLOWS
67915,102516,FOLLOWS
67915,728079,FOLLOWS
67915,728080,FOLLOWS
67956,15368,FOLLOWS
67956,122745,FOLLOWS
67956,195074,FOLLOWS
67956,346275,FOLLOWS
67956,471538,FOLLOWS
67956,498346,FOLLOWS
68012,585286,FOLLOWS
68025,9838,FOLLOWS
68211,2898,FOLLOWS
68254,71384,FOLLOWS
68256,702048,FOLLOWS
68272,465281,FOLLOWS
68272,620127,FOLLOWS
68308,681015,FOLLOWS
68308,727923,FOLLOWS
68337,2898,FOLLOWS
68337,266052,FOLLOWS
68337,513568,FOLLOWS
68337,522753,FOLLOWS
68337,760525,FOLLOWS
68385,374752,FOLLOWS
68452,193789,FOLLOWS
68452,871907,FOLLOWS
68619,374515,FOLLOWS
68728,353490,FOLLOWS
68728,132857,FOLLOWS
68728,136825,FOLLOWS
68731,191520,FOLLOWS
68731,286336,FOLLOWS
68736,184713,FOLLOWS
68736,258836,FOLLOWS
68736,493628,FOLLOWS
69003,581946,FOLLOWS
69106,69108,FOLLOWS
69106,379662,FOLLOWS
69106,217215,FOLLOWS
69106,174856,FOLLOWS
69106,562507,FOLLOWS
69108,217215,FOLLOWS
69108,562507,FOLLOWS
69114,134137,FOLLOWS
69114,137203,FOLLOWS
69114,135383,FOLLOWS
69114,139466,FOLLOWS
69149,63412,FOLLOWS
69149,110193,FOLLOWS
69149,441109,FOLLOWS
69149,436395,FOLLOWS
69149,392245,FOLLOWS
69206,733006,FOLLOWS
69206,732990,FOLLOWS
69206,119606,FOLLOWS
69206,712341,FOLLOWS
69206,166476,FOLLOWS
69206,456815,FOLLOWS
69206,545083,FOLLOWS
69487,52272,FOLLOWS
69556,638208,FOLLOWS
69588,376208,FOLLOWS
69588,65021,FOLLOWS
69645,550674,FOLLOWS
69645,617531,FOLLOWS
69706,173635,FOLLOWS
69706,304924,FOLLOWS
69706,166960,FOLLOWS
69706,177246,FOLLOWS
69706,87166,FOLLOWS
69706,543131,FOLLOWS
69706,737199,FOLLOWS
69706,250589,FOLLOWS
69706,446487,FOLLOWS
69706,8255,FOLLOWS
69706,84002,FOLLOWS
69706,80823,FOLLOWS
69721,196193,FOLLOWS
69721,848262,FOLLOWS
69733,401575,FOLLOWS
69773,5889,FOLLOWS
69773,422371,FOLLOWS
69942,798319,FOLLOWS
70034,81531,FOLLOWS
70034,312152,FOLLOWS
70090,220392,FOLLOWS
70145,1255496,FOLLOWS
70206,737409,FOLLOWS
70245,151991,FOLLOWS
70725,105995,FOLLOWS
70749,643647,FOLLOWS
70779,433207,FOLLOWS
70816,212215,FOLLOWS
70905,173635,FOLLOWS
70905,166960,FOLLOWS
70905,8255,FOLLOWS
70905,594243,FOLLOWS
70905,413673,FOLLOWS
70906,28354,FOLLOWS
70906,293253,FOLLOWS
70918,251506,FOLLOWS
70929,113843,FOLLOWS
70980,173271,FOLLOWS
70980,316463,FOLLOWS
70980,368207,FOLLOWS
71156,309002,FOLLOWS
71156,343290,FOLLOWS
71327,51775,FOLLOWS
71327,391471,FOLLOWS
71384,68254,FOLLOWS
71384,24379,FOLLOWS
71384,624752,FOLLOWS
71384,14815,FOLLOWS
71384,123389,FOLLOWS
71471,24600,FOLLOWS
71471,129917,FOLLOWS
71475,71477,FOLLOWS
71475,647382,FOLLOWS
71475,316518,FOLLOWS
71477,71475,FOLLOWS
71477,647382,FOLLOWS
71477,342662,FOLLOWS
71513,56459,FOLLOWS
71519,287344,FOLLOWS
71519,745796,FOLLOWS
71519,71874,FOLLOWS
71635,409014,FOLLOWS
71659,270574,FOLLOWS
71659,554365,FOLLOWS
71712,184644,FOLLOWS
71749,142401,FOLLOWS
71834,23034,FOLLOWS
71855,5188,FOLLOWS
71855,28739,FOLLOWS
71855,40014,FOLLOWS
71855,35964,FOLLOWS
71855,77291,FOLLOWS
71855,29951,FOLLOWS
71874,296606,FOLLOWS
71874,128027,FOLLOWS
71875,17506,FOLLOWS
71875,352572,FOLLOWS
71875,37444,FOLLOWS
71875,414131,FOLLOWS
72030,21072,FOLLOWS
72030,76553,FOLLOWS
72188,20970,FOLLOWS
72193,748578,FOLLOWS
72221,114346,FOLLOWS
72221,472607,FOLLOWS
72240,460626,FOLLOWS
72240,44309,FOLLOWS
72240,391427,FOLLOWS
72346,454627,FOLLOWS
72392,48680,FOLLOWS
72392,85658,FOLLOWS
72392,119873,FOLLOWS
72392,323085,FOLLOWS
72392,463553,FOLLOWS
72392,466734,FOLLOWS
72392,470897,FOLLOWS
72392,536421,FOLLOWS
72392,722732,FOLLOWS
72399,749522,FOLLOWS
72399,186989,FOLLOWS
72399,749516,FOLLOWS
72399,58369,FOLLOWS
72399,321354,FOLLOWS
72399,68619,FOLLOWS
72428,750012,FOLLOWS
72428,86287,FOLLOWS
72428,273267,FOLLOWS
72473,662629,FOLLOWS
72476,61039,FOLLOWS
72476,72240,FOLLOWS
72577,327598,FOLLOWS
72754,125429,FOLLOWS
72815,49673,FOLLOWS
72854,471096,FOLLOWS
72854,745758,FOLLOWS
72905,53375,FOLLOWS
72918,186619,FOLLOWS
72918,366774,FOLLOWS
72980,39958,FOLLOWS
72980,110277,FOLLOWS
72980,271917,FOLLOWS
72980,339764,FOLLOWS
72980,356776,FOLLOWS
72980,753004,FOLLOWS
72986,181177,FOLLOWS
72986,299771,FOLLOWS
73038,75177,FOLLOWS
73086,753397,FOLLOWS
73086,753497,FOLLOWS
73086,230755,FOLLOWS
73155,260099,FOLLOWS
73155,941785,FOLLOWS
73170,7891,FOLLOWS
73170,232351,FOLLOWS
73170,309877,FOLLOWS
73170,180397,FOLLOWS
73179,232386,FOLLOWS
73218,274631,FOLLOWS
73323,297070,FOLLOWS
73328,754869,FOLLOWS
73328,141447,FOLLOWS
73395,83995,FOLLOWS
73395,364495,FOLLOWS
73395,992413,FOLLOWS
73577,233426,FOLLOWS
73666,39192,FOLLOWS
73666,249795,FOLLOWS
73666,265557,FOLLOWS
73666,298338,FOLLOWS
73666,365815,FOLLOWS
73747,338757,FOLLOWS
73747,489819,FOLLOWS
73792,174268,FOLLOWS
73792,756887,FOLLOWS
73792,485358,FOLLOWS
73792,288066,FOLLOWS
73792,171719,FOLLOWS
73906,189203,FOLLOWS
73906,262071,FOLLOWS
73906,425507,FOLLOWS
73906,587794,FOLLOWS
73906,726181,FOLLOWS
73906,169462,FOLLOWS
73906,759583,FOLLOWS
73906,242548,FOLLOWS
74061,757513,FOLLOWS
74061,134938,FOLLOWS
74061,669342,FOLLOWS
74061,408946,FOLLOWS
74061,292794,FOLLOWS
74061,79769,FOLLOWS
74146,94349,FOLLOWS
74154,540798,FOLLOWS
74156,40752,FOLLOWS
74166,143605,FOLLOWS
74166,758874,FOLLOWS
74166,149200,FOLLOWS
74166,111294,FOLLOWS
74166,164594,FOLLOWS
74201,61077,FOLLOWS
74201,87166,FOLLOWS
74238,8295,FOLLOWS
74238,37477,FOLLOWS
74238,159219,FOLLOWS
74244,367459,FOLLOWS
74244,630084,FOLLOWS
74295,8295,FOLLOWS
74295,37477,FOLLOWS
74295,74238,FOLLOWS
74295,86036,FOLLOWS
74412,39671,FOLLOWS
74412,429517,FOLLOWS
74412,378204,FOLLOWS
74412,565661,FOLLOWS
74412,534617,FOLLOWS
74430,175457,FOLLOWS
74436,749756,FOLLOWS
74521,103861,FOLLOWS
74521,123749,FOLLOWS
74521,181557,FOLLOWS
74610,100342,FOLLOWS
74610,253057,FOLLOWS
74610,333039,FOLLOWS
74610,92292,FOLLOWS
74610,100827,FOLLOWS
74610,334151,FOLLOWS
74610,72577,FOLLOWS
74699,37888,FOLLOWS
74699,691162,FOLLOWS
74699,763791,FOLLOWS
74699,167294,FOLLOWS
74713,347008,FOLLOWS
74820,110190,FOLLOWS
74820,155349,FOLLOWS
74820,434444,FOLLOWS
74869,543034,FOLLOWS
74889,240377,FOLLOWS
75033,154452,FOLLOWS
75055,763404,FOLLOWS
75055,500378,FOLLOWS
75055,40421,FOLLOWS
75127,363108,FOLLOWS
75135,763221,FOLLOWS
75135,76277,FOLLOWS
75417,28257,FOLLOWS
75473,61103,FOLLOWS
75473,526644,FOLLOWS
75473,688381,FOLLOWS
75473,513518,FOLLOWS
75473,279102,FOLLOWS
75557,214691,FOLLOWS
75557,265557,FOLLOWS
75557,76899,FOLLOWS
75572,313881,FOLLOWS
75580,7759,FOLLOWS
75580,23376,FOLLOWS
75588,276835,FOLLOWS
75639,443277,FOLLOWS
75671,167320,FOLLOWS
75671,36332,FOLLOWS
75806,81169,FOLLOWS
75806,195451,FOLLOWS
75806,443978,FOLLOWS
75860,318725,FOLLOWS
75860,376028,FOLLOWS
75978,16530,FOLLOWS
75978,22054,FOLLOWS
75978,29852,FOLLOWS
75978,47932,FOLLOWS
75978,113862,FOLLOWS
76050,376064,FOLLOWS
76057,22054,FOLLOWS
76070,44532,FOLLOWS
76070,768303,FOLLOWS
76070,147125,FOLLOWS
76070,448703,FOLLOWS
76070,142896,FOLLOWS
76070,334967,FOLLOWS
76070,766142,FOLLOWS
76172,616085,FOLLOWS
76277,75135,FOLLOWS
76277,867098,FOLLOWS
76284,256398,FOLLOWS
76390,408902,FOLLOWS
76407,293686,FOLLOWS
76539,151991,FOLLOWS
76553,72030,FOLLOWS
76561,195451,FOLLOWS
76785,47505,FOLLOWS
76785,548364,FOLLOWS
76807,78453,FOLLOWS
76873,171067,FOLLOWS
76873,847049,FOLLOWS
76899,75557,FOLLOWS
76899,284512,FOLLOWS
76922,294680,FOLLOWS
76922,238249,FOLLOWS
76922,86513,FOLLOWS
76922,138245,FOLLOWS
76922,444301,FOLLOWS
77128,274394,FOLLOWS
77170,136617,FOLLOWS
77177,44723,FOLLOWS
77177,358483,FOLLOWS
77177,536841,FOLLOWS
77177,558158,FOLLOWS
77177,1205182,FOLLOWS
77229,113585,FOLLOWS
77229,196193,FOLLOWS
77291,71855,FOLLOWS
77291,29951,FOLLOWS
77291,235451,FOLLOWS
77291,15214,FOLLOWS
77291,163261,FOLLOWS
77314,49022,FOLLOWS
77370,15144,FOLLOWS
77370,282431,FOLLOWS
77439,261162,FOLLOWS
77439,363497,FOLLOWS
77447,104231,FOLLOWS
77576,469233,FOLLOWS
77581,448831,FOLLOWS
77581,115345,FOLLOWS
77581,280681,FOLLOWS
77581,472651,FOLLOWS
77581,174933,FOLLOWS
77584,230536,FOLLOWS
77584,20578,FOLLOWS
77812,651236,FOLLOWS
77845,27767,FOLLOWS
77845,98088,FOLLOWS
77872,775623,FOLLOWS
77872,14054,FOLLOWS
77872,26093,FOLLOWS
77872,777143,FOLLOWS
77889,7938,FOLLOWS
77889,30361,FOLLOWS
77889,297479,FOLLOWS
77978,77881,FOLLOWS
77978,381364,FOLLOWS
78069,244709,FOLLOWS
78069,595354,FOLLOWS
78069,201074,FOLLOWS
78070,513675,FOLLOWS
78070,289221,FOLLOWS
78092,42140,FOLLOWS
78129,189136,FOLLOWS
78248,39089,FOLLOWS
78248,63818,FOLLOWS
78248,117782,FOLLOWS
78248,83141,FOLLOWS
78248,203357,FOLLOWS
78248,409619,FOLLOWS
78248,240076,FOLLOWS
78297,755176,FOLLOWS
78297,432570,FOLLOWS
78297,282454,FOLLOWS
78297,272421,FOLLOWS
78297,493394,FOLLOWS
78297,467966,FOLLOWS
78298,718110,FOLLOWS
78298,782108,FOLLOWS
78298,582918,FOLLOWS
78298,279575,FOLLOWS
78298,782264,FOLLOWS
78298,765818,FOLLOWS
78298,52362,FOLLOWS
78400,314965,FOLLOWS
78408,452235,FOLLOWS
78453,309346,FOLLOWS
78530,314359,FOLLOWS
78530,336398,FOLLOWS
78530,81875,FOLLOWS
78530,470298,FOLLOWS
78542,479297,FOLLOWS
78587,37585,FOLLOWS
78690,248575,FOLLOWS
78730,1179511,FOLLOWS
78800,46250,FOLLOWS
78800,156935,FOLLOWS
78800,253878,FOLLOWS
78800,932560,FOLLOWS
78836,807501,FOLLOWS
78838,551621,FOLLOWS
78844,6725,FOLLOWS
78849,114067,FOLLOWS
78849,1218346,FOLLOWS
78874,460592,FOLLOWS
78874,502738,FOLLOWS
78956,87937,FOLLOWS
78956,783900,FOLLOWS
78956,783962,FOLLOWS
78956,432570,FOLLOWS
78956,373866,FOLLOWS
78956,783998,FOLLOWS
78956,528190,FOLLOWS
78956,226160,FOLLOWS
78956,784376,FOLLOWS
78956,164226,FOLLOWS
78966,376712,FOLLOWS
78966,320063,FOLLOWS
78969,54739,FOLLOWS
78969,206668,FOLLOWS
78979,55921,FOLLOWS
78979,125807,FOLLOWS
78999,296676,FOLLOWS
78999,175372,FOLLOWS
78999,253510,FOLLOWS
78999,783617,FOLLOWS
79092,275868,FOLLOWS
79092,784080,FOLLOWS
79092,319952,FOLLOWS
79092,92581,FOLLOWS
79092,784155,FOLLOWS
79092,350453,FOLLOWS
79092,534044,FOLLOWS
79092,784284,FOLLOWS
79092,369650,FOLLOWS
79092,668080,FOLLOWS
79092,784515,FOLLOWS
79092,784516,FOLLOWS
79092,492408,FOLLOWS
79092,478885,FOLLOWS
79092,72946,FOLLOWS
79092,43315,FOLLOWS
79092,190311,FOLLOWS
79092,339764,FOLLOWS
79130,540161,FOLLOWS
79130,516646,FOLLOWS
79195,78966,FOLLOWS
79195,783859,FOLLOWS
79195,376712,FOLLOWS
79209,220110,FOLLOWS
79209,220608,FOLLOWS
79209,419804,FOLLOWS
79256,371510,FOLLOWS
79256,450833,FOLLOWS
79314,43028,FOLLOWS
79314,252338,FOLLOWS
79314,1115820,FOLLOWS
79326,645992,FOLLOWS
79361,460621,FOLLOWS
79361,784062,FOLLOWS
79361,637465,FOLLOWS
79361,347909,FOLLOWS
79473,155150,FOLLOWS
79482,35026,FOLLOWS
79557,862439,FOLLOWS
79579,60410,FOLLOWS
79579,252127,FOLLOWS
79580,22578,FOLLOWS
79580,23169,FOLLOWS
79580,27767,FOLLOWS
79580,47318,FOLLOWS
79580,49101,FOLLOWS
79580,1310,FOLLOWS
79580,104858,FOLLOWS
79643,464421,FOLLOWS
79678,734838,FOLLOWS
79678,787407,FOLLOWS
79727,330258,FOLLOWS
79741,28968,FOLLOWS
79769,408910,FOLLOWS
79862,429517,FOLLOWS
79862,429600,FOLLOWS
79871,514278,FOLLOWS
79871,533790,FOLLOWS
79871,745107,FOLLOWS
79934,7402,FOLLOWS
79934,79830,FOLLOWS
79934,79990,FOLLOWS
79934,105735,FOLLOWS
79990,79934,FOLLOWS
79990,105735,FOLLOWS
80012,97067,FOLLOWS
80027,614076,FOLLOWS
80027,853701,FOLLOWS
80316,630020,FOLLOWS
80445,396281,FOLLOWS
80495,80502,FOLLOWS
80502,80495,FOLLOWS
80502,81243,FOLLOWS
80635,789866,FOLLOWS
80679,566954,FOLLOWS
80688,151595,FOLLOWS
80688,733784,FOLLOWS
80688,488242,FOLLOWS
80725,110178,FOLLOWS
80725,579240,FOLLOWS
80766,5188,FOLLOWS
80766,119729,FOLLOWS
80817,60474,FOLLOWS
80817,102218,FOLLOWS
80817,355313,FOLLOWS
80842,174458,FOLLOWS
80842,687048,FOLLOWS
80842,794138,FOLLOWS
80855,48674,FOLLOWS
80855,159225,FOLLOWS
80855,402397,FOLLOWS
80855,126062,FOLLOWS
80855,109210,FOLLOWS
80855,197940,FOLLOWS
80869,708203,FOLLOWS
80948,597359,FOLLOWS
80948,567822,FOLLOWS
80953,9852,FOLLOWS
80953,76390,FOLLOWS
80953,121085,FOLLOWS
80953,121548,FOLLOWS
80953,142672,FOLLOWS
80991,726826,FOLLOWS
81000,95055,FOLLOWS
81020,48076,FOLLOWS
81127,245515,FOLLOWS
81169,91081,FOLLOWS
81169,380589,FOLLOWS
81265,4680,FOLLOWS
81308,20054,FOLLOWS
81438,48674,FOLLOWS
81438,58445,FOLLOWS
81438,197940,FOLLOWS
81438,364656,FOLLOWS
81531,85288,FOLLOWS
81531,97108,FOLLOWS
81531,4667,FOLLOWS
81531,55965,FOLLOWS
81531,81519,FOLLOWS
81531,94118,FOLLOWS
81588,792840,FOLLOWS
81588,490140,FOLLOWS
81588,792842,FOLLOWS
81622,1098658,FOLLOWS
81653,50484,FOLLOWS
81653,78447,FOLLOWS
81653,234809,FOLLOWS
81653,794044,FOLLOWS
81653,131553,FOLLOWS
81653,94059,FOLLOWS
81653,4680,FOLLOWS
81653,226415,FOLLOWS
81653,11195,FOLLOWS
81682,247852,FOLLOWS
81728,738482,FOLLOWS
81728,614076,FOLLOWS
81728,793982,FOLLOWS
81812,81875,FOLLOWS
81812,124435,FOLLOWS
81872,3286,FOLLOWS
81872,139875,FOLLOWS
81872,400716,FOLLOWS
81872,793884,FOLLOWS
81875,81812,FOLLOWS
81875,125506,FOLLOWS
81875,235349,FOLLOWS
81982,291410,FOLLOWS
81982,333116,FOLLOWS
81988,113930,FOLLOWS
81988,4150,FOLLOWS
82009,45852,FOLLOWS
82009,56757,FOLLOWS
82009,243106,FOLLOWS
82209,37528,FOLLOWS
82209,51931,FOLLOWS
82272,796501,FOLLOWS
82272,797076,FOLLOWS
82278,122423,FOLLOWS
82309,281499,FOLLOWS
82309,1167061,FOLLOWS
82312,42229,FOLLOWS
82398,55690,FOLLOWS
82398,620127,FOLLOWS
82398,352092,FOLLOWS
82471,337454,FOLLOWS
82491,14298,FOLLOWS
82491,121154,FOLLOWS
82491,410308,FOLLOWS
82491,294942,FOLLOWS
82491,733311,FOLLOWS
82491,404279,FOLLOWS
82524,430864,FOLLOWS
82644,56902,FOLLOWS
82644,503067,FOLLOWS
82653,468707,FOLLOWS
82710,254344,FOLLOWS
82710,269827,FOLLOWS
82710,539768,FOLLOWS
82792,3286,FOLLOWS
82903,104694,FOLLOWS
82903,462064,FOLLOWS
82920,206549,FOLLOWS
82944,798661,FOLLOWS
82944,243964,FOLLOWS
82952,235364,FOLLOWS
82955,153129,FOLLOWS
83058,138199,FOLLOWS
83058,661220,FOLLOWS
83108,83141,FOLLOWS
83108,798887,FOLLOWS
83108,91804,FOLLOWS
83108,153916,FOLLOWS
83141,78248,FOLLOWS
83141,83108,FOLLOWS
83141,337103,FOLLOWS
83141,594359,FOLLOWS
83141,75449,FOLLOWS
83141,180560,FOLLOWS
83158,56902,FOLLOWS
83158,614538,FOLLOWS
83171,629259,FOLLOWS
83171,554764,FOLLOWS
83171,737333,FOLLOWS
83171,799863,FOLLOWS
83206,13481,FOLLOWS
83360,87809,FOLLOWS
83360,323402,FOLLOWS
83360,402097,FOLLOWS
83360,630020,FOLLOWS
83598,177288,FOLLOWS
83598,353265,FOLLOWS
83598,443884,FOLLOWS
83598,76264,FOLLOWS
83598,800290,FOLLOWS
83646,178095,FOLLOWS
83646,311347,FOLLOWS
83748,800876,FOLLOWS
83748,681801,FOLLOWS
83748,437532,FOLLOWS
83833,286284,FOLLOWS
83870,159490,FOLLOWS
83975,84098,FOLLOWS
83975,167575,FOLLOWS
83975,636265,FOLLOWS
83995,270705,FOLLOWS
84002,234183,FOLLOWS
84059,274270,FOLLOWS
84084,394428,FOLLOWS
84084,396556,FOLLOWS
84084,352540,FOLLOWS
84084,137866,FOLLOWS
84084,57366,FOLLOWS
84084,303359,FOLLOWS
84098,83975,FOLLOWS
84098,299953,FOLLOWS
84141,38975,FOLLOWS
84141,242151,FOLLOWS
84188,59906,FOLLOWS
84282,803196,FOLLOWS
84285,177288,FOLLOWS
84285,674122,FOLLOWS
84285,770109,FOLLOWS
84512,87812,FOLLOWS
84512,87809,FOLLOWS
84562,136617,FOLLOWS
84658,693717,FOLLOWS
84658,558507,FOLLOWS
84658,657313,FOLLOWS
84658,525397,FOLLOWS
84658,647446,FOLLOWS
84658,84562,FOLLOWS
84789,86555,FOLLOWS
84789,341268,FOLLOWS
84816,788663,FOLLOWS
84816,648343,FOLLOWS
84816,485492,FOLLOWS
84869,558158,FOLLOWS
84900,654839,FOLLOWS
84900,439871,FOLLOWS
84900,284775,FOLLOWS
84914,540839,FOLLOWS
85041,54178,FOLLOWS
85041,111018,FOLLOWS
85041,127564,FOLLOWS
85179,246305,FOLLOWS
85249,581078,FOLLOWS
85258,154044,FOLLOWS
85284,276924,FOLLOWS
85284,103984,FOLLOWS
85288,80012,FOLLOWS
85288,81531,FOLLOWS
85395,484213,FOLLOWS
85512,61257,FOLLOWS
85672,137203,FOLLOWS
85692,98329,FOLLOWS
85692,126448,FOLLOWS
85692,156949,FOLLOWS
85700,107311,FOLLOWS
85785,85927,FOLLOWS
85980,550062,FOLLOWS
86010,110629,FOLLOWS
86010,143308,FOLLOWS
86036,74295,FOLLOWS
86044,691418,FOLLOWS
86044,748852,FOLLOWS
86048,475328,FOLLOWS
86048,315683,FOLLOWS
86138,791451,FOLLOWS
86155,184340,FOLLOWS
86155,397523,FOLLOWS
86155,438774,FOLLOWS
86158,328827,FOLLOWS
86158,412744,FOLLOWS
86186,670895,FOLLOWS
86218,4251,FOLLOWS
86218,131014,FOLLOWS
86218,218858,FOLLOWS
86218,99874,FOLLOWS
86287,476781,FOLLOWS
86334,8295,FOLLOWS
86334,28348,FOLLOWS
86334,37477,FOLLOWS
86334,74238,FOLLOWS
86334,108727,FOLLOWS
86513,24623,FOLLOWS
86555,122282,FOLLOWS
86555,90983,FOLLOWS
86565,470079,FOLLOWS
86565,93572,FOLLOWS
86602,172998,FOLLOWS
86612,465718,FOLLOWS
86657,33010,FOLLOWS
86657,422476,FOLLOWS
86657,598631,FOLLOWS
86657,608194,FOLLOWS
86657,263046,FOLLOWS
86657,369383,FOLLOWS
86657,129099,FOLLOWS
86657,205906,FOLLOWS
86657,92310,FOLLOWS
86657,459840,FOLLOWS
86657,95184,FOLLOWS
86657,586976,FOLLOWS
86662,216428,FOLLOWS
86662,582868,FOLLOWS
86672,414973,FOLLOWS
86672,776445,FOLLOWS
86874,615489,FOLLOWS
86874,289451,FOLLOWS
86874,330258,FOLLOWS
86874,289333,FOLLOWS
86874,615522,FOLLOWS
86874,586404,FOLLOWS
86880,817467,FOLLOWS
86880,491063,FOLLOWS
86880,134805,FOLLOWS
86880,289822,FOLLOWS
86880,145716,FOLLOWS
86909,124382,FOLLOWS
86909,369141,FOLLOWS
86940,73906,FOLLOWS
87060,370317,FOLLOWS
87109,452630,FOLLOWS
87135,21860,FOLLOWS
87135,38094,FOLLOWS
87135,580236,FOLLOWS
87135,445657,FOLLOWS
87135,232815,FOLLOWS
87135,180451,FOLLOWS
87166,392245,FOLLOWS
87208,26310,FOLLOWS
87208,93195,FOLLOWS
87208,279589,FOLLOWS
87415,58064,FOLLOWS
87417,87415,FOLLOWS
87417,672576,FOLLOWS
87417,285281,FOLLOWS
87459,559730,FOLLOWS
87466,704190,FOLLOWS
87544,554501,FOLLOWS
87678,87825,FOLLOWS
87722,339764,FOLLOWS
87722,463371,FOLLOWS
87739,818925,FOLLOWS
87800,392492,FOLLOWS
87801,552377,FOLLOWS
87808,61145,FOLLOWS
87809,105329,FOLLOWS
87809,197726,FOLLOWS
87812,84512,FOLLOWS
87812,819184,FOLLOWS
87812,819230,FOLLOWS
87812,65144,FOLLOWS
87825,819561,FOLLOWS
87825,117661,FOLLOWS
87825,87678,FOLLOWS
87825,693412,FOLLOWS
87825,314415,FOLLOWS
87825,270883,FOLLOWS
87825,123459,FOLLOWS
87881,212389,FOLLOWS
87905,21655,FOLLOWS
87937,820173,FOLLOWS
87937,507459,FOLLOWS
87937,820281,FOLLOWS
87937,749773,FOLLOWS
87937,820287,FOLLOWS
87937,820317,FOLLOWS
87937,289128,FOLLOWS
87994,636332,FOLLOWS
88007,18017,FOLLOWS
88007,26701,FOLLOWS
88012,21072,FOLLOWS
88012,820643,FOLLOWS
88012,744731,FOLLOWS
88069,127969,FOLLOWS
88069,309740,FOLLOWS
88069,417201,FOLLOWS
88069,487050,FOLLOWS
88069,1007766,FOLLOWS
88083,88442,FOLLOWS
88319,147121,FOLLOWS
88319,167695,FOLLOWS
88319,148423,FOLLOWS
88351,293686,FOLLOWS
88442,88083,FOLLOWS
88448,300212,FOLLOWS
88448,672608,FOLLOWS
88508,701685,FOLLOWS
88636,439941,FOLLOWS
88670,346650,FOLLOWS
88670,52417,FOLLOWS
88670,338378,FOLLOWS
88670,502538,FOLLOWS
88670,310726,FOLLOWS
88676,824098,FOLLOWS
88725,826352,FOLLOWS
88798,441289,FOLLOWS
88798,563869,FOLLOWS
88798,748451,FOLLOWS
88798,931470,FOLLOWS
88905,12950,FOLLOWS
88984,172748,FOLLOWS
89080,422296,FOLLOWS
89080,107311,FOLLOWS
89189,493874,FOLLOWS
89189,629870,FOLLOWS
89202,268065,FOLLOWS
89202,828219,FOLLOWS
89215,40273,FOLLOWS
89215,201195,FOLLOWS
89228,81872,FOLLOWS
89228,729443,FOLLOWS
89238,226662,FOLLOWS
89238,253634,FOLLOWS
89238,1177434,FOLLOWS
89328,377292,FOLLOWS
89328,384327,FOLLOWS
89328,426340,FOLLOWS
89328,542552,FOLLOWS
89328,751600,FOLLOWS
89328,1025283,FOLLOWS
89336,89842,FOLLOWS
89445,245571,FOLLOWS
89445,250031,FOLLOWS
89445,104725,FOLLOWS
89630,29108,FOLLOWS
89630,35026,FOLLOWS
89807,367198,FOLLOWS
89807,713321,FOLLOWS
89842,622491,FOLLOWS
89878,90094,FOLLOWS
89878,316463,FOLLOWS
89878,317095,FOLLOWS
89878,138206,FOLLOWS
89989,828348,FOLLOWS
89989,181192,FOLLOWS
89989,180279,FOLLOWS
89989,94222,FOLLOWS
89989,754049,FOLLOWS
89989,210789,FOLLOWS
89989,147597,FOLLOWS
89989,192418,FOLLOWS
90050,526393,FOLLOWS
90050,404892,FOLLOWS
90054,261461,FOLLOWS
90094,316463,FOLLOWS
90119,113426,FOLLOWS
90119,133399,FOLLOWS
90119,422001,FOLLOWS
90119,378327,FOLLOWS
90140,830519,FOLLOWS
90173,44381,FOLLOWS
90173,567869,FOLLOWS
90178,26310,FOLLOWS
90182,181167,FOLLOWS
90281,128190,FOLLOWS
90281,307438,FOLLOWS
90368,393288,FOLLOWS
90382,9262,FOLLOWS
90382,33650,FOLLOWS
90400,718567,FOLLOWS
90401,133047,FOLLOWS
90401,100943,FOLLOWS
90401,319832,FOLLOWS
90401,82524,FOLLOWS
90403,6238,FOLLOWS
90403,134137,FOLLOWS
90447,2157,FOLLOWS
90472,101030,FOLLOWS
90594,422001,FOLLOWS
90594,133399,FOLLOWS
90594,500154,FOLLOWS
90595,432807,FOLLOWS
90610,291065,FOLLOWS
90641,5888,FOLLOWS
90641,22578,FOLLOWS
90641,22542,FOLLOWS
90983,212496,FOLLOWS
90983,314100,FOLLOWS
90983,280649,FOLLOWS
90983,293931,FOLLOWS
90983,217410,FOLLOWS
91009,169667,FOLLOWS
91009,215742,FOLLOWS
91009,233767,FOLLOWS
91081,50862,FOLLOWS
91081,81169,FOLLOWS
91081,151324,FOLLOWS
91088,122282,FOLLOWS
91088,233341,FOLLOWS
91119,486855,FOLLOWS
91119,835400,FOLLOWS
91140,399425,FOLLOWS
91140,230536,FOLLOWS
91140,11195,FOLLOWS
91140,206395,FOLLOWS
91162,572178,FOLLOWS
91162,835753,FOLLOWS
91217,834663,FOLLOWS
91487,433207,FOLLOWS
91487,536871,FOLLOWS
91534,278101,FOLLOWS
91534,554155,FOLLOWS
91534,607856,FOLLOWS
91534,339061,FOLLOWS
91622,226030,FOLLOWS
91622,404091,FOLLOWS
91622,860626,FOLLOWS
91662,91789,FOLLOWS
91662,98977,FOLLOWS
91718,91780,FOLLOWS
91723,91780,FOLLOWS
91748,433382,FOLLOWS
91780,91723,FOLLOWS
91780,91718,FOLLOWS
91786,421263,FOLLOWS
91786,335488,FOLLOWS
91789,91662,FOLLOWS
91865,150820,FOLLOWS
91924,298438,FOLLOWS
91937,272036,FOLLOWS
91937,589514,FOLLOWS
91973,310787,FOLLOWS
91982,57940,FOLLOWS
92025,409839,FOLLOWS
92025,898876,FOLLOWS
92120,102021,FOLLOWS
92120,838667,FOLLOWS
92120,157243,FOLLOWS
92120,737506,FOLLOWS
92120,431088,FOLLOWS
92187,101702,FOLLOWS
92187,253328,FOLLOWS
92187,253887,FOLLOWS
92211,439169,FOLLOWS
92211,142848,FOLLOWS
92270,767668,FOLLOWS
92270,611143,FOLLOWS
92270,839401,FOLLOWS
92292,22666,FOLLOWS
92292,104269,FOLLOWS
92292,125608,FOLLOWS
92292,127617,FOLLOWS
92292,252775,FOLLOWS
92292,301850,FOLLOWS
92292,914419,FOLLOWS
92310,86657,FOLLOWS
92310,598631,FOLLOWS
92310,249302,FOLLOWS
92310,262458,FOLLOWS
92310,736688,FOLLOWS
92310,131756,FOLLOWS
92310,760072,FOLLOWS
92317,176523,FOLLOWS
92402,101702,FOLLOWS
92473,146267,FOLLOWS
92473,252775,FOLLOWS
92553,840740,FOLLOWS
92568,281199,FOLLOWS
92599,206752,FOLLOWS
92599,322433,FOLLOWS
92599,393752,FOLLOWS
92599,711793,FOLLOWS
92766,26310,FOLLOWS
92766,103899,FOLLOWS
92766,415396,FOLLOWS
92894,10448,FOLLOWS
92894,6539,FOLLOWS
92894,190182,FOLLOWS
92918,26393,FOLLOWS
92948,625345,FOLLOWS
92948,135529,FOLLOWS
92972,249479,FOLLOWS
92986,832445,FOLLOWS
93045,95649,FOLLOWS
93045,777377,FOLLOWS
93069,160563,FOLLOWS
93069,160525,FOLLOWS
93069,214214,FOLLOWS
93069,580594,FOLLOWS
93069,1336290,FOLLOWS
93131,472964,FOLLOWS
93131,842993,FOLLOWS
93131,39671,FOLLOWS
93131,228486,FOLLOWS
93131,223836,FOLLOWS
93131,169752,FOLLOWS
93131,294320,FOLLOWS
93131,474138,FOLLOWS
93136,93476,FOLLOWS
93136,253328,FOLLOWS
93195,87208,FOLLOWS
93255,501797,FOLLOWS
93255,540839,FOLLOWS
93255,751613,FOLLOWS
93255,788726,FOLLOWS
93287,103899,FOLLOWS
93327,47505,FOLLOWS
93329,112004,FOLLOWS
93329,121293,FOLLOWS
93329,391855,FOLLOWS
93333,660702,FOLLOWS
93414,276163,FOLLOWS
93414,164889,FOLLOWS
93476,93136,FOLLOWS
93476,251090,FOLLOWS
93572,441168,FOLLOWS
93578,373252,FOLLOWS
93614,65269,FOLLOWS
93614,469233,FOLLOWS
93614,692327,FOLLOWS
93666,26339,FOLLOWS
93666,87208,FOLLOWS
93666,93195,FOLLOWS
93770,93771,FOLLOWS
93770,456627,FOLLOWS
93771,83141,FOLLOWS
93771,93770,FOLLOWS
93771,102516,FOLLOWS
93771,182305,FOLLOWS
93831,611116,FOLLOWS
93974,43956,FOLLOWS
93974,170050,FOLLOWS
93974,255976,FOLLOWS
93996,391836,FOLLOWS
94006,846766,FOLLOWS
94006,292098,FOLLOWS
94059,81653,FOLLOWS
94059,774630,FOLLOWS
94110,4425,FOLLOWS
94110,190182,FOLLOWS
94118,80012,FOLLOWS
94132,133399,FOLLOWS
94160,720822,FOLLOWS
94222,108572,FOLLOWS
94222,281919,FOLLOWS
94272,97108,FOLLOWS
94272,207295,FOLLOWS
94272,11195,FOLLOWS
94272,42229,FOLLOWS
94272,77019,FOLLOWS
94274,49754,FOLLOWS
94349,8422,FOLLOWS
94349,74146,FOLLOWS
94349,478378,FOLLOWS
94431,581635,FOLLOWS
94443,71384,FOLLOWS
94461,845926,FOLLOWS
94474,125616,FOLLOWS
94474,119504,FOLLOWS
94478,189644,FOLLOWS
94496,369164,FOLLOWS
94496,274031,FOLLOWS
94496,303979,FOLLOWS
94518,25087,FOLLOWS
94746,15706,FOLLOWS
94746,177584,FOLLOWS
94776,95591,FOLLOWS
94803,412742,FOLLOWS
94803,442741,FOLLOWS
94850,182214,FOLLOWS
94898,594036,FOLLOWS
94898,113526,FOLLOWS
94912,460592,FOLLOWS
95055,81000,FOLLOWS
95055,751298,FOLLOWS
95115,26310,FOLLOWS
95115,261293,FOLLOWS
95130,4025,FOLLOWS
95130,67476,FOLLOWS
95130,118293,FOLLOWS
95160,367720,FOLLOWS
95160,29066,FOLLOWS
95169,261166,FOLLOWS
95169,373666,FOLLOWS
95169,136818,FOLLOWS
95184,86657,FOLLOWS
95184,189583,FOLLOWS
95184,598631,FOLLOWS
95316,295325,FOLLOWS
95316,419804,FOLLOWS
95380,132964,FOLLOWS
95433,95492,FOLLOWS
95433,792236,FOLLOWS
95433,243397,FOLLOWS
95433,179107,FOLLOWS
95433,95578,FOLLOWS
95473,63412,FOLLOWS
95473,144161,FOLLOWS
95492,95433,FOLLOWS
95501,61858,FOLLOWS
95501,229627,FOLLOWS
95501,482273,FOLLOWS
95538,70206,FOLLOWS
95538,849745,FOLLOWS
95538,641138,FOLLOWS
95538,510146,FOLLOWS
95538,787457,FOLLOWS
95538,849826,FOLLOWS
95571,850031,FOLLOWS
95591,94776,FOLLOWS
95591,234425,FOLLOWS
95591,239251,FOLLOWS
95649,93045,FOLLOWS
95649,4247,FOLLOWS
95703,4059,FOLLOWS
95703,20244,FOLLOWS
95759,42988,FOLLOWS
95759,26131,FOLLOWS
95957,587726,FOLLOWS
95957,162967,FOLLOWS
95997,81653,FOLLOWS
95997,9279,FOLLOWS
96005,97737,FOLLOWS
96009,37477,FOLLOWS
96011,201195,FOLLOWS
96023,161438,FOLLOWS
96090,148804,FOLLOWS
96090,662379,FOLLOWS
96216,852565,FOLLOWS
96216,546642,FOLLOWS
96216,772940,FOLLOWS
96276,32792,FOLLOWS
96276,543034,FOLLOWS
96356,852796,FOLLOWS
96356,113800,FOLLOWS
96390,273832,FOLLOWS
96390,255752,FOLLOWS
96390,498475,FOLLOWS
96416,7650,FOLLOWS
96483,706861,FOLLOWS
96499,5046,FOLLOWS
96541,1544157,FOLLOWS
96560,407138,FOLLOWS
96560,216455,FOLLOWS
96575,836815,FOLLOWS
96575,852902,FOLLOWS
96635,220342,FOLLOWS
96635,675111,FOLLOWS
96635,303543,FOLLOWS
96635,212236,FOLLOWS
96739,229222,FOLLOWS
96765,17907,FOLLOWS
96765,177584,FOLLOWS
96777,277753,FOLLOWS
96904,464093,FOLLOWS
96937,176523,FOLLOWS
96937,282485,FOLLOWS
96937,351753,FOLLOWS
96937,533474,FOLLOWS
96937,584846,FOLLOWS
96937,854577,FOLLOWS
97067,80012,FOLLOWS
97108,15706,FOLLOWS
97108,81531,FOLLOWS
97108,94272,FOLLOWS
97191,267288,FOLLOWS
97228,25587,FOLLOWS
97228,73733,FOLLOWS
97228,736303,FOLLOWS
97322,218774,FOLLOWS
97369,21098,FOLLOWS
97369,47430,FOLLOWS
97369,334455,FOLLOWS
97421,580050,FOLLOWS
97421,63874,FOLLOWS
97589,179407,FOLLOWS
97589,302215,FOLLOWS
97589,397523,FOLLOWS
97633,38099,FOLLOWS
97633,140994,FOLLOWS
97677,7531,FOLLOWS
97677,9155,FOLLOWS
97677,94689,FOLLOWS
97677,464870,FOLLOWS
97737,13493,FOLLOWS
97737,53083,FOLLOWS
97782,834201,FOLLOWS
97817,220202,FOLLOWS
97842,98366,FOLLOWS
97842,322773,FOLLOWS
97842,545064,FOLLOWS
97925,52657,FOLLOWS
97925,1129922,FOLLOWS
97944,90024,FOLLOWS
97976,114483,FOLLOWS
97976,116196,FOLLOWS
98005,6597,FOLLOWS
98005,6242,FOLLOWS
98005,26923,FOLLOWS
98005,133229,FOLLOWS
98075,49754,FOLLOWS
98088,77845,FOLLOWS
98136,28354,FOLLOWS
98136,46786,FOLLOWS
98136,533675,FOLLOWS
98136,43125,FOLLOWS
98136,482327,FOLLOWS
98173,132006,FOLLOWS
98173,474213,FOLLOWS
98258,159434,FOLLOWS
98329,85692,FOLLOWS
98366,97842,FOLLOWS
98378,115365,FOLLOWS
98378,259961,FOLLOWS
98407,166993,FOLLOWS
98407,478902,FOLLOWS
98407,547497,FOLLOWS
98407,552754,FOLLOWS
98501,371050,FOLLOWS
98501,150820,FOLLOWS
98501,128479,FOLLOWS
98513,258836,FOLLOWS
98513,547266,FOLLOWS
98513,547528,FOLLOWS
98623,579341,FOLLOWS
98623,929198,FOLLOWS
98753,65610,FOLLOWS
98839,524447,FOLLOWS
98852,859164,FOLLOWS
98977,91789,FOLLOWS
98977,91662,FOLLOWS
99023,859936,FOLLOWS
99037,677068,FOLLOWS
99037,127617,FOLLOWS
99168,75806,FOLLOWS
99297,479240,FOLLOWS
99297,99458,FOLLOWS
99297,484642,FOLLOWS
99297,177889,FOLLOWS
99333,132040,FOLLOWS
99366,48025,FOLLOWS
99458,99297,FOLLOWS
99458,195451,FOLLOWS
99458,398245,FOLLOWS
99458,479240,FOLLOWS
99537,258157,FOLLOWS
99537,1506335,FOLLOWS
99613,54754,FOLLOWS
99613,185249,FOLLOWS
99613,289221,FOLLOWS
99613,1010442,FOLLOWS
99613,1059417,FOLLOWS
99757,438695,FOLLOWS
99757,16921,FOLLOWS
99821,78070,FOLLOWS
99821,279868,FOLLOWS
99821,343761,FOLLOWS
99821,528700,FOLLOWS
99821,566876,FOLLOWS
99821,500154,FOLLOWS
99821,58369,FOLLOWS
99829,322712,FOLLOWS
99829,114708,FOLLOWS
99874,86218,FOLLOWS
99906,507764,FOLLOWS
99989,232847,FOLLOWS
99989,111338,FOLLOWS
100017,372728,FOLLOWS
100017,389866,FOLLOWS
100017,642609,FOLLOWS
100017,732203,FOLLOWS
100038,208717,FOLLOWS
100109,165080,FOLLOWS
100109,188448,FOLLOWS
100184,354058,FOLLOWS
100299,74412,FOLLOWS
100299,650763,FOLLOWS
100308,446405,FOLLOWS
100308,79439,FOLLOWS
100341,151487,FOLLOWS
100341,104269,FOLLOWS
100442,196193,FOLLOWS
100442,384742,FOLLOWS
100577,4649,FOLLOWS
100577,233341,FOLLOWS
100589,121263,FOLLOWS
100639,249390,FOLLOWS
100639,325799,FOLLOWS
100659,541805,FOLLOWS
100659,164769,FOLLOWS
100659,11539,FOLLOWS
100706,160378,FOLLOWS
100827,74610,FOLLOWS
100827,429915,FOLLOWS
100827,301850,FOLLOWS
100827,379488,FOLLOWS
100928,102360,FOLLOWS
100928,444178,FOLLOWS
101029,9852,FOLLOWS
101030,90472,FOLLOWS
101082,31146,FOLLOWS
101082,121872,FOLLOWS
101082,135383,FOLLOWS
101082,139125,FOLLOWS
101082,140060,FOLLOWS
101124,101294,FOLLOWS
101153,193268,FOLLOWS
101153,101156,FOLLOWS
101153,384711,FOLLOWS
101156,101153,FOLLOWS
101156,146135,FOLLOWS
101156,860434,FOLLOWS
101156,607711,FOLLOWS
101156,193268,FOLLOWS
101156,186989,FOLLOWS
101156,384711,FOLLOWS
101156,438695,FOLLOWS
101294,101124,FOLLOWS
101328,31509,FOLLOWS
101328,264014,FOLLOWS
101418,988770,FOLLOWS
101496,206081,FOLLOWS
101496,751199,FOLLOWS
101602,35515,FOLLOWS
101602,614214,FOLLOWS
101602,868083,FOLLOWS
101602,721299,FOLLOWS
101671,9838,FOLLOWS
101671,195806,FOLLOWS
101671,434436,FOLLOWS
101702,92402,FOLLOWS
101702,92187,FOLLOWS
101811,393263,FOLLOWS
101817,463723,FOLLOWS
101817,636352,FOLLOWS
101853,528633,FOLLOWS
101853,573962,FOLLOWS
101920,869567,FOLLOWS
101920,445342,FOLLOWS
101920,371242,FOLLOWS
102021,92120,FOLLOWS
102021,393221,FOLLOWS
102021,795492,FOLLOWS
102021,112564,FOLLOWS
102021,618465,FOLLOWS
102021,444807,FOLLOWS
102192,631827,FOLLOWS
102218,80817,FOLLOWS
102218,178414,FOLLOWS
102218,444044,FOLLOWS
102218,805341,FOLLOWS
102261,799645,FOLLOWS
102261,1364666,FOLLOWS
102360,100928,FOLLOWS
102384,685653,FOLLOWS
102444,4360,FOLLOWS
102444,191866,FOLLOWS
102444,548898,FOLLOWS
102444,174799,FOLLOWS
102444,415749,FOLLOWS
102448,4360,FOLLOWS
102448,606626,FOLLOWS
102503,38094,FOLLOWS
102503,43956,FOLLOWS
102503,102516,FOLLOWS
102503,249956,FOLLOWS
102515,199013,FOLLOWS
102516,93771,FOLLOWS
102516,100621,FOLLOWS
102516,362435,FOLLOWS
102516,287162,FOLLOWS
102516,144998,FOLLOWS
102516,233552,FOLLOWS
102516,364228,FOLLOWS
102516,482789,FOLLOWS
102516,482327,FOLLOWS
102588,102872,FOLLOWS
102588,146498,FOLLOWS
102588,146580,FOLLOWS
102608,341796,FOLLOWS
102608,45860,FOLLOWS
102710,42229,FOLLOWS
102816,27308,FOLLOWS
102816,89630,FOLLOWS
102816,103366,FOLLOWS
102816,110653,FOLLOWS
102872,146498,FOLLOWS
102947,102515,FOLLOWS
103105,403717,FOLLOWS
103105,674857,FOLLOWS
103317,359407,FOLLOWS
103366,31593,FOLLOWS
103368,103394,FOLLOWS
103370,877252,FOLLOWS
103394,103368,FOLLOWS
103418,103554,FOLLOWS
103418,608959,FOLLOWS
103554,310941,FOLLOWS
103568,696180,FOLLOWS
103629,55965,FOLLOWS
103629,129487,FOLLOWS
103675,316306,FOLLOWS
103733,145874,FOLLOWS
103733,541136,FOLLOWS
103733,795088,FOLLOWS
103746,522182,FOLLOWS
103746,143449,FOLLOWS
103746,276111,FOLLOWS
103746,717486,FOLLOWS
103746,578564,FOLLOWS
103746,276163,FOLLOWS
103746,629609,FOLLOWS
103772,187891,FOLLOWS
103828,104047,FOLLOWS
103861,313843,FOLLOWS
103861,128683,FOLLOWS
103861,480472,FOLLOWS
103861,74521,FOLLOWS
103861,467061,FOLLOWS
103890,386922,FOLLOWS
103899,93287,FOLLOWS
103899,92766,FOLLOWS
103899,387685,FOLLOWS
103899,253887,FOLLOWS
103951,368207,FOLLOWS
103984,212236,FOLLOWS
103984,874139,FOLLOWS
103993,728405,FOLLOWS
103993,450928,FOLLOWS
103993,142972,FOLLOWS
104002,383438,FOLLOWS
104002,502417,FOLLOWS
104012,121548,FOLLOWS
104047,40696,FOLLOWS
104047,103828,FOLLOWS
104047,327913,FOLLOWS
104086,44570,FOLLOWS
104086,177218,FOLLOWS
104086,294859,FOLLOWS
104231,162178,FOLLOWS
104231,77447,FOLLOWS
104231,8200,FOLLOWS
104231,110467,FOLLOWS
104269,100341,FOLLOWS
104269,333069,FOLLOWS
104269,863917,FOLLOWS
104269,209264,FOLLOWS
104403,177556,FOLLOWS
104403,177562,FOLLOWS
104403,875095,FOLLOWS
104403,177565,FOLLOWS
104403,754169,FOLLOWS
104457,331919,FOLLOWS
104457,182305,FOLLOWS
104457,197520,FOLLOWS
104464,540660,FOLLOWS
104464,592637,FOLLOWS
104471,18017,FOLLOWS
104542,875958,FOLLOWS
104542,399466,FOLLOWS
104604,104768,FOLLOWS
104604,171361,FOLLOWS
104606,876227,FOLLOWS
104694,82903,FOLLOWS
104694,179204,FOLLOWS
104694,107177,FOLLOWS
104725,897554,FOLLOWS
104725,1087559,FOLLOWS
104755,121012,FOLLOWS
104755,621973,FOLLOWS
104755,1132914,FOLLOWS
104755,1498788,FOLLOWS
104768,104604,FOLLOWS
104768,876898,FOLLOWS
104779,100341,FOLLOWS
104779,174216,FOLLOWS
104855,354656,FOLLOWS
104855,590365,FOLLOWS
104855,642050,FOLLOWS
104858,23169,FOLLOWS
104858,24231,FOLLOWS
104858,79580,FOLLOWS
104858,49084,FOLLOWS
104862,183930,FOLLOWS
104931,551621,FOLLOWS
104941,137482,FOLLOWS
104955,122011,FOLLOWS
104955,163120,FOLLOWS
105008,609995,FOLLOWS
105008,539525,FOLLOWS
105008,409348,FOLLOWS
105209,217410,FOLLOWS
105228,380522,FOLLOWS
105277,363741,FOLLOWS
105277,391855,FOLLOWS
105277,391836,FOLLOWS
105277,498140,FOLLOWS
105277,432807,FOLLOWS
105284,154044,FOLLOWS
105284,542499,FOLLOWS
105284,542532,FOLLOWS
105284,580697,FOLLOWS
105295,43125,FOLLOWS
105295,169926,FOLLOWS
105295,42229,FOLLOWS
105295,122341,FOLLOWS
105295,111543,FOLLOWS
105329,87809,FOLLOWS
105329,277921,FOLLOWS
105363,419608,FOLLOWS
105492,878443,FOLLOWS
105556,332080,FOLLOWS
105682,181167,FOLLOWS
105696,106240,FOLLOWS
105696,225653,FOLLOWS
105696,266992,FOLLOWS
105735,23490,FOLLOWS
105735,79990,FOLLOWS
105735,79934,FOLLOWS
105794,196956,FOLLOWS
105960,113851,FOLLOWS
105995,169377,FOLLOWS
105995,394537,FOLLOWS
105995,702044,FOLLOWS
106016,748585,FOLLOWS
106101,57541,FOLLOWS
106101,263204,FOLLOWS
106115,75557,FOLLOWS
106115,90983,FOLLOWS
106115,338154,FOLLOWS
106115,233341,FOLLOWS
106115,116127,FOLLOWS
106224,28999,FOLLOWS
106224,226360,FOLLOWS
106224,880388,FOLLOWS
106240,294788,FOLLOWS
106286,513199,FOLLOWS
106294,461780,FOLLOWS
106294,302347,FOLLOWS
106309,521764,FOLLOWS
106323,114906,FOLLOWS
106457,751157,FOLLOWS
106542,350307,FOLLOWS
106542,278596,FOLLOWS
106542,691753,FOLLOWS
106542,209573,FOLLOWS
106568,466572,FOLLOWS
106575,361952,FOLLOWS
106575,295126,FOLLOWS
106851,564805,FOLLOWS
106851,702001,FOLLOWS
106893,181232,FOLLOWS
106893,266439,FOLLOWS
106893,806242,FOLLOWS
106955,302465,FOLLOWS
107177,5525,FOLLOWS
107298,563371,FOLLOWS
107311,89080,FOLLOWS
107311,85700,FOLLOWS
107311,107764,FOLLOWS
107311,343786,FOLLOWS
107362,13906,FOLLOWS
107362,15054,FOLLOWS
107426,675251,FOLLOWS
107503,120460,FOLLOWS
107503,319161,FOLLOWS
107503,232386,FOLLOWS
107503,108572,FOLLOWS
107503,367309,FOLLOWS
107659,723557,FOLLOWS
107738,625809,FOLLOWS
107738,757566,FOLLOWS
107757,337043,FOLLOWS
107757,121046,FOLLOWS
107762,318138,FOLLOWS
107762,457949,FOLLOWS
107762,363822,FOLLOWS
107762,224884,FOLLOWS
107762,646232,FOLLOWS
107764,107311,FOLLOWS
107764,795111,FOLLOWS
107816,1138710,FOLLOWS
108068,693471,FOLLOWS
108093,53331,FOLLOWS
108095,252338,FOLLOWS
108107,329850,FOLLOWS
108111,177763,FOLLOWS
108265,529675,FOLLOWS
108288,59079,FOLLOWS
108288,306963,FOLLOWS
108288,322224,FOLLOWS
108288,365815,FOLLOWS
108288,547075,FOLLOWS
108299,27397,FOLLOWS
108299,31167,FOLLOWS
108304,141635,FOLLOWS
108304,145771,FOLLOWS
108304,596572,FOLLOWS
108304,315812,FOLLOWS
108409,259004,FOLLOWS
108409,343534,FOLLOWS
108409,470927,FOLLOWS
108409,517264,FOLLOWS
108409,822899,FOLLOWS
108409,1099574,FOLLOWS
108424,294320,FOLLOWS
108492,781954,FOLLOWS
108492,508646,FOLLOWS
108492,550369,FOLLOWS
108492,108494,FOLLOWS
108492,889422,FOLLOWS
108494,108492,FOLLOWS
108498,360615,FOLLOWS
108498,293244,FOLLOWS
108572,13802,FOLLOWS
108572,46193,FOLLOWS
108572,94222,FOLLOWS
108588,556711,FOLLOWS
108603,342077,FOLLOWS
108672,66842,FOLLOWS
108727,8295,FOLLOWS
108727,37477,FOLLOWS
108727,86334,FOLLOWS
108727,28944,FOLLOWS
108786,343005,FOLLOWS
108847,148456,FOLLOWS
108847,176601,FOLLOWS
108847,230459,FOLLOWS
108875,217943,FOLLOWS
108875,834856,FOLLOWS
108875,383343,FOLLOWS
108952,156161,FOLLOWS
108952,421572,FOLLOWS
108952,434492,FOLLOWS
108953,343146,FOLLOWS
109340,1538894,FOLLOWS
109386,146135,FOLLOWS
109386,546169,FOLLOWS
109386,136848,FOLLOWS
109432,187049,FOLLOWS
109438,807413,FOLLOWS
109438,401611,FOLLOWS
109438,329582,FOLLOWS
109438,192517,FOLLOWS
109438,102261,FOLLOWS
109600,892179,FOLLOWS
109620,97067,FOLLOWS
109651,110170,FOLLOWS
109651,893748,FOLLOWS
109909,557276,FOLLOWS
109909,1298103,FOLLOWS
109945,641249,FOLLOWS
109970,287162,FOLLOWS
110034,346719,FOLLOWS
110034,893738,FOLLOWS
110034,507880,FOLLOWS
110034,743382,FOLLOWS
110034,188608,FOLLOWS
110067,397178,FOLLOWS
110170,345634,FOLLOWS
110170,895132,FOLLOWS
110170,109651,FOLLOWS
110170,686433,FOLLOWS
110170,509251,FOLLOWS
110170,895127,FOLLOWS
110178,47376,FOLLOWS
110178,80725,FOLLOWS
110178,745544,FOLLOWS
110178,578183,FOLLOWS
110178,579240,FOLLOWS
110178,396978,FOLLOWS
110178,186619,FOLLOWS
110178,811584,FOLLOWS
110178,554939,FOLLOWS
110178,578226,FOLLOWS
110178,615059,FOLLOWS
110178,605218,FOLLOWS
110178,553239,FOLLOWS
110190,240873,FOLLOWS
110190,419329,FOLLOWS
110190,156231,FOLLOWS
110190,74820,FOLLOWS
110190,389047,FOLLOWS
110193,69149,FOLLOWS
110193,196262,FOLLOWS
110220,338154,FOLLOWS
110220,167120,FOLLOWS
110220,547119,FOLLOWS
110220,391469,FOLLOWS
110236,266790,FOLLOWS
110236,531518,FOLLOWS
110268,156231,FOLLOWS
110269,367429,FOLLOWS
110269,710202,FOLLOWS
110275,195454,FOLLOWS
110277,72980,FOLLOWS
110277,256587,FOLLOWS
110277,814774,FOLLOWS
110277,455561,FOLLOWS
110307,586221,FOLLOWS
110316,433146,FOLLOWS
110316,111175,FOLLOWS
110337,800290,FOLLOWS
110498,339764,FOLLOWS
110558,574211,FOLLOWS
110571,188672,FOLLOWS
110629,42864,FOLLOWS
110629,217743,FOLLOWS
110629,433859,FOLLOWS
110629,86010,FOLLOWS
110629,189644,FOLLOWS
110629,218071,FOLLOWS
110629,503785,FOLLOWS
110629,351271,FOLLOWS
110629,127685,FOLLOWS
110653,264573,FOLLOWS
110754,217943,FOLLOWS
110819,43315,FOLLOWS
110819,29739,FOLLOWS
110819,871746,FOLLOWS
110819,896616,FOLLOWS
110819,73464,FOLLOWS
110819,187789,FOLLOWS
110948,134863,FOLLOWS
110978,111139,FOLLOWS
110978,77128,FOLLOWS
111018,85041,FOLLOWS
111018,302706,FOLLOWS
111053,651607,FOLLOWS
111053,748937,FOLLOWS
111139,110978,FOLLOWS
111171,64184,FOLLOWS
111171,419373,FOLLOWS
111282,898241,FOLLOWS
111282,361553,FOLLOWS
111282,9000,FOLLOWS
111282,164396,FOLLOWS
111282,275470,FOLLOWS
111286,475197,FOLLOWS
111286,475047,FOLLOWS
111294,74166,FOLLOWS
111294,143279,FOLLOWS
111294,687318,FOLLOWS
111322,777601,FOLLOWS
111322,715527,FOLLOWS
111322,148456,FOLLOWS
111338,47239,FOLLOWS
111343,812788,FOLLOWS
111543,4649,FOLLOWS
111543,135359,FOLLOWS
111543,834856,FOLLOWS
111543,438695,FOLLOWS
111545,4649,FOLLOWS
111545,417044,FOLLOWS
111545,454244,FOLLOWS
111761,11855,FOLLOWS
111761,121530,FOLLOWS
111761,126675,FOLLOWS
111943,177562,FOLLOWS
111943,177565,FOLLOWS
111943,533044,FOLLOWS
111948,832123,FOLLOWS
112004,30480,FOLLOWS
112004,172579,FOLLOWS
112004,215235,FOLLOWS
112004,422354,FOLLOWS
112004,649987,FOLLOWS
112010,899247,FOLLOWS
112016,624583,FOLLOWS
112037,1197912,FOLLOWS
112142,599547,FOLLOWS
112370,204922,FOLLOWS
112370,247752,FOLLOWS
112380,270005,FOLLOWS
112446,901087,FOLLOWS
112446,756584,FOLLOWS
112464,901261,FOLLOWS
112464,484570,FOLLOWS
112564,102021,FOLLOWS
112564,201146,FOLLOWS
112775,142992,FOLLOWS
112842,29972,FOLLOWS
112903,15478,FOLLOWS
112903,15110,FOLLOWS
112986,265776,FOLLOWS
112986,717718,FOLLOWS
113014,740645,FOLLOWS
113014,338378,FOLLOWS
113018,8594,FOLLOWS
113029,58252,FOLLOWS
113029,827524,FOLLOWS
113036,104403,FOLLOWS
113036,702121,FOLLOWS
113036,362785,FOLLOWS
113036,748701,FOLLOWS
113044,255752,FOLLOWS
113115,185908,FOLLOWS
113145,37800,FOLLOWS
113188,680218,FOLLOWS
113209,472607,FOLLOWS
113381,733011,FOLLOWS
113381,227674,FOLLOWS
113381,471606,FOLLOWS
113381,738343,FOLLOWS
113381,132652,FOLLOWS
113381,349843,FOLLOWS
113387,914017,FOLLOWS
113401,472741,FOLLOWS
113426,90119,FOLLOWS
113426,305946,FOLLOWS
113426,323761,FOLLOWS
113426,831175,FOLLOWS
113435,748701,FOLLOWS
113435,870952,FOLLOWS
113435,28014,FOLLOWS
113465,1152065,FOLLOWS
113526,94898,FOLLOWS
113700,114483,FOLLOWS
113700,133734,FOLLOWS
113702,413109,FOLLOWS
113800,58064,FOLLOWS
113800,506353,FOLLOWS
113851,105960,FOLLOWS
113851,302347,FOLLOWS
113862,54739,FOLLOWS
113862,285684,FOLLOWS
113862,381364,FOLLOWS
113866,605815,FOLLOWS
113866,1214637,FOLLOWS
113930,81988,FOLLOWS
113930,162591,FOLLOWS
113930,411677,FOLLOWS
114067,8200,FOLLOWS
114193,18407,FOLLOWS
114193,348232,FOLLOWS
114193,134738,FOLLOWS
114193,877677,FOLLOWS
114346,18596,FOLLOWS
114346,40752,FOLLOWS
114346,118589,FOLLOWS
114346,182732,FOLLOWS
114392,38175,FOLLOWS
114392,451121,FOLLOWS
114392,121529,FOLLOWS
114392,17301,FOLLOWS
114392,866595,FOLLOWS
114392,222765,FOLLOWS
114441,5188,FOLLOWS
114454,94478,FOLLOWS
114454,402117,FOLLOWS
114454,817301,FOLLOWS
114483,97976,FOLLOWS
114483,114486,FOLLOWS
114483,36618,FOLLOWS
114483,126606,FOLLOWS
114483,113700,FOLLOWS
114483,116247,FOLLOWS
114483,126654,FOLLOWS
114486,97976,FOLLOWS
114486,114483,FOLLOWS
114486,116247,FOLLOWS
114486,120460,FOLLOWS
114565,61103,FOLLOWS
114565,216988,FOLLOWS
114565,156935,FOLLOWS
114565,684275,FOLLOWS
114676,907376,FOLLOWS
114676,907481,FOLLOWS
114708,33209,FOLLOWS
114708,99829,FOLLOWS
114833,177219,FOLLOWS
114833,210316,FOLLOWS
114833,284994,FOLLOWS
114833,586404,FOLLOWS
114833,66420,FOLLOWS
114906,106323,FOLLOWS
114906,402973,FOLLOWS
114979,199846,FOLLOWS
115015,258836,FOLLOWS
115015,433859,FOLLOWS
115042,235749,FOLLOWS
115042,398005,FOLLOWS
115042,630020,FOLLOWS
115054,226188,FOLLOWS
115054,415382,FOLLOWS
115054,366838,FOLLOWS
115093,788663,FOLLOWS
115326,106575,FOLLOWS
115327,247372,FOLLOWS
115327,675111,FOLLOWS
115327,115497,FOLLOWS
115327,168531,FOLLOWS
115327,397523,FOLLOWS
115327,455561,FOLLOWS
115329,10090,FOLLOWS
115329,153129,FOLLOWS
115329,216421,FOLLOWS
115345,328724,FOLLOWS
115365,98378,FOLLOWS
115365,215235,FOLLOWS
115421,908897,FOLLOWS
115421,218673,FOLLOWS
115421,160154,FOLLOWS
115497,115327,FOLLOWS
115513,31008,FOLLOWS
115547,546927,FOLLOWS
115610,736415,FOLLOWS
115610,264485,FOLLOWS
115640,119685,FOLLOWS
115640,468707,FOLLOWS
115640,103131,FOLLOWS
115680,28348,FOLLOWS
115680,11446,FOLLOWS
115680,28296,FOLLOWS
115680,306437,FOLLOWS
115714,383366,FOLLOWS
115714,466757,FOLLOWS
115714,538961,FOLLOWS
115714,605281,FOLLOWS
115812,58605,FOLLOWS
115966,200608,FOLLOWS
115966,152382,FOLLOWS
115966,193459,FOLLOWS
115966,741642,FOLLOWS
115993,909503,FOLLOWS
115993,570320,FOLLOWS
116039,7437,FOLLOWS
116039,744200,FOLLOWS
116127,910548,FOLLOWS
116127,147597,FOLLOWS
116127,432766,FOLLOWS
116176,198174,FOLLOWS
116176,327144,FOLLOWS
116176,429243,FOLLOWS
116196,11250,FOLLOWS
116233,312398,FOLLOWS
116247,114483,FOLLOWS
116247,114486,FOLLOWS
116247,310567,FOLLOWS
116446,910726,FOLLOWS
116498,5656,FOLLOWS
116626,833418,FOLLOWS
116722,401575,FOLLOWS
116778,895647,FOLLOWS
116787,932853,FOLLOWS
116798,17432,FOLLOWS
116798,126450,FOLLOWS
116823,325575,FOLLOWS
116828,116196,FOLLOWS
116889,310573,FOLLOWS
116980,554356,FOLLOWS
117034,467663,FOLLOWS
117034,522209,FOLLOWS
117101,532838,FOLLOWS
117150,22578,FOLLOWS
117150,292740,FOLLOWS
117150,268786,FOLLOWS
117150,220608,FOLLOWS
117150,63561,FOLLOWS
117150,201074,FOLLOWS
117150,306513,FOLLOWS
117150,300843,FOLLOWS
117150,86909,FOLLOWS
117150,383438,FOLLOWS
117150,266079,FOLLOWS
117150,126863,FOLLOWS
117150,233951,FOLLOWS
117407,12987,FOLLOWS
117485,600154,FOLLOWS
117485,600156,FOLLOWS
117589,337759,FOLLOWS
117661,87825,FOLLOWS
117661,101671,FOLLOWS
117661,914851,FOLLOWS
117673,754316,FOLLOWS
117782,78248,FOLLOWS
117782,279206,FOLLOWS
117783,25904,FOLLOWS
117783,39089,FOLLOWS
117783,240076,FOLLOWS
117787,1297988,FOLLOWS
117866,914390,FOLLOWS
117866,10251,FOLLOWS
118040,369205,FOLLOWS
118040,240211,FOLLOWS
118069,129099,FOLLOWS
118083,361456,FOLLOWS
118091,454808,FOLLOWS
118091,640026,FOLLOWS
118156,739106,FOLLOWS
118254,915567,FOLLOWS
118280,668963,FOLLOWS
118283,447219,FOLLOWS
118293,194687,FOLLOWS
118414,382166,FOLLOWS
118414,556538,FOLLOWS
118414,21785,FOLLOWS
118414,297991,FOLLOWS
118414,570940,FOLLOWS
118526,236835,FOLLOWS
118526,608194,FOLLOWS
118578,73418,FOLLOWS
118589,114346,FOLLOWS
118662,653595,FOLLOWS
118926,445390,FOLLOWS
118981,5372,FOLLOWS
118981,60486,FOLLOWS
119069,5276,FOLLOWS
119069,637452,FOLLOWS
119177,6866,FOLLOWS
119183,209319,FOLLOWS
119234,141832,FOLLOWS
119368,137425,FOLLOWS
119421,832985,FOLLOWS
119504,26293,FOLLOWS
119504,18641,FOLLOWS
119556,482436,FOLLOWS
119581,637282,FOLLOWS
119581,131733,FOLLOWS
119588,207776,FOLLOWS
119606,69206,FOLLOWS
119606,191835,FOLLOWS
119606,66981,FOLLOWS
119606,120495,FOLLOWS
119606,378556,FOLLOWS
119685,760628,FOLLOWS
119729,5188,FOLLOWS
119729,733311,FOLLOWS
119729,80766,FOLLOWS
119743,95231,FOLLOWS
119818,23711,FOLLOWS
119818,901137,FOLLOWS
119818,655883,FOLLOWS
119818,918875,FOLLOWS
119843,696235,FOLLOWS
119873,758176,FOLLOWS
119935,587521,FOLLOWS
119984,10448,FOLLOWS
120023,540660,FOLLOWS
120023,472607,FOLLOWS
120051,697343,FOLLOWS
120143,270599,FOLLOWS
120143,682547,FOLLOWS
120189,454244,FOLLOWS
120194,26923,FOLLOWS
120194,143443,FOLLOWS
120194,664428,FOLLOWS
120194,298955,FOLLOWS
120207,178330,FOLLOWS
120207,920743,FOLLOWS
120207,491021,FOLLOWS
120302,287129,FOLLOWS
120302,244988,FOLLOWS
120302,230588,FOLLOWS
120355,354656,FOLLOWS
120355,739024,FOLLOWS
120448,621147,FOLLOWS
120460,5376,FOLLOWS
120460,5525,FOLLOWS
120460,107503,FOLLOWS
120460,126654,FOLLOWS
120460,447669,FOLLOWS
120460,114486,FOLLOWS
120460,189644,FOLLOWS
120460,126655,FOLLOWS
120460,277366,FOLLOWS
120555,525092,FOLLOWS
120577,172165,FOLLOWS
120751,406477,FOLLOWS
120764,790777,FOLLOWS
120764,406265,FOLLOWS
120764,577424,FOLLOWS
120764,459255,FOLLOWS
120764,923136,FOLLOWS
120764,923190,FOLLOWS
120764,408639,FOLLOWS
120764,829306,FOLLOWS
120778,53671,FOLLOWS
120778,435004,FOLLOWS
120778,647901,FOLLOWS
120778,923731,FOLLOWS
120917,426340,FOLLOWS
120917,276723,FOLLOWS
120917,584271,FOLLOWS
120932,623590,FOLLOWS
120967,550844,FOLLOWS
120967,702955,FOLLOWS
121012,104755,FOLLOWS
121046,107757,FOLLOWS
121046,176523,FOLLOWS
121092,215966,FOLLOWS
121092,240174,FOLLOWS
121092,175610,FOLLOWS
121105,93327,FOLLOWS
121123,386469,FOLLOWS
121151,173633,FOLLOWS
121151,312505,FOLLOWS
121151,363795,FOLLOWS
121154,82491,FOLLOWS
121154,410308,FOLLOWS
121293,923623,FOLLOWS
121390,503212,FOLLOWS
121421,278751,FOLLOWS
121421,292362,FOLLOWS
121443,924063,FOLLOWS
121443,346412,FOLLOWS
121454,368207,FOLLOWS
121454,923291,FOLLOWS
121529,114392,FOLLOWS
121529,251164,FOLLOWS
121548,104012,FOLLOWS
121548,161438,FOLLOWS
121566,508646,FOLLOWS
121566,548122,FOLLOWS
121636,5889,FOLLOWS
121636,22795,FOLLOWS
121654,778171,FOLLOWS
121654,136970,FOLLOWS
121696,514924,FOLLOWS
121696,925793,FOLLOWS
121696,560923,FOLLOWS
121697,924535,FOLLOWS
121736,63032,FOLLOWS
121736,309292,FOLLOWS
121736,430965,FOLLOWS
121736,640129,FOLLOWS
121826,281919,FOLLOWS
121903,161717,FOLLOWS
121971,528358,FOLLOWS
121971,267839,FOLLOWS
121971,541901,FOLLOWS
121971,313644,FOLLOWS
121971,388326,FOLLOWS
122011,104955,FOLLOWS
122011,305946,FOLLOWS
122016,654095,FOLLOWS
122016,834721,FOLLOWS
122139,392975,FOLLOWS
122282,86555,FOLLOWS
122282,91088,FOLLOWS
122282,169667,FOLLOWS
122282,279932,FOLLOWS
122282,373787,FOLLOWS
122282,249641,FOLLOWS
122282,192993,FOLLOWS
122307,129716,FOLLOWS
122307,191866,FOLLOWS
122385,397523,FOLLOWS
122385,179623,FOLLOWS
122423,82278,FOLLOWS
122423,13508,FOLLOWS
122508,260296,FOLLOWS
122538,44462,FOLLOWS
122538,380107,FOLLOWS
122734,173878,FOLLOWS
122734,723237,FOLLOWS
122734,842710,FOLLOWS
122759,919521,FOLLOWS
122806,324534,FOLLOWS
122806,200720,FOLLOWS
122961,7193,FOLLOWS
123198,176601,FOLLOWS
123389,71384,FOLLOWS
123392,123509,FOLLOWS
123392,536227,FOLLOWS
123458,123509,FOLLOWS
123509,123458,FOLLOWS
123509,218071,FOLLOWS
123509,218396,FOLLOWS
123541,467180,FOLLOWS
123558,24944,FOLLOWS
123646,533161,FOLLOWS
123705,702299,FOLLOWS
123705,1157396,FOLLOWS
123749,16694,FOLLOWS
123749,162279,FOLLOWS
123749,548271,FOLLOWS
123749,74521,FOLLOWS
123851,296630,FOLLOWS
123851,441191,FOLLOWS
123856,4878,FOLLOWS
123902,5556,FOLLOWS
123902,126322,FOLLOWS
123902,228037,FOLLOWS
123905,5556,FOLLOWS
123905,1206706,FOLLOWS
123987,355603,FOLLOWS
124111,16814,FOLLOWS
124111,319491,FOLLOWS
124196,125179,FOLLOWS
124208,254098,FOLLOWS
124340,368655,FOLLOWS
124340,709222,FOLLOWS
124340,889033,FOLLOWS
124382,149116,FOLLOWS
124382,324602,FOLLOWS
124382,328379,FOLLOWS
124382,364481,FOLLOWS
124435,324810,FOLLOWS
124435,324528,FOLLOWS
124435,622980,FOLLOWS
124497,57809,FOLLOWS
124531,630813,FOLLOWS
124531,356566,FOLLOWS
124586,275744,FOLLOWS
124589,135359,FOLLOWS
124589,598570,FOLLOWS
124589,156142,FOLLOWS
124618,22465,FOLLOWS
124736,247678,FOLLOWS
124861,395731,FOLLOWS
124898,373966,FOLLOWS
124898,90054,FOLLOWS
124898,242998,FOLLOWS
124993,38854,FOLLOWS
124993,125262,FOLLOWS
125061,494246,FOLLOWS
125061,249162,FOLLOWS
125179,124196,FOLLOWS
125179,179615,FOLLOWS
125179,269827,FOLLOWS
125179,545527,FOLLOWS
125179,682547,FOLLOWS
125179,767108,FOLLOWS
125179,1120983,FOLLOWS
125341,413583,FOLLOWS
125408,110257,FOLLOWS
125408,296630,FOLLOWS
125429,72754,FOLLOWS
125506,81875,FOLLOWS
125506,429981,FOLLOWS
125506,1098862,FOLLOWS
125608,92292,FOLLOWS
125608,138194,FOLLOWS
125612,167575,FOLLOWS
125612,776983,FOLLOWS
125616,94474,FOLLOWS
125630,171845,FOLLOWS
125630,429788,FOLLOWS
125682,15195,FOLLOWS
125748,126448,FOLLOWS
125807,78979,FOLLOWS
126062,46885,FOLLOWS
126062,80855,FOLLOWS
126062,655837,FOLLOWS
126062,225107,FOLLOWS
126143,937050,FOLLOWS
126143,494268,FOLLOWS
126173,760007,FOLLOWS
126173,275342,FOLLOWS
126173,831176,FOLLOWS
126322,51965,FOLLOWS
126322,289979,FOLLOWS
126322,123902,FOLLOWS
126322,289981,FOLLOWS
126322,131231,FOLLOWS
126322,12574,FOLLOWS
126382,33325,FOLLOWS
126448,85692,FOLLOWS
126448,150939,FOLLOWS
126448,938324,FOLLOWS
126448,224217,FOLLOWS
126448,125748,FOLLOWS
126450,116798,FOLLOWS
126450,747837,FOLLOWS
126450,897622,FOLLOWS
126450,154198,FOLLOWS
126450,789462,FOLLOWS
126450,302347,FOLLOWS
126451,33209,FOLLOWS
126487,13189,FOLLOWS
126606,114483,FOLLOWS
126606,116196,FOLLOWS
126606,739031,FOLLOWS
126606,758050,FOLLOWS
126654,50862,FOLLOWS
126654,114483,FOLLOWS
126654,116196,FOLLOWS
126654,120460,FOLLOWS
126654,647382,FOLLOWS
126655,120460,FOLLOWS
126655,230459,FOLLOWS
126675,111761,FOLLOWS
126705,763634,FOLLOWS
126705,702955,FOLLOWS
126705,263741,FOLLOWS
126705,305278,FOLLOWS
126705,487877,FOLLOWS
126705,539919,FOLLOWS
126705,184139,FOLLOWS
126705,263740,FOLLOWS
126705,335375,FOLLOWS
126705,266689,FOLLOWS
126900,179623,FOLLOWS
127073,304670,FOLLOWS
127168,7338,FOLLOWS
127239,445056,FOLLOWS
127298,26637,FOLLOWS
127298,376274,FOLLOWS
127325,828725,FOLLOWS
127325,45918,FOLLOWS
127431,870212,FOLLOWS
127431,798805,FOLLOWS
127470,73792,FOLLOWS
127470,941021,FOLLOWS
127470,755397,FOLLOWS
127470,454486,FOLLOWS
127470,137456,FOLLOWS
127502,211147,FOLLOWS
127564,54178,FOLLOWS
127564,104955,FOLLOWS
127564,85041,FOLLOWS
127564,249554,FOLLOWS
127575,423053,FOLLOWS
127575,772940,FOLLOWS
127597,157293,FOLLOWS
127617,7611,FOLLOWS
127617,199846,FOLLOWS
127617,92292,FOLLOWS
127617,316341,FOLLOWS
127617,362664,FOLLOWS
127649,41281,FOLLOWS
127685,250786,FOLLOWS
127685,941088,FOLLOWS
127747,22500,FOLLOWS
127822,548678,FOLLOWS
127822,1063631,FOLLOWS
127957,264307,FOLLOWS
127957,915589,FOLLOWS
127969,642665,FOLLOWS
128190,81411,FOLLOWS
128190,90281,FOLLOWS
128190,96390,FOLLOWS
128190,145416,FOLLOWS
128190,739031,FOLLOWS
128190,758050,FOLLOWS
128211,419162,FOLLOWS
128355,437409,FOLLOWS
128378,13906,FOLLOWS
128479,171423,FOLLOWS
128615,291924,FOLLOWS
128663,1147504,FOLLOWS
128669,5927,FOLLOWS
128669,128615,FOLLOWS
128683,5927,FOLLOWS
128683,103861,FOLLOWS
128683,694845,FOLLOWS
128683,153101,FOLLOWS
128763,768571,FOLLOWS
129099,43552,FOLLOWS
129099,86657,FOLLOWS
129099,118069,FOLLOWS
129099,898486,FOLLOWS
129151,63387,FOLLOWS
129454,5888,FOLLOWS
129454,21569,FOLLOWS
129479,895182,FOLLOWS
129524,350610,FOLLOWS
129524,352092,FOLLOWS
129535,521321,FOLLOWS
129535,611161,FOLLOWS
129535,710178,FOLLOWS
129539,534997,FOLLOWS
129539,771965,FOLLOWS
129607,656630,FOLLOWS
129620,47505,FOLLOWS
129661,162967,FOLLOWS
129716,571421,FOLLOWS
129716,354110,FOLLOWS
129716,122307,FOLLOWS
129720,246408,FOLLOWS
129720,146608,FOLLOWS
129731,883332,FOLLOWS
129731,407174,FOLLOWS
129731,165786,FOLLOWS
129917,6725,FOLLOWS
129917,71471,FOLLOWS
129917,20660,FOLLOWS
130131,207615,FOLLOWS
130167,133584,FOLLOWS
130167,947910,FOLLOWS
130167,377577,FOLLOWS
130173,172444,FOLLOWS
130219,187771,FOLLOWS
130219,769452,FOLLOWS
130248,394052,FOLLOWS
130248,276222,FOLLOWS
130248,259054,FOLLOWS
130248,447176,FOLLOWS
130248,668806,FOLLOWS
130295,6048,FOLLOWS
130295,99297,FOLLOWS
130295,788186,FOLLOWS
130297,149635,FOLLOWS
130433,118414,FOLLOWS
130654,132146,FOLLOWS
130675,599118,FOLLOWS
130675,86755,FOLLOWS
130699,433462,FOLLOWS
130785,31965,FOLLOWS
130785,31969,FOLLOWS
130943,464676,FOLLOWS
130943,265557,FOLLOWS
131014,86218,FOLLOWS
131014,100659,FOLLOWS
131065,929118,FOLLOWS
131128,284649,FOLLOWS
131136,347909,FOLLOWS
131193,806900,FOLLOWS
131193,437899,FOLLOWS
131193,772940,FOLLOWS
131193,252082,FOLLOWS
131231,126322,FOLLOWS
131310,804904,FOLLOWS
131422,859182,FOLLOWS
131553,81653,FOLLOWS
131553,117323,FOLLOWS
131644,35515,FOLLOWS
131644,605842,FOLLOWS
131675,218396,FOLLOWS
131675,772940,FOLLOWS
131723,744560,FOLLOWS
131733,119581,FOLLOWS
131733,145229,FOLLOWS
131756,369383,FOLLOWS
131854,35051,FOLLOWS
131854,134348,FOLLOWS
131870,57675,FOLLOWS
131879,425641,FOLLOWS
131936,470279,FOLLOWS
131936,422186,FOLLOWS
131948,86218,FOLLOWS
131948,107298,FOLLOWS
131948,214046,FOLLOWS
131948,272927,FOLLOWS
131948,479638,FOLLOWS
131988,530654,FOLLOWS
131988,839607,FOLLOWS
132006,98173,FOLLOWS
132006,142769,FOLLOWS
132006,317677,FOLLOWS
132040,99333,FOLLOWS
132040,114193,FOLLOWS
132042,305946,FOLLOWS
132138,116068,FOLLOWS
132146,130654,FOLLOWS
132146,236706,FOLLOWS
132155,264922,FOLLOWS
132242,288454,FOLLOWS
132242,133269,FOLLOWS
132261,193302,FOLLOWS
132344,241560,FOLLOWS
132344,951871,FOLLOWS
132344,510146,FOLLOWS
132444,30221,FOLLOWS
132444,208006,FOLLOWS
132655,620493,FOLLOWS
132699,192993,FOLLOWS
132825,347627,FOLLOWS
132825,691347,FOLLOWS
132857,6150,FOLLOWS
132857,68728,FOLLOWS
132857,403717,FOLLOWS
132974,271256,FOLLOWS
133047,90401,FOLLOWS
133047,111294,FOLLOWS
133047,141281,FOLLOWS
133114,954003,FOLLOWS
133140,236835,FOLLOWS
133140,390131,FOLLOWS
133140,730841,FOLLOWS
133188,86657,FOLLOWS
133229,6150,FOLLOWS
133229,6597,FOLLOWS
133229,279248,FOLLOWS
133229,6238,FOLLOWS
133229,143279,FOLLOWS
133229,134137,FOLLOWS
133229,6671,FOLLOWS
133229,139410,FOLLOWS
133229,319832,FOLLOWS
133385,226235,FOLLOWS
133385,302022,FOLLOWS
133399,90119,FOLLOWS
133399,90594,FOLLOWS
133399,422001,FOLLOWS
133399,445390,FOLLOWS
133399,133269,FOLLOWS
133496,239856,FOLLOWS
133584,956647,FOLLOWS
133584,130167,FOLLOWS
133584,335375,FOLLOWS
133584,551053,FOLLOWS
133584,956747,FOLLOWS
133593,333043,FOLLOWS
133629,342736,FOLLOWS
133734,15086,FOLLOWS
133734,276198,FOLLOWS
133788,155375,FOLLOWS
133788,566982,FOLLOWS
133788,377566,FOLLOWS
133805,955897,FOLLOWS
133983,55406,FOLLOWS
133983,255691,FOLLOWS
133983,42838,FOLLOWS
134131,317656,FOLLOWS
134131,316606,FOLLOWS
134137,133229,FOLLOWS
134137,140060,FOLLOWS
134283,592677,FOLLOWS
134299,726645,FOLLOWS
134299,1600920,FOLLOWS
134348,131854,FOLLOWS
134393,435177,FOLLOWS
134469,448208,FOLLOWS
134469,297752,FOLLOWS
134469,958619,FOLLOWS
134483,486177,FOLLOWS
134538,25836,FOLLOWS
134538,478435,FOLLOWS
134538,386464,FOLLOWS
134538,344970,FOLLOWS
134566,687619,FOLLOWS
134626,842526,FOLLOWS
134676,104858,FOLLOWS
134719,253617,FOLLOWS
134719,698447,FOLLOWS
134719,385122,FOLLOWS
134719,362664,FOLLOWS
134738,8422,FOLLOWS
134779,764430,FOLLOWS
134779,75218,FOLLOWS
134820,90474,FOLLOWS
134820,30574,FOLLOWS
134851,475385,FOLLOWS
134851,663970,FOLLOWS
134862,187490,FOLLOWS
134863,110948,FOLLOWS
134867,408946,FOLLOWS
134867,538211,FOLLOWS
134867,599741,FOLLOWS
134867,548689,FOLLOWS
134867,919130,FOLLOWS
134873,706180,FOLLOWS
134938,74061,FOLLOWS
134938,759200,FOLLOWS
134938,549397,FOLLOWS
134938,480600,FOLLOWS
134938,501407,FOLLOWS
134938,756730,FOLLOWS
135007,680961,FOLLOWS
135007,630147,FOLLOWS
135101,513252,FOLLOWS
135155,146775,FOLLOWS
135357,944895,FOLLOWS
135359,111543,FOLLOWS
135359,124589,FOLLOWS
135359,476351,FOLLOWS
135359,834856,FOLLOWS
135383,139125,FOLLOWS
135383,139466,FOLLOWS
135416,961185,FOLLOWS
135416,169765,FOLLOWS
135494,268886,FOLLOWS
135494,794843,FOLLOWS
135494,216772,FOLLOWS
135529,92948,FOLLOWS
135529,304188,FOLLOWS
135841,970078,FOLLOWS
135909,961328,FOLLOWS
135909,153789,FOLLOWS
135909,962286,FOLLOWS
135909,449413,FOLLOWS
135909,472944,FOLLOWS
135909,962444,FOLLOWS
135909,289112,FOLLOWS
135909,362664,FOLLOWS
135909,297478,FOLLOWS
135909,235765,FOLLOWS
135931,34597,FOLLOWS
135931,87809,FOLLOWS
135931,463553,FOLLOWS
135983,92948,FOLLOWS
135983,873986,FOLLOWS
135991,527295,FOLLOWS
135991,555462,FOLLOWS
135997,721401,FOLLOWS
135997,962387,FOLLOWS
135997,317530,FOLLOWS
136040,917033,FOLLOWS
136099,474142,FOLLOWS
136154,38175,FOLLOWS
136154,170171,FOLLOWS
136154,314361,FOLLOWS
136232,962364,FOLLOWS
136232,752958,FOLLOWS
136232,504053,FOLLOWS
136232,424990,FOLLOWS
136318,184365,FOLLOWS
136441,963694,FOLLOWS
136441,164594,FOLLOWS
136525,136964,FOLLOWS
136525,345801,FOLLOWS
136581,459478,FOLLOWS
136610,185700,FOLLOWS
136610,548194,FOLLOWS
136610,277368,FOLLOWS
136610,422354,FOLLOWS
136617,84562,FOLLOWS
136617,77170,FOLLOWS
136680,254344,FOLLOWS
136680,1189625,FOLLOWS
136700,142647,FOLLOWS
136795,445559,FOLLOWS
136807,474996,FOLLOWS
136818,468430,FOLLOWS
136818,352315,FOLLOWS
136818,428584,FOLLOWS
136818,299716,FOLLOWS
136818,153012,FOLLOWS
136818,276157,FOLLOWS
136825,68728,FOLLOWS
136848,100601,FOLLOWS
136848,821294,FOLLOWS
136964,136525,FOLLOWS
136964,715665,FOLLOWS
136970,121654,FOLLOWS
137020,63412,FOLLOWS
137020,964827,FOLLOWS
137020,136700,FOLLOWS
137020,242534,FOLLOWS
137194,137203,FOLLOWS
137194,182522,FOLLOWS
137203,137194,FOLLOWS
137203,141381,FOLLOWS
137203,191749,FOLLOWS
137203,85672,FOLLOWS
137252,964048,FOLLOWS
137294,423094,FOLLOWS
137294,960769,FOLLOWS
137314,457983,FOLLOWS
137314,965646,FOLLOWS
137425,119368,FOLLOWS
137425,553015,FOLLOWS
137425,571774,FOLLOWS
137425,494773,FOLLOWS
137437,228486,FOLLOWS
137437,77019,FOLLOWS
137437,190472,FOLLOWS
137456,259949,FOLLOWS
137456,335589,FOLLOWS
137456,691376,FOLLOWS
137456,965117,FOLLOWS
137482,104941,FOLLOWS
137618,313302,FOLLOWS
137618,24713,FOLLOWS
137618,177595,FOLLOWS
137618,553694,FOLLOWS
137694,79482,FOLLOWS
137697,31869,FOLLOWS
137778,280179,FOLLOWS
137866,456797,FOLLOWS
137909,967232,FOLLOWS
137956,87937,FOLLOWS
137956,68619,FOLLOWS
137956,968043,FOLLOWS
137956,784402,FOLLOWS
137956,168193,FOLLOWS
137956,779037,FOLLOWS
137956,533798,FOLLOWS
137956,347585,FOLLOWS
137956,352482,FOLLOWS
137956,471096,FOLLOWS
137956,326421,FOLLOWS
137956,272087,FOLLOWS
137956,348065,FOLLOWS
137956,475797,FOLLOWS
137956,328626,FOLLOWS
137956,496602,FOLLOWS
137956,279446,FOLLOWS
137956,595783,FOLLOWS
137956,283260,FOLLOWS
137956,697420,FOLLOWS
137956,781285,FOLLOWS
137958,57809,FOLLOWS
137958,663773,FOLLOWS
137958,294132,FOLLOWS
137958,287703,FOLLOWS
137958,966813,FOLLOWS
137958,251851,FOLLOWS
137958,437041,FOLLOWS
137958,966689,FOLLOWS
138015,678743,FOLLOWS
138035,57813,FOLLOWS
138035,383973,FOLLOWS
138035,256029,FOLLOWS
138035,773991,FOLLOWS
138098,138875,FOLLOWS
138098,966969,FOLLOWS
138117,530917,FOLLOWS
138117,213942,FOLLOWS
138194,125608,FOLLOWS
138206,316463,FOLLOWS
138245,56902,FOLLOWS
138260,323892,FOLLOWS
138342,441261,FOLLOWS
138342,803789,FOLLOWS
138375,314232,FOLLOWS
138375,157533,FOLLOWS
138378,138603,FOLLOWS
138378,405520,FOLLOWS
138378,410213,FOLLOWS
138386,832549,FOLLOWS
138386,817636,FOLLOWS
138386,475937,FOLLOWS
138386,967330,FOLLOWS
138512,44589,FOLLOWS
138512,270575,FOLLOWS
138544,142769,FOLLOWS
138547,279039,FOLLOWS
138547,903991,FOLLOWS
138547,489317,FOLLOWS
138547,471710,FOLLOWS
138603,138378,FOLLOWS
138603,943238,FOLLOWS
138625,967603,FOLLOWS
138625,145416,FOLLOWS
138625,234995,FOLLOWS
138625,82955,FOLLOWS
138750,613840,FOLLOWS
138773,49713,FOLLOWS
138773,173635,FOLLOWS
138773,567386,FOLLOWS
138868,138199,FOLLOWS
138875,138098,FOLLOWS
138892,44494,FOLLOWS
138892,139213,FOLLOWS
138892,706180,FOLLOWS
138970,421572,FOLLOWS
138970,115861,FOLLOWS
139023,87809,FOLLOWS
139023,105329,FOLLOWS
139023,277921,FOLLOWS
139025,654115,FOLLOWS
139111,507860,FOLLOWS
139125,63412,FOLLOWS
139125,139466,FOLLOWS
139140,58252,FOLLOWS
139213,138892,FOLLOWS
139213,968132,FOLLOWS
139213,347944,FOLLOWS
139230,345702,FOLLOWS
139230,184583,FOLLOWS
139327,1427872,FOLLOWS
139349,588416,FOLLOWS
139349,641212,FOLLOWS
139375,970081,FOLLOWS
139410,133229,FOLLOWS
139464,970427,FOLLOWS
139579,277141,FOLLOWS
139817,1018025,FOLLOWS
139875,81872,FOLLOWS
139875,445066,FOLLOWS
139951,6150,FOLLOWS
139951,626250,FOLLOWS
139960,305298,FOLLOWS
139960,991018,FOLLOWS
139986,260719,FOLLOWS
140060,6150,FOLLOWS
140060,41213,FOLLOWS
140060,151221,FOLLOWS
140060,353876,FOLLOWS
140095,372456,FOLLOWS
140174,679098,FOLLOWS
140174,1268379,FOLLOWS
140188,6150,FOLLOWS
140188,43315,FOLLOWS
140188,681736,FOLLOWS
140202,323590,FOLLOWS
140202,269927,FOLLOWS
140315,213810,FOLLOWS
140315,885292,FOLLOWS
140365,597359,FOLLOWS
140409,6150,FOLLOWS
140409,6664,FOLLOWS
140409,57878,FOLLOWS
140409,940122,FOLLOWS
140459,826021,FOLLOWS
140459,774677,FOLLOWS
140459,820854,FOLLOWS
140499,973093,FOLLOWS
140499,294320,FOLLOWS
140546,864777,FOLLOWS
140546,20578,FOLLOWS
140546,407199,FOLLOWS
140572,415396,FOLLOWS
140572,547303,FOLLOWS
140572,152927,FOLLOWS
140572,254761,FOLLOWS
140575,898285,FOLLOWS
140575,437417,FOLLOWS
140575,283169,FOLLOWS
140624,6150,FOLLOWS
140636,434817,FOLLOWS
140822,57809,FOLLOWS
140867,102503,FOLLOWS
140867,496934,FOLLOWS
140953,63460,FOLLOWS
140953,230447,FOLLOWS
140976,23608,FOLLOWS
140976,259919,FOLLOWS
140976,580236,FOLLOWS
140994,97633,FOLLOWS
141043,187399,FOLLOWS
141257,142175,FOLLOWS
141257,346412,FOLLOWS
141257,466986,FOLLOWS
141281,133047,FOLLOWS
141281,809385,FOLLOWS
141281,172244,FOLLOWS
141281,246164,FOLLOWS
141287,161631,FOLLOWS
141342,320120,FOLLOWS
141381,137203,FOLLOWS
141381,143279,FOLLOWS
141381,173635,FOLLOWS
141486,50484,FOLLOWS
141486,165787,FOLLOWS
141486,270361,FOLLOWS
141596,14885,FOLLOWS
141635,108304,FOLLOWS
141655,29589,FOLLOWS
141655,465178,FOLLOWS
141738,6150,FOLLOWS
141738,884842,FOLLOWS
141746,6150,FOLLOWS
141746,245571,FOLLOWS
141746,246559,FOLLOWS
141746,618921,FOLLOWS
141746,656798,FOLLOWS
141746,854499,FOLLOWS
141755,251426,FOLLOWS
141755,278603,FOLLOWS
141787,32650,FOLLOWS
141787,847530,FOLLOWS
141787,440856,FOLLOWS
141787,559691,FOLLOWS
141863,94222,FOLLOWS
141964,223937,FOLLOWS
142065,689893,FOLLOWS
142065,64762,FOLLOWS
142175,141257,FOLLOWS
142175,190107,FOLLOWS
142175,466986,FOLLOWS
142175,904569,FOLLOWS
142273,18738,FOLLOWS
142273,62152,FOLLOWS
142273,63412,FOLLOWS
142273,144161,FOLLOWS
142401,71749,FOLLOWS
142401,745669,FOLLOWS
142401,664598,FOLLOWS
142401,273059,FOLLOWS
142462,472850,FOLLOWS
142462,155001,FOLLOWS
142462,423378,FOLLOWS
142462,547685,FOLLOWS
142501,142503,FOLLOWS
142501,9155,FOLLOWS
142503,142501,FOLLOWS
142503,200720,FOLLOWS
142506,260835,FOLLOWS
142506,403717,FOLLOWS
142506,544866,FOLLOWS
142530,363104,FOLLOWS
142536,15869,FOLLOWS
142601,281009,FOLLOWS
142626,870028,FOLLOWS
142626,647309,FOLLOWS
142626,271334,FOLLOWS
142647,136700,FOLLOWS
142672,32828,FOLLOWS
142763,63412,FOLLOWS
142763,143279,FOLLOWS
142763,476363,FOLLOWS
142769,328872,FOLLOWS
142848,117563,FOLLOWS
142848,954486,FOLLOWS
142876,466757,FOLLOWS
142922,282413,FOLLOWS
142922,353998,FOLLOWS
142922,160563,FOLLOWS
142922,764988,FOLLOWS
142931,675251,FOLLOWS
142931,455393,FOLLOWS
142931,186215,FOLLOWS
142933,279248,FOLLOWS
142933,143036,FOLLOWS
142972,103993,FOLLOWS
142992,112775,FOLLOWS
143039,6664,FOLLOWS
143039,144161,FOLLOWS
143116,648236,FOLLOWS
143126,14274,FOLLOWS
143126,30271,FOLLOWS
143126,49102,FOLLOWS
143194,168609,FOLLOWS
143204,546169,FOLLOWS
143204,109386,FOLLOWS
143213,240742,FOLLOWS
143213,828042,FOLLOWS
143236,678003,FOLLOWS
143279,111294,FOLLOWS
143279,133229,FOLLOWS
143279,141381,FOLLOWS
143279,242797,FOLLOWS
143279,559379,FOLLOWS
143290,226584,FOLLOWS
143290,978518,FOLLOWS
143292,58238,FOLLOWS
143308,86010,FOLLOWS
143308,100495,FOLLOWS
143340,879186,FOLLOWS
143340,466572,FOLLOWS
143340,55507,FOLLOWS
143443,120194,FOLLOWS
143449,103746,FOLLOWS
143449,146013,FOLLOWS
143449,308811,FOLLOWS
143497,292408,FOLLOWS
143605,74166,FOLLOWS
143605,170521,FOLLOWS
143605,389169,FOLLOWS
143662,268786,FOLLOWS
143662,569045,FOLLOWS
143769,205318,FOLLOWS
143769,542379,FOLLOWS
143769,571471,FOLLOWS
143778,146627,FOLLOWS
143778,237133,FOLLOWS
143778,417010,FOLLOWS
143826,385419,FOLLOWS
143830,350500,FOLLOWS
143830,480823,FOLLOWS
143898,22965,FOLLOWS
143898,182133,FOLLOWS
143921,167229,FOLLOWS
143921,508728,FOLLOWS
143967,79990,FOLLOWS
143967,733100,FOLLOWS
144161,6664,FOLLOWS
144161,62152,FOLLOWS
144161,63412,FOLLOWS
144161,142273,FOLLOWS
144161,95473,FOLLOWS
144161,143039,FOLLOWS
144161,142763,FOLLOWS
144335,554667,FOLLOWS
144386,11195,FOLLOWS
144398,205817,FOLLOWS
144398,265294,FOLLOWS
144398,423599,FOLLOWS
144477,223764,FOLLOWS
144477,224313,FOLLOWS
144488,96635,FOLLOWS
144488,220342,FOLLOWS
144511,169765,FOLLOWS
144511,270240,FOLLOWS
144511,459373,FOLLOWS
144511,608345,FOLLOWS
144511,817380,FOLLOWS
144543,304761,FOLLOWS
144598,939079,FOLLOWS
144614,374339,FOLLOWS
144937,981934,FOLLOWS
144992,397540,FOLLOWS
144998,102516,FOLLOWS
145028,512400,FOLLOWS
145376,6664,FOLLOWS
145376,142933,FOLLOWS
145376,592253,FOLLOWS
145386,331245,FOLLOWS
145386,935309,FOLLOWS
145416,138625,FOLLOWS
145416,758050,FOLLOWS
145416,128190,FOLLOWS
145416,310782,FOLLOWS
145416,489938,FOLLOWS
145465,183048,FOLLOWS
145465,319859,FOLLOWS
145477,920083,FOLLOWS
145477,983358,FOLLOWS
145485,287950,FOLLOWS
145579,6664,FOLLOWS
145662,483571,FOLLOWS
145662,174458,FOLLOWS
145666,614566,FOLLOWS
145666,723789,FOLLOWS
145716,362019,FOLLOWS
145716,471169,FOLLOWS
145771,108304,FOLLOWS
145823,355727,FOLLOWS
145823,362003,FOLLOWS
145874,103733,FOLLOWS
145874,890897,FOLLOWS
145874,865128,FOLLOWS
145874,690154,FOLLOWS
145945,129688,FOLLOWS
145986,57949,FOLLOWS
145986,100577,FOLLOWS
145986,147280,FOLLOWS
145986,249302,FOLLOWS
145986,275342,FOLLOWS
145986,275548,FOLLOWS
145986,361434,FOLLOWS
145986,361403,FOLLOWS
145986,405520,FOLLOWS
145986,416659,FOLLOWS
145986,416801,FOLLOWS
145986,423053,FOLLOWS
145986,546603,FOLLOWS
145986,608194,FOLLOWS
145986,636128,FOLLOWS
145986,983949,FOLLOWS
146013,409839,FOLLOWS
146021,168608,FOLLOWS
146023,350500,FOLLOWS
146032,134437,FOLLOWS
146032,330967,FOLLOWS
146032,332543,FOLLOWS
146032,171726,FOLLOWS
146032,671544,FOLLOWS
146032,459700,FOLLOWS
146032,651872,FOLLOWS
146032,256276,FOLLOWS
146032,425958,FOLLOWS
146032,384663,FOLLOWS
146032,456305,FOLLOWS
146032,680703,FOLLOWS
146032,869490,FOLLOWS
146032,46637,FOLLOWS
146032,432887,FOLLOWS
146032,984629,FOLLOWS
146032,829425,FOLLOWS
146032,483890,FOLLOWS
146032,68619,FOLLOWS
146032,374591,FOLLOWS
146032,432163,FOLLOWS
146032,950066,FOLLOWS
146032,984681,FOLLOWS
146032,622455,FOLLOWS
146032,227317,FOLLOWS
146032,441816,FOLLOWS
146032,244627,FOLLOWS
146032,350815,FOLLOWS
146032,467228,FOLLOWS
146032,623877,FOLLOWS
146032,210457,FOLLOWS
146113,208671,FOLLOWS
146113,1087731,FOLLOWS
146135,7491,FOLLOWS
146135,101153,FOLLOWS
146135,101156,FOLLOWS
146135,109386,FOLLOWS
146135,384711,FOLLOWS
146135,984931,FOLLOWS
146135,539984,FOLLOWS
146135,252763,FOLLOWS
146240,445436,FOLLOWS
146267,461429,FOLLOWS
146267,163556,FOLLOWS
146267,333069,FOLLOWS
146267,209328,FOLLOWS
146267,255154,FOLLOWS
146458,27309,FOLLOWS
146498,102872,FOLLOWS
146498,102588,FOLLOWS
146505,4064,FOLLOWS
146519,24600,FOLLOWS
146519,386372,FOLLOWS
146523,225499,FOLLOWS
146523,1018916,FOLLOWS
146525,1500278,FOLLOWS
146538,747257,FOLLOWS
146562,272935,FOLLOWS
146562,350427,FOLLOWS
146562,695925,FOLLOWS
146562,986462,FOLLOWS
146580,577089,FOLLOWS
146580,178310,FOLLOWS
146580,178159,FOLLOWS
146580,102588,FOLLOWS
146580,709222,FOLLOWS
146580,188213,FOLLOWS
146608,129720,FOLLOWS
146620,45914,FOLLOWS
146627,143778,FOLLOWS
146627,548122,FOLLOWS
146775,397369,FOLLOWS
146775,135155,FOLLOWS
146775,343127,FOLLOWS
146775,813088,FOLLOWS
146782,7531,FOLLOWS
146782,259694,FOLLOWS
146793,267770,FOLLOWS
146793,534521,FOLLOWS
146793,246394,FOLLOWS
146793,589171,FOLLOWS
146796,399179,FOLLOWS
146796,233132,FOLLOWS
146796,471967,FOLLOWS
146796,265557,FOLLOWS
146796,174834,FOLLOWS
146796,247683,FOLLOWS
146873,986323,FOLLOWS
146873,607141,FOLLOWS
146890,674770,FOLLOWS
146914,57747,FOLLOWS
146914,57878,FOLLOWS
146914,572692,FOLLOWS
146980,672399,FOLLOWS
147051,188893,FOLLOWS
147075,189276,FOLLOWS
147094,348263,FOLLOWS
147094,387763,FOLLOWS
147125,297598,FOLLOWS
147125,972291,FOLLOWS
147125,385778,FOLLOWS
147125,986937,FOLLOWS
147125,986779,FOLLOWS
147125,988308,FOLLOWS
147125,385833,FOLLOWS
147125,820977,FOLLOWS
147125,67131,FOLLOWS
147125,242534,FOLLOWS
147125,249795,FOLLOWS
147125,296531,FOLLOWS
147125,350565,FOLLOWS
147125,986118,FOLLOWS
147125,562299,FOLLOWS
147125,211669,FOLLOWS
147269,896329,FOLLOWS
147280,850601,FOLLOWS
147280,339764,FOLLOWS
147280,860450,FOLLOWS
147280,42789,FOLLOWS
147280,830926,FOLLOWS
147280,493679,FOLLOWS
147330,654660,FOLLOWS
147392,542612,FOLLOWS
147448,282485,FOLLOWS
147637,158395,FOLLOWS
147720,445461,FOLLOWS
147800,201772,FOLLOWS
147933,242987,FOLLOWS
147933,163329,FOLLOWS
148010,309346,FOLLOWS
148010,480472,FOLLOWS
148314,714406,FOLLOWS
148435,717666,FOLLOWS
148439,323892,FOLLOWS
148439,625345,FOLLOWS
148439,747466,FOLLOWS
148456,111322,FOLLOWS
148456,108847,FOLLOWS
148456,123198,FOLLOWS
148479,896669,FOLLOWS
148559,368096,FOLLOWS
148569,39192,FOLLOWS
148569,211904,FOLLOWS
148569,287606,FOLLOWS
148569,721006,FOLLOWS
148569,1168436,FOLLOWS
148592,23608,FOLLOWS
148644,245464,FOLLOWS
148804,96090,FOLLOWS
148871,148877,FOLLOWS
148871,886121,FOLLOWS
148871,991807,FOLLOWS
148877,148871,FOLLOWS
148877,886230,FOLLOWS
148889,29658,FOLLOWS
148889,44047,FOLLOWS
149027,203117,FOLLOWS
149116,124382,FOLLOWS
149116,304908,FOLLOWS
149116,364481,FOLLOWS
149116,655586,FOLLOWS
149131,490101,FOLLOWS
149136,211327,FOLLOWS
149141,305843,FOLLOWS
149200,74166,FOLLOWS
149245,10552,FOLLOWS
149245,189141,FOLLOWS
149495,194763,FOLLOWS
149495,632442,FOLLOWS
149495,839722,FOLLOWS
149517,55690,FOLLOWS
149517,162077,FOLLOWS
149549,354678,FOLLOWS
149591,306639,FOLLOWS
149591,438774,FOLLOWS
149591,455399,FOLLOWS
149600,335413,FOLLOWS
149609,280179,FOLLOWS
149635,361005,FOLLOWS
149635,550062,FOLLOWS
149677,160980,FOLLOWS
149677,387528,FOLLOWS
149677,743576,FOLLOWS
149677,176431,FOLLOWS
149767,262567,FOLLOWS
149767,834811,FOLLOWS
149767,336232,FOLLOWS
149927,547747,FOLLOWS
149942,974961,FOLLOWS
149964,482639,FOLLOWS
149970,62152,FOLLOWS
149970,172579,FOLLOWS
150165,87415,FOLLOWS
150239,240742,FOLLOWS
150454,150239,FOLLOWS
150462,29520,FOLLOWS
150508,163819,FOLLOWS
150518,438751,FOLLOWS
150553,310144,FOLLOWS
150553,550067,FOLLOWS
150553,59098,FOLLOWS
150573,782619,FOLLOWS
150573,150629,FOLLOWS
150629,150573,FOLLOWS
150629,782619,FOLLOWS
150766,343915,FOLLOWS
150814,260830,FOLLOWS
150820,91865,FOLLOWS
150820,242968,FOLLOWS
150857,245094,FOLLOWS
150889,163612,FOLLOWS
150939,85692,FOLLOWS
150939,95380,FOLLOWS
150939,126448,FOLLOWS
151056,208788,FOLLOWS
151056,319185,FOLLOWS
151056,414973,FOLLOWS
151062,64128,FOLLOWS
151062,223357,FOLLOWS
151062,45561,FOLLOWS
151127,411148,FOLLOWS
151127,149591,FOLLOWS
151127,363497,FOLLOWS
151127,541136,FOLLOWS
151127,175570,FOLLOWS
151221,140060,FOLLOWS
151221,473497,FOLLOWS
151255,10090,FOLLOWS
151255,111294,FOLLOWS
151255,407699,FOLLOWS
151275,484642,FOLLOWS
151287,614076,FOLLOWS
151324,91081,FOLLOWS
151385,26310,FOLLOWS
151390,15869,FOLLOWS
151462,181791,FOLLOWS
151462,192993,FOLLOWS
151487,100341,FOLLOWS
151487,209264,FOLLOWS
151487,660325,FOLLOWS
151507,49958,FOLLOWS
151595,80688,FOLLOWS
151595,488242,FOLLOWS
151595,533824,FOLLOWS
151595,649793,FOLLOWS
151647,612470,FOLLOWS
151705,32650,FOLLOWS
151705,144161,FOLLOWS
151705,150518,FOLLOWS
151705,397293,FOLLOWS
151705,95473,FOLLOWS
151708,277921,FOLLOWS
151708,426398,FOLLOWS
151752,308769,FOLLOWS
151752,419142,FOLLOWS
151752,308753,FOLLOWS
151752,123198,FOLLOWS
151785,386922,FOLLOWS
151839,1253269,FOLLOWS
151884,506605,FOLLOWS
151991,70245,FOLLOWS
151991,526644,FOLLOWS
152074,144296,FOLLOWS
152095,6675,FOLLOWS
152113,199207,FOLLOWS
152164,705575,FOLLOWS
152173,6675,FOLLOWS
152173,84059,FOLLOWS
152220,397704,FOLLOWS
152349,224410,FOLLOWS
152353,396284,FOLLOWS
152357,473799,FOLLOWS
152357,504436,FOLLOWS
152357,454684,FOLLOWS
152357,58952,FOLLOWS
152357,829206,FOLLOWS
152382,115966,FOLLOWS
152449,346762,FOLLOWS
152449,676184,FOLLOWS
152449,518653,FOLLOWS
152500,82524,FOLLOWS
152714,544854,FOLLOWS
152805,153045,FOLLOWS
152826,273342,FOLLOWS
152826,476685,FOLLOWS
152927,177889,FOLLOWS
152940,115850,FOLLOWS
153012,6597,FOLLOWS
153012,667784,FOLLOWS
153020,766327,FOLLOWS
153045,121012,FOLLOWS
153045,152805,FOLLOWS
153045,310681,FOLLOWS
153069,1000399,FOLLOWS
153069,62829,FOLLOWS
153069,697581,FOLLOWS
153069,793952,FOLLOWS
153069,491021,FOLLOWS
153101,422170,FOLLOWS
153101,76899,FOLLOWS
153129,115329,FOLLOWS
153129,82955,FOLLOWS
153129,201919,FOLLOWS
153129,560573,FOLLOWS
153129,164360,FOLLOWS
153175,346652,FOLLOWS
153218,128479,FOLLOWS
153218,799301,FOLLOWS
153231,357459,FOLLOWS
153267,310789,FOLLOWS
153267,783344,FOLLOWS
153723,225499,FOLLOWS
153789,18111,FOLLOWS
153789,135909,FOLLOWS
153789,235765,FOLLOWS
153789,270325,FOLLOWS
153789,411436,FOLLOWS
153789,1484690,FOLLOWS
153916,163120,FOLLOWS
153939,495949,FOLLOWS
153939,23348,FOLLOWS
153939,231669,FOLLOWS
153939,644343,FOLLOWS
153955,839742,FOLLOWS
154044,85258,FOLLOWS
154044,542532,FOLLOWS
154044,105284,FOLLOWS
154134,155091,FOLLOWS
154151,404445,FOLLOWS
154151,570934,FOLLOWS
154151,212496,FOLLOWS
154177,503881,FOLLOWS
154191,467719,FOLLOWS
154191,467786,FOLLOWS
154191,770406,FOLLOWS
154191,199976,FOLLOWS
154198,386422,FOLLOWS
154198,1072218,FOLLOWS
154212,371050,FOLLOWS
154212,712331,FOLLOWS
154244,23645,FOLLOWS
154244,58497,FOLLOWS
154268,78147,FOLLOWS
154268,201479,FOLLOWS
154321,1003209,FOLLOWS
154321,414091,FOLLOWS
154321,599785,FOLLOWS
154335,284512,FOLLOWS
154335,757710,FOLLOWS
154335,195371,FOLLOWS
154452,75033,FOLLOWS
154452,24379,FOLLOWS
154452,229570,FOLLOWS
154624,60324,FOLLOWS
154728,122801,FOLLOWS
154821,751012,FOLLOWS
155001,448951,FOLLOWS
155091,515671,FOLLOWS
155135,385419,FOLLOWS
155135,800290,FOLLOWS
155150,294996,FOLLOWS
155199,1004284,FOLLOWS
155199,22103,FOLLOWS
155234,767668,FOLLOWS
155234,786786,FOLLOWS
155349,34762,FOLLOWS
155349,246954,FOLLOWS
155349,344311,FOLLOWS
155356,582009,FOLLOWS
155356,381781,FOLLOWS
155356,1005620,FOLLOWS
155356,1005624,FOLLOWS
155356,1005651,FOLLOWS
155356,1005656,FOLLOWS
155356,79439,FOLLOWS
155356,1005768,FOLLOWS
155356,1005792,FOLLOWS
155356,700237,FOLLOWS
155356,1005913,FOLLOWS
155356,337903,FOLLOWS
155375,133788,FOLLOWS
155613,1005164,FOLLOWS
155627,197780,FOLLOWS
155639,692921,FOLLOWS
155646,209264,FOLLOWS
155665,235913,FOLLOWS
155665,1006789,FOLLOWS
155665,796492,FOLLOWS
155665,403682,FOLLOWS
155665,911041,FOLLOWS
155665,403506,FOLLOWS
155665,161368,FOLLOWS
155665,430965,FOLLOWS
155665,313002,FOLLOWS
155665,916265,FOLLOWS
155665,714068,FOLLOWS
155665,699127,FOLLOWS
155665,481583,FOLLOWS
155743,1006319,FOLLOWS
155766,459478,FOLLOWS
155766,661036,FOLLOWS
156014,148131,FOLLOWS
156102,56902,FOLLOWS
156142,124589,FOLLOWS
156142,402290,FOLLOWS
156161,129535,FOLLOWS
156161,512430,FOLLOWS
156161,108952,FOLLOWS
156161,382545,FOLLOWS
156178,121548,FOLLOWS
156178,536384,FOLLOWS
156231,110268,FOLLOWS
156231,110190,FOLLOWS
156231,672984,FOLLOWS
156231,317442,FOLLOWS
156231,580124,FOLLOWS
156231,252662,FOLLOWS
156231,160678,FOLLOWS
156787,276661,FOLLOWS
156935,33325,FOLLOWS
156935,114565,FOLLOWS
156935,684275,FOLLOWS
156949,85692,FOLLOWS
157014,647647,FOLLOWS
157084,807378,FOLLOWS
157111,10370,FOLLOWS
157111,658956,FOLLOWS
157111,429850,FOLLOWS
157293,127597,FOLLOWS
157308,771987,FOLLOWS
157308,727379,FOLLOWS
157324,212602,FOLLOWS
157324,940909,FOLLOWS
157324,674251,FOLLOWS
157335,495694,FOLLOWS
157335,475796,FOLLOWS
157533,174090,FOLLOWS
157535,146267,FOLLOWS
157535,174090,FOLLOWS
157535,333069,FOLLOWS
157571,301051,FOLLOWS
157571,341867,FOLLOWS
157662,341766,FOLLOWS
157707,1010400,FOLLOWS
157707,490140,FOLLOWS
157799,78070,FOLLOWS
157799,507764,FOLLOWS
157822,518731,FOLLOWS
157829,546922,FOLLOWS
157829,845712,FOLLOWS
157879,158728,FOLLOWS
157879,547683,FOLLOWS
157895,203117,FOLLOWS
157895,981934,FOLLOWS
157895,161631,FOLLOWS
157895,163649,FOLLOWS
157911,333098,FOLLOWS
158050,475226,FOLLOWS
158050,557660,FOLLOWS
158143,488840,FOLLOWS
158232,45200,FOLLOWS
158246,325647,FOLLOWS
158246,355727,FOLLOWS
158395,147637,FOLLOWS
158403,9142,FOLLOWS
158429,399964,FOLLOWS
158429,790662,FOLLOWS
158429,201332,FOLLOWS
158429,201479,FOLLOWS
158452,282694,FOLLOWS
158452,210515,FOLLOWS
158452,275744,FOLLOWS
158483,701001,FOLLOWS
158496,190547,FOLLOWS
158496,659313,FOLLOWS
158637,643438,FOLLOWS
158685,431969,FOLLOWS
158685,738893,FOLLOWS
158728,43681,FOLLOWS
158728,157879,FOLLOWS
158787,158781,FOLLOWS
158787,395973,FOLLOWS
158791,262055,FOLLOWS
158822,50849,FOLLOWS
158876,136680,FOLLOWS
158876,285808,FOLLOWS
158959,59809,FOLLOWS
158959,396472,FOLLOWS
159062,702001,FOLLOWS
159157,794293,FOLLOWS
159191,363260,FOLLOWS
159191,479997,FOLLOWS
159219,74238,FOLLOWS
159225,402397,FOLLOWS
159225,80855,FOLLOWS
159225,109210,FOLLOWS
159262,15396,FOLLOWS
159262,1013502,FOLLOWS
159271,547805,FOLLOWS
159271,1014079,FOLLOWS
159310,242408,FOLLOWS
159310,443534,FOLLOWS
159310,46335,FOLLOWS
159383,912976,FOLLOWS
159490,83870,FOLLOWS
159623,369785,FOLLOWS
159623,348461,FOLLOWS
159623,1014509,FOLLOWS
159623,214648,FOLLOWS
159623,490588,FOLLOWS
159675,527276,FOLLOWS
159748,305873,FOLLOWS
159748,311941,FOLLOWS
159822,342634,FOLLOWS
159925,158349,FOLLOWS
159925,255682,FOLLOWS
159925,174158,FOLLOWS
160055,522182,FOLLOWS
160075,513061,FOLLOWS
160075,557357,FOLLOWS
160101,500154,FOLLOWS
160154,115421,FOLLOWS
160378,100706,FOLLOWS
160470,1016183,FOLLOWS
160470,149136,FOLLOWS
160470,774894,FOLLOWS
160498,225499,FOLLOWS
160576,435080,FOLLOWS
160576,66091,FOLLOWS
160576,478412,FOLLOWS
160614,187686,FOLLOWS
160858,266863,FOLLOWS
160858,61309,FOLLOWS
160980,149677,FOLLOWS
160980,361553,FOLLOWS
160986,127617,FOLLOWS
160990,514350,FOLLOWS
161034,252986,FOLLOWS
161034,422354,FOLLOWS
161034,444807,FOLLOWS
161034,578392,FOLLOWS
161034,753926,FOLLOWS
161368,235913,FOLLOWS
161399,473385,FOLLOWS
161438,121548,FOLLOWS
161438,491309,FOLLOWS
161477,246534,FOLLOWS
161477,602180,FOLLOWS
161477,732203,FOLLOWS
161510,594770,FOLLOWS
161514,204023,FOLLOWS
161631,189203,FOLLOWS
161631,641847,FOLLOWS
161631,688025,FOLLOWS
161661,55690,FOLLOWS
161717,162220,FOLLOWS
161778,161910,FOLLOWS
161804,61241,FOLLOWS
161980,549823,FOLLOWS
162012,330569,FOLLOWS
162012,445694,FOLLOWS
162055,684155,FOLLOWS
162077,193302,FOLLOWS
162077,333069,FOLLOWS
162077,681801,FOLLOWS
162122,240842,FOLLOWS
162178,104231,FOLLOWS
162178,9155,FOLLOWS
162245,703681,FOLLOWS
162267,7491,FOLLOWS
162277,7491,FOLLOWS
162277,1019561,FOLLOWS
162277,1019557,FOLLOWS
162277,1019452,FOLLOWS
162279,7491,FOLLOWS
162279,123749,FOLLOWS
162279,564869,FOLLOWS
162279,548271,FOLLOWS
162279,210026,FOLLOWS
162342,268886,FOLLOWS
162342,584139,FOLLOWS
162433,7491,FOLLOWS
162464,264350,FOLLOWS
162464,1020501,FOLLOWS
162497,13802,FOLLOWS
162591,849491,FOLLOWS
162591,329566,FOLLOWS
162591,113930,FOLLOWS
162746,162839,FOLLOWS
162746,855630,FOLLOWS
162786,7536,FOLLOWS
162786,19567,FOLLOWS
162786,589260,FOLLOWS
162839,162746,FOLLOWS
162839,418986,FOLLOWS
162918,930990,FOLLOWS
162936,57461,FOLLOWS
162936,930228,FOLLOWS
162936,660897,FOLLOWS
162967,151991,FOLLOWS
162967,696728,FOLLOWS
162967,129661,FOLLOWS
162967,66351,FOLLOWS
163120,437809,FOLLOWS
163151,894023,FOLLOWS
163213,1469538,FOLLOWS
163306,11672,FOLLOWS
163306,302232,FOLLOWS
163306,193363,FOLLOWS
163329,561529,FOLLOWS
163335,297598,FOLLOWS
163335,478910,FOLLOWS
163335,1024025,FOLLOWS
163556,146267,FOLLOWS
163556,255154,FOLLOWS
163649,500154,FOLLOWS
163649,550580,FOLLOWS
163795,44903,FOLLOWS
163819,1023252,FOLLOWS
163823,338622,FOLLOWS
163874,683317,FOLLOWS
163906,655693,FOLLOWS
163906,1026711,FOLLOWS
164088,728108,FOLLOWS
164088,448343,FOLLOWS
164088,108588,FOLLOWS
164141,433431,FOLLOWS
164166,600968,FOLLOWS
164166,1426564,FOLLOWS
164181,35022,FOLLOWS
164228,161514,FOLLOWS
164228,204023,FOLLOWS
164228,206374,FOLLOWS
164228,92458,FOLLOWS
164269,571028,FOLLOWS
164269,211118,FOLLOWS
164269,1024928,FOLLOWS
164317,1025106,FOLLOWS
164331,461047,FOLLOWS
164348,177584,FOLLOWS
164360,153129,FOLLOWS
164360,777703,FOLLOWS
164360,785681,FOLLOWS
164374,449413,FOLLOWS
164374,1025159,FOLLOWS
164396,111282,FOLLOWS
164448,90964,FOLLOWS
164468,194928,FOLLOWS
164533,1248522,FOLLOWS
164586,364926,FOLLOWS
164648,956720,FOLLOWS
164685,660701,FOLLOWS
164756,482399,FOLLOWS
164756,455996,FOLLOWS
164769,100659,FOLLOWS
164773,799544,FOLLOWS
164773,544277,FOLLOWS
164889,129539,FOLLOWS
164933,469884,FOLLOWS
164933,427204,FOLLOWS
164946,256751,FOLLOWS
164946,641705,FOLLOWS
165008,165080,FOLLOWS
165008,214581,FOLLOWS
165030,1117271,FOLLOWS
165072,7684,FOLLOWS
165072,855775,FOLLOWS
165080,60486,FOLLOWS
165080,100109,FOLLOWS
165080,165008,FOLLOWS
165080,190339,FOLLOWS
165080,698406,FOLLOWS
165080,166014,FOLLOWS
165097,187798,FOLLOWS
165097,330633,FOLLOWS
165097,935423,FOLLOWS
165132,7684,FOLLOWS
165138,7684,FOLLOWS
165138,317907,FOLLOWS
165355,181485,FOLLOWS
165367,507214,FOLLOWS
165391,728528,FOLLOWS
165391,88798,FOLLOWS
165401,15146,FOLLOWS
165547,287554,FOLLOWS
165610,1027984,FOLLOWS
165650,160055,FOLLOWS
165719,57959,FOLLOWS
165719,659224,FOLLOWS
165762,598942,FOLLOWS
165762,193277,FOLLOWS
165786,129731,FOLLOWS
165787,137437,FOLLOWS
165787,190472,FOLLOWS
165787,141486,FOLLOWS
165787,401575,FOLLOWS
165787,185526,FOLLOWS
165851,624364,FOLLOWS
165954,482715,FOLLOWS
165954,1020046,FOLLOWS
165954,324399,FOLLOWS
165954,600583,FOLLOWS
165954,305202,FOLLOWS
165954,322224,FOLLOWS
165954,221454,FOLLOWS
165954,947834,FOLLOWS
165996,31330,FOLLOWS
166014,218395,FOLLOWS
166014,805202,FOLLOWS
166014,550580,FOLLOWS
166050,342875,FOLLOWS
166076,258836,FOLLOWS
166076,351753,FOLLOWS
166079,162591,FOLLOWS
166079,593740,FOLLOWS
166140,7684,FOLLOWS
166140,618177,FOLLOWS
166248,7684,FOLLOWS
166248,277925,FOLLOWS
166299,335331,FOLLOWS
166299,320983,FOLLOWS
166310,343393,FOLLOWS
166310,582868,FOLLOWS
166310,398875,FOLLOWS
166323,1028890,FOLLOWS
166323,228080,FOLLOWS
166323,1029742,FOLLOWS
166352,832920,FOLLOWS
166352,1029640,FOLLOWS
166352,495719,FOLLOWS
166352,340362,FOLLOWS
166352,20882,FOLLOWS
166412,408902,FOLLOWS
166629,14885,FOLLOWS
166629,414152,FOLLOWS
166629,594129,FOLLOWS
166646,35515,FOLLOWS
166675,480426,FOLLOWS
166675,92458,FOLLOWS
166675,826902,FOLLOWS
166675,490588,FOLLOWS
166675,277322,FOLLOWS
166675,505407,FOLLOWS
166675,689042,FOLLOWS
166698,417201,FOLLOWS
166698,415954,FOLLOWS
166775,63393,FOLLOWS
166775,64634,FOLLOWS
166775,160055,FOLLOWS
166802,931242,FOLLOWS
166845,398875,FOLLOWS
166845,932827,FOLLOWS
166960,69706,FOLLOWS
166960,70905,FOLLOWS
166960,304924,FOLLOWS
166960,465178,FOLLOWS
166993,909721,FOLLOWS
166993,394891,FOLLOWS
166993,907626,FOLLOWS
166993,98407,FOLLOWS
166993,547497,FOLLOWS
166993,391469,FOLLOWS
167068,55235,FOLLOWS
167068,77584,FOLLOWS
167068,83182,FOLLOWS
167068,169167,FOLLOWS
167120,110220,FOLLOWS
167120,547507,FOLLOWS
167152,11627,FOLLOWS
167152,1032114,FOLLOWS
167177,114067,FOLLOWS
167229,143921,FOLLOWS
167294,496331,FOLLOWS
167320,75671,FOLLOWS
167320,249882,FOLLOWS
167371,7305,FOLLOWS
167407,167014,FOLLOWS
167407,520678,FOLLOWS
167514,227492,FOLLOWS
167555,286784,FOLLOWS
167555,424239,FOLLOWS
167555,640531,FOLLOWS
167555,1150281,FOLLOWS
167555,1311547,FOLLOWS
167575,125612,FOLLOWS
167575,83975,FOLLOWS
167605,60518,FOLLOWS
167605,216082,FOLLOWS
167605,859960,FOLLOWS
167605,216416,FOLLOWS
167692,257962,FOLLOWS
167699,1019880,FOLLOWS
167703,929577,FOLLOWS
167703,799309,FOLLOWS
167703,512962,FOLLOWS
167703,280591,FOLLOWS
167766,279206,FOLLOWS
167784,937592,FOLLOWS
167784,418951,FOLLOWS
167811,601569,FOLLOWS
167873,831273,FOLLOWS
167884,304924,FOLLOWS
167884,305946,FOLLOWS
167913,892135,FOLLOWS
167913,1034038,FOLLOWS
167913,305244,FOLLOWS
167913,390548,FOLLOWS
167913,497348,FOLLOWS
167913,480098,FOLLOWS
167913,516948,FOLLOWS
167913,52362,FOLLOWS
167913,1034114,FOLLOWS
167913,1033057,FOLLOWS
167913,1034139,FOLLOWS
167913,1034146,FOLLOWS
167913,277925,FOLLOWS
167913,775276,FOLLOWS
167913,331683,FOLLOWS
167913,1034178,FOLLOWS
167913,604424,FOLLOWS
167913,711335,FOLLOWS
167913,708439,FOLLOWS
167913,109909,FOLLOWS
167913,420978,FOLLOWS
167913,776980,FOLLOWS
167913,682282,FOLLOWS
167955,161631,FOLLOWS
167993,505105,FOLLOWS
167993,640531,FOLLOWS
168193,577366,FOLLOWS
168246,190667,FOLLOWS
168297,203357,FOLLOWS
168297,602148,FOLLOWS
168337,373169,FOLLOWS
168405,338875,FOLLOWS
168405,788726,FOLLOWS
168531,108875,FOLLOWS
168531,115327,FOLLOWS
168531,199117,FOLLOWS
168531,217943,FOLLOWS
168531,361553,FOLLOWS
168531,397523,FOLLOWS
168531,450726,FOLLOWS
168584,38256,FOLLOWS
168584,54754,FOLLOWS
168584,495269,FOLLOWS
168584,635564,FOLLOWS
168584,157917,FOLLOWS
168584,925793,FOLLOWS
168608,66761,FOLLOWS
168608,146021,FOLLOWS
168608,389739,FOLLOWS
168609,173803,FOLLOWS
168737,818861,FOLLOWS
168795,325790,FOLLOWS
168890,438583,FOLLOWS
168949,713183,FOLLOWS
168972,1025176,FOLLOWS
169006,572923,FOLLOWS
169006,205318,FOLLOWS
169061,637265,FOLLOWS
169120,230591,FOLLOWS
169120,1118649,FOLLOWS
169167,864777,FOLLOWS
169218,23333,FOLLOWS
169218,366057,FOLLOWS
169233,894914,FOLLOWS
169279,26310,FOLLOWS
169377,105995,FOLLOWS
169377,589664,FOLLOWS
169377,593740,FOLLOWS
169412,541992,FOLLOWS
169441,989562,FOLLOWS
169462,11645,FOLLOWS
169462,20987,FOLLOWS
169462,73906,FOLLOWS
169462,87812,FOLLOWS
169462,110034,FOLLOWS
169462,192931,FOLLOWS
169462,468430,FOLLOWS
169462,470186,FOLLOWS
169462,915877,FOLLOWS
169462,297752,FOLLOWS
169462,639966,FOLLOWS
169530,776980,FOLLOWS
169599,801638,FOLLOWS
169667,91009,FOLLOWS
169667,122282,FOLLOWS
169667,215742,FOLLOWS
169667,383343,FOLLOWS
169678,422540,FOLLOWS
169742,358660,FOLLOWS
169747,602441,FOLLOWS
169747,272591,FOLLOWS
169747,485674,FOLLOWS
169747,275371,FOLLOWS
169747,405017,FOLLOWS
169752,612602,FOLLOWS
169765,608345,FOLLOWS
169770,734635,FOLLOWS
169813,462397,FOLLOWS
169928,105295,FOLLOWS
170027,755397,FOLLOWS
170027,1361393,FOLLOWS
170050,38029,FOLLOWS
170050,93974,FOLLOWS
170050,237686,FOLLOWS
170089,432862,FOLLOWS
170089,256000,FOLLOWS
170171,136154,FOLLOWS
170521,8924,FOLLOWS
170521,87208,FOLLOWS
170521,94349,FOLLOWS
170521,143605,FOLLOWS
170521,250994,FOLLOWS
170522,78969,FOLLOWS
170522,11446,FOLLOWS
170674,195451,FOLLOWS
170674,484642,FOLLOWS
170674,382182,FOLLOWS
170776,723515,FOLLOWS
170776,1042104,FOLLOWS
170776,163593,FOLLOWS
170836,411333,FOLLOWS
171067,536841,FOLLOWS
171067,76873,FOLLOWS
171067,341932,FOLLOWS
171099,49286,FOLLOWS
171099,498346,FOLLOWS
171302,857004,FOLLOWS
171361,104604,FOLLOWS
171361,335290,FOLLOWS
171361,247372,FOLLOWS
171361,354058,FOLLOWS
171361,562218,FOLLOWS
171423,1554271,FOLLOWS
171447,1171467,FOLLOWS
171524,320590,FOLLOWS
171524,361433,FOLLOWS
171524,429517,FOLLOWS
171524,529231,FOLLOWS
171609,843533,FOLLOWS
171646,117036,FOLLOWS
171646,909011,FOLLOWS
171646,279932,FOLLOWS
171646,238111,FOLLOWS
171661,228486,FOLLOWS
171845,125630,FOLLOWS
171845,737333,FOLLOWS
171917,268786,FOLLOWS
172002,319608,FOLLOWS
172012,57197,FOLLOWS
172012,1044743,FOLLOWS
172012,489457,FOLLOWS
172012,487618,FOLLOWS
172121,230020,FOLLOWS
172121,731523,FOLLOWS
172121,897242,FOLLOWS
172121,175302,FOLLOWS
172244,141281,FOLLOWS
172244,846772,FOLLOWS
172277,490072,FOLLOWS
172288,717666,FOLLOWS
172288,172348,FOLLOWS
172348,31570,FOLLOWS
172348,81243,FOLLOWS
172348,153723,FOLLOWS
172348,172288,FOLLOWS
172348,222765,FOLLOWS
172348,244638,FOLLOWS
172348,261166,FOLLOWS
172348,310868,FOLLOWS
172348,319715,FOLLOWS
172348,359549,FOLLOWS
172348,431261,FOLLOWS
172348,533824,FOLLOWS
172444,130173,FOLLOWS
172444,356422,FOLLOWS
172444,753914,FOLLOWS
172444,249345,FOLLOWS
172444,173055,FOLLOWS
172579,112004,FOLLOWS
172579,149970,FOLLOWS
172586,20522,FOLLOWS
172666,1039244,FOLLOWS
172738,391065,FOLLOWS
172748,686471,FOLLOWS
172748,886038,FOLLOWS
172748,489317,FOLLOWS
172748,66981,FOLLOWS
172777,599367,FOLLOWS
172856,7531,FOLLOWS
172856,94272,FOLLOWS
172856,536841,FOLLOWS
172856,256924,FOLLOWS
172856,519579,FOLLOWS
172856,11195,FOLLOWS
172908,276111,FOLLOWS
172908,280133,FOLLOWS
172955,234910,FOLLOWS
172955,265557,FOLLOWS
172955,324635,FOLLOWS
172955,356573,FOLLOWS
172955,391743,FOLLOWS
172955,403408,FOLLOWS
172955,540346,FOLLOWS
172955,543392,FOLLOWS
172955,597050,FOLLOWS
172955,606851,FOLLOWS
172955,654972,FOLLOWS
172955,700113,FOLLOWS
172955,719755,FOLLOWS
172955,844312,FOLLOWS
172955,905468,FOLLOWS
172955,962949,FOLLOWS
172962,548142,FOLLOWS
172962,865646,FOLLOWS
172962,270169,FOLLOWS
172998,86602,FOLLOWS
172998,434034,FOLLOWS
173055,172444,FOLLOWS
173055,211261,FOLLOWS
173055,425862,FOLLOWS
173145,725229,FOLLOWS
173145,1276870,FOLLOWS
173247,238292,FOLLOWS
173278,558030,FOLLOWS
173278,525015,FOLLOWS
173502,316341,FOLLOWS
173540,223357,FOLLOWS
173540,352716,FOLLOWS
173540,570756,FOLLOWS
173540,614836,FOLLOWS
173633,450726,FOLLOWS
173635,69706,FOLLOWS
173635,70905,FOLLOWS
173635,141381,FOLLOWS
173635,370168,FOLLOWS
173635,149136,FOLLOWS
173803,949923,FOLLOWS
173803,421930,FOLLOWS
173878,723237,FOLLOWS
173878,456288,FOLLOWS
173878,842710,FOLLOWS
173878,122734,FOLLOWS
173895,663208,FOLLOWS
174045,343424,FOLLOWS
174045,893685,FOLLOWS
174090,48578,FOLLOWS
174090,430657,FOLLOWS
174090,157533,FOLLOWS
174090,157535,FOLLOWS
174101,400220,FOLLOWS
174101,399197,FOLLOWS
174101,367975,FOLLOWS
174101,277921,FOLLOWS
174107,125120,FOLLOWS
174107,759556,FOLLOWS
174107,1049646,FOLLOWS
174107,1049715,FOLLOWS
174158,158478,FOLLOWS
174158,1050173,FOLLOWS
174216,104779,FOLLOWS
174268,73792,FOLLOWS
174327,682547,FOLLOWS
174371,339764,FOLLOWS
174407,1331471,FOLLOWS
174408,278101,FOLLOWS
174408,674556,FOLLOWS
174411,913273,FOLLOWS
174458,145662,FOLLOWS
174458,483571,FOLLOWS
174458,754364,FOLLOWS
174458,197940,FOLLOWS
174480,897415,FOLLOWS
174653,20987,FOLLOWS
174653,50484,FOLLOWS
174653,198630,FOLLOWS
174653,607350,FOLLOWS
174653,706730,FOLLOWS
174799,102444,FOLLOWS
174799,377131,FOLLOWS
174799,296455,FOLLOWS
174834,359341,FOLLOWS
174856,208274,FOLLOWS
174856,310524,FOLLOWS
174856,403141,FOLLOWS
175038,562730,FOLLOWS
175042,223549,FOLLOWS
175123,744943,FOLLOWS
175167,31008,FOLLOWS
175183,709359,FOLLOWS
175183,1031796,FOLLOWS
175183,984440,FOLLOWS
175183,424294,FOLLOWS
175183,1986,FOLLOWS
175264,48674,FOLLOWS
175264,241294,FOLLOWS
175302,918753,FOLLOWS
175343,419696,FOLLOWS
175343,653488,FOLLOWS
175372,78999,FOLLOWS
175372,174933,FOLLOWS
175372,649437,FOLLOWS
175372,318548,FOLLOWS
175447,92473,FOLLOWS
175457,161477,FOLLOWS
175457,74430,FOLLOWS
175570,151487,FOLLOWS
175570,835847,FOLLOWS
175571,186862,FOLLOWS
175610,121092,FOLLOWS
175610,91804,FOLLOWS
175636,206521,FOLLOWS
176136,282454,FOLLOWS
176136,1051359,FOLLOWS
176136,170027,FOLLOWS
176246,473502,FOLLOWS
176262,848652,FOLLOWS
176262,895309,FOLLOWS
176269,841777,FOLLOWS
176269,1055088,FOLLOWS
176269,410297,FOLLOWS
176269,426618,FOLLOWS
176523,184340,FOLLOWS
176523,314073,FOLLOWS
176601,108847,FOLLOWS
176601,123198,FOLLOWS
176714,294788,FOLLOWS
176755,319263,FOLLOWS
176777,210114,FOLLOWS
176781,41732,FOLLOWS
176864,482437,FOLLOWS
176916,873216,FOLLOWS
176968,608251,FOLLOWS
176979,261461,FOLLOWS
176979,432531,FOLLOWS
176986,24890,FOLLOWS
176986,374676,FOLLOWS
177038,315812,FOLLOWS
177052,299486,FOLLOWS
177059,134437,FOLLOWS
177059,6136,FOLLOWS
177180,433816,FOLLOWS
177219,114833,FOLLOWS
177246,69706,FOLLOWS
177276,71834,FOLLOWS
177288,84285,FOLLOWS
177288,83598,FOLLOWS
177288,591311,FOLLOWS
177288,722732,FOLLOWS
177288,571341,FOLLOWS
177288,239059,FOLLOWS
177288,422877,FOLLOWS
177288,322923,FOLLOWS
177368,189280,FOLLOWS
177556,104403,FOLLOWS
177556,177562,FOLLOWS
177556,177565,FOLLOWS
177556,533044,FOLLOWS
177562,104403,FOLLOWS
177565,104403,FOLLOWS
177565,177556,FOLLOWS
177565,111943,FOLLOWS
177584,94746,FOLLOWS
177584,96765,FOLLOWS
177584,164348,FOLLOWS
177595,137618,FOLLOWS
177595,24713,FOLLOWS
177595,33130,FOLLOWS
177599,876493,FOLLOWS
177752,338757,FOLLOWS
177752,709385,FOLLOWS
177752,811584,FOLLOWS
177762,680218,FOLLOWS
177763,108111,FOLLOWS
177763,439040,FOLLOWS
177763,445647,FOLLOWS
177763,649919,FOLLOWS
177918,253738,FOLLOWS
177956,695672,FOLLOWS
177985,264573,FOLLOWS
177985,373997,FOLLOWS
178007,1066705,FOLLOWS
178062,99757,FOLLOWS
178062,461111,FOLLOWS
178062,32972,FOLLOWS
178095,83646,FOLLOWS
178159,146498,FOLLOWS
178159,146580,FOLLOWS
178159,352092,FOLLOWS
178161,138341,FOLLOWS
178161,178310,FOLLOWS
178251,229627,FOLLOWS
178251,240209,FOLLOWS
178284,178387,FOLLOWS
178284,566676,FOLLOWS
178284,620413,FOLLOWS
178284,1060475,FOLLOWS
178310,146580,FOLLOWS
178330,120207,FOLLOWS
178330,311347,FOLLOWS
178330,920743,FOLLOWS
178387,466098,FOLLOWS
178387,178284,FOLLOWS
178387,1060475,FOLLOWS
178414,16254,FOLLOWS
178414,80817,FOLLOWS
178414,102218,FOLLOWS
178500,556632,FOLLOWS
178500,513995,FOLLOWS
178500,639495,FOLLOWS
178500,481436,FOLLOWS
178500,238042,FOLLOWS
178500,24953,FOLLOWS
178500,8594,FOLLOWS
178752,157838,FOLLOWS
178752,203403,FOLLOWS
178853,33461,FOLLOWS
178853,208041,FOLLOWS
178853,1061520,FOLLOWS
178853,613900,FOLLOWS
178853,691418,FOLLOWS
178853,1061504,FOLLOWS
178853,653517,FOLLOWS
178868,20805,FOLLOWS
178910,7926,FOLLOWS
178914,61257,FOLLOWS
178973,658687,FOLLOWS
178982,50717,FOLLOWS
178984,127969,FOLLOWS
178984,52282,FOLLOWS
179053,625764,FOLLOWS
179107,95492,FOLLOWS
179107,95433,FOLLOWS
179204,104694,FOLLOWS
179204,605247,FOLLOWS
179407,329582,FOLLOWS
179407,97589,FOLLOWS
179477,785108,FOLLOWS
179522,121092,FOLLOWS
179522,433301,FOLLOWS
179576,7891,FOLLOWS
179597,203781,FOLLOWS
179597,1301373,FOLLOWS
179606,376064,FOLLOWS
179606,513667,FOLLOWS
179615,451706,FOLLOWS
179615,345958,FOLLOWS
179623,122385,FOLLOWS
179738,238460,FOLLOWS
179738,11497,FOLLOWS
179823,22465,FOLLOWS
179823,183952,FOLLOWS
179852,28257,FOLLOWS
179885,390105,FOLLOWS
179885,57085,FOLLOWS
179885,1063511,FOLLOWS
179889,211959,FOLLOWS
179889,1063738,FOLLOWS
179889,478928,FOLLOWS
179889,1062758,FOLLOWS
179985,801729,FOLLOWS
179985,464275,FOLLOWS
179990,585091,FOLLOWS
179990,406180,FOLLOWS
179990,667996,FOLLOWS
179990,690711,FOLLOWS
180031,58568,FOLLOWS
180031,138166,FOLLOWS
180031,301447,FOLLOWS
180031,701794,FOLLOWS
180165,490359,FOLLOWS
180165,24623,FOLLOWS
180165,936989,FOLLOWS
180180,194118,FOLLOWS
180314,7891,FOLLOWS
180314,570691,FOLLOWS
180314,290664,FOLLOWS
180397,7891,FOLLOWS
180397,73170,FOLLOWS
180397,500336,FOLLOWS
180442,580236,FOLLOWS
180442,365335,FOLLOWS
180442,217575,FOLLOWS
180451,283941,FOLLOWS
180468,460854,FOLLOWS
180468,842742,FOLLOWS
180468,665271,FOLLOWS
180468,611496,FOLLOWS
180468,849777,FOLLOWS
180549,263246,FOLLOWS
180552,227086,FOLLOWS
180560,116068,FOLLOWS
180560,238360,FOLLOWS
180562,501315,FOLLOWS
180577,1551549,FOLLOWS
180747,172962,FOLLOWS
180747,865646,FOLLOWS
180747,342975,FOLLOWS
180791,298060,FOLLOWS
180791,302465,FOLLOWS
180791,738773,FOLLOWS
180791,770109,FOLLOWS
180791,1094738,FOLLOWS
180809,1065448,FOLLOWS
180904,294413,FOLLOWS
180904,532923,FOLLOWS
180904,885583,FOLLOWS
180904,374218,FOLLOWS
181063,195329,FOLLOWS
181068,181192,FOLLOWS
181132,413401,FOLLOWS
181132,909011,FOLLOWS
181167,1066014,FOLLOWS
181167,90182,FOLLOWS
181167,105682,FOLLOWS
181177,56902,FOLLOWS
181177,320130,FOLLOWS
181177,72986,FOLLOWS
181177,313117,FOLLOWS
181188,181192,FOLLOWS
181232,106893,FOLLOWS
181232,699478,FOLLOWS
181232,214691,FOLLOWS
181305,50484,FOLLOWS
181305,314265,FOLLOWS
181305,816711,FOLLOWS
181448,1474311,FOLLOWS
181485,165355,FOLLOWS
181557,431358,FOLLOWS
181557,594158,FOLLOWS
181557,381364,FOLLOWS
181557,646860,FOLLOWS
181722,210893,FOLLOWS
181722,388397,FOLLOWS
181770,183589,FOLLOWS
181791,151462,FOLLOWS
181829,1067650,FOLLOWS
181914,49493,FOLLOWS
182018,13882,FOLLOWS
182018,182177,FOLLOWS
182105,415265,FOLLOWS
182105,218353,FOLLOWS
182133,143898,FOLLOWS
182177,206360,FOLLOWS
182214,307464,FOLLOWS
182237,475937,FOLLOWS
182305,38094,FOLLOWS
182305,206492,FOLLOWS
182305,287162,FOLLOWS
182305,500698,FOLLOWS
182374,333069,FOLLOWS
182374,783355,FOLLOWS
182624,8376,FOLLOWS
182684,269927,FOLLOWS
182695,683279,FOLLOWS
182695,198214,FOLLOWS
182732,249390,FOLLOWS
182732,306335,FOLLOWS
182742,266439,FOLLOWS
182757,685955,FOLLOWS
182789,284146,FOLLOWS
182794,438751,FOLLOWS
182794,221870,FOLLOWS
182808,344662,FOLLOWS
182821,265557,FOLLOWS
182865,263575,FOLLOWS
182865,1069278,FOLLOWS
182899,2446,FOLLOWS
182973,230139,FOLLOWS
182973,953651,FOLLOWS
182973,262077,FOLLOWS
182985,334703,FOLLOWS
183048,195760,FOLLOWS
183083,183141,FOLLOWS
183083,183084,FOLLOWS
183083,524665,FOLLOWS
183083,844255,FOLLOWS
183084,61148,FOLLOWS
183084,618032,FOLLOWS
183095,840065,FOLLOWS
183095,933865,FOLLOWS
183095,1069304,FOLLOWS
183141,922956,FOLLOWS
183141,183083,FOLLOWS
183141,817151,FOLLOWS
183141,751660,FOLLOWS
183141,621145,FOLLOWS
183141,938990,FOLLOWS
183141,282623,FOLLOWS
183201,423369,FOLLOWS
183201,401323,FOLLOWS
183372,8422,FOLLOWS
183394,8422,FOLLOWS
183394,93255,FOLLOWS
183573,8422,FOLLOWS
183646,135992,FOLLOWS
183735,761951,FOLLOWS
183735,293931,FOLLOWS
183735,10644,FOLLOWS
183735,236669,FOLLOWS
183735,352572,FOLLOWS
183748,8422,FOLLOWS
183748,85249,FOLLOWS
183748,410213,FOLLOWS
183766,8422,FOLLOWS
183903,763236,FOLLOWS
183930,35599,FOLLOWS
183943,87544,FOLLOWS
183943,713975,FOLLOWS
183943,408748,FOLLOWS
183952,28966,FOLLOWS
183952,179823,FOLLOWS
183952,1694,FOLLOWS
183975,387139,FOLLOWS
183975,26526,FOLLOWS
183975,50888,FOLLOWS
184001,1077818,FOLLOWS
184037,377902,FOLLOWS
184040,342796,FOLLOWS
184040,599569,FOLLOWS
184040,647899,FOLLOWS
184058,49493,FOLLOWS
184139,729379,FOLLOWS
184139,133140,FOLLOWS
184139,1071424,FOLLOWS
184183,806378,FOLLOWS
184183,876069,FOLLOWS
184205,8658,FOLLOWS
184205,258837,FOLLOWS
184265,785991,FOLLOWS
184265,152113,FOLLOWS
184265,190472,FOLLOWS
184265,701042,FOLLOWS
184340,176523,FOLLOWS
184340,328767,FOLLOWS
184347,82340,FOLLOWS
184366,120686,FOLLOWS
184422,135723,FOLLOWS
184422,184714,FOLLOWS
184483,306920,FOLLOWS
184583,305633,FOLLOWS
184630,119183,FOLLOWS
184630,768032,FOLLOWS
184630,704501,FOLLOWS
184630,7932,FOLLOWS
184644,71712,FOLLOWS
184644,554563,FOLLOWS
184644,538799,FOLLOWS
184713,797290,FOLLOWS
184713,68736,FOLLOWS
184713,862999,FOLLOWS
184918,9070,FOLLOWS
184918,6236,FOLLOWS
184918,42137,FOLLOWS
184919,8295,FOLLOWS
184919,283550,FOLLOWS
184946,627715,FOLLOWS
184946,507214,FOLLOWS
185240,53521,FOLLOWS
185240,886877,FOLLOWS
185249,99613,FOLLOWS
185249,56887,FOLLOWS
185263,124497,FOLLOWS
185700,136610,FOLLOWS
185700,748701,FOLLOWS
185747,480472,FOLLOWS
185747,757017,FOLLOWS
185851,56781,FOLLOWS
185851,388438,FOLLOWS
185851,432163,FOLLOWS
185885,1007992,FOLLOWS
185904,353876,FOLLOWS
185908,113115,FOLLOWS
185908,74820,FOLLOWS
186026,391836,FOLLOWS
186109,240359,FOLLOWS
186453,1074331,FOLLOWS
186600,139111,FOLLOWS
186619,72918,FOLLOWS
186619,110178,FOLLOWS
186619,343956,FOLLOWS
186666,893833,FOLLOWS
186666,278720,FOLLOWS
186666,302347,FOLLOWS
186666,188448,FOLLOWS
186716,447749,FOLLOWS
186805,130248,FOLLOWS
186805,132242,FOLLOWS
186805,1075103,FOLLOWS
186843,55696,FOLLOWS
186862,280179,FOLLOWS
186920,187137,FOLLOWS
186967,78464,FOLLOWS
186967,183201,FOLLOWS
186967,275947,FOLLOWS
186967,355561,FOLLOWS
186967,1014109,FOLLOWS
186989,49101,FOLLOWS
186989,72399,FOLLOWS
186989,101156,FOLLOWS
187000,621046,FOLLOWS
187049,109432,FOLLOWS
187179,1075727,FOLLOWS
187179,242534,FOLLOWS
187179,57197,FOLLOWS
187179,218847,FOLLOWS
187363,385778,FOLLOWS
187363,293297,FOLLOWS
187399,861990,FOLLOWS
187490,134862,FOLLOWS
187490,11774,FOLLOWS
187490,232082,FOLLOWS
187581,17337,FOLLOWS
187596,41688,FOLLOWS
187596,563792,FOLLOWS
187596,611764,FOLLOWS
187771,103801,FOLLOWS
187771,130219,FOLLOWS
187771,747662,FOLLOWS
187771,342299,FOLLOWS
187771,417609,FOLLOWS
187798,165097,FOLLOWS
187798,534538,FOLLOWS
187798,1077279,FOLLOWS
187798,935423,FOLLOWS
187798,999812,FOLLOWS
187798,330633,FOLLOWS
187798,518653,FOLLOWS
187825,517814,FOLLOWS
187891,81438,FOLLOWS
187891,103772,FOLLOWS
187917,504795,FOLLOWS
187917,829709,FOLLOWS
188004,855033,FOLLOWS
188009,971758,FOLLOWS
188009,944850,FOLLOWS
188141,804807,FOLLOWS
188247,220853,FOLLOWS
188247,691437,FOLLOWS
188254,193049,FOLLOWS
188254,295850,FOLLOWS
188254,1077084,FOLLOWS
188254,425299,FOLLOWS
188254,467130,FOLLOWS
188351,247690,FOLLOWS
188351,335836,FOLLOWS
188434,26499,FOLLOWS
188434,59079,FOLLOWS
188434,159242,FOLLOWS
188434,262732,FOLLOWS
188434,1120295,FOLLOWS
188434,1625996,FOLLOWS
188448,8696,FOLLOWS
188448,194010,FOLLOWS
188497,8626,FOLLOWS
188557,255616,FOLLOWS
188608,422905,FOLLOWS
188672,110571,FOLLOWS
188800,314265,FOLLOWS
188800,610451,FOLLOWS
188802,64128,FOLLOWS
188893,496240,FOLLOWS
188893,339734,FOLLOWS
188912,648729,FOLLOWS
188980,504736,FOLLOWS
188980,512413,FOLLOWS
188980,212465,FOLLOWS
189026,49958,FOLLOWS
189026,351271,FOLLOWS
189026,423378,FOLLOWS
189053,997849,FOLLOWS
189053,282454,FOLLOWS
189053,470147,FOLLOWS
189053,194815,FOLLOWS
189053,376147,FOLLOWS
189104,214046,FOLLOWS
189104,1161937,FOLLOWS
189132,192057,FOLLOWS
189136,78129,FOLLOWS
189136,249808,FOLLOWS
189189,324731,FOLLOWS
189203,37019,FOLLOWS
189203,73906,FOLLOWS
189203,203117,FOLLOWS
189203,445559,FOLLOWS
189203,500154,FOLLOWS
189276,147075,FOLLOWS
189276,234910,FOLLOWS
189276,1079038,FOLLOWS
189276,1079063,FOLLOWS
189276,1079065,FOLLOWS
189276,533433,FOLLOWS
189276,446184,FOLLOWS
189276,489316,FOLLOWS
189276,484904,FOLLOWS
189280,169742,FOLLOWS
189293,37133,FOLLOWS
189304,337367,FOLLOWS
189583,86657,FOLLOWS
189583,95184,FOLLOWS
189644,110629,FOLLOWS
189644,120460,FOLLOWS
189644,714071,FOLLOWS
189762,422354,FOLLOWS
189778,220765,FOLLOWS
189779,24600,FOLLOWS
189782,381678,FOLLOWS
189782,668982,FOLLOWS
189782,602328,FOLLOWS
189782,1079717,FOLLOWS
189782,383023,FOLLOWS
189782,833306,FOLLOWS
189782,229627,FOLLOWS
189792,347008,FOLLOWS
189792,416595,FOLLOWS
189966,252986,FOLLOWS
189966,161034,FOLLOWS
189966,11255,FOLLOWS
189966,117101,FOLLOWS
190013,376575,FOLLOWS
190023,993256,FOLLOWS
190023,305843,FOLLOWS
190041,659731,FOLLOWS
190107,142175,FOLLOWS
190107,743166,FOLLOWS
190107,388451,FOLLOWS
190117,916702,FOLLOWS
190182,94110,FOLLOWS
190182,6539,FOLLOWS
190209,500255,FOLLOWS
190251,21398,FOLLOWS
190269,578629,FOLLOWS
190269,373966,FOLLOWS
190269,717251,FOLLOWS
190311,242797,FOLLOWS
190339,165080,FOLLOWS
190339,214581,FOLLOWS
190351,252826,FOLLOWS
190351,914706,FOLLOWS
190458,420255,FOLLOWS
190458,420249,FOLLOWS
190458,464002,FOLLOWS
190472,165787,FOLLOWS
190472,343915,FOLLOWS
190547,158496,FOLLOWS
190547,605119,FOLLOWS
190547,674880,FOLLOWS
190667,19288,FOLLOWS
190667,168246,FOLLOWS
190667,1443283,FOLLOWS
190756,674848,FOLLOWS
190756,737333,FOLLOWS
190756,406442,FOLLOWS
190785,40361,FOLLOWS
190785,762856,FOLLOWS
190888,593871,FOLLOWS
190888,256000,FOLLOWS
190895,692636,FOLLOWS
190895,757071,FOLLOWS
190952,397523,FOLLOWS
190975,19854,FOLLOWS
190975,19864,FOLLOWS
190975,22238,FOLLOWS
191205,37019,FOLLOWS
191205,200779,FOLLOWS
191205,68736,FOLLOWS
191205,798110,FOLLOWS
191205,852782,FOLLOWS
191205,591109,FOLLOWS
191358,47505,FOLLOWS
191358,810608,FOLLOWS
191358,8854,FOLLOWS
191466,40842,FOLLOWS
191494,925391,FOLLOWS
191494,197780,FOLLOWS
191505,40128,FOLLOWS
191505,62368,FOLLOWS
191505,207615,FOLLOWS
191505,621059,FOLLOWS
191505,65838,FOLLOWS
191505,244709,FOLLOWS
191505,383366,FOLLOWS
191520,68731,FOLLOWS
191523,312325,FOLLOWS
191523,783020,FOLLOWS
191523,977793,FOLLOWS
191531,86292,FOLLOWS
191531,813922,FOLLOWS
191690,425735,FOLLOWS
191690,731317,FOLLOWS
191749,137203,FOLLOWS
191787,1083044,FOLLOWS
191835,119606,FOLLOWS
191835,378556,FOLLOWS
191853,645487,FOLLOWS
191866,102444,FOLLOWS
191887,39074,FOLLOWS
191887,919336,FOLLOWS
191920,421400,FOLLOWS
192027,242900,FOLLOWS
192027,361434,FOLLOWS
192027,672324,FOLLOWS
192027,271611,FOLLOWS
192027,507887,FOLLOWS
192027,529231,FOLLOWS
192057,189132,FOLLOWS
192057,362303,FOLLOWS
192057,422841,FOLLOWS
192093,405520,FOLLOWS
192104,416682,FOLLOWS
192104,174933,FOLLOWS
192120,9384,FOLLOWS
192212,195938,FOLLOWS
192348,315574,FOLLOWS
192348,378681,FOLLOWS
192348,927698,FOLLOWS
192348,285526,FOLLOWS
192348,489239,FOLLOWS
192348,401306,FOLLOWS
192348,243285,FOLLOWS
192368,33160,FOLLOWS
192379,198858,FOLLOWS
192418,87881,FOLLOWS
192418,201919,FOLLOWS
192512,650273,FOLLOWS
192517,109438,FOLLOWS
192517,171646,FOLLOWS
192517,415865,FOLLOWS
192517,199117,FOLLOWS
192757,395972,FOLLOWS
192757,238833,FOLLOWS
192796,328685,FOLLOWS
192931,211327,FOLLOWS
192931,377162,FOLLOWS
192941,577899,FOLLOWS
192961,371847,FOLLOWS
192993,151462,FOLLOWS
192993,132699,FOLLOWS
192993,525367,FOLLOWS
192993,417553,FOLLOWS
192993,654095,FOLLOWS
192993,180394,FOLLOWS
192993,208809,FOLLOWS
192993,168531,FOLLOWS
193049,188254,FOLLOWS
193049,467130,FOLLOWS
193220,193459,FOLLOWS
193220,500216,FOLLOWS
193241,113750,FOLLOWS
193241,366960,FOLLOWS
193242,200230,FOLLOWS
193242,738711,FOLLOWS
193242,776386,FOLLOWS
193242,403798,FOLLOWS
193268,37470,FOLLOWS
193268,101153,FOLLOWS
193268,101156,FOLLOWS
193268,967270,FOLLOWS
193268,209805,FOLLOWS
193277,149027,FOLLOWS
193277,162203,FOLLOWS
193302,18995,FOLLOWS
193302,312485,FOLLOWS
193342,845099,FOLLOWS
193363,133983,FOLLOWS
193385,902694,FOLLOWS
193389,664014,FOLLOWS
193549,614259,FOLLOWS
193549,1054328,FOLLOWS
193568,193570,FOLLOWS
193570,193568,FOLLOWS
193570,377006,FOLLOWS
193570,216153,FOLLOWS
193620,372456,FOLLOWS
193620,523257,FOLLOWS
193721,93131,FOLLOWS
193789,1014079,FOLLOWS
193789,698767,FOLLOWS
193964,339418,FOLLOWS
193964,381199,FOLLOWS
193964,456697,FOLLOWS
193964,725789,FOLLOWS
193964,1004669,FOLLOWS
193987,179889,FOLLOWS
193987,545527,FOLLOWS
193987,859663,FOLLOWS
194010,188448,FOLLOWS
194010,1041042,FOLLOWS
194010,70128,FOLLOWS
194111,441243,FOLLOWS
194183,611715,FOLLOWS
194183,1086089,FOLLOWS
194353,72234,FOLLOWS
194384,929976,FOLLOWS
194384,551728,FOLLOWS
194384,305216,FOLLOWS
194454,330806,FOLLOWS
194567,409441,FOLLOWS
194567,208275,FOLLOWS
194567,175570,FOLLOWS
194567,476685,FOLLOWS
194687,118293,FOLLOWS
194717,16690,FOLLOWS
194717,817325,FOLLOWS
194763,997361,FOLLOWS
194763,287819,FOLLOWS
194763,651644,FOLLOWS
194763,835847,FOLLOWS
194763,516046,FOLLOWS
194763,379548,FOLLOWS
194763,516076,FOLLOWS
194763,361478,FOLLOWS
194802,194853,FOLLOWS
194815,60091,FOLLOWS
194815,876493,FOLLOWS
194853,194802,FOLLOWS
195032,373387,FOLLOWS
195048,205077,FOLLOWS
195154,288811,FOLLOWS
195154,319042,FOLLOWS
195154,569022,FOLLOWS
195154,428785,FOLLOWS
195282,42476,FOLLOWS
195282,69120,FOLLOWS
195282,928580,FOLLOWS
195282,463687,FOLLOWS
195282,384499,FOLLOWS
195282,652577,FOLLOWS
195282,408625,FOLLOWS
195282,1034592,FOLLOWS
195329,181063,FOLLOWS
195329,16447,FOLLOWS
195371,76807,FOLLOWS
195371,275744,FOLLOWS
195371,364958,FOLLOWS
195403,327423,FOLLOWS
195403,1088551,FOLLOWS
195420,43028,FOLLOWS
195420,1088815,FOLLOWS
195420,243500,FOLLOWS
195420,777601,FOLLOWS
195420,255691,FOLLOWS
195451,55384,FOLLOWS
195451,170674,FOLLOWS
195451,75806,FOLLOWS
195451,9279,FOLLOWS
195451,99458,FOLLOWS
195451,76561,FOLLOWS
195453,434880,FOLLOWS
195454,110275,FOLLOWS
195454,528030,FOLLOWS
195454,542047,FOLLOWS
195454,333563,FOLLOWS
195465,174799,FOLLOWS
195495,587343,FOLLOWS
195647,196024,FOLLOWS
195695,349394,FOLLOWS
195695,448343,FOLLOWS
195695,803587,FOLLOWS
195754,49958,FOLLOWS
195754,358150,FOLLOWS
195754,862174,FOLLOWS
195754,59562,FOLLOWS
195754,226961,FOLLOWS
195754,676586,FOLLOWS
195754,226584,FOLLOWS
195754,321615,FOLLOWS
195755,33010,FOLLOWS
195760,183048,FOLLOWS
195768,805106,FOLLOWS
195768,425717,FOLLOWS
195776,263599,FOLLOWS
195776,599756,FOLLOWS
195806,434034,FOLLOWS
195806,343246,FOLLOWS
195806,312325,FOLLOWS
195924,711988,FOLLOWS
195924,645185,FOLLOWS
195924,270139,FOLLOWS
195938,192212,FOLLOWS
195938,982338,FOLLOWS
195971,211646,FOLLOWS
195971,1044355,FOLLOWS
196024,312782,FOLLOWS
196058,1078870,FOLLOWS
196058,1359164,FOLLOWS
196058,1392039,FOLLOWS
196123,33461,FOLLOWS
196123,277602,FOLLOWS
196123,416791,FOLLOWS
196193,69149,FOLLOWS
196193,100442,FOLLOWS
196193,547303,FOLLOWS
196193,367950,FOLLOWS
196193,69721,FOLLOWS
196193,1000210,FOLLOWS
196193,77229,FOLLOWS
196193,854744,FOLLOWS
196262,110193,FOLLOWS
196293,605069,FOLLOWS
196321,665681,FOLLOWS
196716,771142,FOLLOWS
196840,409657,FOLLOWS
196935,1158338,FOLLOWS
196956,105794,FOLLOWS
196956,403640,FOLLOWS
197226,1091293,FOLLOWS
197226,30337,FOLLOWS
197226,373387,FOLLOWS
197279,581635,FOLLOWS
197279,768032,FOLLOWS
197377,439941,FOLLOWS
197377,216413,FOLLOWS
197377,328767,FOLLOWS
197403,217943,FOLLOWS
197403,1021699,FOLLOWS
197457,417553,FOLLOWS
197520,496756,FOLLOWS
197520,866215,FOLLOWS
197549,197589,FOLLOWS
197549,541641,FOLLOWS
197549,197587,FOLLOWS
197549,802778,FOLLOWS
197587,197589,FOLLOWS
197587,197549,FOLLOWS
197589,197549,FOLLOWS
197607,539169,FOLLOWS
197607,569970,FOLLOWS
197611,707157,FOLLOWS
197726,90781,FOLLOWS
197726,103984,FOLLOWS
197726,106224,FOLLOWS
197726,298876,FOLLOWS
197726,293297,FOLLOWS
197726,776686,FOLLOWS
197726,462715,FOLLOWS
197726,95063,FOLLOWS
197726,190219,FOLLOWS
197726,752565,FOLLOWS
197726,320340,FOLLOWS
197726,302254,FOLLOWS
197726,383010,FOLLOWS
197726,66351,FOLLOWS
197726,312325,FOLLOWS
197726,287124,FOLLOWS
197726,534538,FOLLOWS
197744,292794,FOLLOWS
197940,81438,FOLLOWS
197940,585462,FOLLOWS
198066,586187,FOLLOWS
198066,1092009,FOLLOWS
198118,394776,FOLLOWS
198194,193987,FOLLOWS
198214,182695,FOLLOWS
198277,685645,FOLLOWS
198353,646347,FOLLOWS
198415,457913,FOLLOWS
198564,333098,FOLLOWS
198630,984683,FOLLOWS
198630,327598,FOLLOWS
198634,370477,FOLLOWS
198765,806478,FOLLOWS
198814,1093364,FOLLOWS
198823,26310,FOLLOWS
198858,211341,FOLLOWS
198858,214637,FOLLOWS
198917,199179,FOLLOWS
198917,450927,FOLLOWS
199013,102515,FOLLOWS
199013,176523,FOLLOWS
199101,960460,FOLLOWS
199117,38099,FOLLOWS
199117,192517,FOLLOWS
199179,674770,FOLLOWS
199179,1093936,FOLLOWS
199206,199207,FOLLOWS
199207,152113,FOLLOWS
199207,199206,FOLLOWS
199293,177819,FOLLOWS
199687,264307,FOLLOWS
199694,335777,FOLLOWS
199750,45914,FOLLOWS
199840,786247,FOLLOWS
199846,127617,FOLLOWS
199892,166438,FOLLOWS
199960,150814,FOLLOWS
199960,316486,FOLLOWS
200036,735256,FOLLOWS
200105,493799,FOLLOWS
200105,465291,FOLLOWS
200451,640865,FOLLOWS
200476,282804,FOLLOWS
200567,117150,FOLLOWS
200567,126863,FOLLOWS
200567,351942,FOLLOWS
200567,716799,FOLLOWS
200567,451420,FOLLOWS
200567,424265,FOLLOWS
200567,178500,FOLLOWS
200567,104464,FOLLOWS
200567,298566,FOLLOWS
200567,338835,FOLLOWS
200567,381554,FOLLOWS
200567,507818,FOLLOWS
200567,785344,FOLLOWS
200598,560868,FOLLOWS
200598,684275,FOLLOWS
200598,687463,FOLLOWS
200608,10448,FOLLOWS
200608,115966,FOLLOWS
200669,299589,FOLLOWS
200669,451126,FOLLOWS
200669,351942,FOLLOWS
200714,54178,FOLLOWS
200714,549276,FOLLOWS
200714,559184,FOLLOWS
200720,122806,FOLLOWS
200720,142503,FOLLOWS
200720,143296,FOLLOWS
200779,550580,FOLLOWS
200779,591109,FOLLOWS
200887,9331,FOLLOWS
200887,1007805,FOLLOWS
201008,397630,FOLLOWS
201008,483657,FOLLOWS
201074,14298,FOLLOWS
201074,369939,FOLLOWS
201195,482012,FOLLOWS
201332,158429,FOLLOWS
201332,361553,FOLLOWS
201479,154268,FOLLOWS
201656,404424,FOLLOWS
201656,713329,FOLLOWS
201656,1006276,FOLLOWS
201669,916682,FOLLOWS
201772,389303,FOLLOWS
201772,147800,FOLLOWS
201772,282449,FOLLOWS
201919,153129,FOLLOWS
201919,192418,FOLLOWS
201936,354969,FOLLOWS
202074,339400,FOLLOWS
202076,159574,FOLLOWS
202475,1099194,FOLLOWS
202612,269373,FOLLOWS
202704,149027,FOLLOWS
202704,1010438,FOLLOWS
202704,691005,FOLLOWS
202799,13906,FOLLOWS
202799,355008,FOLLOWS
202848,881343,FOLLOWS
202909,341347,FOLLOWS
202909,1099754,FOLLOWS
202976,721985,FOLLOWS
202976,718038,FOLLOWS
203024,201195,FOLLOWS
203024,136848,FOLLOWS
203075,552653,FOLLOWS
203076,394013,FOLLOWS
203117,149027,FOLLOWS
203117,489397,FOLLOWS
203117,667270,FOLLOWS
203117,691005,FOLLOWS
203141,120855,FOLLOWS
203141,259694,FOLLOWS
203169,212236,FOLLOWS
203211,710202,FOLLOWS
203345,213299,FOLLOWS
203345,542448,FOLLOWS
203345,118041,FOLLOWS
203357,405171,FOLLOWS
203375,104051,FOLLOWS
203375,460852,FOLLOWS
203375,877191,FOLLOWS
203375,521751,FOLLOWS
203403,37470,FOLLOWS
203403,396281,FOLLOWS
203403,178752,FOLLOWS
203616,9593,FOLLOWS
203620,9593,FOLLOWS
203620,399092,FOLLOWS
203665,9593,FOLLOWS
203665,35515,FOLLOWS
203665,1000154,FOLLOWS
203665,349599,FOLLOWS
203665,471606,FOLLOWS
203665,280984,FOLLOWS
203781,179597,FOLLOWS
203850,215591,FOLLOWS
203850,273111,FOLLOWS
203850,47430,FOLLOWS
203880,149027,FOLLOWS
203880,498143,FOLLOWS
203880,481917,FOLLOWS
203880,365015,FOLLOWS
203880,99906,FOLLOWS
203880,498140,FOLLOWS
203938,22707,FOLLOWS
204023,161514,FOLLOWS
204023,309002,FOLLOWS
204023,92458,FOLLOWS
204133,500839,FOLLOWS
204310,590348,FOLLOWS
204324,9640,FOLLOWS
204409,790159,FOLLOWS
204589,343290,FOLLOWS
204670,630020,FOLLOWS
204688,569853,FOLLOWS
204702,113435,FOLLOWS
204702,368096,FOLLOWS
204767,752905,FOLLOWS
204916,1102933,FOLLOWS
204922,247752,FOLLOWS
204984,1011940,FOLLOWS
204984,216413,FOLLOWS
205004,9816,FOLLOWS
205004,11645,FOLLOWS
205199,282002,FOLLOWS
205201,432305,FOLLOWS
205201,513474,FOLLOWS
205201,533824,FOLLOWS
205253,324600,FOLLOWS
205318,42137,FOLLOWS
205318,211071,FOLLOWS
205340,300938,FOLLOWS
205340,511991,FOLLOWS
205340,690001,FOLLOWS
205360,566954,FOLLOWS
205408,613672,FOLLOWS
205589,310133,FOLLOWS
205590,752510,FOLLOWS
205817,144398,FOLLOWS
205817,235349,FOLLOWS
205817,314361,FOLLOWS
205817,562911,FOLLOWS
205864,382166,FOLLOWS
205864,802752,FOLLOWS
205906,86657,FOLLOWS
205906,261163,FOLLOWS
205924,539768,FOLLOWS
206002,335777,FOLLOWS
206002,589331,FOLLOWS
206002,348786,FOLLOWS
206029,78069,FOLLOWS
206081,101496,FOLLOWS
206308,1328215,FOLLOWS
206340,120460,FOLLOWS
206340,304962,FOLLOWS
206360,351739,FOLLOWS
206360,877997,FOLLOWS
206360,1103808,FOLLOWS
206360,763789,FOLLOWS
206360,182177,FOLLOWS
206360,580607,FOLLOWS
206360,1105036,FOLLOWS
206360,390739,FOLLOWS
206360,795000,FOLLOWS
206360,388326,FOLLOWS
206374,299433,FOLLOWS
206374,638052,FOLLOWS
206374,773643,FOLLOWS
206374,635631,FOLLOWS
206395,585788,FOLLOWS
206395,478705,FOLLOWS
206426,160181,FOLLOWS
206451,1104853,FOLLOWS
206492,182305,FOLLOWS
206492,43490,FOLLOWS
206521,608251,FOLLOWS
206532,627715,FOLLOWS
206549,149027,FOLLOWS
206549,830926,FOLLOWS
206668,54739,FOLLOWS
206668,78969,FOLLOWS
206717,220824,FOLLOWS
206717,365503,FOLLOWS
206717,361553,FOLLOWS
206717,208809,FOLLOWS
206717,329582,FOLLOWS
206752,671544,FOLLOWS
206752,92599,FOLLOWS
206752,53556,FOLLOWS
206760,468238,FOLLOWS
206895,121971,FOLLOWS
206895,417797,FOLLOWS
206969,1017987,FOLLOWS
206969,886877,FOLLOWS
206969,139047,FOLLOWS
206969,886689,FOLLOWS
207035,386964,FOLLOWS
207076,620493,FOLLOWS
207076,799299,FOLLOWS
207076,884437,FOLLOWS
207151,6237,FOLLOWS
207174,278101,FOLLOWS
207174,403203,FOLLOWS
207244,6237,FOLLOWS
207244,207615,FOLLOWS
207295,94272,FOLLOWS
207334,16676,FOLLOWS
207430,6237,FOLLOWS
207430,208002,FOLLOWS
207430,237424,FOLLOWS
207478,1552809,FOLLOWS
207498,236951,FOLLOWS
207615,6237,FOLLOWS
207615,191505,FOLLOWS
207615,207244,FOLLOWS
207776,119588,FOLLOWS
207776,646822,FOLLOWS
207859,1222581,FOLLOWS
207875,719717,FOLLOWS
207875,401396,FOLLOWS
207877,371301,FOLLOWS
207877,524103,FOLLOWS
207979,207983,FOLLOWS
208006,132444,FOLLOWS
208008,30221,FOLLOWS
208041,178853,FOLLOWS
208108,86602,FOLLOWS
208108,498082,FOLLOWS
208113,120855,FOLLOWS
208113,122745,FOLLOWS
208113,254344,FOLLOWS
208113,392268,FOLLOWS
208252,687747,FOLLOWS
208274,174856,FOLLOWS
208274,33829,FOLLOWS
208274,694614,FOLLOWS
208494,598801,FOLLOWS
208544,376239,FOLLOWS
208671,146113,FOLLOWS
208757,1108019,FOLLOWS
208757,513598,FOLLOWS
208757,1108730,FOLLOWS
208757,895354,FOLLOWS
208788,369327,FOLLOWS
208805,129535,FOLLOWS
208805,156161,FOLLOWS
208805,373866,FOLLOWS
208805,376016,FOLLOWS
208805,974518,FOLLOWS
208809,831763,FOLLOWS
208809,511076,FOLLOWS
208874,9611,FOLLOWS
208874,44768,FOLLOWS
208874,504231,FOLLOWS
208874,1020046,FOLLOWS
208874,1010361,FOLLOWS
208874,470927,FOLLOWS
208874,754258,FOLLOWS
208874,286320,FOLLOWS
208874,493799,FOLLOWS
208874,366723,FOLLOWS
209105,848159,FOLLOWS
209237,221915,FOLLOWS
209264,104269,FOLLOWS
209264,209328,FOLLOWS
209264,301850,FOLLOWS
209264,333069,FOLLOWS
209264,836186,FOLLOWS
209319,119183,FOLLOWS
209319,228591,FOLLOWS
209319,553917,FOLLOWS
209328,146267,FOLLOWS
209328,209264,FOLLOWS
209369,262417,FOLLOWS
209408,1081736,FOLLOWS
209410,800250,FOLLOWS
209434,272421,FOLLOWS
209434,487618,FOLLOWS
209434,748681,FOLLOWS
209460,1034339,FOLLOWS
209537,252338,FOLLOWS
209537,322413,FOLLOWS
209588,51206,FOLLOWS
209612,39958,FOLLOWS
209612,90781,FOLLOWS
209612,293931,FOLLOWS
209612,346932,FOLLOWS
209614,1091986,FOLLOWS
209805,193268,FOLLOWS
209805,404091,FOLLOWS
209815,227492,FOLLOWS
209815,343470,FOLLOWS
209815,573879,FOLLOWS
209873,684951,FOLLOWS
209942,406442,FOLLOWS
209942,526644,FOLLOWS
209942,527021,FOLLOWS
210026,186989,FOLLOWS
210026,404091,FOLLOWS
210026,548271,FOLLOWS
210085,234809,FOLLOWS
210085,523051,FOLLOWS
210114,1007768,FOLLOWS
210157,548271,FOLLOWS
210157,303543,FOLLOWS
210316,114833,FOLLOWS
210457,175183,FOLLOWS
210457,812933,FOLLOWS
210457,643477,FOLLOWS
210457,566138,FOLLOWS
210457,664428,FOLLOWS
210459,216349,FOLLOWS
210493,809089,FOLLOWS
210515,158452,FOLLOWS
210515,275744,FOLLOWS
210515,282694,FOLLOWS
210553,1112113,FOLLOWS
210576,25904,FOLLOWS
210576,31971,FOLLOWS
210576,236461,FOLLOWS
210576,25892,FOLLOWS
210576,299340,FOLLOWS
210576,367179,FOLLOWS
210576,541763,FOLLOWS
210576,304139,FOLLOWS
210576,41047,FOLLOWS
210628,34685,FOLLOWS
210628,460870,FOLLOWS
210628,464638,FOLLOWS
210631,441577,FOLLOWS
210737,210628,FOLLOWS
210737,235940,FOLLOWS
210737,240375,FOLLOWS
210737,460870,FOLLOWS
210893,181722,FOLLOWS
210893,220342,FOLLOWS
210915,359590,FOLLOWS
210915,646440,FOLLOWS
211033,745051,FOLLOWS
211060,556538,FOLLOWS
211069,23543,FOLLOWS
211069,298060,FOLLOWS
211069,858312,FOLLOWS
211071,205318,FOLLOWS
211071,595504,FOLLOWS
211075,352813,FOLLOWS
211118,35515,FOLLOWS
211118,193049,FOLLOWS
211118,117101,FOLLOWS
211118,247357,FOLLOWS
211127,557276,FOLLOWS
211134,211147,FOLLOWS
211134,436501,FOLLOWS
211134,783859,FOLLOWS
211147,211134,FOLLOWS
211147,127502,FOLLOWS
211147,742282,FOLLOWS
211147,446045,FOLLOWS
211220,745390,FOLLOWS
211230,413673,FOLLOWS
211230,727796,FOLLOWS
211261,172444,FOLLOWS
211261,173055,FOLLOWS
211327,259694,FOLLOWS
211327,192931,FOLLOWS
211327,149136,FOLLOWS
211341,198858,FOLLOWS
211403,562177,FOLLOWS
211403,725441,FOLLOWS
211486,211574,FOLLOWS
211574,20299,FOLLOWS
211587,675759,FOLLOWS
211729,167527,FOLLOWS
211729,176986,FOLLOWS
211729,261461,FOLLOWS
211729,384672,FOLLOWS
211729,505407,FOLLOWS
211729,338378,FOLLOWS
211729,1113942,FOLLOWS
211729,515410,FOLLOWS
211886,300858,FOLLOWS
211904,55867,FOLLOWS
211959,44839,FOLLOWS
211959,49958,FOLLOWS
211959,179889,FOLLOWS
211959,194815,FOLLOWS
211959,213732,FOLLOWS
211959,284279,FOLLOWS
211959,624094,FOLLOWS
211959,115093,FOLLOWS
211959,457983,FOLLOWS
211959,93069,FOLLOWS
211959,766091,FOLLOWS
211959,511045,FOLLOWS
211959,472944,FOLLOWS
211959,96952,FOLLOWS
211959,578992,FOLLOWS
211959,310772,FOLLOWS
211959,446487,FOLLOWS
211959,1114968,FOLLOWS
211959,488974,FOLLOWS
211959,226961,FOLLOWS
211959,736069,FOLLOWS
211959,783644,FOLLOWS
211959,249412,FOLLOWS
211959,781954,FOLLOWS
211959,859663,FOLLOWS
211959,854055,FOLLOWS
211959,133923,FOLLOWS
211959,378359,FOLLOWS
211959,537011,FOLLOWS
211959,391469,FOLLOWS
211959,98407,FOLLOWS
211959,428400,FOLLOWS
212022,370830,FOLLOWS
212063,458018,FOLLOWS
212063,1114208,FOLLOWS
212125,10090,FOLLOWS
212189,289112,FOLLOWS
212189,651778,FOLLOWS
212215,16814,FOLLOWS
212215,29972,FOLLOWS
212295,908235,FOLLOWS
212314,500154,FOLLOWS
212389,277141,FOLLOWS
212465,1115510,FOLLOWS
212465,374591,FOLLOWS
212465,384672,FOLLOWS
212465,20340,FOLLOWS
212465,916308,FOLLOWS
212465,519276,FOLLOWS
212465,326421,FOLLOWS
212465,575383,FOLLOWS
212496,90983,FOLLOWS
212574,1005262,FOLLOWS
212574,1115910,FOLLOWS
212602,157324,FOLLOWS
212612,731134,FOLLOWS
212696,86657,FOLLOWS
212696,95184,FOLLOWS
212719,64128,FOLLOWS
212851,78464,FOLLOWS
212851,213121,FOLLOWS
212851,516265,FOLLOWS
212871,682282,FOLLOWS
212929,994104,FOLLOWS
212929,927698,FOLLOWS
212929,1057903,FOLLOWS
212929,623220,FOLLOWS
212929,929653,FOLLOWS
212950,789265,FOLLOWS
213090,826802,FOLLOWS
213105,494194,FOLLOWS
213119,376016,FOLLOWS
213121,212851,FOLLOWS
213132,394776,FOLLOWS
213165,793065,FOLLOWS
213299,203345,FOLLOWS
213299,443884,FOLLOWS
213392,814241,FOLLOWS
213529,492830,FOLLOWS
213529,256443,FOLLOWS
213529,256121,FOLLOWS
213529,271351,FOLLOWS
213529,172586,FOLLOWS
213529,271379,FOLLOWS
213529,546104,FOLLOWS
213529,237610,FOLLOWS
213529,103733,FOLLOWS
213529,222691,FOLLOWS
213622,551198,FOLLOWS
213622,1004963,FOLLOWS
213693,223881,FOLLOWS
213693,600977,FOLLOWS
213693,632616,FOLLOWS
213732,211959,FOLLOWS
213732,306815,FOLLOWS
213810,140315,FOLLOWS
213890,368319,FOLLOWS
213890,226575,FOLLOWS
213890,507533,FOLLOWS
213906,746256,FOLLOWS
213942,430323,FOLLOWS
213969,91162,FOLLOWS
214206,73792,FOLLOWS
214228,337,FOLLOWS
214294,50621,FOLLOWS
214294,164607,FOLLOWS
214294,416232,FOLLOWS
214294,603582,FOLLOWS
214294,224900,FOLLOWS
214294,150165,FOLLOWS
214383,743087,FOLLOWS
214408,414152,FOLLOWS
214408,495081,FOLLOWS
214581,165008,FOLLOWS
214581,223813,FOLLOWS
214581,499734,FOLLOWS
214581,788452,FOLLOWS
214589,10370,FOLLOWS
214589,336412,FOLLOWS
214637,96635,FOLLOWS
214648,212929,FOLLOWS
214648,279868,FOLLOWS
214648,565478,FOLLOWS
214669,629942,FOLLOWS
214691,75557,FOLLOWS
214715,47430,FOLLOWS
214723,327449,FOLLOWS
214723,385833,FOLLOWS
214723,1334877,FOLLOWS
214855,514260,FOLLOWS
214865,848685,FOLLOWS
214941,249424,FOLLOWS
215009,913049,FOLLOWS
215009,944662,FOLLOWS
215009,1023722,FOLLOWS
215149,215210,FOLLOWS
215149,493056,FOLLOWS
215149,215352,FOLLOWS
215162,38854,FOLLOWS
215210,493056,FOLLOWS
215210,215149,FOLLOWS
215210,282580,FOLLOWS
215210,215352,FOLLOWS
215210,361553,FOLLOWS
215235,112004,FOLLOWS
215235,115365,FOLLOWS
215342,611143,FOLLOWS
215342,1120859,FOLLOWS
215342,1031336,FOLLOWS
215352,164396,FOLLOWS
215352,215210,FOLLOWS
215352,215149,FOLLOWS
215370,556995,FOLLOWS
215407,10448,FOLLOWS
215407,396796,FOLLOWS
215416,1064782,FOLLOWS
215432,1015982,FOLLOWS
215455,10215,FOLLOWS
215525,10215,FOLLOWS
215528,10215,FOLLOWS
215576,10552,FOLLOWS
215591,203850,FOLLOWS
215591,728902,FOLLOWS
215591,950737,FOLLOWS
215591,260564,FOLLOWS
215591,413417,FOLLOWS
215591,1104775,FOLLOWS
215591,47430,FOLLOWS
215659,934966,FOLLOWS
215742,91009,FOLLOWS
215742,169667,FOLLOWS
215742,220497,FOLLOWS
215742,815815,FOLLOWS
215742,180394,FOLLOWS
215767,595585,FOLLOWS
215966,121092,FOLLOWS
215966,245559,FOLLOWS
216082,167605,FOLLOWS
216082,216416,FOLLOWS
216082,388888,FOLLOWS
216091,886137,FOLLOWS
216153,11645,FOLLOWS
216153,193570,FOLLOWS
216153,250040,FOLLOWS
216153,450927,FOLLOWS
216153,187686,FOLLOWS
216153,489298,FOLLOWS
216246,32650,FOLLOWS
216246,421751,FOLLOWS
216277,335277,FOLLOWS
216341,474886,FOLLOWS
216341,541834,FOLLOWS
216349,210459,FOLLOWS
216349,217048,FOLLOWS
216413,197377,FOLLOWS
216413,204984,FOLLOWS
216416,216082,FOLLOWS
216416,388888,FOLLOWS
216421,15706,FOLLOWS
216421,115329,FOLLOWS
216421,231176,FOLLOWS
216428,86662,FOLLOWS
216435,1296917,FOLLOWS
216455,484851,FOLLOWS
216455,498346,FOLLOWS
216455,672984,FOLLOWS
216456,246408,FOLLOWS
216456,367008,FOLLOWS
216642,771617,FOLLOWS
216642,421085,FOLLOWS
216642,258836,FOLLOWS
216716,481850,FOLLOWS
216772,1048615,FOLLOWS
216988,114565,FOLLOWS
217048,216349,FOLLOWS
217058,690154,FOLLOWS
217084,111139,FOLLOWS
217113,10410,FOLLOWS
217113,14298,FOLLOWS
217137,598815,FOLLOWS
217215,69108,FOLLOWS
217262,218777,FOLLOWS
217350,941705,FOLLOWS
217350,588290,FOLLOWS
217410,105209,FOLLOWS
217623,491206,FOLLOWS
217707,199207,FOLLOWS
217707,152113,FOLLOWS
217743,110629,FOLLOWS
217743,667350,FOLLOWS
217743,437941,FOLLOWS
217743,218396,FOLLOWS
217743,218071,FOLLOWS
217743,399846,FOLLOWS
217743,401821,FOLLOWS
217943,108875,FOLLOWS
217943,122016,FOLLOWS
217943,110754,FOLLOWS
217943,910197,FOLLOWS
217943,197403,FOLLOWS
217943,911304,FOLLOWS
217943,224761,FOLLOWS
217943,180394,FOLLOWS
217943,834856,FOLLOWS
217943,815815,FOLLOWS
217989,558296,FOLLOWS
217989,873603,FOLLOWS
218071,110629,FOLLOWS
218071,123509,FOLLOWS
218071,217743,FOLLOWS
218071,283462,FOLLOWS
218071,430199,FOLLOWS
218071,401821,FOLLOWS
218129,10486,FOLLOWS
218208,12129,FOLLOWS
218224,736196,FOLLOWS
218338,10486,FOLLOWS
218373,1317664,FOLLOWS
218395,165080,FOLLOWS
218395,166014,FOLLOWS
218395,498563,FOLLOWS
218395,698406,FOLLOWS
218395,710729,FOLLOWS
218396,90594,FOLLOWS
218396,123509,FOLLOWS
218396,131675,FOLLOWS
218396,217743,FOLLOWS
218396,315339,FOLLOWS
218396,610418,FOLLOWS
218396,684907,FOLLOWS
218396,758723,FOLLOWS
218673,115421,FOLLOWS
218673,384179,FOLLOWS
218688,126769,FOLLOWS
218688,231585,FOLLOWS
218711,858312,FOLLOWS
218719,45653,FOLLOWS
218777,715940,FOLLOWS
218777,217262,FOLLOWS
218784,490117,FOLLOWS
218784,548461,FOLLOWS
218786,849294,FOLLOWS
218858,86218,FOLLOWS
218992,247301,FOLLOWS
219418,10644,FOLLOWS
219418,402071,FOLLOWS
219476,229667,FOLLOWS
219558,232550,FOLLOWS
219558,1087485,FOLLOWS
219598,758927,FOLLOWS
219917,496681,FOLLOWS
219942,347376,FOLLOWS
219942,379989,FOLLOWS
219942,447861,FOLLOWS
219942,473901,FOLLOWS
219942,582868,FOLLOWS
220011,460854,FOLLOWS
220043,694206,FOLLOWS
220110,79209,FOLLOWS
220110,1127254,FOLLOWS
220115,717049,FOLLOWS
220115,553654,FOLLOWS
220115,483292,FOLLOWS
220115,589888,FOLLOWS
220115,248127,FOLLOWS
220134,758723,FOLLOWS
220202,104855,FOLLOWS
220202,373019,FOLLOWS
220202,590365,FOLLOWS
220202,968547,FOLLOWS
220342,64128,FOLLOWS
220342,96635,FOLLOWS
220342,210893,FOLLOWS
220342,247752,FOLLOWS
220392,392156,FOLLOWS
220411,1128370,FOLLOWS
220460,53611,FOLLOWS
220460,220765,FOLLOWS
220466,187596,FOLLOWS
220466,868344,FOLLOWS
220466,794059,FOLLOWS
220497,215742,FOLLOWS
220608,117150,FOLLOWS
220747,142501,FOLLOWS
220765,53611,FOLLOWS
220765,220460,FOLLOWS
220765,189778,FOLLOWS
220817,637862,FOLLOWS
220824,43580,FOLLOWS
220824,206717,FOLLOWS
220824,243195,FOLLOWS
220824,329582,FOLLOWS
220853,60518,FOLLOWS
220853,106568,FOLLOWS
220853,188247,FOLLOWS
220894,282445,FOLLOWS
220920,495689,FOLLOWS
220958,217030,FOLLOWS
220958,243367,FOLLOWS
220958,186680,FOLLOWS
220958,687747,FOLLOWS
221454,165954,FOLLOWS
221454,807598,FOLLOWS
221494,126769,FOLLOWS
221590,30419,FOLLOWS
221664,436910,FOLLOWS
221666,45653,FOLLOWS
221666,58568,FOLLOWS
221666,935700,FOLLOWS
221666,229616,FOLLOWS
221666,430269,FOLLOWS
221666,113702,FOLLOWS
221705,327134,FOLLOWS
221766,1129450,FOLLOWS
221766,408750,FOLLOWS
221766,1128854,FOLLOWS
221785,914690,FOLLOWS
221853,392245,FOLLOWS
221870,106224,FOLLOWS
221870,342792,FOLLOWS
221870,686354,FOLLOWS
221870,420404,FOLLOWS
221870,709811,FOLLOWS
221913,178095,FOLLOWS
221915,209237,FOLLOWS
222211,501390,FOLLOWS
222365,412111,FOLLOWS
222365,461562,FOLLOWS
222371,31099,FOLLOWS
222371,849491,FOLLOWS
222496,42738,FOLLOWS
222573,859663,FOLLOWS
222719,344455,FOLLOWS
222765,61907,FOLLOWS
222765,423378,FOLLOWS
222765,255154,FOLLOWS
222967,48579,FOLLOWS
222967,970186,FOLLOWS
223232,127685,FOLLOWS
223232,546499,FOLLOWS
223238,1131669,FOLLOWS
223238,838310,FOLLOWS
223241,1127684,FOLLOWS
223319,601299,FOLLOWS
223357,151062,FOLLOWS
223357,173540,FOLLOWS
223357,404445,FOLLOWS
223357,352716,FOLLOWS
223431,1131942,FOLLOWS
223431,35234,FOLLOWS
223546,286032,FOLLOWS
223549,1132058,FOLLOWS
223698,87937,FOLLOWS
223698,129535,FOLLOWS
223698,323085,FOLLOWS
223698,943641,FOLLOWS
223698,320063,FOLLOWS
223698,252446,FOLLOWS
223698,68619,FOLLOWS
223698,1053461,FOLLOWS
223698,432570,FOLLOWS
223698,1132372,FOLLOWS
223698,473094,FOLLOWS
223698,374591,FOLLOWS
223698,340399,FOLLOWS
223698,582843,FOLLOWS
223764,144477,FOLLOWS
223764,282916,FOLLOWS
223813,31930,FOLLOWS
223813,157895,FOLLOWS
223813,214581,FOLLOWS
223813,598457,FOLLOWS
223813,512206,FOLLOWS
223813,26377,FOLLOWS
223813,486609,FOLLOWS
223836,174834,FOLLOWS
223836,329566,FOLLOWS
223881,291484,FOLLOWS
223906,878244,FOLLOWS
223937,11212,FOLLOWS
223937,204271,FOLLOWS
223937,1132650,FOLLOWS
223937,569893,FOLLOWS
223937,392528,FOLLOWS
223937,256363,FOLLOWS
223937,272044,FOLLOWS
223937,15362,FOLLOWS
223937,78838,FOLLOWS
223937,409839,FOLLOWS
223937,270574,FOLLOWS
223937,96687,FOLLOWS
223937,397734,FOLLOWS
223937,316341,FOLLOWS
223937,226593,FOLLOWS
223938,11212,FOLLOWS
223938,237253,FOLLOWS
223938,618921,FOLLOWS
223938,626250,FOLLOWS
223938,944937,FOLLOWS
223985,773633,FOLLOWS
224154,478885,FOLLOWS
224217,33010,FOLLOWS
224217,126448,FOLLOWS
224243,840697,FOLLOWS
224298,1133146,FOLLOWS
224301,321354,FOLLOWS
224301,582843,FOLLOWS
224313,144477,FOLLOWS
224355,110034,FOLLOWS
224355,464676,FOLLOWS
224589,646702,FOLLOWS
224589,286439,FOLLOWS
224630,78297,FOLLOWS
224630,1031613,FOLLOWS
224630,51769,FOLLOWS
224761,217943,FOLLOWS
224809,42738,FOLLOWS
224809,46885,FOLLOWS
224809,48674,FOLLOWS
224809,50849,FOLLOWS
224809,58445,FOLLOWS
224809,124435,FOLLOWS
224809,126062,FOLLOWS
224809,183164,FOLLOWS
224809,197940,FOLLOWS
224809,244836,FOLLOWS
224809,242218,FOLLOWS
224809,232765,FOLLOWS
224809,259358,FOLLOWS
224809,609709,FOLLOWS
224809,820928,FOLLOWS
224809,232755,FOLLOWS
224809,235057,FOLLOWS
224809,489371,FOLLOWS
224809,226662,FOLLOWS
224809,226661,FOLLOWS
224809,57966,FOLLOWS
224809,233027,FOLLOWS
224809,243466,FOLLOWS
224884,107762,FOLLOWS
224884,363822,FOLLOWS
224884,502583,FOLLOWS
224884,318138,FOLLOWS
224884,313014,FOLLOWS
224900,50621,FOLLOWS
224900,214294,FOLLOWS
224900,603582,FOLLOWS
224991,1062341,FOLLOWS
225001,379742,FOLLOWS
225031,18995,FOLLOWS
225031,64684,FOLLOWS
225107,126062,FOLLOWS
225107,510146,FOLLOWS
225451,19830,FOLLOWS
225451,420978,FOLLOWS
225451,410705,FOLLOWS
225451,308811,FOLLOWS
225451,700526,FOLLOWS
225451,770142,FOLLOWS
225494,225499,FOLLOWS
225494,152113,FOLLOWS
225499,129731,FOLLOWS
225499,160498,FOLLOWS
225499,225494,FOLLOWS
225653,105696,FOLLOWS
225663,177889,FOLLOWS
225700,360948,FOLLOWS
225700,543034,FOLLOWS
225808,132146,FOLLOWS
225808,1136343,FOLLOWS
225808,794138,FOLLOWS
225861,259023,FOLLOWS
226030,325871,FOLLOWS
226030,835278,FOLLOWS
226030,91622,FOLLOWS
226030,859182,FOLLOWS
226052,502579,FOLLOWS
226052,433139,FOLLOWS
226052,268886,FOLLOWS
226052,661407,FOLLOWS
226101,16028,FOLLOWS
226101,531597,FOLLOWS
226101,67956,FOLLOWS
226188,115054,FOLLOWS
226194,315437,FOLLOWS
226225,61966,FOLLOWS
226235,133385,FOLLOWS
226235,387994,FOLLOWS
226235,302022,FOLLOWS
226354,69206,FOLLOWS
226360,106224,FOLLOWS
226360,778238,FOLLOWS
226439,550022,FOLLOWS
226439,685621,FOLLOWS
226575,213890,FOLLOWS
226575,507416,FOLLOWS
226617,1137603,FOLLOWS
226661,226662,FOLLOWS
226661,524463,FOLLOWS
226662,226661,FOLLOWS
226873,523656,FOLLOWS
226981,137294,FOLLOWS
226981,791409,FOLLOWS
227086,534521,FOLLOWS
227107,151287,FOLLOWS
227107,224298,FOLLOWS
227107,286439,FOLLOWS
227107,580406,FOLLOWS
227107,1316636,FOLLOWS
227192,572210,FOLLOWS
227205,48267,FOLLOWS
227205,182821,FOLLOWS
227205,334448,FOLLOWS
227205,401066,FOLLOWS
227205,359407,FOLLOWS
227205,754996,FOLLOWS
227205,599785,FOLLOWS
227205,543392,FOLLOWS
227205,1138880,FOLLOWS
227205,228080,FOLLOWS
227205,970217,FOLLOWS
227317,120855,FOLLOWS
227317,611075,FOLLOWS
227341,113862,FOLLOWS
227356,1000623,FOLLOWS
227417,806436,FOLLOWS
227417,359407,FOLLOWS
227417,228080,FOLLOWS
227417,770354,FOLLOWS
227417,227502,FOLLOWS
227417,227503,FOLLOWS
227417,437941,FOLLOWS
227453,519763,FOLLOWS
227453,551621,FOLLOWS
227478,84059,FOLLOWS
227478,630303,FOLLOWS
227478,6242,FOLLOWS
227478,279936,FOLLOWS
227478,135718,FOLLOWS
227478,631453,FOLLOWS
227492,209815,FOLLOWS
227492,14224,FOLLOWS
227492,1069478,FOLLOWS
227492,167514,FOLLOWS
227492,250426,FOLLOWS
227492,444254,FOLLOWS
227502,227417,FOLLOWS
227502,227503,FOLLOWS
227502,323876,FOLLOWS
227503,227417,FOLLOWS
227503,227502,FOLLOWS
227503,323876,FOLLOWS
227519,849444,FOLLOWS
227539,629090,FOLLOWS
227555,304999,FOLLOWS
227584,123198,FOLLOWS
227674,113381,FOLLOWS
227674,361083,FOLLOWS
227739,677910,FOLLOWS
227739,289651,FOLLOWS
227739,518625,FOLLOWS
227885,552377,FOLLOWS
227958,573125,FOLLOWS
228037,123902,FOLLOWS
228080,227417,FOLLOWS
228080,360595,FOLLOWS
228080,252292,FOLLOWS
228080,1139405,FOLLOWS
228080,943641,FOLLOWS
228080,1139562,FOLLOWS
228080,1139563,FOLLOWS
228080,323876,FOLLOWS
228080,1139591,FOLLOWS
228177,201479,FOLLOWS
228264,360424,FOLLOWS
228264,414856,FOLLOWS
228291,279646,FOLLOWS
228291,339764,FOLLOWS
228438,634573,FOLLOWS
228486,137437,FOLLOWS
228486,248575,FOLLOWS
228535,36143,FOLLOWS
228535,637282,FOLLOWS
228591,209319,FOLLOWS
228721,941193,FOLLOWS
228774,11276,FOLLOWS
228774,345609,FOLLOWS
228774,804954,FOLLOWS
228932,548244,FOLLOWS
228932,878287,FOLLOWS
228932,1011863,FOLLOWS
228939,54641,FOLLOWS
229055,453059,FOLLOWS
229158,1105485,FOLLOWS
229222,1094058,FOLLOWS
229241,56902,FOLLOWS
229247,147709,FOLLOWS
229247,507122,FOLLOWS
229247,505493,FOLLOWS
229247,509533,FOLLOWS
229378,39429,FOLLOWS
229378,916767,FOLLOWS
229378,639012,FOLLOWS
229403,299683,FOLLOWS
229570,71384,FOLLOWS
229616,221666,FOLLOWS
229616,381364,FOLLOWS
229616,664428,FOLLOWS
229620,257775,FOLLOWS
229627,95501,FOLLOWS
229627,127564,FOLLOWS
229627,222765,FOLLOWS
229627,249554,FOLLOWS
229627,178251,FOLLOWS
229629,38099,FOLLOWS
229629,622491,FOLLOWS
229667,904966,FOLLOWS
229793,230038,FOLLOWS
229862,264615,FOLLOWS
229870,241955,FOLLOWS
229968,347008,FOLLOWS
230013,375266,FOLLOWS
230013,370646,FOLLOWS
230020,172121,FOLLOWS
230020,513962,FOLLOWS
230038,403203,FOLLOWS
230038,768653,FOLLOWS
230139,42672,FOLLOWS
230139,182973,FOLLOWS
230139,1068269,FOLLOWS
230139,633051,FOLLOWS
230139,434817,FOLLOWS
230256,11645,FOLLOWS
230303,472464,FOLLOWS
230447,11645,FOLLOWS
230447,33461,FOLLOWS
230447,116196,FOLLOWS
230450,11645,FOLLOWS
230459,11250,FOLLOWS
230459,120460,FOLLOWS
230459,30574,FOLLOWS
230459,108847,FOLLOWS
230459,126655,FOLLOWS
230536,50484,FOLLOWS
230559,230755,FOLLOWS
230588,120302,FOLLOWS
230739,220853,FOLLOWS
230910,950438,FOLLOWS
231164,24379,FOLLOWS
231176,216421,FOLLOWS
231176,213114,FOLLOWS
231220,428977,FOLLOWS
231312,305224,FOLLOWS
231352,11335,FOLLOWS
231385,11335,FOLLOWS
231390,11335,FOLLOWS
231563,1180110,FOLLOWS
231576,1120511,FOLLOWS
231576,1015885,FOLLOWS
231669,153939,FOLLOWS
231798,26476,FOLLOWS
231850,251164,FOLLOWS
231850,256587,FOLLOWS
231850,496240,FOLLOWS
231850,637199,FOLLOWS
231850,745518,FOLLOWS
231850,1167061,FOLLOWS
231860,486252,FOLLOWS
231914,907820,FOLLOWS
231929,145229,FOLLOWS
232011,52657,FOLLOWS
232011,460616,FOLLOWS
232082,11774,FOLLOWS
232351,73170,FOLLOWS
232386,24092,FOLLOWS
232386,73179,FOLLOWS
232486,11696,FOLLOWS
232486,29059,FOLLOWS
232486,121092,FOLLOWS
232486,1048908,FOLLOWS
232538,415958,FOLLOWS
232550,15162,FOLLOWS
232550,219558,FOLLOWS
232550,525874,FOLLOWS
232645,11698,FOLLOWS
232765,50849,FOLLOWS
232765,524484,FOLLOWS
232847,11698,FOLLOWS
232904,34031,FOLLOWS
233027,243466,FOLLOWS
233117,1145951,FOLLOWS
233117,875221,FOLLOWS
233132,336940,FOLLOWS
233132,399011,FOLLOWS
233157,874156,FOLLOWS
233182,403960,FOLLOWS
233199,461120,FOLLOWS
233227,28739,FOLLOWS
233227,109600,FOLLOWS
233283,200608,FOLLOWS
233341,91088,FOLLOWS
233341,100577,FOLLOWS
233341,106115,FOLLOWS
233360,61858,FOLLOWS
233426,978140,FOLLOWS
233426,510196,FOLLOWS
233426,73577,FOLLOWS
233457,1013237,FOLLOWS
233457,738261,FOLLOWS
233457,645878,FOLLOWS
233457,569170,FOLLOWS
233495,475226,FOLLOWS
233505,277721,FOLLOWS
233505,292675,FOLLOWS
233507,391458,FOLLOWS
233552,102516,FOLLOWS
233552,340069,FOLLOWS
233767,91009,FOLLOWS
233767,48140,FOLLOWS
233767,169667,FOLLOWS
233772,260512,FOLLOWS
233847,402011,FOLLOWS
233847,402026,FOLLOWS
233919,38094,FOLLOWS
233951,29279,FOLLOWS
233951,368442,FOLLOWS
233951,820327,FOLLOWS
234035,200061,FOLLOWS
234108,203141,FOLLOWS
234183,84002,FOLLOWS
234239,11726,FOLLOWS
234312,367429,FOLLOWS
234312,915853,FOLLOWS
234312,277409,FOLLOWS
234352,11726,FOLLOWS
234352,89438,FOLLOWS
234357,11726,FOLLOWS
234357,445869,FOLLOWS
234357,437218,FOLLOWS
234365,359348,FOLLOWS
234365,546050,FOLLOWS
234425,95591,FOLLOWS
234458,1007013,FOLLOWS
234529,759944,FOLLOWS
234529,1007013,FOLLOWS
234529,234458,FOLLOWS
234529,655650,FOLLOWS
234671,184347,FOLLOWS
234809,81653,FOLLOWS
234910,409662,FOLLOWS
234910,408763,FOLLOWS
234995,138625,FOLLOWS
234995,344662,FOLLOWS
234995,447669,FOLLOWS
235032,432619,FOLLOWS
235032,111338,FOLLOWS
235057,1148738,FOLLOWS
235057,538892,FOLLOWS
235189,337905,FOLLOWS
235254,264179,FOLLOWS
235257,470298,FOLLOWS
235257,290388,FOLLOWS
235338,237672,FOLLOWS
235349,543094,FOLLOWS
235364,1149159,FOLLOWS
235546,430864,FOLLOWS
235546,258157,FOLLOWS
235558,452360,FOLLOWS
235622,178868,FOLLOWS
235622,496754,FOLLOWS
235622,690280,FOLLOWS
235656,33650,FOLLOWS
235700,557591,FOLLOWS
235700,279147,FOLLOWS
235765,153789,FOLLOWS
235765,25942,FOLLOWS
235765,517447,FOLLOWS
235847,831083,FOLLOWS
235847,236666,FOLLOWS
235847,407535,FOLLOWS
235847,688640,FOLLOWS
235847,445848,FOLLOWS
235906,38341,FOLLOWS
235913,161368,FOLLOWS
235913,286784,FOLLOWS
235940,1149442,FOLLOWS
235949,34685,FOLLOWS
235982,285902,FOLLOWS
236036,460894,FOLLOWS
236036,742045,FOLLOWS
236042,362422,FOLLOWS
236042,634244,FOLLOWS
236059,414476,FOLLOWS
236059,423164,FOLLOWS
236059,462269,FOLLOWS
236059,463977,FOLLOWS
236060,343290,FOLLOWS
236060,461615,FOLLOWS
236202,524463,FOLLOWS
236203,499710,FOLLOWS
236401,236461,FOLLOWS
236401,260374,FOLLOWS
236461,210576,FOLLOWS
236461,236401,FOLLOWS
236461,304032,FOLLOWS
236463,323146,FOLLOWS
236666,235847,FOLLOWS
236666,831083,FOLLOWS
236706,132146,FOLLOWS
236835,18738,FOLLOWS
236835,86940,FOLLOWS
236835,133140,FOLLOWS
236835,583495,FOLLOWS
236835,337499,FOLLOWS
236835,263046,FOLLOWS
236835,118526,FOLLOWS
236835,261824,FOLLOWS
236835,414476,FOLLOWS
236835,120143,FOLLOWS
236835,475226,FOLLOWS
236835,113371,FOLLOWS
236893,385833,FOLLOWS
236893,350394,FOLLOWS
236893,476685,FOLLOWS
236968,29531,FOLLOWS
236968,382974,FOLLOWS
236983,55659,FOLLOWS
236983,538994,FOLLOWS
237025,298281,FOLLOWS
237133,102516,FOLLOWS
237133,963930,FOLLOWS
237133,143778,FOLLOWS
237133,350923,FOLLOWS
237133,274236,FOLLOWS
237133,247247,FOLLOWS
237190,288069,FOLLOWS
237293,939856,FOLLOWS
237293,510196,FOLLOWS
237293,243010,FOLLOWS
237293,247863,FOLLOWS
237333,24670,FOLLOWS
237365,54178,FOLLOWS
237424,12090,FOLLOWS
237447,73906,FOLLOWS
237447,404762,FOLLOWS
237447,276222,FOLLOWS
237447,39671,FOLLOWS
237447,421948,FOLLOWS
237447,1151726,FOLLOWS
237447,1151558,FOLLOWS
237447,382979,FOLLOWS
237447,389899,FOLLOWS
237447,22103,FOLLOWS
237447,724225,FOLLOWS
237447,498177,FOLLOWS
237447,190269,FOLLOWS
237447,224217,FOLLOWS
237447,134137,FOLLOWS
237447,271688,FOLLOWS
237517,233027,FOLLOWS
237534,631580,FOLLOWS
237534,799069,FOLLOWS
237547,53375,FOLLOWS
237547,615312,FOLLOWS
237547,624464,FOLLOWS
237672,432468,FOLLOWS
237672,788124,FOLLOWS
237672,235338,FOLLOWS
237686,170050,FOLLOWS
237686,287162,FOLLOWS
237716,174856,FOLLOWS
237716,313273,FOLLOWS
237793,281855,FOLLOWS
237793,422841,FOLLOWS
237795,698170,FOLLOWS
237814,961873,FOLLOWS
237814,685571,FOLLOWS
237814,445657,FOLLOWS
237814,606829,FOLLOWS
237814,278047,FOLLOWS
237814,60342,FOLLOWS
237858,495580,FOLLOWS
237915,419183,FOLLOWS
237915,546499,FOLLOWS
237992,238042,FOLLOWS
238042,286320,FOLLOWS
238042,476781,FOLLOWS
238042,281168,FOLLOWS
238042,600583,FOLLOWS
238042,238111,FOLLOWS
238042,1072725,FOLLOWS
238153,240016,FOLLOWS
238153,242271,FOLLOWS
238201,103994,FOLLOWS
238201,170050,FOLLOWS
238201,253695,FOLLOWS
238201,384774,FOLLOWS
238201,279206,FOLLOWS
238272,61614,FOLLOWS
238285,46885,FOLLOWS
238285,1365524,FOLLOWS
238292,173247,FOLLOWS
238360,180560,FOLLOWS
238445,274257,FOLLOWS
238445,268786,FOLLOWS
238445,279147,FOLLOWS
238445,556222,FOLLOWS
238460,38099,FOLLOWS
238460,179738,FOLLOWS
238460,180442,FOLLOWS
238460,231585,FOLLOWS
238460,331919,FOLLOWS
238460,580236,FOLLOWS
238460,502715,FOLLOWS
238460,255976,FOLLOWS
238833,192757,FOLLOWS
238879,868499,FOLLOWS
238881,252652,FOLLOWS
238980,247374,FOLLOWS
239035,385833,FOLLOWS
239035,61309,FOLLOWS
239059,269927,FOLLOWS
239116,559210,FOLLOWS
239143,261824,FOLLOWS
239251,95591,FOLLOWS
239382,13820,FOLLOWS
239388,59995,FOLLOWS
239388,26093,FOLLOWS
239388,1090917,FOLLOWS
239584,283550,FOLLOWS
239733,32823,FOLLOWS
239733,305101,FOLLOWS
239856,129535,FOLLOWS
239856,724804,FOLLOWS
239906,79314,FOLLOWS
239906,1115820,FOLLOWS
239961,1112342,FOLLOWS
239961,969795,FOLLOWS
239961,596603,FOLLOWS
239968,358483,FOLLOWS
239981,1154871,FOLLOWS
240016,259681,FOLLOWS
240109,963364,FOLLOWS
240172,240174,FOLLOWS
240174,21867,FOLLOWS
240174,121092,FOLLOWS
240174,240172,FOLLOWS
240211,118040,FOLLOWS
240211,324810,FOLLOWS
240375,210737,FOLLOWS
240468,981371,FOLLOWS
240480,64520,FOLLOWS
240480,414532,FOLLOWS
240632,106071,FOLLOWS
240632,463058,FOLLOWS
240674,135416,FOLLOWS
240674,226225,FOLLOWS
240684,270201,FOLLOWS
240684,272399,FOLLOWS
240684,501407,FOLLOWS
240714,347726,FOLLOWS
240742,972176,FOLLOWS
240825,638113,FOLLOWS
240825,866215,FOLLOWS
240873,110190,FOLLOWS
241100,39089,FOLLOWS
241167,586404,FOLLOWS
241294,175264,FOLLOWS
241294,444561,FOLLOWS
241447,906440,FOLLOWS
241447,370907,FOLLOWS
241447,1156528,FOLLOWS
241447,422992,FOLLOWS
241458,413668,FOLLOWS
241458,1156491,FOLLOWS
241500,959867,FOLLOWS
241500,371301,FOLLOWS
241500,1157236,FOLLOWS
241516,374616,FOLLOWS
241516,408078,FOLLOWS
241516,1157321,FOLLOWS
241560,132344,FOLLOWS
241657,241672,FOLLOWS
241657,241893,FOLLOWS
241657,555685,FOLLOWS
241672,241893,FOLLOWS
241672,552626,FOLLOWS
241755,28468,FOLLOWS
241927,816286,FOLLOWS
241927,479788,FOLLOWS
241948,296352,FOLLOWS
241955,229870,FOLLOWS
241955,663773,FOLLOWS
241986,294843,FOLLOWS
242113,29531,FOLLOWS
242113,417770,FOLLOWS
242151,84141,FOLLOWS
242160,106286,FOLLOWS
242271,524484,FOLLOWS
242322,87881,FOLLOWS
242408,159310,FOLLOWS
242477,151275,FOLLOWS
242477,418861,FOLLOWS
242489,29531,FOLLOWS
242489,658078,FOLLOWS
242548,587794,FOLLOWS
242548,276222,FOLLOWS
242619,245439,FOLLOWS
242688,280161,FOLLOWS
242797,1007992,FOLLOWS
242892,174856,FOLLOWS
242892,934041,FOLLOWS
242900,272036,FOLLOWS
242900,610572,FOLLOWS
242932,162792,FOLLOWS
242932,628941,FOLLOWS
242968,150820,FOLLOWS
242987,147933,FOLLOWS
242998,180257,FOLLOWS
243010,132146,FOLLOWS
243010,237293,FOLLOWS
243079,686893,FOLLOWS
243195,910197,FOLLOWS
243195,220824,FOLLOWS
243195,329582,FOLLOWS
243285,649550,FOLLOWS
243330,877455,FOLLOWS
243367,328461,FOLLOWS
243397,95433,FOLLOWS
243397,525481,FOLLOWS
243456,196878,FOLLOWS
243466,233027,FOLLOWS
243466,260459,FOLLOWS
243483,506778,FOLLOWS
243500,195420,FOLLOWS
243500,273832,FOLLOWS
244118,42628,FOLLOWS
244204,635871,FOLLOWS
244204,464002,FOLLOWS
244204,381255,FOLLOWS
244204,125471,FOLLOWS
244237,24528,FOLLOWS
244302,368241,FOLLOWS
244326,333826,FOLLOWS
244326,612156,FOLLOWS
244472,351644,FOLLOWS
244472,513568,FOLLOWS
244615,24687,FOLLOWS
244615,266435,FOLLOWS
244615,372208,FOLLOWS
244627,848652,FOLLOWS
244635,162792,FOLLOWS
244635,262055,FOLLOWS
244635,850138,FOLLOWS
244638,172348,FOLLOWS
244709,78069,FOLLOWS
244709,191505,FOLLOWS
244836,224809,FOLLOWS
244836,713291,FOLLOWS
244883,874106,FOLLOWS
244883,1120910,FOLLOWS
244988,120302,FOLLOWS
245007,74820,FOLLOWS
245026,559210,FOLLOWS
245101,248575,FOLLOWS
245175,68025,FOLLOWS
245175,297335,FOLLOWS
245175,901908,FOLLOWS
245229,835908,FOLLOWS
245323,768822,FOLLOWS
245345,743576,FOLLOWS
245345,1087305,FOLLOWS
245439,182305,FOLLOWS
245439,242619,FOLLOWS
245464,139355,FOLLOWS
245464,148644,FOLLOWS
245515,81127,FOLLOWS
245515,455967,FOLLOWS
245559,215966,FOLLOWS
245559,303790,FOLLOWS
245562,55905,FOLLOWS
245571,89445,FOLLOWS
245571,978140,FOLLOWS
245756,378681,FOLLOWS
245756,1103112,FOLLOWS
245803,245907,FOLLOWS
245907,245803,FOLLOWS
245907,990904,FOLLOWS
246294,651048,FOLLOWS
246305,19468,FOLLOWS
246305,85179,FOLLOWS
246305,249524,FOLLOWS
246305,1162125,FOLLOWS
246394,146793,FOLLOWS
246394,569853,FOLLOWS
246408,129720,FOLLOWS
246408,232386,FOLLOWS
246408,243106,FOLLOWS
246408,326807,FOLLOWS
246408,216456,FOLLOWS
246408,246410,FOLLOWS
246410,870639,FOLLOWS
246449,92340,FOLLOWS
246525,615321,FOLLOWS
246525,582868,FOLLOWS
246534,161477,FOLLOWS
246559,686542,FOLLOWS
246582,475047,FOLLOWS
246582,368763,FOLLOWS
246594,465291,FOLLOWS
246678,718685,FOLLOWS
246678,713687,FOLLOWS
246678,538837,FOLLOWS
246696,24092,FOLLOWS
246740,153012,FOLLOWS
246740,246714,FOLLOWS
246740,390140,FOLLOWS
246954,155349,FOLLOWS
246985,353206,FOLLOWS
246985,491204,FOLLOWS
246985,511038,FOLLOWS
247114,48893,FOLLOWS
247301,218992,FOLLOWS
247301,478840,FOLLOWS
247358,1164313,FOLLOWS
247372,115327,FOLLOWS
247372,171361,FOLLOWS
247372,354058,FOLLOWS
247372,462269,FOLLOWS
247374,238980,FOLLOWS
247374,63561,FOLLOWS
247429,52005,FOLLOWS
247429,891193,FOLLOWS
247674,48267,FOLLOWS
247674,174834,FOLLOWS
247674,944662,FOLLOWS
247678,124736,FOLLOWS
247683,247690,FOLLOWS
247690,188351,FOLLOWS
247690,247683,FOLLOWS
247752,220342,FOLLOWS
247752,112370,FOLLOWS
247752,204922,FOLLOWS
247752,282774,FOLLOWS
247762,55086,FOLLOWS
247762,225499,FOLLOWS
247786,581442,FOLLOWS
247852,34031,FOLLOWS
247852,57219,FOLLOWS
247852,81682,FOLLOWS
247852,799920,FOLLOWS
247863,237293,FOLLOWS
248057,329420,FOLLOWS
248127,206969,FOLLOWS
248236,398005,FOLLOWS
248575,37705,FOLLOWS
248575,78690,FOLLOWS
248575,228486,FOLLOWS
248575,245101,FOLLOWS
248588,360082,FOLLOWS
248746,815789,FOLLOWS
248917,438774,FOLLOWS
248952,56113,FOLLOWS
249133,333573,FOLLOWS
249205,322433,FOLLOWS
249251,42348,FOLLOWS
249276,356322,FOLLOWS
249302,57949,FOLLOWS
249302,92310,FOLLOWS
249302,598631,FOLLOWS
249302,669337,FOLLOWS
249345,172444,FOLLOWS
249345,314830,FOLLOWS
249390,182732,FOLLOWS
249390,269697,FOLLOWS
249390,671772,FOLLOWS
249400,15144,FOLLOWS
249479,92972,FOLLOWS
249524,246305,FOLLOWS
249554,95501,FOLLOWS
249554,127564,FOLLOWS
249554,229627,FOLLOWS
249638,87544,FOLLOWS
249638,153048,FOLLOWS
249638,184037,FOLLOWS
249795,86007,FOLLOWS
249795,297653,FOLLOWS
249795,211669,FOLLOWS
249795,386266,FOLLOWS
249795,386165,FOLLOWS
249795,67131,FOLLOWS
249795,48140,FOLLOWS
249795,90964,FOLLOWS
249795,63874,FOLLOWS
249795,387412,FOLLOWS
249795,387160,FOLLOWS
249795,40149,FOLLOWS
249806,842363,FOLLOWS
249882,36320,FOLLOWS
249882,167320,FOLLOWS
250031,89445,FOLLOWS
250031,517264,FOLLOWS
250040,216153,FOLLOWS
250040,371927,FOLLOWS
250048,661441,FOLLOWS
250105,1150314,FOLLOWS
250179,237424,FOLLOWS
250179,227539,FOLLOWS
250395,381706,FOLLOWS
250411,401734,FOLLOWS
250411,413113,FOLLOWS
250426,48267,FOLLOWS
250426,227492,FOLLOWS
250452,547507,FOLLOWS
250452,477207,FOLLOWS
250589,289954,FOLLOWS
250594,312325,FOLLOWS
250643,408750,FOLLOWS
250643,1144869,FOLLOWS
250749,17301,FOLLOWS
250749,374467,FOLLOWS
250786,78158,FOLLOWS
250786,127685,FOLLOWS
250873,498090,FOLLOWS
250914,323736,FOLLOWS
250914,283550,FOLLOWS
250990,521751,FOLLOWS
250994,492165,FOLLOWS
251090,93476,FOLLOWS
251090,442798,FOLLOWS
251090,432807,FOLLOWS
251164,121529,FOLLOWS
251164,781003,FOLLOWS
251164,498082,FOLLOWS
251232,428240,FOLLOWS
251232,533862,FOLLOWS
251232,450838,FOLLOWS
251232,265316,FOLLOWS
251301,106071,FOLLOWS
251301,962444,FOLLOWS
251426,141755,FOLLOWS
251506,70918,FOLLOWS
251521,27259,FOLLOWS
251521,508297,FOLLOWS
251851,853703,FOLLOWS
252001,36593,FOLLOWS
252127,887110,FOLLOWS
252127,79579,FOLLOWS
252127,1128831,FOLLOWS
252159,716020,FOLLOWS
252159,48648,FOLLOWS
252222,50785,FOLLOWS
252222,268142,FOLLOWS
252222,546049,FOLLOWS
252292,56908,FOLLOWS
252292,1264005,FOLLOWS
252334,829151,FOLLOWS
252338,79314,FOLLOWS
252338,108095,FOLLOWS
252343,490178,FOLLOWS
252473,603982,FOLLOWS
252473,1170111,FOLLOWS
252553,302255,FOLLOWS
252553,509524,FOLLOWS
252652,278359,FOLLOWS
252662,427740,FOLLOWS
252702,562911,FOLLOWS
252711,630404,FOLLOWS
252775,580607,FOLLOWS
252775,92292,FOLLOWS
252775,440390,FOLLOWS
252775,795003,FOLLOWS
252826,252555,FOLLOWS
252826,455956,FOLLOWS
252986,284994,FOLLOWS
252986,753926,FOLLOWS
253184,4251,FOLLOWS
253184,180549,FOLLOWS
253196,1170771,FOLLOWS
253328,93136,FOLLOWS
253328,288884,FOLLOWS
253328,92187,FOLLOWS
253328,631595,FOLLOWS
253449,635836,FOLLOWS
253510,285902,FOLLOWS
253510,603278,FOLLOWS
253565,795700,FOLLOWS
253617,134719,FOLLOWS
253634,442251,FOLLOWS
253695,40504,FOLLOWS
253695,238201,FOLLOWS
253695,385502,FOLLOWS
253698,340369,FOLLOWS
253698,341867,FOLLOWS
253698,1093636,FOLLOWS
253738,177918,FOLLOWS
253752,349074,FOLLOWS
253752,579278,FOLLOWS
253773,721985,FOLLOWS
253776,65058,FOLLOWS
253787,253917,FOLLOWS
253787,573262,FOLLOWS
253787,757742,FOLLOWS
253787,857917,FOLLOWS
253865,623804,FOLLOWS
253878,363784,FOLLOWS
253878,1085819,FOLLOWS
253887,388103,FOLLOWS
253917,253787,FOLLOWS
253917,589971,FOLLOWS
253942,876112,FOLLOWS
253942,1170529,FOLLOWS
253942,604424,FOLLOWS
253959,376879,FOLLOWS
254155,395972,FOLLOWS
254280,152834,FOLLOWS
254319,44589,FOLLOWS
254344,136680,FOLLOWS
254344,270014,FOLLOWS
254344,533135,FOLLOWS
254390,16690,FOLLOWS
254398,845974,FOLLOWS
254615,189782,FOLLOWS
254615,761958,FOLLOWS
254658,149927,FOLLOWS
254758,764135,FOLLOWS
254761,606416,FOLLOWS
255016,90447,FOLLOWS
255087,618845,FOLLOWS
255252,1373229,FOLLOWS
255331,674838,FOLLOWS
255615,755958,FOLLOWS
255615,489994,FOLLOWS
255616,188557,FOLLOWS
255631,940122,FOLLOWS
255682,159925,FOLLOWS
255691,15483,FOLLOWS
255691,133983,FOLLOWS
255691,195420,FOLLOWS
255691,687619,FOLLOWS
255752,96390,FOLLOWS
255759,340096,FOLLOWS
255870,629562,FOLLOWS
255917,437608,FOLLOWS
255917,523077,FOLLOWS
255917,1034436,FOLLOWS
255917,1058783,FOLLOWS
255917,262089,FOLLOWS
255917,644793,FOLLOWS
255969,1174256,FOLLOWS
255976,38029,FOLLOWS
255976,38094,FOLLOWS
255976,39089,FOLLOWS
255976,43956,FOLLOWS
255976,83141,FOLLOWS
255976,93974,FOLLOWS
255976,108346,FOLLOWS
255976,287162,FOLLOWS
256000,170089,FOLLOWS
256029,138035,FOLLOWS
256029,811641,FOLLOWS
256029,336398,FOLLOWS
256029,429243,FOLLOWS
256029,294229,FOLLOWS
256121,14885,FOLLOWS
256398,310524,FOLLOWS
256398,346932,FOLLOWS
256443,327067,FOLLOWS
256443,271351,FOLLOWS
256443,271379,FOLLOWS
256443,213529,FOLLOWS
256443,435177,FOLLOWS
256443,350405,FOLLOWS
256580,600210,FOLLOWS
256587,110277,FOLLOWS
256587,55886,FOLLOWS
256587,433308,FOLLOWS
256587,494439,FOLLOWS
256728,184139,FOLLOWS
256742,391475,FOLLOWS
256823,244883,FOLLOWS
256924,848685,FOLLOWS
256942,28257,FOLLOWS
256942,416595,FOLLOWS
256942,1103426,FOLLOWS
256994,101496,FOLLOWS
256994,854744,FOLLOWS
257063,274270,FOLLOWS
257063,845974,FOLLOWS
257153,264796,FOLLOWS
257154,458018,FOLLOWS
257154,542532,FOLLOWS
257182,757079,FOLLOWS
257182,692845,FOLLOWS
257249,793907,FOLLOWS
257394,480286,FOLLOWS
257434,644545,FOLLOWS
257480,61268,FOLLOWS
257539,378083,FOLLOWS
257539,821369,FOLLOWS
257709,55492,FOLLOWS
257775,229620,FOLLOWS
257934,276924,FOLLOWS
257939,1175716,FOLLOWS
257939,359790,FOLLOWS
257973,640248,FOLLOWS
257973,693835,FOLLOWS
257973,970121,FOLLOWS
257984,16694,FOLLOWS
257984,1163203,FOLLOWS
258076,300952,FOLLOWS
258132,721299,FOLLOWS
258157,235546,FOLLOWS
258290,262760,FOLLOWS
258290,956647,FOLLOWS
258290,986489,FOLLOWS
258290,1000601,FOLLOWS
258394,1176791,FOLLOWS
258420,253942,FOLLOWS
258420,422354,FOLLOWS
258439,261824,FOLLOWS
258439,258458,FOLLOWS
258439,262166,FOLLOWS
258439,262367,FOLLOWS
258458,258439,FOLLOWS
258458,262166,FOLLOWS
258458,545621,FOLLOWS
258458,261824,FOLLOWS
258458,242697,FOLLOWS
258459,157707,FOLLOWS
258471,465136,FOLLOWS
258836,216642,FOLLOWS
258836,166076,FOLLOWS
258836,421085,FOLLOWS
258836,68736,FOLLOWS
258836,115015,FOLLOWS
258837,23034,FOLLOWS
258839,229395,FOLLOWS
258893,1022061,FOLLOWS
258893,277322,FOLLOWS
258893,516513,FOLLOWS
258893,947770,FOLLOWS
258893,514638,FOLLOWS
258893,510188,FOLLOWS
258979,758723,FOLLOWS
258979,379506,FOLLOWS
258979,702211,FOLLOWS
259007,372820,FOLLOWS
259023,225861,FOLLOWS
259054,145986,FOLLOWS
259054,147280,FOLLOWS
259054,667270,FOLLOWS
259131,189053,FOLLOWS
259131,326945,FOLLOWS
259131,863964,FOLLOWS
259131,413673,FOLLOWS
259131,319350,FOLLOWS
259329,1151838,FOLLOWS
259358,189782,FOLLOWS
259358,450600,FOLLOWS
259439,235306,FOLLOWS
259445,241500,FOLLOWS
259445,471096,FOLLOWS
259445,539988,FOLLOWS
259445,328626,FOLLOWS
259445,259542,FOLLOWS
259445,813835,FOLLOWS
259445,715482,FOLLOWS
259445,488540,FOLLOWS
259445,813850,FOLLOWS
259542,259445,FOLLOWS
259542,487425,FOLLOWS
259542,590161,FOLLOWS
259632,201919,FOLLOWS
259681,240016,FOLLOWS
259694,146782,FOLLOWS
259694,203141,FOLLOWS
259694,211327,FOLLOWS
259694,385616,FOLLOWS
259717,461350,FOLLOWS
259919,23608,FOLLOWS
259919,365335,FOLLOWS
259919,24273,FOLLOWS
259919,140976,FOLLOWS
259919,349162,FOLLOWS
259920,20756,FOLLOWS
259949,137456,FOLLOWS
259961,21953,FOLLOWS
259961,98378,FOLLOWS
259992,24231,FOLLOWS
259992,30080,FOLLOWS
260039,295935,FOLLOWS
260099,73155,FOLLOWS
260099,1030646,FOLLOWS
260099,207076,FOLLOWS
260099,973315,FOLLOWS
260099,441243,FOLLOWS
260103,164889,FOLLOWS
260103,414865,FOLLOWS
260260,655974,FOLLOWS
260296,122508,FOLLOWS
260324,740301,FOLLOWS
260324,318007,FOLLOWS
260324,491614,FOLLOWS
260324,438222,FOLLOWS
260324,285023,FOLLOWS
260324,407828,FOLLOWS
260374,236401,FOLLOWS
260374,59409,FOLLOWS
260459,243466,FOLLOWS
260512,233772,FOLLOWS
260564,215591,FOLLOWS
260564,1122461,FOLLOWS
260564,344550,FOLLOWS
260719,139986,FOLLOWS
260719,431144,FOLLOWS
260719,335488,FOLLOWS
260751,465605,FOLLOWS
260775,162611,FOLLOWS
260776,260827,FOLLOWS
260776,260830,FOLLOWS
260827,260776,FOLLOWS
260827,260830,FOLLOWS
260827,520581,FOLLOWS
260830,150814,FOLLOWS
260830,260827,FOLLOWS
260830,260776,FOLLOWS
260830,548122,FOLLOWS
260835,142506,FOLLOWS
260835,403717,FOLLOWS
260838,392075,FOLLOWS
260858,37888,FOLLOWS
260930,53239,FOLLOWS
260930,75055,FOLLOWS
260930,258979,FOLLOWS
260930,899566,FOLLOWS
260930,950918,FOLLOWS
261147,656221,FOLLOWS
261147,1508950,FOLLOWS
261162,86555,FOLLOWS
261162,196391,FOLLOWS
261163,501850,FOLLOWS
261163,205906,FOLLOWS
261163,430754,FOLLOWS
261163,467949,FOLLOWS
261166,37888,FOLLOWS
261166,95169,FOLLOWS
261344,379234,FOLLOWS
261344,261461,FOLLOWS
261415,60518,FOLLOWS
261461,211729,FOLLOWS
261461,176979,FOLLOWS
261461,90054,FOLLOWS
261461,516513,FOLLOWS
261461,374467,FOLLOWS
261461,271666,FOLLOWS
261461,108952,FOLLOWS
261546,180471,FOLLOWS
261546,1037703,FOLLOWS
261571,34597,FOLLOWS
261571,125120,FOLLOWS
261667,470897,FOLLOWS
261667,293375,FOLLOWS
261691,782165,FOLLOWS
261769,508503,FOLLOWS
261824,236835,FOLLOWS
261824,258439,FOLLOWS
261824,258458,FOLLOWS
261824,520581,FOLLOWS
261824,419664,FOLLOWS
261824,262166,FOLLOWS
261824,262367,FOLLOWS
261824,239143,FOLLOWS
262071,73906,FOLLOWS
262071,546603,FOLLOWS
262102,440435,FOLLOWS
262117,339176,FOLLOWS
262117,853009,FOLLOWS
262166,258439,FOLLOWS
262166,258458,FOLLOWS
262166,261824,FOLLOWS
262367,261824,FOLLOWS
262401,292446,FOLLOWS
262417,47052,FOLLOWS
262417,1181332,FOLLOWS
262445,852838,FOLLOWS
262445,364602,FOLLOWS
262445,1067596,FOLLOWS
262450,262458,FOLLOWS
262450,438751,FOLLOWS
262458,92310,FOLLOWS
262458,262450,FOLLOWS
262458,736688,FOLLOWS
262567,149767,FOLLOWS
262732,608994,FOLLOWS
262760,86657,FOLLOWS
262760,92310,FOLLOWS
262760,131756,FOLLOWS
262760,249302,FOLLOWS
262760,261163,FOLLOWS
262760,268519,FOLLOWS
262760,258290,FOLLOWS
262760,792541,FOLLOWS
262760,133188,FOLLOWS
262760,364696,FOLLOWS
262760,760072,FOLLOWS
262760,276485,FOLLOWS
262760,1041715,FOLLOWS
262782,69149,FOLLOWS
262782,538476,FOLLOWS
262782,631595,FOLLOWS
262823,352676,FOLLOWS
262856,1181934,FOLLOWS
262877,635836,FOLLOWS
262912,1181937,FOLLOWS
262912,995154,FOLLOWS
262951,324586,FOLLOWS
263046,86657,FOLLOWS
263046,236835,FOLLOWS
263046,369383,FOLLOWS
263076,607517,FOLLOWS
263076,1204365,FOLLOWS
263113,31099,FOLLOWS
263151,101671,FOLLOWS
263151,79439,FOLLOWS
263211,522706,FOLLOWS
263246,180549,FOLLOWS
263538,1182040,FOLLOWS
263575,263603,FOLLOWS
263599,38975,FOLLOWS
263599,195776,FOLLOWS
263603,263575,FOLLOWS
263603,264252,FOLLOWS
263740,252763,FOLLOWS
263740,300952,FOLLOWS
263740,463149,FOLLOWS
263740,602915,FOLLOWS
263741,126705,FOLLOWS
263741,257939,FOLLOWS
263741,263740,FOLLOWS
263781,31128,FOLLOWS
263781,639746,FOLLOWS
263848,1183125,FOLLOWS
264014,101328,FOLLOWS
264014,1182849,FOLLOWS
264042,44768,FOLLOWS
264171,294935,FOLLOWS
264175,267382,FOLLOWS
264175,383438,FOLLOWS
264179,235254,FOLLOWS
264252,263603,FOLLOWS
264252,369205,FOLLOWS
264252,789463,FOLLOWS
264252,502320,FOLLOWS
264307,199687,FOLLOWS
264350,139349,FOLLOWS
264350,162464,FOLLOWS
264350,468864,FOLLOWS
264350,726218,FOLLOWS
264486,186453,FOLLOWS
264522,184887,FOLLOWS
264573,177985,FOLLOWS
264573,835278,FOLLOWS
264573,373997,FOLLOWS
264740,1258230,FOLLOWS
264796,257153,FOLLOWS
264796,548194,FOLLOWS
264922,132155,FOLLOWS
264922,494268,FOLLOWS
264922,818453,FOLLOWS
264978,430965,FOLLOWS
265037,235558,FOLLOWS
265037,557660,FOLLOWS
265037,656338,FOLLOWS
265089,994544,FOLLOWS
265089,1184270,FOLLOWS
265194,467966,FOLLOWS
265249,3921,FOLLOWS
265294,144398,FOLLOWS
265294,285902,FOLLOWS
265294,533687,FOLLOWS
265294,301880,FOLLOWS
265316,251232,FOLLOWS
265316,432305,FOLLOWS
265503,401285,FOLLOWS
265503,703586,FOLLOWS
265525,547805,FOLLOWS
265557,75557,FOLLOWS
265707,285746,FOLLOWS
265709,545191,FOLLOWS
265711,609605,FOLLOWS
266052,162245,FOLLOWS
266052,166802,FOLLOWS
266052,380848,FOLLOWS
266140,31684,FOLLOWS
266140,266079,FOLLOWS
266331,50196,FOLLOWS
266354,230450,FOLLOWS
266354,1064476,FOLLOWS
266354,300212,FOLLOWS
266435,244615,FOLLOWS
266439,106893,FOLLOWS
266439,173633,FOLLOWS
266439,182742,FOLLOWS
266439,820945,FOLLOWS
266439,654823,FOLLOWS
266439,8679,FOLLOWS
266439,499734,FOLLOWS
266439,168531,FOLLOWS
266560,874311,FOLLOWS
266634,37470,FOLLOWS
266726,675411,FOLLOWS
266751,743576,FOLLOWS
266790,709385,FOLLOWS
266790,355860,FOLLOWS
266790,542448,FOLLOWS
266790,636349,FOLLOWS
266790,454719,FOLLOWS
266839,490236,FOLLOWS
266839,978632,FOLLOWS
266842,350500,FOLLOWS
266842,488840,FOLLOWS
266842,648236,FOLLOWS
266863,160858,FOLLOWS
266863,267321,FOLLOWS
266913,63818,FOLLOWS
266913,266992,FOLLOWS
266940,911647,FOLLOWS
266940,407202,FOLLOWS
266983,114441,FOLLOWS
266992,279133,FOLLOWS
267041,464638,FOLLOWS
267288,481850,FOLLOWS
267288,1025109,FOLLOWS
267321,266863,FOLLOWS
267362,145874,FOLLOWS
267362,290138,FOLLOWS
267362,865128,FOLLOWS
267363,1038330,FOLLOWS
267459,603278,FOLLOWS
267527,498346,FOLLOWS
267546,112903,FOLLOWS
267546,294788,FOLLOWS
267770,146793,FOLLOWS
267770,630903,FOLLOWS
267826,419183,FOLLOWS
267839,121971,FOLLOWS
267839,326344,FOLLOWS
267839,528358,FOLLOWS
267839,703134,FOLLOWS
267839,589709,FOLLOWS
267856,234964,FOLLOWS
267856,350427,FOLLOWS
267856,29520,FOLLOWS
267856,698519,FOLLOWS
267894,76652,FOLLOWS
268049,316647,FOLLOWS
268065,89202,FOLLOWS
268142,585300,FOLLOWS
268142,478902,FOLLOWS
268142,798282,FOLLOWS
268142,854055,FOLLOWS
268167,1044655,FOLLOWS
268191,939884,FOLLOWS
268256,14516,FOLLOWS
268270,407978,FOLLOWS
268270,485785,FOLLOWS
268519,262760,FOLLOWS
268519,266940,FOLLOWS
268519,313661,FOLLOWS
268727,33461,FOLLOWS
268727,622177,FOLLOWS
268727,457327,FOLLOWS
268733,268765,FOLLOWS
268765,268733,FOLLOWS
268765,67117,FOLLOWS
268765,312485,FOLLOWS
268765,62315,FOLLOWS
268786,81438,FOLLOWS
268786,117150,FOLLOWS
268786,126143,FOLLOWS
268786,171917,FOLLOWS
268786,349850,FOLLOWS
268786,402397,FOLLOWS
268786,655974,FOLLOWS
268786,409839,FOLLOWS
268786,451197,FOLLOWS
268791,962979,FOLLOWS
268805,220411,FOLLOWS
268805,786247,FOLLOWS
268886,135494,FOLLOWS
268886,226052,FOLLOWS
268886,584139,FOLLOWS
268886,162342,FOLLOWS
268886,757657,FOLLOWS
268886,414491,FOLLOWS
268963,277921,FOLLOWS
268963,396472,FOLLOWS
269040,29739,FOLLOWS
269072,514374,FOLLOWS
269310,658284,FOLLOWS
269327,424513,FOLLOWS
269373,202612,FOLLOWS
269492,64672,FOLLOWS
269492,705083,FOLLOWS
269492,342975,FOLLOWS
269492,1160815,FOLLOWS
269492,227317,FOLLOWS
269506,1527291,FOLLOWS
269529,60324,FOLLOWS
269554,598631,FOLLOWS
269697,249390,FOLLOWS
269697,297891,FOLLOWS
269697,58369,FOLLOWS
269716,405893,FOLLOWS
269741,655650,FOLLOWS
269741,14787,FOLLOWS
269757,590127,FOLLOWS
269757,679748,FOLLOWS
269827,539768,FOLLOWS
269899,853844,FOLLOWS
269927,56964,FOLLOWS
269927,347008,FOLLOWS
269927,418550,FOLLOWS
269927,345702,FOLLOWS
269949,347008,FOLLOWS
269949,416595,FOLLOWS
269949,704350,FOLLOWS
270006,65838,FOLLOWS
270006,698519,FOLLOWS
270006,625684,FOLLOWS
270115,469938,FOLLOWS
270115,591433,FOLLOWS
270115,806482,FOLLOWS
270115,938390,FOLLOWS
270115,693608,FOLLOWS
270169,172962,FOLLOWS
270169,270821,FOLLOWS
270169,682711,FOLLOWS
270211,398503,FOLLOWS
270211,898813,FOLLOWS
270211,1429999,FOLLOWS
270240,721985,FOLLOWS
270291,277359,FOLLOWS
270291,352315,FOLLOWS
270325,173271,FOLLOWS
270325,153789,FOLLOWS
270325,859098,FOLLOWS
270325,126752,FOLLOWS
270325,791409,FOLLOWS
270361,793311,FOLLOWS
270361,18433,FOLLOWS
270492,390944,FOLLOWS
270532,270014,FOLLOWS
270574,814869,FOLLOWS
270574,71659,FOLLOWS
270575,138512,FOLLOWS
270575,654115,FOLLOWS
270599,671914,FOLLOWS
270705,28184,FOLLOWS
270705,83995,FOLLOWS
270736,1189858,FOLLOWS
270736,285526,FOLLOWS
270821,270169,FOLLOWS
270883,61238,FOLLOWS
270883,1073329,FOLLOWS
270933,272060,FOLLOWS
270933,618362,FOLLOWS
270965,464275,FOLLOWS
271019,389650,FOLLOWS
271077,26339,FOLLOWS
271077,62152,FOLLOWS
271210,271694,FOLLOWS
271210,377493,FOLLOWS
271230,494787,FOLLOWS
271230,912194,FOLLOWS
271256,132974,FOLLOWS
271256,611257,FOLLOWS
271256,610187,FOLLOWS
271256,586912,FOLLOWS
271256,667784,FOLLOWS
271256,149136,FOLLOWS
271276,271277,FOLLOWS
271276,435004,FOLLOWS
271276,807535,FOLLOWS
271277,271276,FOLLOWS
271277,526707,FOLLOWS
271334,489994,FOLLOWS
271334,496852,FOLLOWS
271334,486936,FOLLOWS
271334,758029,FOLLOWS
271334,666466,FOLLOWS
271351,14885,FOLLOWS
271351,256443,FOLLOWS
271379,14885,FOLLOWS
271379,256443,FOLLOWS
271379,213529,FOLLOWS
271379,579924,FOLLOWS
271379,439817,FOLLOWS
271379,344609,FOLLOWS
271543,630942,FOLLOWS
271543,536206,FOLLOWS
271635,571392,FOLLOWS
271666,472754,FOLLOWS
271666,509837,FOLLOWS
271680,400005,FOLLOWS
271688,462021,FOLLOWS
271694,271210,FOLLOWS
271694,414625,FOLLOWS
271694,495689,FOLLOWS
271694,658078,FOLLOWS
271783,157308,FOLLOWS
271783,771987,FOLLOWS
271783,794843,FOLLOWS
271783,361735,FOLLOWS
271783,91937,FOLLOWS
271783,242900,FOLLOWS
271783,1008016,FOLLOWS
271783,818078,FOLLOWS
271783,272036,FOLLOWS
271783,361843,FOLLOWS
271879,43028,FOLLOWS
271879,125408,FOLLOWS
271917,72980,FOLLOWS
271940,609605,FOLLOWS
271940,257020,FOLLOWS
271940,852782,FOLLOWS
271955,357520,FOLLOWS
272036,242900,FOLLOWS
272036,91937,FOLLOWS
272036,58369,FOLLOWS
272044,272286,FOLLOWS
272060,270933,FOLLOWS
272087,432570,FOLLOWS
272128,424513,FOLLOWS
272128,425862,FOLLOWS
272192,292057,FOLLOWS
272192,352813,FOLLOWS
272279,584438,FOLLOWS
272286,27635,FOLLOWS
272286,272289,FOLLOWS
272289,272286,FOLLOWS
272399,270014,FOLLOWS
272399,270201,FOLLOWS
272399,240684,FOLLOWS
272476,95571,FOLLOWS
272547,546927,FOLLOWS
272547,1192224,FOLLOWS
272591,130248,FOLLOWS
272591,169747,FOLLOWS
272591,771310,FOLLOWS
272591,485674,FOLLOWS
272591,425507,FOLLOWS
272591,602441,FOLLOWS
272619,637499,FOLLOWS
272621,126900,FOLLOWS
272621,879441,FOLLOWS
272675,81169,FOLLOWS
272731,940550,FOLLOWS
272731,661710,FOLLOWS
272733,1099812,FOLLOWS
272935,146562,FOLLOWS
272935,282609,FOLLOWS
272935,282580,FOLLOWS
272951,47184,FOLLOWS
273059,907820,FOLLOWS
273102,499734,FOLLOWS
273111,203850,FOLLOWS
273221,21915,FOLLOWS
273221,320604,FOLLOWS
273221,1193068,FOLLOWS
273221,845999,FOLLOWS
273221,353521,FOLLOWS
273267,728108,FOLLOWS
273413,541769,FOLLOWS
273413,115093,FOLLOWS
273430,273529,FOLLOWS
273529,273430,FOLLOWS
273529,629311,FOLLOWS
273785,36332,FOLLOWS
273790,696971,FOLLOWS
273832,96390,FOLLOWS
273832,183048,FOLLOWS
273832,391118,FOLLOWS
273907,827063,FOLLOWS
273907,611012,FOLLOWS
273924,142972,FOLLOWS
273924,477092,FOLLOWS
273924,321245,FOLLOWS
274008,362771,FOLLOWS
274031,94496,FOLLOWS
274031,274070,FOLLOWS
274031,306680,FOLLOWS
274031,493874,FOLLOWS
274031,576433,FOLLOWS
274031,658687,FOLLOWS
274070,274031,FOLLOWS
274070,620810,FOLLOWS
274202,1001884,FOLLOWS
274249,91366,FOLLOWS
274249,581130,FOLLOWS
274270,418713,FOLLOWS
274320,57219,FOLLOWS
274331,91941,FOLLOWS
274331,343329,FOLLOWS
274357,15086,FOLLOWS
274392,15086,FOLLOWS
274394,77128,FOLLOWS
274428,18724,FOLLOWS
274434,15086,FOLLOWS
274488,94846,FOLLOWS
274519,1033057,FOLLOWS
274609,404433,FOLLOWS
274609,341766,FOLLOWS
274631,73218,FOLLOWS
274684,1114813,FOLLOWS
274727,403666,FOLLOWS
274873,1260326,FOLLOWS
274954,163261,FOLLOWS
274970,15144,FOLLOWS
275029,156072,FOLLOWS
275098,15146,FOLLOWS
275163,829442,FOLLOWS
275178,483471,FOLLOWS
275178,484383,FOLLOWS
275178,592253,FOLLOWS
275179,275342,FOLLOWS
275212,532372,FOLLOWS
275212,1174858,FOLLOWS
275212,1161937,FOLLOWS
275212,327452,FOLLOWS
275222,571866,FOLLOWS
275342,20932,FOLLOWS
275342,126173,FOLLOWS
275342,145986,FOLLOWS
275342,521524,FOLLOWS
275371,297619,FOLLOWS
275477,15149,FOLLOWS
275481,15149,FOLLOWS
275481,220853,FOLLOWS
275603,1041907,FOLLOWS
275744,210515,FOLLOWS
275744,124586,FOLLOWS
275744,960373,FOLLOWS
275744,364958,FOLLOWS
275806,85249,FOLLOWS
275868,740120,FOLLOWS
275868,798468,FOLLOWS
275964,46941,FOLLOWS
276015,145465,FOLLOWS
276015,196024,FOLLOWS
276111,31971,FOLLOWS
276111,103746,FOLLOWS
276111,172908,FOLLOWS
276126,320400,FOLLOWS
276163,103746,FOLLOWS
276163,458251,FOLLOWS
276198,133734,FOLLOWS
276222,130248,FOLLOWS
276222,242548,FOLLOWS
276222,892228,FOLLOWS
276222,486607,FOLLOWS
276229,15368,FOLLOWS
276236,421572,FOLLOWS
276236,728547,FOLLOWS
276307,475491,FOLLOWS
276312,551467,FOLLOWS
276312,311531,FOLLOWS
276485,161804,FOLLOWS
276485,249302,FOLLOWS
276485,1071111,FOLLOWS
276506,476781,FOLLOWS
276519,1147002,FOLLOWS
276568,1550210,FOLLOWS
276661,376507,FOLLOWS
276707,906440,FOLLOWS
276723,120917,FOLLOWS
276723,409944,FOLLOWS
276723,739191,FOLLOWS
276826,434590,FOLLOWS
276835,75588,FOLLOWS
276907,23592,FOLLOWS
276924,151462,FOLLOWS
276924,257934,FOLLOWS
276924,785653,FOLLOWS
277141,151099,FOLLOWS
277141,212389,FOLLOWS
277141,139579,FOLLOWS
277141,568982,FOLLOWS
277141,1185041,FOLLOWS
277144,292664,FOLLOWS
277144,989194,FOLLOWS
277157,15162,FOLLOWS
277157,121872,FOLLOWS
277190,328612,FOLLOWS
277190,448054,FOLLOWS
277322,348065,FOLLOWS
277366,310782,FOLLOWS
277366,306920,FOLLOWS
277368,136610,FOLLOWS
277368,584438,FOLLOWS
277404,45200,FOLLOWS
277404,264796,FOLLOWS
277404,359049,FOLLOWS
277409,87809,FOLLOWS
277409,380144,FOLLOWS
277517,391855,FOLLOWS
277580,549648,FOLLOWS
277602,617904,FOLLOWS
277602,969374,FOLLOWS
277602,564991,FOLLOWS
277602,501832,FOLLOWS
277602,654696,FOLLOWS
277753,96777,FOLLOWS
277822,305930,FOLLOWS
277921,105329,FOLLOWS
277925,166248,FOLLOWS
277925,425343,FOLLOWS
277925,903192,FOLLOWS
278047,445657,FOLLOWS
278047,336398,FOLLOWS
278073,15368,FOLLOWS
278073,709222,FOLLOWS
278100,723759,FOLLOWS
278100,346997,FOLLOWS
278101,61238,FOLLOWS
278101,91534,FOLLOWS
278101,162967,FOLLOWS
278101,612728,FOLLOWS
278101,174408,FOLLOWS
278101,207174,FOLLOWS
278106,813274,FOLLOWS
278233,576433,FOLLOWS
278559,150632,FOLLOWS
278559,545580,FOLLOWS
278596,106542,FOLLOWS
278603,141755,FOLLOWS
278720,347927,FOLLOWS
278720,341766,FOLLOWS
278720,339982,FOLLOWS
278751,121421,FOLLOWS
278915,632421,FOLLOWS
279039,138547,FOLLOWS
279102,679898,FOLLOWS
279102,684406,FOLLOWS
279102,1199851,FOLLOWS
279107,584846,FOLLOWS
279133,266992,FOLLOWS
279133,291410,FOLLOWS
279147,235700,FOLLOWS
279147,349484,FOLLOWS
279172,12622,FOLLOWS
279180,484851,FOLLOWS
279206,21867,FOLLOWS
279206,52669,FOLLOWS
279206,117782,FOLLOWS
279248,133229,FOLLOWS
279248,142933,FOLLOWS
279248,476363,FOLLOWS
279248,763520,FOLLOWS
279260,799218,FOLLOWS
279260,1191587,FOLLOWS
279428,503218,FOLLOWS
279428,541216,FOLLOWS
279428,689893,FOLLOWS
279428,1150723,FOLLOWS
279446,646359,FOLLOWS
279446,530231,FOLLOWS
279575,765818,FOLLOWS
279646,228291,FOLLOWS
279646,343370,FOLLOWS
279646,344970,FOLLOWS
279649,506246,FOLLOWS
279649,1200171,FOLLOWS
279774,559730,FOLLOWS
279774,354130,FOLLOWS
279868,99821,FOLLOWS
279868,708290,FOLLOWS
279898,974274,FOLLOWS
279916,566296,FOLLOWS
279932,122282,FOLLOWS
279936,227478,FOLLOWS
279936,569853,FOLLOWS
279936,537846,FOLLOWS
279936,688976,FOLLOWS
279961,1200868,FOLLOWS
280094,129589,FOLLOWS
280094,465983,FOLLOWS
280098,697681,FOLLOWS
280133,518042,FOLLOWS
280133,735204,FOLLOWS
280133,172908,FOLLOWS
280161,451706,FOLLOWS
280161,508503,FOLLOWS
280179,186862,FOLLOWS
280179,296020,FOLLOWS
280179,460582,FOLLOWS
280179,1253375,FOLLOWS
280255,1170378,FOLLOWS
280301,269373,FOLLOWS
280385,230020,FOLLOWS
280478,120701,FOLLOWS
280591,512962,FOLLOWS
280619,483011,FOLLOWS
280649,90983,FOLLOWS
280681,946121,FOLLOWS
280681,389487,FOLLOWS
280706,461111,FOLLOWS
280768,15771,FOLLOWS
280768,492030,FOLLOWS
280784,690384,FOLLOWS
280796,15771,FOLLOWS
280796,283443,FOLLOWS
280932,1089875,FOLLOWS
281009,142601,FOLLOWS
281009,300760,FOLLOWS
281009,23929,FOLLOWS
281009,1201869,FOLLOWS
281168,238042,FOLLOWS
281168,362435,FOLLOWS
281198,445390,FOLLOWS
281199,92568,FOLLOWS
281199,392521,FOLLOWS
281499,82309,FOLLOWS
281541,29531,FOLLOWS
281541,413180,FOLLOWS
281541,414651,FOLLOWS
281541,419280,FOLLOWS
281706,368837,FOLLOWS
281706,695147,FOLLOWS
281706,1018113,FOLLOWS
281765,206360,FOLLOWS
281765,143536,FOLLOWS
281765,559606,FOLLOWS
281804,815789,FOLLOWS
282002,205199,FOLLOWS
282002,438476,FOLLOWS
282130,391381,FOLLOWS
282243,471096,FOLLOWS
282243,521603,FOLLOWS
282243,552748,FOLLOWS
282243,713452,FOLLOWS
282243,749122,FOLLOWS
282270,107738,FOLLOWS
282270,111679,FOLLOWS
282270,160525,FOLLOWS
282270,516265,FOLLOWS
282270,1203283,FOLLOWS
282270,585767,FOLLOWS
282347,484364,FOLLOWS
282445,220894,FOLLOWS
282449,267390,FOLLOWS
282485,153069,FOLLOWS
282580,45131,FOLLOWS
282580,215210,FOLLOWS
282580,282609,FOLLOWS
282609,64128,FOLLOWS
282609,570756,FOLLOWS
282609,272935,FOLLOWS
282609,282580,FOLLOWS
282609,1106667,FOLLOWS
282609,416003,FOLLOWS
282609,774760,FOLLOWS
282623,807095,FOLLOWS
282694,158452,FOLLOWS
282694,210515,FOLLOWS
282716,15736,FOLLOWS
282716,156161,FOLLOWS
282716,375266,FOLLOWS
282716,516513,FOLLOWS
282774,1091428,FOLLOWS
282950,998775,FOLLOWS
282958,1204319,FOLLOWS
283169,54178,FOLLOWS
283169,285023,FOLLOWS
283244,536871,FOLLOWS
283254,93974,FOLLOWS
283254,242619,FOLLOWS
283260,41754,FOLLOWS
283260,88670,FOLLOWS
283260,1204923,FOLLOWS
283260,320884,FOLLOWS
283260,435217,FOLLOWS
283260,434817,FOLLOWS
283260,277322,FOLLOWS
283276,283443,FOLLOWS
283294,21124,FOLLOWS
283337,105277,FOLLOWS
283421,545955,FOLLOWS
283443,283276,FOLLOWS
283443,284329,FOLLOWS
283462,218071,FOLLOWS
283550,184919,FOLLOWS
283550,239584,FOLLOWS
283550,250914,FOLLOWS
283550,25892,FOLLOWS
283716,16028,FOLLOWS
283716,558704,FOLLOWS
283740,1205268,FOLLOWS
283740,1082358,FOLLOWS
283740,616700,FOLLOWS
283740,504053,FOLLOWS
283740,563677,FOLLOWS
283813,15869,FOLLOWS
283941,180451,FOLLOWS
284092,189053,FOLLOWS
284092,363648,FOLLOWS
284146,182789,FOLLOWS
284146,293244,FOLLOWS
284279,513235,FOLLOWS
284279,579067,FOLLOWS
284329,307145,FOLLOWS
284329,279039,FOLLOWS
284348,981767,FOLLOWS
284367,284994,FOLLOWS
284407,310868,FOLLOWS
284512,154335,FOLLOWS
284512,4661,FOLLOWS
284512,76899,FOLLOWS
284514,440555,FOLLOWS
284534,1206823,FOLLOWS
284634,751317,FOLLOWS
284649,131128,FOLLOWS
284722,771934,FOLLOWS
284790,417652,FOLLOWS
284887,353013,FOLLOWS
284887,850228,FOLLOWS
284931,33490,FOLLOWS
284933,230447,FOLLOWS
284994,114833,FOLLOWS
284994,252986,FOLLOWS
284994,284367,FOLLOWS
284994,66420,FOLLOWS
285023,260324,FOLLOWS
285023,283169,FOLLOWS
285281,88508,FOLLOWS
285370,877512,FOLLOWS
285425,358406,FOLLOWS
285425,34066,FOLLOWS
285461,384982,FOLLOWS
285526,338725,FOLLOWS
285526,440482,FOLLOWS
285526,732010,FOLLOWS
285526,1347637,FOLLOWS
285597,285625,FOLLOWS
285597,784196,FOLLOWS
285625,285597,FOLLOWS
285684,113862,FOLLOWS
285684,539457,FOLLOWS
285684,362398,FOLLOWS
285684,381028,FOLLOWS
285684,476914,FOLLOWS
285684,928661,FOLLOWS
285711,994486,FOLLOWS
285711,1165626,FOLLOWS
285746,265707,FOLLOWS
285748,416682,FOLLOWS
285808,158876,FOLLOWS
285808,553694,FOLLOWS
285808,566506,FOLLOWS
285902,265294,FOLLOWS
285912,322224,FOLLOWS
286224,218788,FOLLOWS
286224,263781,FOLLOWS
286284,731711,FOLLOWS
286284,656487,FOLLOWS
286284,83833,FOLLOWS
286284,542175,FOLLOWS
286300,327311,FOLLOWS
286300,342145,FOLLOWS
286300,663435,FOLLOWS
286300,866341,FOLLOWS
286320,238042,FOLLOWS
286320,817791,FOLLOWS
286320,507628,FOLLOWS
286336,68731,FOLLOWS
286383,289056,FOLLOWS
286455,495688,FOLLOWS
286508,330413,FOLLOWS
286508,1194446,FOLLOWS
286525,579967,FOLLOWS
286624,566679,FOLLOWS
286624,672788,FOLLOWS
286657,1169504,FOLLOWS
286776,24880,FOLLOWS
286784,660604,FOLLOWS
286784,235913,FOLLOWS
286822,748583,FOLLOWS
286993,180577,FOLLOWS
286993,209573,FOLLOWS
286993,178310,FOLLOWS
286993,429168,FOLLOWS
286993,698801,FOLLOWS
287064,290669,FOLLOWS
287129,120302,FOLLOWS
287162,102516,FOLLOWS
287162,182305,FOLLOWS
287162,237686,FOLLOWS
287253,615259,FOLLOWS
287253,210737,FOLLOWS
287253,580703,FOLLOWS
287344,71519,FOLLOWS
287344,417756,FOLLOWS
287549,287554,FOLLOWS
287554,287549,FOLLOWS
287554,165547,FOLLOWS
287606,148569,FOLLOWS
287819,194763,FOLLOWS
287819,604373,FOLLOWS
287950,726514,FOLLOWS
288066,288031,FOLLOWS
288066,588419,FOLLOWS
288102,288811,FOLLOWS
288102,341019,FOLLOWS
288102,288806,FOLLOWS
288232,848262,FOLLOWS
288232,504271,FOLLOWS
288246,564991,FOLLOWS
288246,694014,FOLLOWS
288271,889285,FOLLOWS
288326,929118,FOLLOWS
288379,90610,FOLLOWS
288379,277921,FOLLOWS
288412,655348,FOLLOWS
288454,132242,FOLLOWS
288490,1211077,FOLLOWS
288528,578154,FOLLOWS
288528,513692,FOLLOWS
288606,150459,FOLLOWS
288620,553170,FOLLOWS
288661,55086,FOLLOWS
288693,883614,FOLLOWS
288693,277810,FOLLOWS
288736,720851,FOLLOWS
288741,55235,FOLLOWS
288806,137294,FOLLOWS
288806,288102,FOLLOWS
288806,288811,FOLLOWS
288806,341019,FOLLOWS
288806,418205,FOLLOWS
288811,29531,FOLLOWS
288811,195154,FOLLOWS
288811,288102,FOLLOWS
288811,341019,FOLLOWS
288811,288806,FOLLOWS
288811,340353,FOLLOWS
288811,404999,FOLLOWS
288811,416368,FOLLOWS
288811,355549,FOLLOWS
288811,295086,FOLLOWS
288884,253328,FOLLOWS
288884,943810,FOLLOWS
288885,951200,FOLLOWS
288885,492812,FOLLOWS
288928,29531,FOLLOWS
288928,29850,FOLLOWS
288928,316744,FOLLOWS
289016,35676,FOLLOWS
289056,286383,FOLLOWS
289056,177038,FOLLOWS
289056,141043,FOLLOWS
289091,65615,FOLLOWS
289091,828765,FOLLOWS
289127,87937,FOLLOWS
289127,421572,FOLLOWS
289127,489037,FOLLOWS
289127,515706,FOLLOWS
289127,819195,FOLLOWS
289127,1025176,FOLLOWS
289128,315153,FOLLOWS
289128,382374,FOLLOWS
289128,493394,FOLLOWS
289151,289160,FOLLOWS
289151,323694,FOLLOWS
289151,323730,FOLLOWS
289160,697420,FOLLOWS
289160,289151,FOLLOWS
289180,377656,FOLLOWS
289221,78070,FOLLOWS
289221,848652,FOLLOWS
289333,105735,FOLLOWS
289346,467719,FOLLOWS
289399,1158301,FOLLOWS
289577,401506,FOLLOWS
289577,633544,FOLLOWS
289651,227739,FOLLOWS
289651,720741,FOLLOWS
289651,49673,FOLLOWS
289651,935369,FOLLOWS
289687,87415,FOLLOWS
289718,415824,FOLLOWS
289718,666642,FOLLOWS
289718,675251,FOLLOWS
289806,34597,FOLLOWS
289853,16582,FOLLOWS
289860,371721,FOLLOWS
289860,472754,FOLLOWS
289860,548561,FOLLOWS
289979,126322,FOLLOWS
289981,126322,FOLLOWS
289981,154335,FOLLOWS
289981,738261,FOLLOWS
290049,752510,FOLLOWS
290106,201034,FOLLOWS
290114,671950,FOLLOWS
290138,271955,FOLLOWS
290138,416596,FOLLOWS
290138,886137,FOLLOWS
290167,91924,FOLLOWS
290168,898660,FOLLOWS
290289,42789,FOLLOWS
290289,498563,FOLLOWS
290317,294038,FOLLOWS
290371,821514,FOLLOWS
290388,218788,FOLLOWS
290388,235257,FOLLOWS
290388,391743,FOLLOWS
290453,851979,FOLLOWS
290484,340787,FOLLOWS
290570,1213083,FOLLOWS
290570,545693,FOLLOWS
290570,1213272,FOLLOWS
290570,442012,FOLLOWS
290570,192867,FOLLOWS
290585,239261,FOLLOWS
290585,884575,FOLLOWS
290614,291484,FOLLOWS
290614,633018,FOLLOWS
290664,180314,FOLLOWS
290664,465718,FOLLOWS
290669,43552,FOLLOWS
290669,287064,FOLLOWS
290711,632962,FOLLOWS
290780,374411,FOLLOWS
290780,866716,FOLLOWS
290884,905170,FOLLOWS
291065,60506,FOLLOWS
291065,90610,FOLLOWS
291065,284994,FOLLOWS
291065,481340,FOLLOWS
291065,329060,FOLLOWS
291143,378359,FOLLOWS
291143,350319,FOLLOWS
291143,76408,FOLLOWS
291143,209873,FOLLOWS
291150,66257,FOLLOWS
291150,413109,FOLLOWS
291266,146044,FOLLOWS
291484,223881,FOLLOWS
291484,290614,FOLLOWS
291521,16762,FOLLOWS
291570,276981,FOLLOWS
291570,636128,FOLLOWS
291570,1146744,FOLLOWS
291603,422354,FOLLOWS
291765,292322,FOLLOWS
291829,1062119,FOLLOWS
291867,852947,FOLLOWS
291924,128615,FOLLOWS
291924,592928,FOLLOWS
292057,272192,FOLLOWS
292059,852926,FOLLOWS
292063,393308,FOLLOWS
292081,439005,FOLLOWS
292081,825185,FOLLOWS
292098,371050,FOLLOWS
292116,15478,FOLLOWS
292215,588021,FOLLOWS
292215,1214552,FOLLOWS
292215,1214815,FOLLOWS
292322,291765,FOLLOWS
292322,123198,FOLLOWS
292362,121421,FOLLOWS
292407,621046,FOLLOWS
292407,1030921,FOLLOWS
292407,849777,FOLLOWS
292408,143497,FOLLOWS
292480,499057,FOLLOWS
292610,904958,FOLLOWS
292610,1308387,FOLLOWS
292664,277144,FOLLOWS
292664,631419,FOLLOWS
292664,598242,FOLLOWS
292664,585977,FOLLOWS
292740,53611,FOLLOWS
292740,97745,FOLLOWS
292740,117150,FOLLOWS
292740,292742,FOLLOWS
292742,53611,FOLLOWS
292742,292740,FOLLOWS
292742,364544,FOLLOWS
292742,499959,FOLLOWS
292742,425299,FOLLOWS
292759,149027,FOLLOWS
292794,18995,FOLLOWS
292794,64538,FOLLOWS
292794,87415,FOLLOWS
292794,312485,FOLLOWS
292821,137866,FOLLOWS
292821,581497,FOLLOWS
292821,889422,FOLLOWS
292859,400160,FOLLOWS
292859,304188,FOLLOWS
293072,703525,FOLLOWS
293244,60518,FOLLOWS
293244,284146,FOLLOWS
293244,293352,FOLLOWS
293244,47618,FOLLOWS
293253,70906,FOLLOWS
293255,614538,FOLLOWS
293293,283301,FOLLOWS
293352,293244,FOLLOWS
293361,540297,FOLLOWS
293361,548201,FOLLOWS
293375,728320,FOLLOWS
293420,33050,FOLLOWS
293420,233552,FOLLOWS
293590,1215598,FOLLOWS
293633,1254256,FOLLOWS
293727,692540,FOLLOWS
293727,428992,FOLLOWS
293835,504271,FOLLOWS
293907,180031,FOLLOWS
293931,90983,FOLLOWS
293931,183735,FOLLOWS
293931,282319,FOLLOWS
293941,293590,FOLLOWS
293941,325553,FOLLOWS
293941,645487,FOLLOWS
294038,353599,FOLLOWS
294038,477697,FOLLOWS
294210,296068,FOLLOWS
294229,22608,FOLLOWS
294229,256029,FOLLOWS
294229,618811,FOLLOWS
294244,1216260,FOLLOWS
294266,414818,FOLLOWS
294413,180904,FOLLOWS
294413,885583,FOLLOWS
294579,106575,FOLLOWS
294579,540660,FOLLOWS
294661,33871,FOLLOWS
294786,60518,FOLLOWS
294788,31971,FOLLOWS
294788,106240,FOLLOWS
294788,267546,FOLLOWS
294788,176714,FOLLOWS
294788,304139,FOLLOWS
294835,30217,FOLLOWS
294843,241986,FOLLOWS
294843,366369,FOLLOWS
294859,104086,FOLLOWS
294935,264171,FOLLOWS
294942,82491,FOLLOWS
294942,1073009,FOLLOWS
294942,112907,FOLLOWS
294996,155150,FOLLOWS
294999,72485,FOLLOWS
295086,31044,FOLLOWS
295086,288811,FOLLOWS
295126,57555,FOLLOWS
295126,106575,FOLLOWS
295126,124382,FOLLOWS
295126,126863,FOLLOWS
295126,466572,FOLLOWS
295222,96483,FOLLOWS
295325,95316,FOLLOWS
295354,367429,FOLLOWS
295354,458993,FOLLOWS
295354,675051,FOLLOWS
295425,906025,FOLLOWS
295716,111679,FOLLOWS
295726,295935,FOLLOWS
295759,493383,FOLLOWS
295759,792777,FOLLOWS
295773,295780,FOLLOWS
295773,682281,FOLLOWS
295780,295773,FOLLOWS
295780,486992,FOLLOWS
295780,608302,FOLLOWS
295780,749585,FOLLOWS
295850,188254,FOLLOWS
295945,40696,FOLLOWS
296020,280179,FOLLOWS
296339,21537,FOLLOWS
296352,241948,FOLLOWS
296407,956539,FOLLOWS
296407,1141189,FOLLOWS
296407,72577,FOLLOWS
296569,19591,FOLLOWS
296569,1011748,FOLLOWS
296569,445559,FOLLOWS
296569,347684,FOLLOWS
296569,737,FOLLOWS
296606,353565,FOLLOWS
296606,1269089,FOLLOWS
296630,123851,FOLLOWS
296630,125408,FOLLOWS
296676,78999,FOLLOWS
296676,570584,FOLLOWS
297070,73323,FOLLOWS
297376,564805,FOLLOWS
297381,794383,FOLLOWS
297381,245345,FOLLOWS
297381,285912,FOLLOWS
297535,655198,FOLLOWS
297535,240873,FOLLOWS
297619,489355,FOLLOWS
297653,249795,FOLLOWS
297722,541557,FOLLOWS
297722,662211,FOLLOWS
297752,134469,FOLLOWS
297752,379506,FOLLOWS
297752,320604,FOLLOWS
297752,308089,FOLLOWS
297770,164648,FOLLOWS
297770,435217,FOLLOWS
297770,1219340,FOLLOWS
297770,13508,FOLLOWS
297803,23798,FOLLOWS
297803,297891,FOLLOWS
297891,269697,FOLLOWS
297991,118414,FOLLOWS
297991,421373,FOLLOWS
297991,1199973,FOLLOWS
298002,291410,FOLLOWS
298060,180791,FOLLOWS
298060,211069,FOLLOWS
298060,605109,FOLLOWS
298138,350815,FOLLOWS
298142,17316,FOLLOWS
298193,17316,FOLLOWS
298193,1121561,FOLLOWS
298193,854169,FOLLOWS
298281,237025,FOLLOWS
298366,794704,FOLLOWS
298404,25892,FOLLOWS
298409,158349,FOLLOWS
298438,91924,FOLLOWS
298438,15214,FOLLOWS
298556,1138034,FOLLOWS
298566,447613,FOLLOWS
298689,423885,FOLLOWS
298689,343974,FOLLOWS
298878,720569,FOLLOWS
298878,511280,FOLLOWS
299103,1131819,FOLLOWS
299103,1220252,FOLLOWS
299151,17907,FOLLOWS
299151,47505,FOLLOWS
299151,248127,FOLLOWS
299284,258157,FOLLOWS
299286,885611,FOLLOWS
299340,210576,FOLLOWS
299433,206374,FOLLOWS
299433,423164,FOLLOWS
299433,464638,FOLLOWS
299433,637862,FOLLOWS
299486,177052,FOLLOWS
299486,312744,FOLLOWS
299486,1460034,FOLLOWS
299496,15478,FOLLOWS
299559,31971,FOLLOWS
299559,436456,FOLLOWS
299559,789866,FOLLOWS
299560,293352,FOLLOWS
299560,304292,FOLLOWS
299589,25904,FOLLOWS
299589,200669,FOLLOWS
299605,421572,FOLLOWS
299683,229403,FOLLOWS
299683,639367,FOLLOWS
299708,95501,FOLLOWS
299771,72986,FOLLOWS
299953,84098,FOLLOWS
300061,25904,FOLLOWS
300061,65838,FOLLOWS
300061,311349,FOLLOWS
300212,700819,FOLLOWS
300332,17221,FOLLOWS
300332,25316,FOLLOWS
300347,1130008,FOLLOWS
300492,620001,FOLLOWS
300575,320072,FOLLOWS
300649,70336,FOLLOWS
300843,210576,FOLLOWS
300858,779953,FOLLOWS
300932,336885,FOLLOWS
300938,205340,FOLLOWS
300938,598942,FOLLOWS
300952,568391,FOLLOWS
300952,629044,FOLLOWS
301051,157571,FOLLOWS
301447,626654,FOLLOWS
301471,439990,FOLLOWS
301471,475226,FOLLOWS
301808,27274,FOLLOWS
301808,1132906,FOLLOWS
301808,911564,FOLLOWS
301827,76807,FOLLOWS
301850,100827,FOLLOWS
301850,209264,FOLLOWS
301876,247372,FOLLOWS
301880,265294,FOLLOWS
301880,338109,FOLLOWS
301913,454486,FOLLOWS
302144,302254,FOLLOWS
302158,252001,FOLLOWS
302158,272060,FOLLOWS
302215,97589,FOLLOWS
302215,621640,FOLLOWS
302215,312641,FOLLOWS
302215,528866,FOLLOWS
302215,721671,FOLLOWS
302215,511076,FOLLOWS
302254,305168,FOLLOWS
302254,927634,FOLLOWS
302255,316486,FOLLOWS
302327,883300,FOLLOWS
302347,106294,FOLLOWS
302406,554967,FOLLOWS
302465,551375,FOLLOWS
302808,207036,FOLLOWS
302808,568247,FOLLOWS
302808,1001884,FOLLOWS
303153,353013,FOLLOWS
303153,596316,FOLLOWS
303153,655586,FOLLOWS
303284,578336,FOLLOWS
303284,141755,FOLLOWS
303289,35559,FOLLOWS
303305,438216,FOLLOWS
303359,206395,FOLLOWS
303359,373666,FOLLOWS
303539,725431,FOLLOWS
303543,96635,FOLLOWS
303543,873997,FOLLOWS
303736,743698,FOLLOWS
303736,333111,FOLLOWS
303790,245559,FOLLOWS
303845,69706,FOLLOWS
303845,691347,FOLLOWS
303979,95501,FOLLOWS
304032,236461,FOLLOWS
304237,349484,FOLLOWS
304237,747466,FOLLOWS
304249,502046,FOLLOWS
304670,127073,FOLLOWS
304761,144543,FOLLOWS
304761,940203,FOLLOWS
304798,31960,FOLLOWS
304798,402391,FOLLOWS
304798,386816,FOLLOWS
304908,149116,FOLLOWS
304908,364544,FOLLOWS
304924,35515,FOLLOWS
304924,69706,FOLLOWS
304924,166960,FOLLOWS
304962,206340,FOLLOWS
304963,936670,FOLLOWS
304963,317082,FOLLOWS
305101,239733,FOLLOWS
305101,435031,FOLLOWS
305101,512798,FOLLOWS
305143,221831,FOLLOWS
305143,312325,FOLLOWS
305168,302254,FOLLOWS
305168,553762,FOLLOWS
305199,305202,FOLLOWS
305199,445243,FOLLOWS
305202,165954,FOLLOWS
305216,194384,FOLLOWS
305224,11497,FOLLOWS
305224,231312,FOLLOWS
305224,408750,FOLLOWS
305232,320359,FOLLOWS
305244,1226136,FOLLOWS
305244,305898,FOLLOWS
305246,305244,FOLLOWS
305246,305898,FOLLOWS
305278,126705,FOLLOWS
305278,514063,FOLLOWS
305278,535178,FOLLOWS
305278,299486,FOLLOWS
305278,456664,FOLLOWS
305287,305898,FOLLOWS
305298,59906,FOLLOWS
305298,383849,FOLLOWS
305736,82955,FOLLOWS
305736,18361,FOLLOWS
305843,63771,FOLLOWS
305873,159748,FOLLOWS
305873,545150,FOLLOWS
305873,368442,FOLLOWS
305898,944600,FOLLOWS
305930,277822,FOLLOWS
305943,463299,FOLLOWS
306028,1138716,FOLLOWS
306028,243552,FOLLOWS
306116,743087,FOLLOWS
306116,77439,FOLLOWS
306116,365871,FOLLOWS
306130,77881,FOLLOWS
306130,1544432,FOLLOWS
306227,1094311,FOLLOWS
306335,76056,FOLLOWS
306382,394423,FOLLOWS
306409,624424,FOLLOWS
306437,614018,FOLLOWS
306443,18144,FOLLOWS
306443,395672,FOLLOWS
306508,480604,FOLLOWS
306639,18407,FOLLOWS
306639,149591,FOLLOWS
306920,277366,FOLLOWS
306963,32280,FOLLOWS
306963,68700,FOLLOWS
307098,628072,FOLLOWS
307098,677673,FOLLOWS
307145,284329,FOLLOWS
307145,324991,FOLLOWS
307279,394537,FOLLOWS
307279,562218,FOLLOWS
307279,563746,FOLLOWS
307279,571855,FOLLOWS
307331,997638,FOLLOWS
307366,47096,FOLLOWS
307366,1228182,FOLLOWS
307438,133734,FOLLOWS
307464,33695,FOLLOWS
307464,182214,FOLLOWS
307546,1228009,FOLLOWS
307546,399816,FOLLOWS
307575,51798,FOLLOWS
307586,364636,FOLLOWS
307629,551621,FOLLOWS
307639,669537,FOLLOWS
307730,1228213,FOLLOWS
307904,18320,FOLLOWS
307973,1227769,FOLLOWS
308111,993433,FOLLOWS
308119,808075,FOLLOWS
308119,617962,FOLLOWS
308167,164648,FOLLOWS
308167,383221,FOLLOWS
308264,829609,FOLLOWS
308264,443884,FOLLOWS
308264,803915,FOLLOWS
308524,103370,FOLLOWS
308555,104955,FOLLOWS
308555,762893,FOLLOWS
308555,475640,FOLLOWS
308559,151255,FOLLOWS
308630,75449,FOLLOWS
308750,232386,FOLLOWS
308753,151752,FOLLOWS
308769,151752,FOLLOWS
308772,112464,FOLLOWS
308772,377577,FOLLOWS
308772,702751,FOLLOWS
308772,15214,FOLLOWS
308772,348630,FOLLOWS
308811,564991,FOLLOWS
308821,108409,FOLLOWS
308821,529303,FOLLOWS
308844,349599,FOLLOWS
308858,69645,FOLLOWS
308858,446229,FOLLOWS
308858,450281,FOLLOWS
308858,695267,FOLLOWS
308858,578552,FOLLOWS
309002,204023,FOLLOWS
309105,283260,FOLLOWS
309153,1216273,FOLLOWS
309292,121736,FOLLOWS
309292,640129,FOLLOWS
309292,662149,FOLLOWS
309292,548073,FOLLOWS
309346,78453,FOLLOWS
309346,148010,FOLLOWS
309440,38975,FOLLOWS
309440,319350,FOLLOWS
309440,463723,FOLLOWS
309711,304924,FOLLOWS
309711,733750,FOLLOWS
309711,1230000,FOLLOWS
309711,1099543,FOLLOWS
309711,1230012,FOLLOWS
309711,1230022,FOLLOWS
309731,784515,FOLLOWS
309740,773190,FOLLOWS
309786,502538,FOLLOWS
309877,73170,FOLLOWS
310038,61960,FOLLOWS
310038,163151,FOLLOWS
310113,409839,FOLLOWS
310113,540653,FOLLOWS
310121,411228,FOLLOWS
310121,892337,FOLLOWS
310133,205589,FOLLOWS
310144,150553,FOLLOWS
310296,345794,FOLLOWS
310326,310318,FOLLOWS
310477,18596,FOLLOWS
310477,382048,FOLLOWS
310524,174856,FOLLOWS
310524,256398,FOLLOWS
310573,116889,FOLLOWS
310573,334395,FOLLOWS
310596,26381,FOLLOWS
310642,460854,FOLLOWS
310681,18932,FOLLOWS
310681,153045,FOLLOWS
310692,629942,FOLLOWS
310782,145416,FOLLOWS
310782,277366,FOLLOWS
310787,91973,FOLLOWS
310787,550766,FOLLOWS
310787,470154,FOLLOWS
310789,783344,FOLLOWS
310803,482327,FOLLOWS
310852,150410,FOLLOWS
310868,284407,FOLLOWS
310941,103554,FOLLOWS
310941,429243,FOLLOWS
310941,581638,FOLLOWS
311014,614465,FOLLOWS
311014,79769,FOLLOWS
311014,26923,FOLLOWS
311014,566069,FOLLOWS
311014,772713,FOLLOWS
311014,253617,FOLLOWS
311154,211729,FOLLOWS
311154,384672,FOLLOWS
311154,271666,FOLLOWS
311154,672061,FOLLOWS
311154,1046170,FOLLOWS
311172,236665,FOLLOWS
311172,484642,FOLLOWS
311172,596650,FOLLOWS
311223,471096,FOLLOWS
311241,305424,FOLLOWS
311241,564338,FOLLOWS
311338,563048,FOLLOWS
311338,938990,FOLLOWS
311341,398374,FOLLOWS
311347,83646,FOLLOWS
311347,120207,FOLLOWS
311447,35738,FOLLOWS
311447,432992,FOLLOWS
311447,709953,FOLLOWS
311447,352401,FOLLOWS
311447,63771,FOLLOWS
311447,300282,FOLLOWS
311512,468077,FOLLOWS
311573,372646,FOLLOWS
311691,801638,FOLLOWS
311711,151287,FOLLOWS
311711,1168881,FOLLOWS
311723,670063,FOLLOWS
311897,330055,FOLLOWS
311933,444080,FOLLOWS
311933,305126,FOLLOWS
311933,862293,FOLLOWS
312170,727350,FOLLOWS
312213,261769,FOLLOWS
312224,595493,FOLLOWS
312224,923017,FOLLOWS
312237,18995,FOLLOWS
312301,354290,FOLLOWS
312301,1184787,FOLLOWS
312372,909600,FOLLOWS
312398,152834,FOLLOWS
312430,1131424,FOLLOWS
312442,1270069,FOLLOWS
312485,18995,FOLLOWS
312485,64684,FOLLOWS
312485,64538,FOLLOWS
312485,193302,FOLLOWS
312485,292794,FOLLOWS
312485,312486,FOLLOWS
312485,268765,FOLLOWS
312486,18995,FOLLOWS
312486,312485,FOLLOWS
312486,384519,FOLLOWS
312517,411148,FOLLOWS
312641,302215,FOLLOWS
312701,393752,FOLLOWS
312701,554365,FOLLOWS
312744,299486,FOLLOWS
312744,11446,FOLLOWS
312744,1120652,FOLLOWS
312758,690715,FOLLOWS
312758,478043,FOLLOWS
312763,478910,FOLLOWS
312782,196024,FOLLOWS
312782,499163,FOLLOWS
312888,167703,FOLLOWS
312903,366206,FOLLOWS
312903,42729,FOLLOWS
312903,379004,FOLLOWS
312903,450281,FOLLOWS
312903,749522,FOLLOWS
312939,144398,FOLLOWS
312977,38341,FOLLOWS
312977,678015,FOLLOWS
313014,363822,FOLLOWS
313014,646232,FOLLOWS
313014,699599,FOLLOWS
313117,181177,FOLLOWS
313117,516958,FOLLOWS
313175,393505,FOLLOWS
313237,105295,FOLLOWS
313237,197520,FOLLOWS
313237,1084735,FOLLOWS
313273,237716,FOLLOWS
313302,137618,FOLLOWS
313302,127168,FOLLOWS
313302,553694,FOLLOWS
313497,361952,FOLLOWS
313506,314545,FOLLOWS
313621,816224,FOLLOWS
313803,679905,FOLLOWS
313843,103861,FOLLOWS
314073,176523,FOLLOWS
314073,212496,FOLLOWS
314073,314100,FOLLOWS
314100,90983,FOLLOWS
314100,314073,FOLLOWS
314232,138375,FOLLOWS
314265,832237,FOLLOWS
314338,1234719,FOLLOWS
314338,707847,FOLLOWS
314359,78530,FOLLOWS
314361,136154,FOLLOWS
314381,359590,FOLLOWS
314415,87825,FOLLOWS
314416,433146,FOLLOWS
314545,313506,FOLLOWS
314586,1006789,FOLLOWS
314587,357459,FOLLOWS
314742,50399,FOLLOWS
314742,347008,FOLLOWS
314830,249345,FOLLOWS
314830,358860,FOLLOWS
314830,425845,FOLLOWS
314875,317264,FOLLOWS
314875,874897,FOLLOWS
314986,970991,FOLLOWS
315027,511038,FOLLOWS
315037,399300,FOLLOWS
315153,382374,FOLLOWS
315153,289128,FOLLOWS
315153,925950,FOLLOWS
315153,1188659,FOLLOWS
315214,31128,FOLLOWS
315214,101216,FOLLOWS
315268,885223,FOLLOWS
315268,573456,FOLLOWS
315290,367124,FOLLOWS
315290,993622,FOLLOWS
315304,315319,FOLLOWS
315319,930687,FOLLOWS
315319,315304,FOLLOWS
315319,763650,FOLLOWS
315319,341295,FOLLOWS
315319,513493,FOLLOWS
315339,218396,FOLLOWS
315339,365954,FOLLOWS
315339,399846,FOLLOWS
315339,677612,FOLLOWS
315437,704501,FOLLOWS
315461,18999,FOLLOWS
315503,668963,FOLLOWS
315503,755778,FOLLOWS
315574,192348,FOLLOWS
315574,378681,FOLLOWS
315574,379477,FOLLOWS
315574,489086,FOLLOWS
315574,909155,FOLLOWS
315619,862159,FOLLOWS
315671,566077,FOLLOWS
315683,595162,FOLLOWS
315683,536871,FOLLOWS
315683,631419,FOLLOWS
315683,414736,FOLLOWS
315777,1142922,FOLLOWS
315812,28643,FOLLOWS
315812,596572,FOLLOWS
315812,177038,FOLLOWS
316143,1236248,FOLLOWS
316179,19792,FOLLOWS
316179,316463,FOLLOWS
316237,56945,FOLLOWS
316237,231385,FOLLOWS
316237,250834,FOLLOWS
316306,103675,FOLLOWS
316341,22666,FOLLOWS
316463,90094,FOLLOWS
316463,89878,FOLLOWS
316463,316179,FOLLOWS
316463,138206,FOLLOWS
316463,70980,FOLLOWS
316470,73792,FOLLOWS
316470,18534,FOLLOWS
316470,417920,FOLLOWS
316470,416003,FOLLOWS
316470,724891,FOLLOWS
316470,314442,FOLLOWS
316470,476109,FOLLOWS
316470,477975,FOLLOWS
316470,634629,FOLLOWS
316470,633818,FOLLOWS
316470,203894,FOLLOWS
316470,376028,FOLLOWS
316486,31044,FOLLOWS
316486,295086,FOLLOWS
316486,302255,FOLLOWS
316486,323761,FOLLOWS
316486,199960,FOLLOWS
316518,71477,FOLLOWS
316552,19400,FOLLOWS
316552,323590,FOLLOWS
316552,461615,FOLLOWS
316606,317264,FOLLOWS
316647,268049,FOLLOWS
316729,138206,FOLLOWS
316744,288928,FOLLOWS
316744,709811,FOLLOWS
316968,20600,FOLLOWS
317005,353490,FOLLOWS
317005,408804,FOLLOWS
317005,676136,FOLLOWS
317095,371281,FOLLOWS
317128,75990,FOLLOWS
317128,170674,FOLLOWS
317130,776812,FOLLOWS
317153,177416,FOLLOWS
317264,316606,FOLLOWS
317342,19256,FOLLOWS
317342,249638,FOLLOWS
317442,156231,FOLLOWS
317536,469455,FOLLOWS
317536,828267,FOLLOWS
317656,134131,FOLLOWS
317677,281919,FOLLOWS
317738,67915,FOLLOWS
317907,224217,FOLLOWS
318007,260324,FOLLOWS
318023,681610,FOLLOWS
318023,349314,FOLLOWS
318044,149927,FOLLOWS
318138,107762,FOLLOWS
318138,224884,FOLLOWS
318138,363822,FOLLOWS
318201,901621,FOLLOWS
318201,1238121,FOLLOWS
318286,62874,FOLLOWS
318286,26658,FOLLOWS
318405,133983,FOLLOWS
319042,195154,FOLLOWS
319089,63149,FOLLOWS
319089,502373,FOLLOWS
319089,1073402,FOLLOWS
319161,107503,FOLLOWS
319161,320072,FOLLOWS
319185,151056,FOLLOWS
319206,121872,FOLLOWS
319206,537841,FOLLOWS
319206,696235,FOLLOWS
319206,382888,FOLLOWS
319253,1561106,FOLLOWS
319300,608251,FOLLOWS
319350,393627,FOLLOWS
319350,309440,FOLLOWS
319350,700526,FOLLOWS
319350,74003,FOLLOWS
319365,608435,FOLLOWS
319405,1067650,FOLLOWS
319470,90610,FOLLOWS
319470,71659,FOLLOWS
319485,160498,FOLLOWS
319485,1103012,FOLLOWS
319487,151462,FOLLOWS
319491,124111,FOLLOWS
319491,75177,FOLLOWS
319608,47096,FOLLOWS
319608,172002,FOLLOWS
319821,126863,FOLLOWS
319821,446175,FOLLOWS
319821,543887,FOLLOWS
319859,145465,FOLLOWS
319859,11497,FOLLOWS
319859,384856,FOLLOWS
319912,19620,FOLLOWS
319952,491511,FOLLOWS
319952,600841,FOLLOWS
319971,232386,FOLLOWS
320016,70980,FOLLOWS
320056,681204,FOLLOWS
320063,531090,FOLLOWS
320072,319161,FOLLOWS
320072,852947,FOLLOWS
320072,830443,FOLLOWS
320089,848163,FOLLOWS
320089,1051191,FOLLOWS
320120,751600,FOLLOWS
320130,181177,FOLLOWS
320251,212654,FOLLOWS
320251,336688,FOLLOWS
320251,403640,FOLLOWS
320340,481340,FOLLOWS
320356,1240545,FOLLOWS
320356,595162,FOLLOWS
320359,725188,FOLLOWS
320359,330825,FOLLOWS
320504,71477,FOLLOWS
320504,839722,FOLLOWS
320504,587762,FOLLOWS
320504,905952,FOLLOWS
320504,661449,FOLLOWS
320508,717587,FOLLOWS
320513,562028,FOLLOWS
320562,1240503,FOLLOWS
320562,424605,FOLLOWS
320604,116068,FOLLOWS
320604,297752,FOLLOWS
320604,273221,FOLLOWS
320604,183748,FOLLOWS
320630,900870,FOLLOWS
320744,14590,FOLLOWS
320983,166299,FOLLOWS
321245,273924,FOLLOWS
321245,477092,FOLLOWS
321245,320174,FOLLOWS
321245,819518,FOLLOWS
321253,414776,FOLLOWS
321354,72399,FOLLOWS
321354,224301,FOLLOWS
321354,752905,FOLLOWS
321354,1060034,FOLLOWS
321387,1117377,FOLLOWS
321500,92986,FOLLOWS
321500,335589,FOLLOWS
321587,19288,FOLLOWS
321615,472528,FOLLOWS
321615,546049,FOLLOWS
321950,368319,FOLLOWS
321950,507533,FOLLOWS
322001,507640,FOLLOWS
322005,66760,FOLLOWS
322194,322291,FOLLOWS
322194,12659,FOLLOWS
322194,399641,FOLLOWS
322224,165954,FOLLOWS
322224,547075,FOLLOWS
322224,577899,FOLLOWS
322224,285912,FOLLOWS
322224,19896,FOLLOWS
322224,1096177,FOLLOWS
322228,261769,FOLLOWS
322228,539609,FOLLOWS
322246,567557,FOLLOWS
322291,322194,FOLLOWS
322380,185336,FOLLOWS
322380,458251,FOLLOWS
322413,1124303,FOLLOWS
322424,322433,FOLLOWS
322424,970931,FOLLOWS
322424,589888,FOLLOWS
322424,542115,FOLLOWS
322424,487361,FOLLOWS
322433,322424,FOLLOWS
322433,571471,FOLLOWS
322433,970931,FOLLOWS
322433,1336314,FOLLOWS
322594,592253,FOLLOWS
322628,83995,FOLLOWS
322712,99829,FOLLOWS
322773,97842,FOLLOWS
322773,545064,FOLLOWS
322923,432862,FOLLOWS
322944,201936,FOLLOWS
322944,354969,FOLLOWS
322944,1242894,FOLLOWS
322944,1242895,FOLLOWS
323085,78956,FOLLOWS
323085,752641,FOLLOWS
323085,839499,FOLLOWS
323085,810466,FOLLOWS
323085,466734,FOLLOWS
323085,376712,FOLLOWS
323085,72392,FOLLOWS
323085,752673,FOLLOWS
323085,506684,FOLLOWS
323104,611075,FOLLOWS
323104,634244,FOLLOWS
323114,106867,FOLLOWS
323146,24923,FOLLOWS
323146,236463,FOLLOWS
323188,322433,FOLLOWS
323262,541992,FOLLOWS
323262,625691,FOLLOWS
323262,876791,FOLLOWS
323326,546125,FOLLOWS
323402,83360,FOLLOWS
323590,140202,FOLLOWS
323590,457327,FOLLOWS
323590,316552,FOLLOWS
323600,561529,FOLLOWS
323620,98088,FOLLOWS
323620,150814,FOLLOWS
323687,950290,FOLLOWS
323694,289151,FOLLOWS
323694,323730,FOLLOWS
323694,1118071,FOLLOWS
323730,230973,FOLLOWS
323730,323694,FOLLOWS
323730,289151,FOLLOWS
323730,1118096,FOLLOWS
323730,506165,FOLLOWS
323730,63874,FOLLOWS
323736,112903,FOLLOWS
323736,250914,FOLLOWS
323761,316486,FOLLOWS
323761,113426,FOLLOWS
323876,42797,FOLLOWS
323876,227502,FOLLOWS
323876,227503,FOLLOWS
323876,415958,FOLLOWS
323876,437941,FOLLOWS
323876,42857,FOLLOWS
323876,639746,FOLLOWS
323876,480286,FOLLOWS
323876,844213,FOLLOWS
323892,138260,FOLLOWS
323892,574027,FOLLOWS
323892,342796,FOLLOWS
323892,41637,FOLLOWS
324039,24880,FOLLOWS
324070,895198,FOLLOWS
324176,433625,FOLLOWS
324253,267382,FOLLOWS
324317,53841,FOLLOWS
324317,475197,FOLLOWS
324317,363814,FOLLOWS
324317,1101163,FOLLOWS
324399,165954,FOLLOWS
324399,495689,FOLLOWS
324399,652556,FOLLOWS
324399,1130759,FOLLOWS
324426,444367,FOLLOWS
324426,475796,FOLLOWS
324443,681204,FOLLOWS
324468,115476,FOLLOWS
324468,446457,FOLLOWS
324468,408804,FOLLOWS
324534,122806,FOLLOWS
324549,110385,FOLLOWS
324562,367124,FOLLOWS
324586,352589,FOLLOWS
324586,262951,FOLLOWS
324586,325898,FOLLOWS
324600,339626,FOLLOWS
324600,205253,FOLLOWS
324600,311779,FOLLOWS
324602,124382,FOLLOWS
324602,328379,FOLLOWS
324602,541879,FOLLOWS
324643,325641,FOLLOWS
324667,912584,FOLLOWS
324668,362303,FOLLOWS
324668,605921,FOLLOWS
324668,608302,FOLLOWS
324673,757857,FOLLOWS
324731,189189,FOLLOWS
324731,322194,FOLLOWS
324781,906919,FOLLOWS
324794,480880,FOLLOWS
324810,124435,FOLLOWS
324810,240211,FOLLOWS
324810,896879,FOLLOWS
324810,369205,FOLLOWS
324810,700609,FOLLOWS
324810,779953,FOLLOWS
324825,136154,FOLLOWS
324825,454101,FOLLOWS
324825,450224,FOLLOWS
324825,428269,FOLLOWS
324825,57197,FOLLOWS
324941,378874,FOLLOWS
324964,326694,FOLLOWS
324991,307145,FOLLOWS
325274,347189,FOLLOWS
325274,522904,FOLLOWS
325426,34956,FOLLOWS
325426,357270,FOLLOWS
325426,221494,FOLLOWS
325426,132378,FOLLOWS
325553,256276,FOLLOWS
325553,545072,FOLLOWS
325575,116823,FOLLOWS
325575,52308,FOLLOWS
325591,498489,FOLLOWS
325607,543855,FOLLOWS
325637,325641,FOLLOWS
325641,647520,FOLLOWS
325641,325637,FOLLOWS
325647,524447,FOLLOWS
325647,99889,FOLLOWS
325736,874897,FOLLOWS
325799,55235,FOLLOWS
325799,325815,FOLLOWS
325799,100639,FOLLOWS
325799,883980,FOLLOWS
325815,325799,FOLLOWS
325818,489307,FOLLOWS
325818,1418344,FOLLOWS
325871,226030,FOLLOWS
325898,324586,FOLLOWS
325898,340863,FOLLOWS
325898,326007,FOLLOWS
326007,325898,FOLLOWS
326007,498336,FOLLOWS
326007,548377,FOLLOWS
326007,375774,FOLLOWS
326007,1214637,FOLLOWS
326181,48579,FOLLOWS
326344,139349,FOLLOWS
326421,886526,FOLLOWS
326421,533179,FOLLOWS
326421,371301,FOLLOWS
326455,950717,FOLLOWS
326455,922039,FOLLOWS
326469,20522,FOLLOWS
326469,364211,FOLLOWS
326469,368115,FOLLOWS
326499,120091,FOLLOWS
326700,799636,FOLLOWS
326700,636714,FOLLOWS
326705,87109,FOLLOWS
326807,246408,FOLLOWS
326807,569899,FOLLOWS
326839,20358,FOLLOWS
326839,820287,FOLLOWS
326839,463526,FOLLOWS
326839,514638,FOLLOWS
326843,20358,FOLLOWS
326945,130219,FOLLOWS
326945,353367,FOLLOWS
327067,20350,FOLLOWS
327067,256443,FOLLOWS
327067,453059,FOLLOWS
327134,221705,FOLLOWS
327134,358860,FOLLOWS
327144,116176,FOLLOWS
327209,1057584,FOLLOWS
327237,996334,FOLLOWS
327311,286300,FOLLOWS
327311,461165,FOLLOWS
327311,338995,FOLLOWS
327388,723557,FOLLOWS
327423,195403,FOLLOWS
327423,287973,FOLLOWS
327423,743569,FOLLOWS
327449,625736,FOLLOWS
327449,30574,FOLLOWS
327452,951176,FOLLOWS
327452,1211912,FOLLOWS
327542,579118,FOLLOWS
327542,532574,FOLLOWS
327542,363104,FOLLOWS
327544,26644,FOLLOWS
327544,350557,FOLLOWS
327576,495832,FOLLOWS
327598,252775,FOLLOWS
327716,319206,FOLLOWS
327716,336688,FOLLOWS
327716,431413,FOLLOWS
327721,327796,FOLLOWS
327727,121872,FOLLOWS
327727,336688,FOLLOWS
327727,336691,FOLLOWS
327796,327721,FOLLOWS
327838,1097941,FOLLOWS
327913,104047,FOLLOWS
328025,118083,FOLLOWS
328025,149635,FOLLOWS
328072,877512,FOLLOWS
328072,1434129,FOLLOWS
328102,1173462,FOLLOWS
328318,52362,FOLLOWS
328318,344104,FOLLOWS
328318,390548,FOLLOWS
328318,390761,FOLLOWS
328327,312224,FOLLOWS
328327,192418,FOLLOWS
328379,124382,FOLLOWS
328379,324602,FOLLOWS
328379,15054,FOLLOWS
328461,243367,FOLLOWS
328612,277190,FOLLOWS
328626,259445,FOLLOWS
328626,471096,FOLLOWS
328630,134299,FOLLOWS
328665,545751,FOLLOWS
328665,547567,FOLLOWS
328665,1250187,FOLLOWS
328685,192796,FOLLOWS
328685,343366,FOLLOWS
328724,115345,FOLLOWS
328751,862393,FOLLOWS
328767,408443,FOLLOWS
328827,86158,FOLLOWS
328871,26556,FOLLOWS
328872,142769,FOLLOWS
329011,830555,FOLLOWS
329060,291065,FOLLOWS
329060,257153,FOLLOWS
329077,237365,FOLLOWS
329077,306616,FOLLOWS
329200,1248977,FOLLOWS
329382,20987,FOLLOWS
329382,44589,FOLLOWS
329382,182821,FOLLOWS
329420,248057,FOLLOWS
329445,337010,FOLLOWS
329448,293686,FOLLOWS
329469,655157,FOLLOWS
329565,157559,FOLLOWS
329565,466742,FOLLOWS
329565,485086,FOLLOWS
329566,42797,FOLLOWS
329566,162591,FOLLOWS
329566,1069478,FOLLOWS
329566,223836,FOLLOWS
329566,517814,FOLLOWS
329566,50422,FOLLOWS
329582,109438,FOLLOWS
329582,179407,FOLLOWS
329582,243195,FOLLOWS
329582,1249212,FOLLOWS
329582,220824,FOLLOWS
329582,438774,FOLLOWS
329677,725476,FOLLOWS
329677,802778,FOLLOWS
329793,130602,FOLLOWS
329808,250456,FOLLOWS
329808,408946,FOLLOWS
329827,390150,FOLLOWS
329850,108107,FOLLOWS
329850,111294,FOLLOWS
329850,95473,FOLLOWS
329879,362664,FOLLOWS
329879,327423,FOLLOWS
330055,311897,FOLLOWS
330125,508503,FOLLOWS
330138,42235,FOLLOWS
330258,242548,FOLLOWS
330258,440317,FOLLOWS
330258,559635,FOLLOWS
330258,1136267,FOLLOWS
330413,286508,FOLLOWS
330453,1015429,FOLLOWS
330458,373866,FOLLOWS
330458,505564,FOLLOWS
330606,479353,FOLLOWS
330633,165097,FOLLOWS
330633,187798,FOLLOWS
330633,935423,FOLLOWS
330806,194454,FOLLOWS
330821,909678,FOLLOWS
330821,520199,FOLLOWS
330821,468828,FOLLOWS
330825,80279,FOLLOWS
330825,81438,FOLLOWS
330825,320359,FOLLOWS
330825,427152,FOLLOWS
330825,438751,FOLLOWS
330965,460582,FOLLOWS
330965,587726,FOLLOWS
330965,594074,FOLLOWS
330967,448703,FOLLOWS
330998,359226,FOLLOWS
331213,300173,FOLLOWS
331279,20987,FOLLOWS
331566,21098,FOLLOWS
331566,339661,FOLLOWS
331646,392492,FOLLOWS
331917,682282,FOLLOWS
331919,93771,FOLLOWS
331919,104457,FOLLOWS
331919,238460,FOLLOWS
331930,362676,FOLLOWS
331930,341147,FOLLOWS
331930,316552,FOLLOWS
332080,105556,FOLLOWS
332080,422877,FOLLOWS
332412,125471,FOLLOWS
332543,332653,FOLLOWS
332653,1181408,FOLLOWS
332653,332543,FOLLOWS
332653,406493,FOLLOWS
332750,86657,FOLLOWS
332750,92310,FOLLOWS
332750,95184,FOLLOWS
332750,131756,FOLLOWS
332750,598631,FOLLOWS
332750,369383,FOLLOWS
332850,699244,FOLLOWS
332874,239968,FOLLOWS
332874,63771,FOLLOWS
332927,1252280,FOLLOWS
332961,144992,FOLLOWS
333039,92473,FOLLOWS
333039,333069,FOLLOWS
333039,74610,FOLLOWS
333039,429808,FOLLOWS
333039,461429,FOLLOWS
333043,133593,FOLLOWS
333043,545534,FOLLOWS
333043,313238,FOLLOWS
333043,1135640,FOLLOWS
333069,104269,FOLLOWS
333069,146267,FOLLOWS
333069,209264,FOLLOWS
333069,865646,FOLLOWS
333069,157535,FOLLOWS
333069,162077,FOLLOWS
333072,645185,FOLLOWS
333098,78158,FOLLOWS
333098,157911,FOLLOWS
333098,198564,FOLLOWS
333111,303736,FOLLOWS
333111,538656,FOLLOWS
333111,589043,FOLLOWS
333111,876350,FOLLOWS
333116,81982,FOLLOWS
333125,160980,FOLLOWS
333169,810084,FOLLOWS
333346,928446,FOLLOWS
333399,499581,FOLLOWS
333444,512308,FOLLOWS
333444,49084,FOLLOWS
333494,563726,FOLLOWS
333563,195454,FOLLOWS
333563,290138,FOLLOWS
333563,466757,FOLLOWS
333563,542047,FOLLOWS
333696,50785,FOLLOWS
333696,769415,FOLLOWS
333734,887391,FOLLOWS
333826,244326,FOLLOWS
333844,1239751,FOLLOWS
333844,440037,FOLLOWS
333844,483363,FOLLOWS
334126,330998,FOLLOWS
334126,359226,FOLLOWS
334126,227317,FOLLOWS
334151,618811,FOLLOWS
334151,992908,FOLLOWS
334200,166675,FOLLOWS
334200,356509,FOLLOWS
334200,777909,FOLLOWS
334200,819195,FOLLOWS
334200,648729,FOLLOWS
334237,542673,FOLLOWS
334395,420249,FOLLOWS
334395,310573,FOLLOWS
334395,255948,FOLLOWS
334423,865193,FOLLOWS
334448,227205,FOLLOWS
334448,513474,FOLLOWS
334448,713853,FOLLOWS
334470,323402,FOLLOWS
334470,630020,FOLLOWS
334607,31008,FOLLOWS
334630,334639,FOLLOWS
334639,322274,FOLLOWS
334687,782108,FOLLOWS
334687,707875,FOLLOWS
334687,523472,FOLLOWS
334703,730709,FOLLOWS
334724,64908,FOLLOWS
334885,513711,FOLLOWS
334892,334885,FOLLOWS
334940,21098,FOLLOWS
334967,180257,FOLLOWS
334967,375962,FOLLOWS
334967,489317,FOLLOWS
334967,626903,FOLLOWS
335071,724119,FOLLOWS
335071,958965,FOLLOWS
335168,362199,FOLLOWS
335172,56945,FOLLOWS
335277,216277,FOLLOWS
335277,542532,FOLLOWS
335290,171361,FOLLOWS
335290,198716,FOLLOWS
335331,166299,FOLLOWS
335331,806130,FOLLOWS
335420,130167,FOLLOWS
335488,91786,FOLLOWS
335576,521751,FOLLOWS
335576,842209,FOLLOWS
335589,92986,FOLLOWS
335589,137456,FOLLOWS
335589,335777,FOLLOWS
335589,321500,FOLLOWS
335634,562218,FOLLOWS
335634,603617,FOLLOWS
335708,255154,FOLLOWS
335777,92986,FOLLOWS
335777,206002,FOLLOWS
335777,335589,FOLLOWS
335777,558510,FOLLOWS
335777,335781,FOLLOWS
335777,676629,FOLLOWS
335777,696537,FOLLOWS
335777,350475,FOLLOWS
335781,92986,FOLLOWS
335781,335777,FOLLOWS
335781,462283,FOLLOWS
335781,647446,FOLLOWS
335809,21072,FOLLOWS
335809,920833,FOLLOWS
335809,795645,FOLLOWS
335836,927989,FOLLOWS
335836,188351,FOLLOWS
335876,92986,FOLLOWS
335876,335777,FOLLOWS
335876,335781,FOLLOWS
336175,368674,FOLLOWS
336232,78624,FOLLOWS
336232,170171,FOLLOWS
336337,336552,FOLLOWS
336390,368674,FOLLOWS
336390,490311,FOLLOWS
336390,507887,FOLLOWS
336390,780877,FOLLOWS
336390,604913,FOLLOWS
336398,78530,FOLLOWS
336398,256029,FOLLOWS
336398,278047,FOLLOWS
336398,581497,FOLLOWS
336398,898285,FOLLOWS
336412,336510,FOLLOWS
336412,531348,FOLLOWS
336412,682087,FOLLOWS
336459,948756,FOLLOWS
336459,974519,FOLLOWS
336510,336412,FOLLOWS
336510,464421,FOLLOWS
336510,534538,FOLLOWS
336510,626488,FOLLOWS
336552,336337,FOLLOWS
336552,592794,FOLLOWS
336688,327727,FOLLOWS
336688,327716,FOLLOWS
336806,358860,FOLLOWS
336864,581288,FOLLOWS
336864,518653,FOLLOWS
336864,279376,FOLLOWS
336864,680310,FOLLOWS
336885,300932,FOLLOWS
336886,339523,FOLLOWS
336886,727926,FOLLOWS
336904,154882,FOLLOWS
336912,438222,FOLLOWS
336912,451121,FOLLOWS
336940,62626,FOLLOWS
336940,233132,FOLLOWS
336947,468828,FOLLOWS
336947,1031843,FOLLOWS
337018,765819,FOLLOWS
337018,279575,FOLLOWS
337043,107757,FOLLOWS
337103,83141,FOLLOWS
337187,21042,FOLLOWS
337225,55086,FOLLOWS
337225,470030,FOLLOWS
337271,197699,FOLLOWS
337271,204557,FOLLOWS
337367,44570,FOLLOWS
337382,86657,FOLLOWS
337382,31989,FOLLOWS
337382,39671,FOLLOWS
337382,280649,FOLLOWS
337382,591041,FOLLOWS
337382,9279,FOLLOWS
337499,236835,FOLLOWS
337549,21042,FOLLOWS
337549,42476,FOLLOWS
337549,209264,FOLLOWS
337759,117589,FOLLOWS
337767,1070881,FOLLOWS
337990,146023,FOLLOWS
338019,205199,FOLLOWS
338019,144853,FOLLOWS
338019,429850,FOLLOWS
338019,362393,FOLLOWS
338109,432305,FOLLOWS
338154,106115,FOLLOWS
338154,110220,FOLLOWS
338154,545820,FOLLOWS
338204,45200,FOLLOWS
338229,999084,FOLLOWS
338341,469012,FOLLOWS
338373,994885,FOLLOWS
338373,1079400,FOLLOWS
338378,478954,FOLLOWS
338486,115042,FOLLOWS
338575,476074,FOLLOWS
338587,648524,FOLLOWS
338622,163823,FOLLOWS
338622,338002,FOLLOWS
338622,430991,FOLLOWS
338664,1258230,FOLLOWS
338725,396978,FOLLOWS
338725,285526,FOLLOWS
338725,685860,FOLLOWS
338875,168405,FOLLOWS
338875,594004,FOLLOWS
338875,757513,FOLLOWS
338875,955378,FOLLOWS
338995,327311,FOLLOWS
339056,339061,FOLLOWS
339061,593536,FOLLOWS
339126,552626,FOLLOWS
339139,737731,FOLLOWS
339139,411680,FOLLOWS
339139,554853,FOLLOWS
339176,262117,FOLLOWS
339184,548142,FOLLOWS
339184,908221,FOLLOWS
339238,1039442,FOLLOWS
339254,897554,FOLLOWS
339254,935240,FOLLOWS
339307,1033042,FOLLOWS
339339,127589,FOLLOWS
339339,244472,FOLLOWS
339339,634573,FOLLOWS
339407,425474,FOLLOWS
339506,645514,FOLLOWS
339523,336886,FOLLOWS
339523,662922,FOLLOWS
339621,124736,FOLLOWS
339626,324600,FOLLOWS
339661,331566,FOLLOWS
339723,345801,FOLLOWS
339723,64216,FOLLOWS
339734,26110,FOLLOWS
339764,72980,FOLLOWS
339764,147280,FOLLOWS
339823,1259544,FOLLOWS
339982,346308,FOLLOWS
339982,347627,FOLLOWS
339982,623190,FOLLOWS
340069,233552,FOLLOWS
340096,255759,FOLLOWS
340103,341019,FOLLOWS
340352,288102,FOLLOWS
340352,382182,FOLLOWS
340352,415954,FOLLOWS
340352,417201,FOLLOWS
340352,604287,FOLLOWS
340353,288811,FOLLOWS
340353,188150,FOLLOWS
340362,59809,FOLLOWS
340362,166352,FOLLOWS
340369,253698,FOLLOWS
340369,472260,FOLLOWS
340369,479331,FOLLOWS
340399,534093,FOLLOWS
340399,431990,FOLLOWS
340415,340991,FOLLOWS
340415,429513,FOLLOWS
340415,483346,FOLLOWS
340421,555462,FOLLOWS
340437,806170,FOLLOWS
340443,208008,FOLLOWS
340456,376507,FOLLOWS
340747,346843,FOLLOWS
340747,1095212,FOLLOWS
340762,944779,FOLLOWS
340787,90474,FOLLOWS
340787,290484,FOLLOWS
340787,306815,FOLLOWS
340802,21537,FOLLOWS
340802,406069,FOLLOWS
340829,29531,FOLLOWS
340829,419169,FOLLOWS
340863,325898,FOLLOWS
340991,1194851,FOLLOWS
341019,31044,FOLLOWS
341019,288102,FOLLOWS
341019,288811,FOLLOWS
341019,340103,FOLLOWS
341019,418205,FOLLOWS
341019,418045,FOLLOWS
341047,341150,FOLLOWS
341114,359590,FOLLOWS
341147,331930,FOLLOWS
341147,341150,FOLLOWS
341150,341147,FOLLOWS
341150,341047,FOLLOWS
341185,33563,FOLLOWS
341185,378631,FOLLOWS
341268,57949,FOLLOWS
341268,485316,FOLLOWS
341268,771310,FOLLOWS
341314,461434,FOLLOWS
341347,202909,FOLLOWS
341363,197780,FOLLOWS
341478,736688,FOLLOWS
341570,349311,FOLLOWS
341766,52657,FOLLOWS
341766,157662,FOLLOWS
341766,274609,FOLLOWS
341766,278720,FOLLOWS
341766,362445,FOLLOWS
341766,551928,FOLLOWS
341796,553239,FOLLOWS
341796,703803,FOLLOWS
341867,253698,FOLLOWS
341873,348137,FOLLOWS
341873,356274,FOLLOWS
341873,724649,FOLLOWS
341873,733100,FOLLOWS
341892,198118,FOLLOWS
341892,865866,FOLLOWS
341932,9731,FOLLOWS
342022,1097930,FOLLOWS
342039,214046,FOLLOWS
342064,704851,FOLLOWS
342077,108603,FOLLOWS
342299,187771,FOLLOWS
342457,350475,FOLLOWS
342461,349613,FOLLOWS
342634,80823,FOLLOWS
342634,368958,FOLLOWS
342789,503229,FOLLOWS
342789,663915,FOLLOWS
342792,221870,FOLLOWS
342792,876350,FOLLOWS
342796,323892,FOLLOWS
342828,205864,FOLLOWS
342828,345801,FOLLOWS
342828,638687,FOLLOWS
342828,1126295,FOLLOWS
342847,1085836,FOLLOWS
342924,641473,FOLLOWS
342975,269492,FOLLOWS
342984,214046,FOLLOWS
342984,340787,FOLLOWS
342984,586876,FOLLOWS
342984,930143,FOLLOWS
342984,631984,FOLLOWS
343127,146775,FOLLOWS
343246,195806,FOLLOWS
343256,121872,FOLLOWS
343323,36143,FOLLOWS
343323,99333,FOLLOWS
343323,381537,FOLLOWS
343329,136610,FOLLOWS
343366,294996,FOLLOWS
343393,490178,FOLLOWS
343424,174045,FOLLOWS
343443,1168717,FOLLOWS
343470,209815,FOLLOWS
343470,419449,FOLLOWS
343534,932242,FOLLOWS
343584,292116,FOLLOWS
343584,432552,FOLLOWS
343584,1035178,FOLLOWS
343652,343694,FOLLOWS
343652,572923,FOLLOWS
343694,343652,FOLLOWS
343694,823482,FOLLOWS
343694,403141,FOLLOWS
343694,398474,FOLLOWS
343694,461615,FOLLOWS
343700,927739,FOLLOWS
343700,343773,FOLLOWS
343723,23543,FOLLOWS
343723,333069,FOLLOWS
343723,521751,FOLLOWS
343723,880683,FOLLOWS
343773,343700,FOLLOWS
343786,800361,FOLLOWS
343815,531298,FOLLOWS
343815,885076,FOLLOWS
343819,151287,FOLLOWS
343894,231585,FOLLOWS
343915,150766,FOLLOWS
343915,190472,FOLLOWS
343946,343951,FOLLOWS
343949,212189,FOLLOWS
343951,343946,FOLLOWS
343951,343949,FOLLOWS
343956,186619,FOLLOWS
343956,774677,FOLLOWS
343973,344438,FOLLOWS
343974,1008855,FOLLOWS
343974,26377,FOLLOWS
343974,365036,FOLLOWS
344022,21860,FOLLOWS
344039,60419,FOLLOWS
344039,695696,FOLLOWS
344039,929848,FOLLOWS
344200,490072,FOLLOWS
344311,155349,FOLLOWS
344311,349311,FOLLOWS
344311,353983,FOLLOWS
344316,697343,FOLLOWS
344316,43315,FOLLOWS
344438,343973,FOLLOWS
344455,222719,FOLLOWS
344525,550489,FOLLOWS
344525,763374,FOLLOWS
344550,260564,FOLLOWS
344609,501797,FOLLOWS
344609,438222,FOLLOWS
344662,133385,FOLLOWS
344662,182808,FOLLOWS
344662,313792,FOLLOWS
344662,234995,FOLLOWS
344662,302022,FOLLOWS
344692,33829,FOLLOWS
344754,52657,FOLLOWS
344970,72980,FOLLOWS
344970,279527,FOLLOWS
344970,356776,FOLLOWS
345173,335576,FOLLOWS
345173,566676,FOLLOWS
345466,691347,FOLLOWS
345579,493371,FOLLOWS
345592,1082905,FOLLOWS
345592,392040,FOLLOWS
345609,1263750,FOLLOWS
345634,110170,FOLLOWS
345634,509251,FOLLOWS
345634,686433,FOLLOWS
345634,1024599,FOLLOWS
345634,1066712,FOLLOWS
345634,1251184,FOLLOWS
345702,139230,FOLLOWS
345794,310296,FOLLOWS
345801,136525,FOLLOWS
345801,339723,FOLLOWS
345801,342828,FOLLOWS
345801,47430,FOLLOWS
345801,593109,FOLLOWS
345894,1264377,FOLLOWS
345920,562711,FOLLOWS
345920,508282,FOLLOWS
346116,118662,FOLLOWS
346116,194010,FOLLOWS
346116,929362,FOLLOWS
346308,339982,FOLLOWS
346308,1264843,FOLLOWS
346326,606757,FOLLOWS
346340,1219952,FOLLOWS
346402,601406,FOLLOWS
346412,121443,FOLLOWS
346412,141257,FOLLOWS
346412,386903,FOLLOWS
346412,637967,FOLLOWS
346561,64520,FOLLOWS
346650,88670,FOLLOWS
346652,153175,FOLLOWS
346719,110034,FOLLOWS
346762,1358818,FOLLOWS
346784,585091,FOLLOWS
346784,540996,FOLLOWS
346843,273342,FOLLOWS
346843,340747,FOLLOWS
346843,476685,FOLLOWS
346882,22103,FOLLOWS
346911,608994,FOLLOWS
346932,256398,FOLLOWS
346932,209612,FOLLOWS
346932,347009,FOLLOWS
346932,689219,FOLLOWS
346932,763221,FOLLOWS
346946,21791,FOLLOWS
346946,341150,FOLLOWS
346997,278100,FOLLOWS
347008,229968,FOLLOWS
347008,368958,FOLLOWS
347009,327449,FOLLOWS
347009,346932,FOLLOWS
347057,275342,FOLLOWS
347057,541557,FOLLOWS
347067,556538,FOLLOWS
347129,51659,FOLLOWS
347376,1175162,FOLLOWS
347421,282623,FOLLOWS
347421,1251531,FOLLOWS
347585,348371,FOLLOWS
347627,139230,FOLLOWS
347684,296569,FOLLOWS
347684,1302709,FOLLOWS
347726,148528,FOLLOWS
347726,351814,FOLLOWS
347868,334703,FOLLOWS
347868,521641,FOLLOWS
347868,525983,FOLLOWS
347871,1227497,FOLLOWS
347871,967837,FOLLOWS
347886,608194,FOLLOWS
347886,485316,FOLLOWS
347886,416007,FOLLOWS
347909,33461,FOLLOWS
347909,79361,FOLLOWS
347927,480286,FOLLOWS
347992,489994,FOLLOWS
347992,755958,FOLLOWS
348065,378556,FOLLOWS
348065,548561,FOLLOWS
348137,341873,FOLLOWS
348137,756401,FOLLOWS
348137,420132,FOLLOWS
348232,114193,FOLLOWS
348232,366057,FOLLOWS
348259,1002814,FOLLOWS
348259,1034766,FOLLOWS
348259,351605,FOLLOWS
348259,562480,FOLLOWS
348263,147094,FOLLOWS
348329,352464,FOLLOWS
348371,478910,FOLLOWS
348483,608554,FOLLOWS
348630,347886,FOLLOWS
348630,848980,FOLLOWS
348630,1212177,FOLLOWS
348630,411993,FOLLOWS
348630,492029,FOLLOWS
348630,475263,FOLLOWS
348630,554764,FOLLOWS
348630,810084,FOLLOWS
348786,206002,FOLLOWS
349064,455378,FOLLOWS
349064,819188,FOLLOWS
349074,253752,FOLLOWS
349074,692393,FOLLOWS
349162,23608,FOLLOWS
349162,259919,FOLLOWS
349162,365335,FOLLOWS
349311,344311,FOLLOWS
349311,353983,FOLLOWS
349311,341570,FOLLOWS
349311,958955,FOLLOWS
349311,488263,FOLLOWS
349314,173145,FOLLOWS
349371,50746,FOLLOWS
349394,195695,FOLLOWS
349394,218071,FOLLOWS
349394,277580,FOLLOWS
349394,364569,FOLLOWS
349399,339764,FOLLOWS
349434,474138,FOLLOWS
349484,279147,FOLLOWS
349484,304237,FOLLOWS
349484,411680,FOLLOWS
349515,346997,FOLLOWS
349565,349801,FOLLOWS
349599,308844,FOLLOWS
349613,342461,FOLLOWS
349886,107545,FOLLOWS
349886,501797,FOLLOWS
349886,219615,FOLLOWS
349960,766112,FOLLOWS
349960,574294,FOLLOWS
350307,106542,FOLLOWS
350307,209573,FOLLOWS
350307,834498,FOLLOWS
350307,286993,FOLLOWS
350307,577089,FOLLOWS
350319,291143,FOLLOWS
350319,322923,FOLLOWS
350319,765270,FOLLOWS
350319,66351,FOLLOWS
350405,164889,FOLLOWS
350405,464421,FOLLOWS
350405,581078,FOLLOWS
350500,146023,FOLLOWS
350500,475576,FOLLOWS
350500,488840,FOLLOWS
350610,129524,FOLLOWS
350610,676586,FOLLOWS
350610,416250,FOLLOWS
350815,612852,FOLLOWS
350839,1269403,FOLLOWS
350923,237133,FOLLOWS
350923,267390,FOLLOWS
350923,493762,FOLLOWS
351105,872265,FOLLOWS
351274,652528,FOLLOWS
351392,534281,FOLLOWS
351392,490042,FOLLOWS
351445,1204711,FOLLOWS
351505,421751,FOLLOWS
351607,279446,FOLLOWS
351607,348881,FOLLOWS
351607,351605,FOLLOWS
351607,591230,FOLLOWS
351642,414476,FOLLOWS
351642,441577,FOLLOWS
351642,461615,FOLLOWS
351644,22608,FOLLOWS
351644,244472,FOLLOWS
351644,468708,FOLLOWS
351644,559705,FOLLOWS
351739,206360,FOLLOWS
351753,824606,FOLLOWS
351814,352464,FOLLOWS
351942,117150,FOLLOWS
351942,200567,FOLLOWS
351942,294942,FOLLOWS
351942,8025,FOLLOWS
352000,556964,FOLLOWS
352017,900042,FOLLOWS
352087,1011748,FOLLOWS
352092,82398,FOLLOWS
352092,835111,FOLLOWS
352092,697343,FOLLOWS
352162,894615,FOLLOWS
352229,1271098,FOLLOWS
352229,603065,FOLLOWS
352432,1191587,FOLLOWS
352470,1066365,FOLLOWS
352470,109145,FOLLOWS
352482,211574,FOLLOWS
352482,370646,FOLLOWS
352482,371301,FOLLOWS
352589,324586,FOLLOWS
352669,1051657,FOLLOWS
352669,1271141,FOLLOWS
352676,262823,FOLLOWS
352680,120855,FOLLOWS
352696,352716,FOLLOWS
352792,635809,FOLLOWS
352792,508282,FOLLOWS
352792,765310,FOLLOWS
352794,632359,FOLLOWS
352794,635809,FOLLOWS
352849,288490,FOLLOWS
352861,176714,FOLLOWS
352896,438342,FOLLOWS
352896,693608,FOLLOWS
352923,475440,FOLLOWS
352923,588800,FOLLOWS
352923,743234,FOLLOWS
353009,728968,FOLLOWS
353009,408639,FOLLOWS
353009,562177,FOLLOWS
353013,284887,FOLLOWS
353032,988281,FOLLOWS
353032,500769,FOLLOWS
353206,246985,FOLLOWS
353206,572686,FOLLOWS
353292,1091428,FOLLOWS
353292,1192706,FOLLOWS
353490,28075,FOLLOWS
353490,68728,FOLLOWS
353521,463641,FOLLOWS
353521,928475,FOLLOWS
353521,449589,FOLLOWS
353521,845999,FOLLOWS
353521,233552,FOLLOWS
353522,78248,FOLLOWS
353522,39025,FOLLOWS
353527,510208,FOLLOWS
353527,526707,FOLLOWS
353565,296606,FOLLOWS
353599,294038,FOLLOWS
353621,635939,FOLLOWS
353621,79439,FOLLOWS
353659,148528,FOLLOWS
353659,735766,FOLLOWS
353694,22500,FOLLOWS
353876,140060,FOLLOWS
353892,603065,FOLLOWS
353983,349311,FOLLOWS
353995,633152,FOLLOWS
354051,55854,FOLLOWS
354051,906930,FOLLOWS
354051,732193,FOLLOWS
354051,379548,FOLLOWS
354058,171361,FOLLOWS
354058,247372,FOLLOWS
354058,227317,FOLLOWS
354075,721671,FOLLOWS
354110,49286,FOLLOWS
354110,129716,FOLLOWS
354110,164607,FOLLOWS
354110,345801,FOLLOWS
354110,24623,FOLLOWS
354110,1272853,FOLLOWS
354110,839726,FOLLOWS
354193,180397,FOLLOWS
354193,444637,FOLLOWS
354235,532497,FOLLOWS
354290,312301,FOLLOWS
354290,999703,FOLLOWS
354370,34917,FOLLOWS
354370,241516,FOLLOWS
354370,820287,FOLLOWS
354370,507459,FOLLOWS
354370,430913,FOLLOWS
354370,355440,FOLLOWS
354370,555916,FOLLOWS
354370,749773,FOLLOWS
354370,626653,FOLLOWS
354432,411322,FOLLOWS
354432,68619,FOLLOWS
354432,282623,FOLLOWS
354432,58369,FOLLOWS
354583,413333,FOLLOWS
354656,104855,FOLLOWS
354656,120355,FOLLOWS
354656,312701,FOLLOWS
354656,278073,FOLLOWS
354656,322291,FOLLOWS
354656,177762,FOLLOWS
354675,355053,FOLLOWS
354675,631426,FOLLOWS
354678,616082,FOLLOWS
354785,657438,FOLLOWS
354785,713853,FOLLOWS
354789,409839,FOLLOWS
354793,146796,FOLLOWS
354793,399179,FOLLOWS
354912,1193124,FOLLOWS
354925,583334,FOLLOWS
354969,201936,FOLLOWS
355008,202799,FOLLOWS
355115,275868,FOLLOWS
355193,355727,FOLLOWS
355313,80817,FOLLOWS
355396,639746,FOLLOWS
355440,1003936,FOLLOWS
355440,462488,FOLLOWS
355549,288811,FOLLOWS
355561,160807,FOLLOWS
355561,689944,FOLLOWS
355561,69303,FOLLOWS
355561,553736,FOLLOWS
355603,65476,FOLLOWS
355603,711613,FOLLOWS
355603,811689,FOLLOWS
355636,356236,FOLLOWS
355636,399011,FOLLOWS
355653,390528,FOLLOWS
355727,145823,FOLLOWS
355727,158246,FOLLOWS
355727,80991,FOLLOWS
355727,464691,FOLLOWS
355809,49958,FOLLOWS
355809,599780,FOLLOWS
355860,266790,FOLLOWS
355869,462722,FOLLOWS
355869,460682,FOLLOWS
355975,981614,FOLLOWS
355975,1582996,FOLLOWS
356000,777909,FOLLOWS
356074,651330,FOLLOWS
356076,933249,FOLLOWS
356076,1117802,FOLLOWS
356076,562177,FOLLOWS
356076,511616,FOLLOWS
356099,374815,FOLLOWS
356099,458183,FOLLOWS
356150,457646,FOLLOWS
356150,833369,FOLLOWS
356151,211646,FOLLOWS
356236,187771,FOLLOWS
356236,254398,FOLLOWS
356236,265557,FOLLOWS
356236,355636,FOLLOWS
356236,799515,FOLLOWS
356274,348137,FOLLOWS
356274,362078,FOLLOWS
356322,249276,FOLLOWS
356369,82903,FOLLOWS
356422,172444,FOLLOWS
356447,380603,FOLLOWS
356487,283421,FOLLOWS
356487,372456,FOLLOWS
356509,166675,FOLLOWS
356509,565562,FOLLOWS
356559,445853,FOLLOWS
356568,131994,FOLLOWS
356568,356566,FOLLOWS
356573,477111,FOLLOWS
356776,72980,FOLLOWS
356970,1275695,FOLLOWS
357088,1139572,FOLLOWS
357097,196024,FOLLOWS
357216,698330,FOLLOWS
357272,605589,FOLLOWS
357329,201936,FOLLOWS
357329,230459,FOLLOWS
357340,279147,FOLLOWS
357411,37019,FOLLOWS
357411,500061,FOLLOWS
357459,153231,FOLLOWS
357459,402485,FOLLOWS
357520,271955,FOLLOWS
357520,1135139,FOLLOWS
357543,553694,FOLLOWS
357555,454101,FOLLOWS
357755,742031,FOLLOWS
357840,600880,FOLLOWS
357840,1025345,FOLLOWS
357840,679098,FOLLOWS
358150,195754,FOLLOWS
358150,218784,FOLLOWS
358150,357459,FOLLOWS
358269,23543,FOLLOWS
358406,285425,FOLLOWS
358421,881806,FOLLOWS
358483,239968,FOLLOWS
358483,1154023,FOLLOWS
358483,595265,FOLLOWS
358483,959636,FOLLOWS
358483,1010442,FOLLOWS
358483,1276489,FOLLOWS
358583,328869,FOLLOWS
358858,1202148,FOLLOWS
358860,327134,FOLLOWS
358860,314830,FOLLOWS
358860,425845,FOLLOWS
358874,216225,FOLLOWS
358874,175570,FOLLOWS
358874,843807,FOLLOWS
359226,330998,FOLLOWS
359226,334126,FOLLOWS
359341,174834,FOLLOWS
359341,353876,FOLLOWS
359341,140636,FOLLOWS
359341,771255,FOLLOWS
359407,227417,FOLLOWS
359407,227205,FOLLOWS
359407,754996,FOLLOWS
359549,172348,FOLLOWS
359590,314381,FOLLOWS
359590,341114,FOLLOWS
359590,210915,FOLLOWS
359590,655938,FOLLOWS
359716,80823,FOLLOWS
359716,334395,FOLLOWS
359716,764555,FOLLOWS
360082,780947,FOLLOWS
360082,588280,FOLLOWS
360221,362234,FOLLOWS
360276,20578,FOLLOWS
360289,893019,FOLLOWS
360381,522494,FOLLOWS
360414,429675,FOLLOWS
360414,462064,FOLLOWS
360414,689954,FOLLOWS
360478,543888,FOLLOWS
360513,494223,FOLLOWS
360513,502579,FOLLOWS
360595,228080,FOLLOWS
360595,447861,FOLLOWS
360595,1277994,FOLLOWS
360615,108498,FOLLOWS
360948,225700,FOLLOWS
361379,297335,FOLLOWS
361403,145986,FOLLOWS
361403,361433,FOLLOWS
361403,831176,FOLLOWS
361403,478957,FOLLOWS
361403,423053,FOLLOWS
361403,833261,FOLLOWS
361403,938008,FOLLOWS
361433,361403,FOLLOWS
361433,171524,FOLLOWS
361433,942760,FOLLOWS
361434,145986,FOLLOWS
361434,529231,FOLLOWS
361456,118083,FOLLOWS
361478,566676,FOLLOWS
361553,111282,FOLLOWS
361553,215210,FOLLOWS
361553,168531,FOLLOWS
361553,201332,FOLLOWS
361553,160980,FOLLOWS
361553,420735,FOLLOWS
361553,379704,FOLLOWS
361553,455354,FOLLOWS
361553,399964,FOLLOWS
361753,1135195,FOLLOWS
361831,771987,FOLLOWS
361936,427766,FOLLOWS
361937,439151,FOLLOWS
361937,657207,FOLLOWS
361952,106575,FOLLOWS
361952,313497,FOLLOWS
362003,1121713,FOLLOWS
362003,145823,FOLLOWS
362003,1003803,FOLLOWS
362019,542653,FOLLOWS
362019,414541,FOLLOWS
362019,37263,FOLLOWS
362019,393736,FOLLOWS
362078,252292,FOLLOWS
362078,285902,FOLLOWS
362078,356274,FOLLOWS
362078,268270,FOLLOWS
362234,360221,FOLLOWS
362303,192057,FOLLOWS
362303,862340,FOLLOWS
362303,418986,FOLLOWS
362393,662149,FOLLOWS
362398,285684,FOLLOWS
362398,423814,FOLLOWS
362422,236042,FOLLOWS
362435,31169,FOLLOWS
362435,102516,FOLLOWS
362435,281168,FOLLOWS
362445,341766,FOLLOWS
362536,415064,FOLLOWS
362622,23543,FOLLOWS
362622,691347,FOLLOWS
362657,1000594,FOLLOWS
362676,23543,FOLLOWS
362676,331930,FOLLOWS
362771,639966,FOLLOWS
362771,428584,FOLLOWS
362785,113036,FOLLOWS
362785,504212,FOLLOWS
362794,1350502,FOLLOWS
363104,142530,FOLLOWS
363104,289981,FOLLOWS
363104,327542,FOLLOWS
363104,532574,FOLLOWS
363104,830018,FOLLOWS
363123,260063,FOLLOWS
363123,1096483,FOLLOWS
363260,159191,FOLLOWS
363308,343393,FOLLOWS
363397,501568,FOLLOWS
363497,151127,FOLLOWS
363497,77439,FOLLOWS
363497,414973,FOLLOWS
363497,1069238,FOLLOWS
363581,23307,FOLLOWS
363648,26512,FOLLOWS
363648,284092,FOLLOWS
363741,95160,FOLLOWS
363741,105277,FOLLOWS
363741,288884,FOLLOWS
363784,253878,FOLLOWS
363784,697343,FOLLOWS
363784,783910,FOLLOWS
363822,107762,FOLLOWS
363822,313014,FOLLOWS
363822,318138,FOLLOWS
363822,502583,FOLLOWS
363822,699599,FOLLOWS
363822,224884,FOLLOWS
363840,1060211,FOLLOWS
363942,586215,FOLLOWS
364211,326469,FOLLOWS
364228,86155,FOLLOWS
364414,237884,FOLLOWS
364481,23711,FOLLOWS
364481,124382,FOLLOWS
364481,149116,FOLLOWS
364481,1164198,FOLLOWS
364492,38900,FOLLOWS
364492,282031,FOLLOWS
364495,73395,FOLLOWS
364544,126863,FOLLOWS
364544,292742,FOLLOWS
364544,304908,FOLLOWS
364544,425299,FOLLOWS
364563,1276779,FOLLOWS
364563,372521,FOLLOWS
364569,349394,FOLLOWS
364569,1061434,FOLLOWS
364569,542349,FOLLOWS
364569,1040045,FOLLOWS
364602,320356,FOLLOWS
364636,307586,FOLLOWS
364636,23376,FOLLOWS
364636,763068,FOLLOWS
364636,778258,FOLLOWS
364656,81438,FOLLOWS
364708,23945,FOLLOWS
364981,1085628,FOLLOWS
365015,431862,FOLLOWS
365015,550778,FOLLOWS
365015,637265,FOLLOWS
365036,1008855,FOLLOWS
365036,1081736,FOLLOWS
365036,1281281,FOLLOWS
365073,43315,FOLLOWS
365073,803072,FOLLOWS
365302,1173260,FOLLOWS
365307,256742,FOLLOWS
365307,364696,FOLLOWS
365335,23608,FOLLOWS
365335,259919,FOLLOWS
365349,852479,FOLLOWS
365360,541641,FOLLOWS
365537,1281457,FOLLOWS
365555,289822,FOLLOWS
365686,455059,FOLLOWS
365686,87109,FOLLOWS
365928,24092,FOLLOWS
365954,315339,FOLLOWS
365954,414434,FOLLOWS
365957,195453,FOLLOWS
365957,172738,FOLLOWS
365973,744943,FOLLOWS
365973,1264121,FOLLOWS
366055,683004,FOLLOWS
366055,734302,FOLLOWS
366057,169218,FOLLOWS
366057,437809,FOLLOWS
366057,348232,FOLLOWS
366057,439871,FOLLOWS
366206,312903,FOLLOWS
366206,379004,FOLLOWS
366355,742282,FOLLOWS
366355,589888,FOLLOWS
366359,1096232,FOLLOWS
366359,1223873,FOLLOWS
366369,294843,FOLLOWS
366482,436039,FOLLOWS
366707,893890,FOLLOWS
366710,612299,FOLLOWS
366710,738783,FOLLOWS
366710,1282289,FOLLOWS
366710,953565,FOLLOWS
366723,29531,FOLLOWS
366723,378803,FOLLOWS
366723,1231061,FOLLOWS
366774,779754,FOLLOWS
366790,557245,FOLLOWS
366841,486609,FOLLOWS
366905,609753,FOLLOWS
366930,488263,FOLLOWS
366930,278008,FOLLOWS
366960,193241,FOLLOWS
367124,170253,FOLLOWS
367124,324562,FOLLOWS
367124,315290,FOLLOWS
367124,590340,FOLLOWS
367179,210576,FOLLOWS
367179,669894,FOLLOWS
367198,89807,FOLLOWS
367351,105277,FOLLOWS
367406,34066,FOLLOWS
367429,234312,FOLLOWS
367429,295354,FOLLOWS
367429,110269,FOLLOWS
367461,742607,FOLLOWS
367720,95160,FOLLOWS
367720,470079,FOLLOWS
367720,28143,FOLLOWS
367943,727141,FOLLOWS
367950,196193,FOLLOWS
367950,1217457,FOLLOWS
367975,702751,FOLLOWS
367975,415520,FOLLOWS
367978,367994,FOLLOWS
367978,408639,FOLLOWS
367994,367978,FOLLOWS
368063,285461,FOLLOWS
368063,1034662,FOLLOWS
368096,148559,FOLLOWS
368096,204702,FOLLOWS
368115,326469,FOLLOWS
368170,90781,FOLLOWS
368207,121454,FOLLOWS
368207,70980,FOLLOWS
368241,106840,FOLLOWS
368241,190495,FOLLOWS
368241,225499,FOLLOWS
368241,244302,FOLLOWS
368241,460190,FOLLOWS
368241,605842,FOLLOWS
368241,811241,FOLLOWS
368319,213890,FOLLOWS
368319,321950,FOLLOWS
368319,507533,FOLLOWS
368319,1301536,FOLLOWS
368422,817610,FOLLOWS
368422,1040596,FOLLOWS
368442,159748,FOLLOWS
368442,305873,FOLLOWS
368442,690037,FOLLOWS
368442,451197,FOLLOWS
368442,233951,FOLLOWS
368442,266079,FOLLOWS
368540,214941,FOLLOWS
368540,902977,FOLLOWS
368578,238012,FOLLOWS
368655,335917,FOLLOWS
368655,124340,FOLLOWS
368655,338204,FOLLOWS
368674,336390,FOLLOWS
368674,950290,FOLLOWS
368674,507887,FOLLOWS
368674,336175,FOLLOWS
368685,368692,FOLLOWS
368685,650952,FOLLOWS
368692,243106,FOLLOWS
368692,368685,FOLLOWS
368763,246582,FOLLOWS
368763,475197,FOLLOWS
368763,475047,FOLLOWS
368837,281706,FOLLOWS
368837,718110,FOLLOWS
368837,837623,FOLLOWS
368869,889033,FOLLOWS
368912,396980,FOLLOWS
368912,1091293,FOLLOWS
368921,563332,FOLLOWS
368958,54739,FOLLOWS
368958,347008,FOLLOWS
369106,499734,FOLLOWS
369164,94496,FOLLOWS
369205,118040,FOLLOWS
369205,264252,FOLLOWS
369205,461580,FOLLOWS
369326,480379,FOLLOWS
369327,208788,FOLLOWS
369327,341766,FOLLOWS
369327,884437,FOLLOWS
369383,86657,FOLLOWS
369383,131756,FOLLOWS
369383,598631,FOLLOWS
369383,760072,FOLLOWS
369549,42148,FOLLOWS
369549,144398,FOLLOWS
369758,87809,FOLLOWS
369758,442012,FOLLOWS
369939,201074,FOLLOWS
370036,108952,FOLLOWS
370036,372976,FOLLOWS
370110,894657,FOLLOWS
370110,749516,FOLLOWS
370110,672788,FOLLOWS
370168,431088,FOLLOWS
370215,242218,FOLLOWS
370317,87060,FOLLOWS
370477,198634,FOLLOWS
370646,371301,FOLLOWS
370695,656550,FOLLOWS
370759,1134486,FOLLOWS
370798,817880,FOLLOWS
370828,859311,FOLLOWS
370907,241447,FOLLOWS
370907,671914,FOLLOWS
370921,415518,FOLLOWS
371050,98501,FOLLOWS
371050,154212,FOLLOWS
371050,292098,FOLLOWS
371163,1162440,FOLLOWS
371212,200214,FOLLOWS
371212,1072725,FOLLOWS
371301,241500,FOLLOWS
371301,326421,FOLLOWS
371451,146046,FOLLOWS
371510,555953,FOLLOWS
371510,707442,FOLLOWS
371535,710718,FOLLOWS
371535,545751,FOLLOWS
371570,829086,FOLLOWS
371721,601753,FOLLOWS
371721,289860,FOLLOWS
371721,994290,FOLLOWS
371847,58568,FOLLOWS
371847,568175,FOLLOWS
371847,696289,FOLLOWS
371847,54571,FOLLOWS
371927,250040,FOLLOWS
371927,694203,FOLLOWS
371927,1146994,FOLLOWS
371981,270169,FOLLOWS
372139,272421,FOLLOWS
372139,523077,FOLLOWS
372139,489037,FOLLOWS
372139,431990,FOLLOWS
372139,518220,FOLLOWS
372139,512430,FOLLOWS
372208,24687,FOLLOWS
372208,244615,FOLLOWS
372254,24638,FOLLOWS
372284,1287839,FOLLOWS
372287,272421,FOLLOWS
372287,472301,FOLLOWS
372287,472433,FOLLOWS
372293,472433,FOLLOWS
372337,628056,FOLLOWS
372456,140095,FOLLOWS
372456,356487,FOLLOWS
372456,763466,FOLLOWS
372456,486067,FOLLOWS
372456,193620,FOLLOWS
372472,500491,FOLLOWS
372571,310524,FOLLOWS
372571,509251,FOLLOWS
372571,686433,FOLLOWS
372728,100017,FOLLOWS
372728,732203,FOLLOWS
372820,500880,FOLLOWS
372881,30911,FOLLOWS
372881,1288302,FOLLOWS
373019,220202,FOLLOWS
373047,2814,FOLLOWS
373047,415520,FOLLOWS
373252,93578,FOLLOWS
373252,582516,FOLLOWS
373387,598570,FOLLOWS
373399,428255,FOLLOWS
373402,952996,FOLLOWS
373666,84816,FOLLOWS
373666,95169,FOLLOWS
373666,816133,FOLLOWS
373727,417393,FOLLOWS
373748,559617,FOLLOWS
373787,122282,FOLLOWS
373787,570934,FOLLOWS
373832,373834,FOLLOWS
373857,628440,FOLLOWS
373866,208805,FOLLOWS
373866,601704,FOLLOWS
373866,523077,FOLLOWS
373866,374591,FOLLOWS
373866,1453625,FOLLOWS
373966,190269,FOLLOWS
373997,177985,FOLLOWS
373997,264573,FOLLOWS
373997,835278,FOLLOWS
374082,344039,FOLLOWS
374172,374591,FOLLOWS
374172,376016,FOLLOWS
374339,62291,FOLLOWS
374339,144614,FOLLOWS
374423,786437,FOLLOWS
374467,250749,FOLLOWS
374515,68619,FOLLOWS
374515,809061,FOLLOWS
374515,462836,FOLLOWS
374616,241516,FOLLOWS
374676,24890,FOLLOWS
374676,176986,FOLLOWS
374694,1029788,FOLLOWS
374815,24852,FOLLOWS
374816,24852,FOLLOWS
374816,670258,FOLLOWS
374853,24852,FOLLOWS
374858,24852,FOLLOWS
374858,1290498,FOLLOWS
374858,92458,FOLLOWS
374937,386966,FOLLOWS
375095,78999,FOLLOWS
375095,707971,FOLLOWS
375245,39991,FOLLOWS
375245,406265,FOLLOWS
375279,1033502,FOLLOWS
375279,1164210,FOLLOWS
375421,43028,FOLLOWS
375477,164648,FOLLOWS
375477,548561,FOLLOWS
375477,787239,FOLLOWS
375477,512582,FOLLOWS
375477,510208,FOLLOWS
375477,557276,FOLLOWS
375477,581538,FOLLOWS
375553,785545,FOLLOWS
375553,782757,FOLLOWS
375587,742729,FOLLOWS
375774,326007,FOLLOWS
375884,462836,FOLLOWS
375884,766833,FOLLOWS
375908,206395,FOLLOWS
375908,483665,FOLLOWS
375962,334967,FOLLOWS
375981,41113,FOLLOWS
376016,824958,FOLLOWS
376028,212189,FOLLOWS
376028,34275,FOLLOWS
376028,842007,FOLLOWS
376028,721299,FOLLOWS
376090,24884,FOLLOWS
376090,950282,FOLLOWS
376146,25118,FOLLOWS
376208,69588,FOLLOWS
376208,25178,FOLLOWS
376239,929681,FOLLOWS
376239,891547,FOLLOWS
376239,1081736,FOLLOWS
376239,208544,FOLLOWS
376239,1127169,FOLLOWS
376239,850115,FOLLOWS
376478,412998,FOLLOWS
376480,25225,FOLLOWS
376507,936646,FOLLOWS
376507,428203,FOLLOWS
376507,276661,FOLLOWS
376507,464275,FOLLOWS
376540,456815,FOLLOWS
376540,488967,FOLLOWS
376540,212295,FOLLOWS
376574,325790,FOLLOWS
376611,650994,FOLLOWS
376611,791550,FOLLOWS
376636,251844,FOLLOWS
376682,279039,FOLLOWS
376712,78966,FOLLOWS
376712,323085,FOLLOWS
376712,432887,FOLLOWS
376712,361005,FOLLOWS
376712,1292354,FOLLOWS
376712,758930,FOLLOWS
376712,590704,FOLLOWS
376712,924535,FOLLOWS
376712,979273,FOLLOWS
376712,701040,FOLLOWS
376721,26339,FOLLOWS
376721,69120,FOLLOWS
376870,511038,FOLLOWS
376870,795547,FOLLOWS
377006,193570,FOLLOWS
377006,572178,FOLLOWS
377006,942918,FOLLOWS
377006,1061504,FOLLOWS
377108,620493,FOLLOWS
377108,1206823,FOLLOWS
377108,592144,FOLLOWS
377108,767428,FOLLOWS
377108,190013,FOLLOWS
377108,1045303,FOLLOWS
377108,391063,FOLLOWS
377110,187789,FOLLOWS
377131,174799,FOLLOWS
377162,192931,FOLLOWS
377169,493712,FOLLOWS
377169,470927,FOLLOWS
377239,511616,FOLLOWS
377275,1438876,FOLLOWS
377292,89328,FOLLOWS
377339,457887,FOLLOWS
377361,587794,FOLLOWS
377436,55637,FOLLOWS
377436,255016,FOLLOWS
377493,470927,FOLLOWS
377526,1021415,FOLLOWS
377531,780207,FOLLOWS
377566,133788,FOLLOWS
377577,308772,FOLLOWS
377656,289180,FOLLOWS
377739,572653,FOLLOWS
377771,693489,FOLLOWS
377902,184037,FOLLOWS
378083,257539,FOLLOWS
378100,721980,FOLLOWS
378136,1285825,FOLLOWS
378168,98611,FOLLOWS
378188,417597,FOLLOWS
378188,996617,FOLLOWS
378204,74412,FOLLOWS
378204,388438,FOLLOWS
378204,378395,FOLLOWS
378204,943643,FOLLOWS
378279,100577,FOLLOWS
378359,291143,FOLLOWS
378395,378204,FOLLOWS
378395,536696,FOLLOWS
378485,292059,FOLLOWS
378485,1293807,FOLLOWS
378556,191835,FOLLOWS
378556,348065,FOLLOWS
378556,756434,FOLLOWS
378556,475797,FOLLOWS
378631,25021,FOLLOWS
378681,192348,FOLLOWS
378681,315574,FOLLOWS
378681,379402,FOLLOWS
378681,813850,FOLLOWS
378681,245756,FOLLOWS
378681,379477,FOLLOWS
378803,366723,FOLLOWS
378959,921196,FOLLOWS
379000,366206,FOLLOWS
379000,758930,FOLLOWS
379000,379004,FOLLOWS
379004,523527,FOLLOWS
379026,662905,FOLLOWS
379176,507775,FOLLOWS
379201,379234,FOLLOWS
379201,917645,FOLLOWS
379234,379201,FOLLOWS
379234,917645,FOLLOWS
379234,684235,FOLLOWS
379291,352092,FOLLOWS
379402,378681,FOLLOWS
379402,777592,FOLLOWS
379402,379477,FOLLOWS
379402,455059,FOLLOWS
379476,25437,FOLLOWS
379476,293550,FOLLOWS
379477,315574,FOLLOWS
379477,378681,FOLLOWS
379477,379402,FOLLOWS
379480,679421,FOLLOWS
379480,930215,FOLLOWS
379506,297752,FOLLOWS
379506,528700,FOLLOWS
379579,379612,FOLLOWS
379579,816774,FOLLOWS
379579,698313,FOLLOWS
379612,379579,FOLLOWS
379662,69106,FOLLOWS
379704,57878,FOLLOWS
379704,361553,FOLLOWS
379742,383023,FOLLOWS
379742,442083,FOLLOWS
379811,373387,FOLLOWS
379811,445848,FOLLOWS
379989,50484,FOLLOWS
379989,219942,FOLLOWS
379989,849983,FOLLOWS
379989,1007013,FOLLOWS
380038,924014,FOLLOWS
380045,996617,FOLLOWS
380107,122538,FOLLOWS
380107,843223,FOLLOWS
380144,277409,FOLLOWS
380353,590625,FOLLOWS
380522,105228,FOLLOWS
380576,82792,FOLLOWS
380589,81169,FOLLOWS
380589,691418,FOLLOWS
380602,380603,FOLLOWS
380603,356447,FOLLOWS
380666,25587,FOLLOWS
380666,854499,FOLLOWS
380681,25587,FOLLOWS
380681,379742,FOLLOWS
380681,1151838,FOLLOWS
380756,25616,FOLLOWS
380803,25836,FOLLOWS
380803,134538,FOLLOWS
380848,296878,FOLLOWS
380915,451121,FOLLOWS
381028,113862,FOLLOWS
381028,285684,FOLLOWS
381255,497606,FOLLOWS
381364,113862,FOLLOWS
381364,229616,FOLLOWS
381364,125471,FOLLOWS
381554,381706,FOLLOWS
381570,297449,FOLLOWS
381675,829945,FOLLOWS
381678,189782,FOLLOWS
381678,602328,FOLLOWS
381678,663474,FOLLOWS
381688,320251,FOLLOWS
381781,155356,FOLLOWS
381959,486957,FOLLOWS
382118,420993,FOLLOWS
382135,401306,FOLLOWS
382135,696180,FOLLOWS
382166,118414,FOLLOWS
382166,205864,FOLLOWS
382213,409340,FOLLOWS
382264,1296425,FOLLOWS
382374,315153,FOLLOWS
382674,775217,FOLLOWS
382718,876791,FOLLOWS
382921,463977,FOLLOWS
383023,189782,FOLLOWS
383023,379742,FOLLOWS
383221,1156755,FOLLOWS
383221,611161,FOLLOWS
383221,524062,FOLLOWS
383343,40696,FOLLOWS
383343,91009,FOLLOWS
383343,197457,FOLLOWS
383343,169667,FOLLOWS
383343,538186,FOLLOWS
383366,35515,FOLLOWS
383366,466757,FOLLOWS
383366,538961,FOLLOWS
383366,1253296,FOLLOWS
383438,31684,FOLLOWS
383438,264175,FOLLOWS
383589,92120,FOLLOWS
383656,686170,FOLLOWS
383849,305298,FOLLOWS
383849,522490,FOLLOWS
383849,522600,FOLLOWS
383960,590413,FOLLOWS
383973,138035,FOLLOWS
384158,25904,FOLLOWS
384327,89328,FOLLOWS
384327,58123,FOLLOWS
384519,793591,FOLLOWS
384519,312486,FOLLOWS
384663,580594,FOLLOWS
384672,211729,FOLLOWS
384672,311154,FOLLOWS
384672,505407,FOLLOWS
384672,1046170,FOLLOWS
384711,101153,FOLLOWS
384711,101156,FOLLOWS
384711,146135,FOLLOWS
384742,73610,FOLLOWS
384774,238201,FOLLOWS
384774,467861,FOLLOWS
384856,221915,FOLLOWS
384856,319859,FOLLOWS
384856,573193,FOLLOWS
384856,1125092,FOLLOWS
384857,937275,FOLLOWS
384865,331140,FOLLOWS
384982,285461,FOLLOWS
384984,103890,FOLLOWS
384984,869581,FOLLOWS
384984,726775,FOLLOWS
385122,134719,FOLLOWS
385443,90781,FOLLOWS
385616,457327,FOLLOWS
385616,259694,FOLLOWS
385833,350394,FOLLOWS
385839,568247,FOLLOWS
385839,568867,FOLLOWS
386272,636128,FOLLOWS
386272,26377,FOLLOWS
386272,629259,FOLLOWS
386272,306311,FOLLOWS
386289,86501,FOLLOWS
386299,265027,FOLLOWS
386372,119873,FOLLOWS
386372,146519,FOLLOWS
386372,628171,FOLLOWS
386372,571471,FOLLOWS
386372,503881,FOLLOWS
386372,797036,FOLLOWS
386372,446878,FOLLOWS
386372,390052,FOLLOWS
386379,763465,FOLLOWS
386422,154198,FOLLOWS
386437,697085,FOLLOWS
386464,228631,FOLLOWS
386464,242797,FOLLOWS
386469,121123,FOLLOWS
386594,95115,FOLLOWS
386594,177024,FOLLOWS
386697,433515,FOLLOWS
386816,31960,FOLLOWS
386816,304798,FOLLOWS
386854,386903,FOLLOWS
386854,716422,FOLLOWS
386873,148423,FOLLOWS
386903,346412,FOLLOWS
386903,386854,FOLLOWS
386922,103890,FOLLOWS
386964,207035,FOLLOWS
386966,386903,FOLLOWS
386966,1290214,FOLLOWS
386966,356055,FOLLOWS
386966,1038862,FOLLOWS
386966,452207,FOLLOWS
387041,177024,FOLLOWS
387070,412998,FOLLOWS
387070,14651,FOLLOWS
387070,706268,FOLLOWS
387070,1074555,FOLLOWS
387070,355484,FOLLOWS
387070,362804,FOLLOWS
387121,377110,FOLLOWS
387121,1551363,FOLLOWS
387121,1598419,FOLLOWS
387139,183975,FOLLOWS
387524,61241,FOLLOWS
387524,635809,FOLLOWS
387528,149677,FOLLOWS
387528,398245,FOLLOWS
387685,103899,FOLLOWS
387685,397956,FOLLOWS
387728,445066,FOLLOWS
387763,147094,FOLLOWS
387831,391836,FOLLOWS
387831,391855,FOLLOWS
387840,31128,FOLLOWS
387840,1229093,FOLLOWS
387925,465983,FOLLOWS
388103,253887,FOLLOWS
388103,442741,FOLLOWS
388326,53683,FOLLOWS
388326,545227,FOLLOWS
388397,181722,FOLLOWS
388438,185851,FOLLOWS
388438,378204,FOLLOWS
388438,385833,FOLLOWS
388438,590672,FOLLOWS
388479,1301192,FOLLOWS
388482,929362,FOLLOWS
388560,908153,FOLLOWS
388591,292116,FOLLOWS
388769,433431,FOLLOWS
388888,216416,FOLLOWS
388975,435730,FOLLOWS
388975,858393,FOLLOWS
389047,26310,FOLLOWS
389047,380172,FOLLOWS
389169,26310,FOLLOWS
389169,143605,FOLLOWS
389191,161368,FOLLOWS
389191,668939,FOLLOWS
389229,625469,FOLLOWS
389303,26637,FOLLOWS
389303,201772,FOLLOWS
389303,382545,FOLLOWS
389303,282449,FOLLOWS
389342,1301641,FOLLOWS
389342,1301249,FOLLOWS
389387,122538,FOLLOWS
389387,474618,FOLLOWS
389438,203598,FOLLOWS
389438,526018,FOLLOWS
389438,399425,FOLLOWS
389438,226415,FOLLOWS
389487,487050,FOLLOWS
389487,253510,FOLLOWS
389650,271019,FOLLOWS
389703,429788,FOLLOWS
389706,293344,FOLLOWS
389706,823284,FOLLOWS
389730,473502,FOLLOWS
389739,168608,FOLLOWS
389739,365349,FOLLOWS
389739,661707,FOLLOWS
389798,676253,FOLLOWS
389800,41847,FOLLOWS
389800,642247,FOLLOWS
389800,432810,FOLLOWS
389800,406087,FOLLOWS
389800,628905,FOLLOWS
389822,538799,FOLLOWS
389822,984931,FOLLOWS
389829,569045,FOLLOWS
389866,745796,FOLLOWS
390052,446878,FOLLOWS
390105,130295,FOLLOWS
390105,179885,FOLLOWS
390105,676253,FOLLOWS
390105,408625,FOLLOWS
390131,131756,FOLLOWS
390131,133140,FOLLOWS
390131,259731,FOLLOWS
390131,500880,FOLLOWS
390150,329827,FOLLOWS
390150,583495,FOLLOWS
390170,415243,FOLLOWS
390222,692186,FOLLOWS
390223,695678,FOLLOWS
390493,1123026,FOLLOWS
390493,361005,FOLLOWS
390528,355653,FOLLOWS
390528,2814,FOLLOWS
390528,1041446,FOLLOWS
390584,1302958,FOLLOWS
390791,1022643,FOLLOWS
390791,1340306,FOLLOWS
390844,1302699,FOLLOWS
390944,270492,FOLLOWS
390944,1151030,FOLLOWS
391065,172738,FOLLOWS
391118,116196,FOLLOWS
391178,230631,FOLLOWS
391381,282130,FOLLOWS
391381,471606,FOLLOWS
391427,38099,FOLLOWS
391458,887577,FOLLOWS
391471,71327,FOLLOWS
391514,210515,FOLLOWS
391520,1029147,FOLLOWS
391702,470490,FOLLOWS
391743,290388,FOLLOWS
391743,654972,FOLLOWS
391743,444254,FOLLOWS
391743,415809,FOLLOWS
391836,93996,FOLLOWS
391836,105277,FOLLOWS
391836,387831,FOLLOWS
391836,186026,FOLLOWS
391836,391855,FOLLOWS
391836,432807,FOLLOWS
391855,105277,FOLLOWS
391855,277517,FOLLOWS
391855,387831,FOLLOWS
391855,391836,FOLLOWS
391855,93329,FOLLOWS
391946,389487,FOLLOWS
392075,35497,FOLLOWS
392075,118926,FOLLOWS
392075,635554,FOLLOWS
392075,145675,FOLLOWS
392075,636167,FOLLOWS
392075,445390,FOLLOWS
392075,433515,FOLLOWS
392103,32149,FOLLOWS
392103,486609,FOLLOWS
392103,392075,FOLLOWS
392156,220392,FOLLOWS
392156,766728,FOLLOWS
392206,928747,FOLLOWS
392245,459242,FOLLOWS
392245,672984,FOLLOWS
392268,208113,FOLLOWS
392268,1301315,FOLLOWS
392381,489298,FOLLOWS
392388,157243,FOLLOWS
392418,72216,FOLLOWS
392492,1218118,FOLLOWS
392492,87800,FOLLOWS
392492,331646,FOLLOWS
392492,624412,FOLLOWS
392492,491618,FOLLOWS
392492,562729,FOLLOWS
392497,663937,FOLLOWS
392510,494194,FOLLOWS
392510,392380,FOLLOWS
392512,498248,FOLLOWS
392521,481340,FOLLOWS
392631,265557,FOLLOWS
392831,599879,FOLLOWS
392957,197226,FOLLOWS
392957,543414,FOLLOWS
392957,680703,FOLLOWS
393007,475108,FOLLOWS
393007,601299,FOLLOWS
393221,27259,FOLLOWS
393221,102021,FOLLOWS
393221,674036,FOLLOWS
393263,101811,FOLLOWS
393263,431088,FOLLOWS
393288,956451,FOLLOWS
393288,522512,FOLLOWS
393288,79769,FOLLOWS
393308,41497,FOLLOWS
393505,313175,FOLLOWS
393505,675548,FOLLOWS
393505,627024,FOLLOWS
393505,158246,FOLLOWS
393505,979914,FOLLOWS
393627,319350,FOLLOWS
393627,376540,FOLLOWS
393627,454193,FOLLOWS
393683,69149,FOLLOWS
393683,398423,FOLLOWS
393683,503914,FOLLOWS
393683,652059,FOLLOWS
393693,494787,FOLLOWS
393736,392245,FOLLOWS
393736,459242,FOLLOWS
393736,723806,FOLLOWS
393753,752671,FOLLOWS
393818,643438,FOLLOWS
393906,27274,FOLLOWS
393912,27274,FOLLOWS
394052,130248,FOLLOWS
394052,939012,FOLLOWS
394052,290214,FOLLOWS
394052,190013,FOLLOWS
394052,1133945,FOLLOWS
394052,346032,FOLLOWS
394052,318082,FOLLOWS
394052,346340,FOLLOWS
394052,306513,FOLLOWS
394185,39456,FOLLOWS
394185,453797,FOLLOWS
394185,667090,FOLLOWS
394185,905830,FOLLOWS
394283,253695,FOLLOWS
394285,1033718,FOLLOWS
394382,457837,FOLLOWS
394428,84084,FOLLOWS
394428,263599,FOLLOWS
394428,58561,FOLLOWS
394480,568615,FOLLOWS
394537,105995,FOLLOWS
394537,608251,FOLLOWS
394537,307279,FOLLOWS
394693,61263,FOLLOWS
394693,608849,FOLLOWS
394776,198118,FOLLOWS
394776,213132,FOLLOWS
394776,90822,FOLLOWS
394891,166993,FOLLOWS
394891,781954,FOLLOWS
394891,907626,FOLLOWS
394919,1121305,FOLLOWS
394935,820031,FOLLOWS
394935,395952,FOLLOWS
394935,528272,FOLLOWS
394935,403666,FOLLOWS
394935,90822,FOLLOWS
394935,903991,FOLLOWS
394935,321354,FOLLOWS
394935,678928,FOLLOWS
394935,551836,FOLLOWS
395009,545998,FOLLOWS
395110,651330,FOLLOWS
395180,503914,FOLLOWS
395180,735256,FOLLOWS
395196,492830,FOLLOWS
395196,458642,FOLLOWS
395298,208002,FOLLOWS
395340,912305,FOLLOWS
395537,318216,FOLLOWS
395672,918281,FOLLOWS
395731,779062,FOLLOWS
395972,192757,FOLLOWS
395972,528044,FOLLOWS
395973,158787,FOLLOWS
395973,578166,FOLLOWS
396202,37888,FOLLOWS
396202,559379,FOLLOWS
396212,655106,FOLLOWS
396218,27635,FOLLOWS
396281,37470,FOLLOWS
396281,203403,FOLLOWS
396281,80445,FOLLOWS
396281,80991,FOLLOWS
396335,256994,FOLLOWS
396470,444367,FOLLOWS
396520,1006119,FOLLOWS
396556,84084,FOLLOWS
396603,1291609,FOLLOWS
396669,57809,FOLLOWS
396796,215407,FOLLOWS
396904,263204,FOLLOWS
396929,224313,FOLLOWS
396929,601299,FOLLOWS
396929,876493,FOLLOWS
396978,110178,FOLLOWS
396978,277580,FOLLOWS
396978,338725,FOLLOWS
396978,578183,FOLLOWS
396978,691730,FOLLOWS
396978,804904,FOLLOWS
396980,368912,FOLLOWS
396980,606757,FOLLOWS
396986,691730,FOLLOWS
397090,1107613,FOLLOWS
397293,144992,FOLLOWS
397293,255744,FOLLOWS
397293,115714,FOLLOWS
397369,146775,FOLLOWS
397422,622502,FOLLOWS
397499,439817,FOLLOWS
397523,31099,FOLLOWS
397523,86155,FOLLOWS
397523,108875,FOLLOWS
397523,115327,FOLLOWS
397523,122282,FOLLOWS
397523,122385,FOLLOWS
397523,168531,FOLLOWS
397523,190952,FOLLOWS
397523,97589,FOLLOWS
397523,56962,FOLLOWS
397523,860242,FOLLOWS
397523,169667,FOLLOWS
397540,1305710,FOLLOWS
397630,483657,FOLLOWS
397630,504212,FOLLOWS
397630,554155,FOLLOWS
397630,735263,FOLLOWS
397630,840944,FOLLOWS
397704,152220,FOLLOWS
397708,613869,FOLLOWS
397708,629484,FOLLOWS
397734,272289,FOLLOWS
397734,666059,FOLLOWS
397804,27526,FOLLOWS
397831,277580,FOLLOWS
397908,975703,FOLLOWS
397908,961918,FOLLOWS
397908,1149055,FOLLOWS
397956,387685,FOLLOWS
398005,248236,FOLLOWS
398005,626875,FOLLOWS
398005,811241,FOLLOWS
398005,749370,FOLLOWS
398041,1009739,FOLLOWS
398041,533433,FOLLOWS
398041,431481,FOLLOWS
398082,409149,FOLLOWS
398124,374580,FOLLOWS
398132,1053341,FOLLOWS
398155,240209,FOLLOWS
398159,398041,FOLLOWS
398159,858812,FOLLOWS
398171,283260,FOLLOWS
398171,1053341,FOLLOWS
398245,387528,FOLLOWS
398245,411148,FOLLOWS
398372,262055,FOLLOWS
398372,936123,FOLLOWS
398374,94349,FOLLOWS
398404,695227,FOLLOWS
398404,905596,FOLLOWS
398404,196200,FOLLOWS
398404,491514,FOLLOWS
398404,631426,FOLLOWS
398423,43443,FOLLOWS
398423,94803,FOLLOWS
398474,343694,FOLLOWS
398503,270211,FOLLOWS
398503,671317,FOLLOWS
398503,942961,FOLLOWS
398531,576433,FOLLOWS
398604,270240,FOLLOWS
398845,488840,FOLLOWS
398875,389866,FOLLOWS
398895,813088,FOLLOWS
399155,139466,FOLLOWS
399155,722531,FOLLOWS
399179,48267,FOLLOWS
399179,130219,FOLLOWS
399179,146796,FOLLOWS
399179,359407,FOLLOWS
399179,471967,FOLLOWS
399179,543392,FOLLOWS
399179,754996,FOLLOWS
399179,804807,FOLLOWS
399179,844684,FOLLOWS
399179,1003209,FOLLOWS
399189,114565,FOLLOWS
399189,1171907,FOLLOWS
399189,513398,FOLLOWS
399189,836966,FOLLOWS
399197,174101,FOLLOWS
399197,982739,FOLLOWS
399300,315037,FOLLOWS
399300,257932,FOLLOWS
399466,104542,FOLLOWS
399635,272421,FOLLOWS
399635,1104323,FOLLOWS
399635,1309789,FOLLOWS
399635,965640,FOLLOWS
399638,71587,FOLLOWS
399641,426398,FOLLOWS
399846,217743,FOLLOWS
399846,315339,FOLLOWS
399846,403201,FOLLOWS
399964,158429,FOLLOWS
399987,331429,FOLLOWS
400005,271680,FOLLOWS
400047,272421,FOLLOWS
400160,292859,FOLLOWS
400160,400220,FOLLOWS
400160,304237,FOLLOWS
400214,50466,FOLLOWS
400214,445559,FOLLOWS
400220,174101,FOLLOWS
400220,400160,FOLLOWS
400220,873986,FOLLOWS
400348,525596,FOLLOWS
400348,641889,FOLLOWS
400472,457786,FOLLOWS
400517,28219,FOLLOWS
400517,1310532,FOLLOWS
400702,128978,FOLLOWS
400716,80869,FOLLOWS
400796,399346,FOLLOWS
400798,794307,FOLLOWS
400798,849720,FOLLOWS
400844,881401,FOLLOWS
400853,263781,FOLLOWS
400977,310907,FOLLOWS
400977,1310919,FOLLOWS
401066,227205,FOLLOWS
401081,94496,FOLLOWS
401081,458251,FOLLOWS
401124,108498,FOLLOWS
401206,146796,FOLLOWS
401285,33461,FOLLOWS
401285,265503,FOLLOWS
401285,993858,FOLLOWS
401285,1272699,FOLLOWS
401285,330258,FOLLOWS
401285,52272,FOLLOWS
401285,1134796,FOLLOWS
401306,315574,FOLLOWS
401306,382135,FOLLOWS
401332,140315,FOLLOWS
401343,1311045,FOLLOWS
401343,218353,FOLLOWS
401343,140315,FOLLOWS
401361,175062,FOLLOWS
401361,316205,FOLLOWS
401361,317907,FOLLOWS
401396,1311287,FOLLOWS
401396,543034,FOLLOWS
401506,289577,FOLLOWS
401575,57809,FOLLOWS
401611,109438,FOLLOWS
401621,948629,FOLLOWS
401621,61666,FOLLOWS
402011,233847,FOLLOWS
402011,841857,FOLLOWS
402071,183589,FOLLOWS
402071,788731,FOLLOWS
402071,10644,FOLLOWS
402097,83360,FOLLOWS
402138,341880,FOLLOWS
402141,180747,FOLLOWS
402143,405171,FOLLOWS
402143,618841,FOLLOWS
402143,572233,FOLLOWS
402290,824437,FOLLOWS
402391,304798,FOLLOWS
402397,159225,FOLLOWS
402397,80855,FOLLOWS
402485,169167,FOLLOWS
402485,284279,FOLLOWS
402485,357459,FOLLOWS
402485,294320,FOLLOWS
402485,213114,FOLLOWS
402724,526152,FOLLOWS
402773,1121178,FOLLOWS
402796,688037,FOLLOWS
402796,444080,FOLLOWS
402940,1003046,FOLLOWS
402973,114906,FOLLOWS
403141,174856,FOLLOWS
403141,343694,FOLLOWS
403141,461615,FOLLOWS
403141,1150348,FOLLOWS
403199,403203,FOLLOWS
403201,771617,FOLLOWS
403201,467399,FOLLOWS
403201,463371,FOLLOWS
403201,38621,FOLLOWS
403201,916682,FOLLOWS
403203,249806,FOLLOWS
403203,230038,FOLLOWS
403203,403199,FOLLOWS
403506,443884,FOLLOWS
403506,739029,FOLLOWS
403566,77581,FOLLOWS
403566,707187,FOLLOWS
403566,936995,FOLLOWS
403588,104403,FOLLOWS
403588,921225,FOLLOWS
403590,1312793,FOLLOWS
403590,1312979,FOLLOWS
403640,196956,FOLLOWS
403640,320251,FOLLOWS
403640,898749,FOLLOWS
403640,546499,FOLLOWS
403640,182133,FOLLOWS
403666,863959,FOLLOWS
403717,62152,FOLLOWS
403717,142506,FOLLOWS
403717,260835,FOLLOWS
403717,132857,FOLLOWS
403717,103105,FOLLOWS
403717,673527,FOLLOWS
403798,197611,FOLLOWS
403798,828219,FOLLOWS
403798,627702,FOLLOWS
403798,776386,FOLLOWS
403960,233182,FOLLOWS
403960,589971,FOLLOWS
404063,886689,FOLLOWS
404082,50484,FOLLOWS
404082,226617,FOLLOWS
404082,568372,FOLLOWS
404091,706997,FOLLOWS
404091,91622,FOLLOWS
404091,210026,FOLLOWS
404091,209805,FOLLOWS
404095,559537,FOLLOWS
404279,526905,FOLLOWS
404433,274609,FOLLOWS
404433,1022953,FOLLOWS
404445,154151,FOLLOWS
404445,223357,FOLLOWS
404561,771965,FOLLOWS
404645,816055,FOLLOWS
404690,28075,FOLLOWS
404690,449028,FOLLOWS
404690,810411,FOLLOWS
404695,723401,FOLLOWS
404768,773091,FOLLOWS
404768,835908,FOLLOWS
404892,90050,FOLLOWS
404998,132444,FOLLOWS
404998,340829,FOLLOWS
404998,135514,FOLLOWS
404999,29939,FOLLOWS
404999,288811,FOLLOWS
404999,132444,FOLLOWS
404999,340829,FOLLOWS
405013,613221,FOLLOWS
405085,86880,FOLLOWS
405085,1029833,FOLLOWS
405171,402143,FOLLOWS
405171,618841,FOLLOWS
405171,203357,FOLLOWS
405171,1125744,FOLLOWS
405389,29850,FOLLOWS
405439,119873,FOLLOWS
405439,559515,FOLLOWS
405520,608002,FOLLOWS
405520,192093,FOLLOWS
405520,138378,FOLLOWS
405520,832825,FOLLOWS
405520,810084,FOLLOWS
405679,610501,FOLLOWS
405847,440708,FOLLOWS
405847,643515,FOLLOWS
405893,531821,FOLLOWS
406069,340802,FOLLOWS
406069,788726,FOLLOWS
406139,611116,FOLLOWS
406180,179990,FOLLOWS
406180,49191,FOLLOWS
406180,718685,FOLLOWS
406180,149245,FOLLOWS
406265,120764,FOLLOWS
406265,370695,FOLLOWS
406265,375245,FOLLOWS
406265,408639,FOLLOWS
406265,1115170,FOLLOWS
406265,790777,FOLLOWS
406265,459255,FOLLOWS
406265,631672,FOLLOWS
406442,31099,FOLLOWS
406442,733011,FOLLOWS
406477,120751,FOLLOWS
406477,406533,FOLLOWS
406477,406531,FOLLOWS
406493,332653,FOLLOWS
406493,1250328,FOLLOWS
406531,406533,FOLLOWS
406531,406477,FOLLOWS
406533,412744,FOLLOWS
406533,406531,FOLLOWS
406533,406477,FOLLOWS
406715,236835,FOLLOWS
406823,817596,FOLLOWS
407093,367994,FOLLOWS
407093,368063,FOLLOWS
407138,96560,FOLLOWS
407138,1303692,FOLLOWS
407138,478378,FOLLOWS
407174,129731,FOLLOWS
407199,140546,FOLLOWS
407202,103394,FOLLOWS
407699,527594,FOLLOWS
407759,424473,FOLLOWS
407787,684702,FOLLOWS
407796,175062,FOLLOWS
407796,334967,FOLLOWS
407796,633051,FOLLOWS
407796,512413,FOLLOWS
407796,289860,FOLLOWS
407796,1052913,FOLLOWS
407796,278321,FOLLOWS
407796,434817,FOLLOWS
407796,282623,FOLLOWS
407796,805802,FOLLOWS
407915,275941,FOLLOWS
407920,368390,FOLLOWS
408019,29059,FOLLOWS
408019,806641,FOLLOWS
408019,896329,FOLLOWS
408078,241516,FOLLOWS
408078,348065,FOLLOWS
408078,374616,FOLLOWS
408078,387325,FOLLOWS
408089,913279,FOLLOWS
408120,973008,FOLLOWS
408174,585691,FOLLOWS
408174,1137196,FOLLOWS
408174,103079,FOLLOWS
408174,517038,FOLLOWS
408327,811584,FOLLOWS
408371,312024,FOLLOWS
408583,653428,FOLLOWS
408625,236042,FOLLOWS
408639,367978,FOLLOWS
408639,383221,FOLLOWS
408639,406265,FOLLOWS
408639,498262,FOLLOWS
408639,1156755,FOLLOWS
408699,620423,FOLLOWS
408699,713094,FOLLOWS
408748,183943,FOLLOWS
408748,422361,FOLLOWS
408748,661220,FOLLOWS
408748,787845,FOLLOWS
408750,221766,FOLLOWS
408750,250643,FOLLOWS
408750,305224,FOLLOWS
408804,318082,FOLLOWS
408887,495347,FOLLOWS
408902,76390,FOLLOWS
408907,382545,FOLLOWS
408907,531518,FOLLOWS
408907,79769,FOLLOWS
408910,450224,FOLLOWS
408910,594047,FOLLOWS
408910,79769,FOLLOWS
408946,134867,FOLLOWS
408946,329808,FOLLOWS
409014,71635,FOLLOWS
409149,932827,FOLLOWS
409348,105008,FOLLOWS
409348,608251,FOLLOWS
409375,108492,FOLLOWS
409441,247372,FOLLOWS
409464,269205,FOLLOWS
409578,45918,FOLLOWS
409657,196840,FOLLOWS
409839,92025,FOLLOWS
409839,310113,FOLLOWS
409839,734631,FOLLOWS
409944,747291,FOLLOWS
409944,430269,FOLLOWS
410027,570816,FOLLOWS
410213,85249,FOLLOWS
410249,323085,FOLLOWS
410249,504231,FOLLOWS
410308,82491,FOLLOWS
410308,733311,FOLLOWS
410308,121154,FOLLOWS
410320,264042,FOLLOWS
410320,1124739,FOLLOWS
410595,931836,FOLLOWS
410597,735411,FOLLOWS
410645,308791,FOLLOWS
410705,42797,FOLLOWS
410705,225451,FOLLOWS
410807,86602,FOLLOWS
410807,429074,FOLLOWS
410807,433859,FOLLOWS
410807,513061,FOLLOWS
410830,57481,FOLLOWS
410830,59592,FOLLOWS
410830,695429,FOLLOWS
410879,207012,FOLLOWS
410879,1250761,FOLLOWS
410879,1038386,FOLLOWS
410943,38002,FOLLOWS
410967,28966,FOLLOWS
411148,398245,FOLLOWS
411225,771965,FOLLOWS
411228,270201,FOLLOWS
411228,310121,FOLLOWS
411228,522943,FOLLOWS
411228,615511,FOLLOWS
411228,240684,FOLLOWS
411417,387070,FOLLOWS
411417,414762,FOLLOWS
411417,743382,FOLLOWS
411623,550489,FOLLOWS
411623,441350,FOLLOWS
411623,395514,FOLLOWS
411671,580877,FOLLOWS
411671,740645,FOLLOWS
411677,443277,FOLLOWS
411677,113930,FOLLOWS
411677,686433,FOLLOWS
411680,339139,FOLLOWS
411680,667745,FOLLOWS
411680,737731,FOLLOWS
411692,1021415,FOLLOWS
411704,538844,FOLLOWS
411704,543131,FOLLOWS
411750,197403,FOLLOWS
411834,349613,FOLLOWS
411954,591313,FOLLOWS
411954,414776,FOLLOWS
411954,883759,FOLLOWS
411954,804489,FOLLOWS
411954,71013,FOLLOWS
411955,512354,FOLLOWS
411955,589664,FOLLOWS
411993,83171,FOLLOWS
411993,489307,FOLLOWS
412071,765818,FOLLOWS
412111,222365,FOLLOWS
412187,359443,FOLLOWS
412239,421316,FOLLOWS
412375,84816,FOLLOWS
412375,373666,FOLLOWS
412399,1084177,FOLLOWS
412553,75135,FOLLOWS
412737,315304,FOLLOWS
412742,94803,FOLLOWS
412744,406533,FOLLOWS
412744,86158,FOLLOWS
412998,214046,FOLLOWS
412998,387070,FOLLOWS
412998,1318525,FOLLOWS
412998,376478,FOLLOWS
413064,892454,FOLLOWS
413064,1001923,FOLLOWS
413064,707322,FOLLOWS
413064,851616,FOLLOWS
413109,113702,FOLLOWS
413109,629455,FOLLOWS
413109,1119804,FOLLOWS
413109,291150,FOLLOWS
413113,704761,FOLLOWS
413180,418045,FOLLOWS
413180,854086,FOLLOWS
413180,414651,FOLLOWS
413212,655106,FOLLOWS
413221,234894,FOLLOWS
413221,281706,FOLLOWS
413221,448005,FOLLOWS
413221,531658,FOLLOWS
413355,1060510,FOLLOWS
413401,181132,FOLLOWS
413417,215591,FOLLOWS
413583,125341,FOLLOWS
413583,416669,FOLLOWS
413668,241458,FOLLOWS
413668,542935,FOLLOWS
413673,70905,FOLLOWS
413673,211230,FOLLOWS
413710,92120,FOLLOWS
413710,589494,FOLLOWS
413728,640622,FOLLOWS
413817,57723,FOLLOWS
413920,1045348,FOLLOWS
413941,550840,FOLLOWS
413941,493679,FOLLOWS
414062,889617,FOLLOWS
414079,267362,FOLLOWS
414079,1137818,FOLLOWS
414152,414865,FOLLOWS
414152,495081,FOLLOWS
414152,631833,FOLLOWS
414152,898285,FOLLOWS
414317,458018,FOLLOWS
414382,352589,FOLLOWS
414434,365954,FOLLOWS
414434,609489,FOLLOWS
414476,461853,FOLLOWS
414476,416115,FOLLOWS
414476,455546,FOLLOWS
414476,558319,FOLLOWS
414476,351642,FOLLOWS
414476,457783,FOLLOWS
414476,301471,FOLLOWS
414532,64520,FOLLOWS
414532,240480,FOLLOWS
414541,362019,FOLLOWS
414581,277921,FOLLOWS
414595,418649,FOLLOWS
414625,485791,FOLLOWS
414625,271694,FOLLOWS
414650,29531,FOLLOWS
414651,29531,FOLLOWS
414651,413180,FOLLOWS
414651,281541,FOLLOWS
414776,321253,FOLLOWS
414776,411954,FOLLOWS
414776,697059,FOLLOWS
414799,441567,FOLLOWS
414818,600739,FOLLOWS
414865,414152,FOLLOWS
414865,439817,FOLLOWS
414865,546104,FOLLOWS
414865,643922,FOLLOWS
414865,501797,FOLLOWS
414865,123851,FOLLOWS
414890,355774,FOLLOWS
414890,922341,FOLLOWS
414890,932561,FOLLOWS
414890,316237,FOLLOWS
414973,86672,FOLLOWS
414973,363497,FOLLOWS
415148,215210,FOLLOWS
415148,104978,FOLLOWS
415148,554356,FOLLOWS
415265,182105,FOLLOWS
415265,415267,FOLLOWS
415267,415265,FOLLOWS
415324,912090,FOLLOWS
415382,115054,FOLLOWS
415382,854178,FOLLOWS
415396,92766,FOLLOWS
415458,236835,FOLLOWS
415458,596089,FOLLOWS
415458,547683,FOLLOWS
415520,895352,FOLLOWS
415520,177170,FOLLOWS
415520,346650,FOLLOWS
415656,669894,FOLLOWS
415749,102444,FOLLOWS
415749,571866,FOLLOWS
415800,133788,FOLLOWS
415800,566982,FOLLOWS
415800,476914,FOLLOWS
415809,540284,FOLLOWS
415809,615627,FOLLOWS
415809,465291,FOLLOWS
415824,289718,FOLLOWS
415824,371310,FOLLOWS
415824,675251,FOLLOWS
415865,192517,FOLLOWS
415865,199117,FOLLOWS
415928,227417,FOLLOWS
415928,504231,FOLLOWS
415954,417201,FOLLOWS
415958,232538,FOLLOWS
415958,323876,FOLLOWS
416007,75055,FOLLOWS
416007,347886,FOLLOWS
416029,589297,FOLLOWS
416029,573445,FOLLOWS
416029,618845,FOLLOWS
416084,1076859,FOLLOWS
416085,364981,FOLLOWS
416085,1072779,FOLLOWS
416085,785100,FOLLOWS
416085,462208,FOLLOWS
416085,183083,FOLLOWS
416085,434916,FOLLOWS
416093,501086,FOLLOWS
416115,414476,FOLLOWS
416167,47601,FOLLOWS
416167,416293,FOLLOWS
416167,520581,FOLLOWS
416211,837623,FOLLOWS
416232,214294,FOLLOWS
416293,295222,FOLLOWS
416293,416167,FOLLOWS
416351,249345,FOLLOWS
416368,288102,FOLLOWS
416368,288811,FOLLOWS
416496,483141,FOLLOWS
416496,590625,FOLLOWS
416496,799159,FOLLOWS
416496,812942,FOLLOWS
416496,825933,FOLLOWS
416496,832393,FOLLOWS
416496,1017880,FOLLOWS
416504,143497,FOLLOWS
416595,256942,FOLLOWS
416595,269949,FOLLOWS
416595,647446,FOLLOWS
416595,189792,FOLLOWS
416596,290138,FOLLOWS
416596,488315,FOLLOWS
416608,24298,FOLLOWS
416659,145986,FOLLOWS
416659,258979,FOLLOWS
416659,670708,FOLLOWS
416659,939012,FOLLOWS
416661,623104,FOLLOWS
416661,838616,FOLLOWS
416661,782264,FOLLOWS
416661,765818,FOLLOWS
416669,63387,FOLLOWS
416669,359226,FOLLOWS
416669,413583,FOLLOWS
416704,642261,FOLLOWS
416734,602941,FOLLOWS
416791,548561,FOLLOWS
416791,196123,FOLLOWS
416801,145986,FOLLOWS
416837,312485,FOLLOWS
416837,416878,FOLLOWS
416847,1320998,FOLLOWS
416878,416837,FOLLOWS
416878,626274,FOLLOWS
417010,143778,FOLLOWS
417044,111545,FOLLOWS
417080,113188,FOLLOWS
417080,1282250,FOLLOWS
417080,467228,FOLLOWS
417080,786016,FOLLOWS
417080,1202940,FOLLOWS
417201,166698,FOLLOWS
417201,415954,FOLLOWS
417201,481018,FOLLOWS
417201,340352,FOLLOWS
417201,497960,FOLLOWS
417231,459058,FOLLOWS
417231,1006023,FOLLOWS
417231,1005231,FOLLOWS
417393,111282,FOLLOWS
417393,164396,FOLLOWS
417553,40696,FOLLOWS
417553,192993,FOLLOWS
417597,378188,FOLLOWS
417597,608823,FOLLOWS
417597,171111,FOLLOWS
417597,65080,FOLLOWS
417633,877455,FOLLOWS
417671,800876,FOLLOWS
417756,530641,FOLLOWS
417756,287344,FOLLOWS
417756,280179,FOLLOWS
417766,1321449,FOLLOWS
417770,242113,FOLLOWS
417823,463845,FOLLOWS
417877,29844,FOLLOWS
417923,31509,FOLLOWS
417923,392472,FOLLOWS
417982,495689,FOLLOWS
417982,654972,FOLLOWS
418045,413180,FOLLOWS
418045,421896,FOLLOWS
418170,42729,FOLLOWS
418205,341019,FOLLOWS
418205,415954,FOLLOWS
418378,668427,FOLLOWS
418550,339982,FOLLOWS
418550,798986,FOLLOWS
418563,498713,FOLLOWS
418563,865240,FOLLOWS
418563,869456,FOLLOWS
418623,1118071,FOLLOWS
418649,780447,FOLLOWS
418713,274270,FOLLOWS
418767,50785,FOLLOWS
418767,599473,FOLLOWS
418767,541769,FOLLOWS
418767,1322113,FOLLOWS
418778,654095,FOLLOWS
418858,610897,FOLLOWS
418858,423757,FOLLOWS
418861,29531,FOLLOWS
418861,242477,FOLLOWS
418861,281541,FOLLOWS
418861,288806,FOLLOWS
418930,73906,FOLLOWS
418930,550684,FOLLOWS
418930,679560,FOLLOWS
418930,860450,FOLLOWS
419065,157308,FOLLOWS
419065,188150,FOLLOWS
419142,151752,FOLLOWS
419169,340829,FOLLOWS
419169,1210817,FOLLOWS
419183,237915,FOLLOWS
419252,39958,FOLLOWS
419280,281541,FOLLOWS
419329,110190,FOLLOWS
419347,1022498,FOLLOWS
419373,111171,FOLLOWS
419449,1028376,FOLLOWS
419507,660702,FOLLOWS
419608,105363,FOLLOWS
419608,521015,FOLLOWS
419664,261824,FOLLOWS
419664,830555,FOLLOWS
419804,79209,FOLLOWS
419804,361936,FOLLOWS
419827,707962,FOLLOWS
419834,276506,FOLLOWS
419834,1106503,FOLLOWS
420044,32650,FOLLOWS
420132,188893,FOLLOWS
420132,293344,FOLLOWS
420132,348137,FOLLOWS
420144,352092,FOLLOWS
420183,517735,FOLLOWS
420183,1003936,FOLLOWS
420183,1017950,FOLLOWS
420203,672576,FOLLOWS
420203,758836,FOLLOWS
420249,190458,FOLLOWS
420249,334395,FOLLOWS
420255,190458,FOLLOWS
420275,20340,FOLLOWS
420404,221870,FOLLOWS
420404,932559,FOLLOWS
420693,1147262,FOLLOWS
420693,130602,FOLLOWS
420735,361553,FOLLOWS
420735,566982,FOLLOWS
420748,97976,FOLLOWS
420772,166323,FOLLOWS
420777,35515,FOLLOWS
420978,66670,FOLLOWS
420978,225451,FOLLOWS
420978,31310,FOLLOWS
420993,382118,FOLLOWS
421084,155349,FOLLOWS
421085,216642,FOLLOWS
421085,258836,FOLLOWS
421263,91786,FOLLOWS
421278,41837,FOLLOWS
421278,282201,FOLLOWS
421278,530132,FOLLOWS
421316,412239,FOLLOWS
421373,297991,FOLLOWS
421400,73906,FOLLOWS
421400,484867,FOLLOWS
421417,38407,FOLLOWS
421572,276236,FOLLOWS
421572,858210,FOLLOWS
421572,1006569,FOLLOWS
421572,299605,FOLLOWS
421572,973505,FOLLOWS
421572,540002,FOLLOWS
421751,351505,FOLLOWS
421751,216246,FOLLOWS
421848,469233,FOLLOWS
421896,378803,FOLLOWS
421896,418045,FOLLOWS
421930,173803,FOLLOWS
421930,217030,FOLLOWS
421930,1158007,FOLLOWS
421930,869791,FOLLOWS
422001,90119,FOLLOWS
422001,90594,FOLLOWS
422001,133399,FOLLOWS
422001,445390,FOLLOWS
422001,666307,FOLLOWS
422044,1198868,FOLLOWS
422170,153101,FOLLOWS
422170,478345,FOLLOWS
422186,131936,FOLLOWS
422296,89080,FOLLOWS
422344,422476,FOLLOWS
422344,459682,FOLLOWS
422354,30480,FOLLOWS
422354,112004,FOLLOWS
422354,172579,FOLLOWS
422354,291603,FOLLOWS
422354,514851,FOLLOWS
422354,714071,FOLLOWS
422354,840944,FOLLOWS
422354,189762,FOLLOWS
422361,408748,FOLLOWS
422371,69773,FOLLOWS
422382,421532,FOLLOWS
422432,759021,FOLLOWS
422432,285526,FOLLOWS
422446,95115,FOLLOWS
422476,86657,FOLLOWS
422476,422344,FOLLOWS
422476,430754,FOLLOWS
422476,548689,FOLLOWS
422476,985470,FOLLOWS
422476,501850,FOLLOWS
422476,857823,FOLLOWS
422530,935131,FOLLOWS
422540,169678,FOLLOWS
422540,541270,FOLLOWS
422540,24421,FOLLOWS
422540,182413,FOLLOWS
422541,759021,FOLLOWS
422683,645185,FOLLOWS
422809,1233722,FOLLOWS
422841,192057,FOLLOWS
422841,237793,FOLLOWS
422841,1081428,FOLLOWS
422841,225758,FOLLOWS
422905,188608,FOLLOWS
422992,241447,FOLLOWS
422992,743382,FOLLOWS
423053,145986,FOLLOWS
423053,275548,FOLLOWS
423053,361403,FOLLOWS
423094,54754,FOLLOWS
423094,208717,FOLLOWS
423094,609605,FOLLOWS
423164,462269,FOLLOWS
423164,463977,FOLLOWS
423297,1324851,FOLLOWS
423338,279936,FOLLOWS
423338,454684,FOLLOWS
423369,183201,FOLLOWS
423385,417050,FOLLOWS
423509,184919,FOLLOWS
423509,356151,FOLLOWS
423599,144398,FOLLOWS
423737,266790,FOLLOWS
423737,717129,FOLLOWS
423757,418858,FOLLOWS
423814,408639,FOLLOWS
423885,298689,FOLLOWS
424029,68731,FOLLOWS
424029,1325525,FOLLOWS
424029,187788,FOLLOWS
424239,145229,FOLLOWS
424272,1218856,FOLLOWS
424414,503655,FOLLOWS
424453,430754,FOLLOWS
424513,424605,FOLLOWS
424513,272128,FOLLOWS
424513,425862,FOLLOWS
424513,26923,FOLLOWS
424605,424513,FOLLOWS
424605,424824,FOLLOWS
424605,358660,FOLLOWS
424728,480379,FOLLOWS
424746,682599,FOLLOWS
424818,425594,FOLLOWS
424824,424605,FOLLOWS
424824,559776,FOLLOWS
424824,767697,FOLLOWS
425176,572210,FOLLOWS
425176,581239,FOLLOWS
425248,902444,FOLLOWS
425299,188254,FOLLOWS
425299,292742,FOLLOWS
425299,364544,FOLLOWS
425343,31128,FOLLOWS
425343,277925,FOLLOWS
425343,862159,FOLLOWS
425343,675644,FOLLOWS
425507,73906,FOLLOWS
425517,430864,FOLLOWS
425594,424818,FOLLOWS
425638,679891,FOLLOWS
425641,100827,FOLLOWS
425641,429915,FOLLOWS
425641,131879,FOLLOWS
425735,277157,FOLLOWS
425845,358860,FOLLOWS
425845,503614,FOLLOWS
425845,314830,FOLLOWS
425859,64538,FOLLOWS
425859,659781,FOLLOWS
425862,424513,FOLLOWS
425862,439376,FOLLOWS
425862,272128,FOLLOWS
425862,173055,FOLLOWS
425894,58369,FOLLOWS
425994,477111,FOLLOWS
426014,73792,FOLLOWS
426318,30480,FOLLOWS
426318,517081,FOLLOWS
426340,120917,FOLLOWS
426340,428977,FOLLOWS
426398,655974,FOLLOWS
426417,351032,FOLLOWS
426487,456664,FOLLOWS
426526,31008,FOLLOWS
426526,498204,FOLLOWS
426526,629210,FOLLOWS
426526,653595,FOLLOWS
426546,954799,FOLLOWS
426618,83360,FOLLOWS
426678,598570,FOLLOWS
426678,1013804,FOLLOWS
426720,454688,FOLLOWS
426731,295086,FOLLOWS
426780,44494,FOLLOWS
426934,31286,FOLLOWS
426934,239584,FOLLOWS
426948,322413,FOLLOWS
426948,742970,FOLLOWS
427152,330825,FOLLOWS
427204,31128,FOLLOWS
427210,31128,FOLLOWS
427223,439040,FOLLOWS
427298,1284490,FOLLOWS
427436,506594,FOLLOWS
427444,31128,FOLLOWS
427444,120495,FOLLOWS
427444,487810,FOLLOWS
427514,31128,FOLLOWS
427514,440304,FOLLOWS
427522,31099,FOLLOWS
427766,361936,FOLLOWS
427766,894656,FOLLOWS
427869,756939,FOLLOWS
427869,757071,FOLLOWS
427884,567337,FOLLOWS
427884,1010502,FOLLOWS
427886,118069,FOLLOWS
428001,1103197,FOLLOWS
428164,1126473,FOLLOWS
428203,376507,FOLLOWS
428240,42140,FOLLOWS
428240,251232,FOLLOWS
428240,477207,FOLLOWS
428240,577089,FOLLOWS
428255,373399,FOLLOWS
428269,324825,FOLLOWS
428269,611037,FOLLOWS
428269,450224,FOLLOWS
428269,1327775,FOLLOWS
428272,429153,FOLLOWS
428504,428977,FOLLOWS
428534,113800,FOLLOWS
428534,160614,FOLLOWS
428534,562509,FOLLOWS
428584,338109,FOLLOWS
428757,293375,FOLLOWS
428831,240209,FOLLOWS
428831,249641,FOLLOWS
428956,213119,FOLLOWS
428977,426340,FOLLOWS
428977,231220,FOLLOWS
428977,428504,FOLLOWS
428992,293727,FOLLOWS
429046,31044,FOLLOWS
429074,486704,FOLLOWS
429074,827288,FOLLOWS
429074,410807,FOLLOWS
429153,428272,FOLLOWS
429168,286993,FOLLOWS
429191,31146,FOLLOWS
429191,61148,FOLLOWS
429191,563048,FOLLOWS
429191,1329011,FOLLOWS
429191,896551,FOLLOWS
429201,31146,FOLLOWS
429243,116176,FOLLOWS
429243,256029,FOLLOWS
429243,310941,FOLLOWS
429243,656500,FOLLOWS
429243,710227,FOLLOWS
429309,285526,FOLLOWS
429513,31146,FOLLOWS
429517,31146,FOLLOWS
429517,74412,FOLLOWS
429517,156888,FOLLOWS
429517,79862,FOLLOWS
429517,171524,FOLLOWS
429517,1118863,FOLLOWS
429517,880816,FOLLOWS
429600,31146,FOLLOWS
429600,79862,FOLLOWS
429675,360414,FOLLOWS
429723,510471,FOLLOWS
429723,852907,FOLLOWS
429744,437409,FOLLOWS
429750,617753,FOLLOWS
429750,702026,FOLLOWS
429788,682547,FOLLOWS
429858,636332,FOLLOWS
429858,71013,FOLLOWS
429870,944289,FOLLOWS
429874,837724,FOLLOWS
429915,100827,FOLLOWS
429915,425641,FOLLOWS
429915,475328,FOLLOWS
429977,430180,FOLLOWS
430016,1102839,FOLLOWS
430180,66257,FOLLOWS
430180,429977,FOLLOWS
430180,573183,FOLLOWS
430199,218071,FOLLOWS
430199,293359,FOLLOWS
430214,1132381,FOLLOWS
430214,1187934,FOLLOWS
430269,409944,FOLLOWS
430269,424513,FOLLOWS
430323,450522,FOLLOWS
430323,647218,FOLLOWS
430323,213942,FOLLOWS
430323,1166359,FOLLOWS
430638,398390,FOLLOWS
430657,174090,FOLLOWS
430657,195074,FOLLOWS
430754,95184,FOLLOWS
430754,261163,FOLLOWS
430754,422344,FOLLOWS
430754,422476,FOLLOWS
430754,501850,FOLLOWS
430818,657175,FOLLOWS
430864,168721,FOLLOWS
430864,235546,FOLLOWS
430864,425517,FOLLOWS
430864,99537,FOLLOWS
430864,157822,FOLLOWS
430864,622491,FOLLOWS
430882,454688,FOLLOWS
430913,31570,FOLLOWS
430913,31610,FOLLOWS
430913,211574,FOLLOWS
430913,354370,FOLLOWS
430913,408639,FOLLOWS
430913,427152,FOLLOWS
430913,482953,FOLLOWS
430913,521118,FOLLOWS
430965,121736,FOLLOWS
430965,264978,FOLLOWS
430991,334151,FOLLOWS
430991,340587,FOLLOWS
431080,86755,FOLLOWS
431080,757657,FOLLOWS
431088,464093,FOLLOWS
431088,889285,FOLLOWS
431088,1329720,FOLLOWS
431098,482445,FOLLOWS
431144,260719,FOLLOWS
431229,31570,FOLLOWS
431261,31570,FOLLOWS
431261,433431,FOLLOWS
431267,748883,FOLLOWS
431296,649793,FOLLOWS
431358,181557,FOLLOWS
431358,594158,FOLLOWS
431358,29066,FOLLOWS
431413,487466,FOLLOWS
431413,920553,FOLLOWS
431437,226961,FOLLOWS
431494,1012482,FOLLOWS
431503,17742,FOLLOWS
431862,637265,FOLLOWS
431862,365015,FOLLOWS
431862,608727,FOLLOWS
431862,608693,FOLLOWS
431912,386539,FOLLOWS
431912,400560,FOLLOWS
432167,1217457,FOLLOWS
432305,31108,FOLLOWS
432305,265316,FOLLOWS
432305,205201,FOLLOWS
432311,345958,FOLLOWS
432331,190846,FOLLOWS
432331,613106,FOLLOWS
432331,827063,FOLLOWS
432468,237672,FOLLOWS
432531,176979,FOLLOWS
432531,575383,FOLLOWS
432531,577541,FOLLOWS
432549,1032076,FOLLOWS
432552,343584,FOLLOWS
432570,272087,FOLLOWS
432619,235032,FOLLOWS
432741,31509,FOLLOWS
432766,270883,FOLLOWS
432766,591041,FOLLOWS
432804,408639,FOLLOWS
432804,786743,FOLLOWS
432807,31509,FOLLOWS
432810,31509,FOLLOWS
432862,170089,FOLLOWS
432862,322923,FOLLOWS
432862,487425,FOLLOWS
432862,804904,FOLLOWS
432887,376712,FOLLOWS
432887,732992,FOLLOWS
432887,470474,FOLLOWS
432964,495350,FOLLOWS
432964,542499,FOLLOWS
432964,542532,FOLLOWS
433139,31509,FOLLOWS
433139,226052,FOLLOWS
433139,392245,FOLLOWS
433139,82524,FOLLOWS
433139,467180,FOLLOWS
433146,110316,FOLLOWS
433146,314416,FOLLOWS
433172,1071203,FOLLOWS
433196,31570,FOLLOWS
433207,70779,FOLLOWS
433207,91487,FOLLOWS
433213,696291,FOLLOWS
433260,798254,FOLLOWS
433301,179522,FOLLOWS
433304,42148,FOLLOWS
433308,113800,FOLLOWS
433308,256587,FOLLOWS
433308,265316,FOLLOWS
433343,31570,FOLLOWS
433382,91748,FOLLOWS
433382,649633,FOLLOWS
433382,831185,FOLLOWS
433382,483665,FOLLOWS
433431,31570,FOLLOWS
433431,164141,FOLLOWS
433431,431261,FOLLOWS
433462,130699,FOLLOWS
433462,496754,FOLLOWS
433625,324176,FOLLOWS
433816,177180,FOLLOWS
433859,110629,FOLLOWS
433866,748883,FOLLOWS
433897,431229,FOLLOWS
433981,312486,FOLLOWS
434034,195806,FOLLOWS
434040,490072,FOLLOWS
434111,47618,FOLLOWS
434161,39958,FOLLOWS
434172,431229,FOLLOWS
434356,708547,FOLLOWS
434356,567711,FOLLOWS
434356,953211,FOLLOWS
434436,795547,FOLLOWS
434444,74820,FOLLOWS
434444,795547,FOLLOWS
434492,42738,FOLLOWS
434492,44723,FOLLOWS
434492,384672,FOLLOWS
434492,506684,FOLLOWS
434492,108952,FOLLOWS
434492,3646,FOLLOWS
434492,348461,FOLLOWS
434492,442823,FOLLOWS
434536,262997,FOLLOWS
434590,276826,FOLLOWS
434817,42672,FOLLOWS
434817,230139,FOLLOWS
434817,1156034,FOLLOWS
434817,591465,FOLLOWS
434880,195453,FOLLOWS
434880,217743,FOLLOWS
434916,931470,FOLLOWS
434916,1215511,FOLLOWS
435004,183141,FOLLOWS
435004,1015933,FOLLOWS
435004,903991,FOLLOWS
435004,523344,FOLLOWS
435031,305101,FOLLOWS
435031,437147,FOLLOWS
435080,31930,FOLLOWS
435080,160576,FOLLOWS
435080,411436,FOLLOWS
435186,508646,FOLLOWS
435275,628072,FOLLOWS
435676,1181591,FOLLOWS
435678,355774,FOLLOWS
435730,388975,FOLLOWS
435730,624094,FOLLOWS
435764,175062,FOLLOWS
435802,512413,FOLLOWS
435964,617622,FOLLOWS
435979,304237,FOLLOWS
436039,82944,FOLLOWS
436039,456348,FOLLOWS
436121,1333444,FOLLOWS
436169,195924,FOLLOWS
436169,362664,FOLLOWS
436187,369549,FOLLOWS
436395,69149,FOLLOWS
436415,61109,FOLLOWS
436456,31971,FOLLOWS
436456,299559,FOLLOWS
436500,556559,FOLLOWS
436500,556177,FOLLOWS
436501,211134,FOLLOWS
436547,628523,FOLLOWS
436547,1120787,FOLLOWS
436581,736642,FOLLOWS
436581,1333575,FOLLOWS
436581,96687,FOLLOWS
436581,841854,FOLLOWS
436594,536384,FOLLOWS
436826,591109,FOLLOWS
436826,805390,FOLLOWS
437041,44759,FOLLOWS
437050,267826,FOLLOWS
437050,318776,FOLLOWS
437112,31960,FOLLOWS
437218,39958,FOLLOWS
437218,234357,FOLLOWS
437360,437409,FOLLOWS
437360,1581982,FOLLOWS
437409,128355,FOLLOWS
437409,437360,FOLLOWS
437409,1191587,FOLLOWS
437409,320174,FOLLOWS
437463,146873,FOLLOWS
437608,57336,FOLLOWS
437608,255917,FOLLOWS
437608,644793,FOLLOWS
437777,31930,FOLLOWS
437809,163120,FOLLOWS
437809,366057,FOLLOWS
437844,645466,FOLLOWS
437899,32149,FOLLOWS
437899,131193,FOLLOWS
437899,806900,FOLLOWS
437941,42864,FOLLOWS
437941,217743,FOLLOWS
437941,227502,FOLLOWS
437941,323876,FOLLOWS
438077,404998,FOLLOWS
438099,81982,FOLLOWS
438171,849656,FOLLOWS
438174,76652,FOLLOWS
438213,549403,FOLLOWS
438213,501389,FOLLOWS
438216,438424,FOLLOWS
438216,303305,FOLLOWS
438222,260324,FOLLOWS
438222,336912,FOLLOWS
438222,494773,FOLLOWS
438222,594129,FOLLOWS
438342,462283,FOLLOWS
438342,693608,FOLLOWS
438424,438216,FOLLOWS
438424,303305,FOLLOWS
438433,683011,FOLLOWS
438468,692452,FOLLOWS
438476,282002,FOLLOWS
438583,168890,FOLLOWS
438650,605842,FOLLOWS
438695,135359,FOLLOWS
438751,182794,FOLLOWS
438751,211904,FOLLOWS
438751,407643,FOLLOWS
438751,444994,FOLLOWS
438751,500226,FOLLOWS
438751,150518,FOLLOWS
438751,262450,FOLLOWS
438751,330825,FOLLOWS
438751,1334877,FOLLOWS
438751,1335201,FOLLOWS
438774,329582,FOLLOWS
438986,53683,FOLLOWS
438986,157822,FOLLOWS
438986,474068,FOLLOWS
438986,440731,FOLLOWS
438986,891908,FOLLOWS
439005,440552,FOLLOWS
439040,177763,FOLLOWS
439040,427223,FOLLOWS
439040,767568,FOLLOWS
439135,748720,FOLLOWS
439151,79209,FOLLOWS
439151,361937,FOLLOWS
439151,606981,FOLLOWS
439169,92211,FOLLOWS
439334,229378,FOLLOWS
439376,120917,FOLLOWS
439376,424513,FOLLOWS
439376,425862,FOLLOWS
439376,664014,FOLLOWS
439446,664984,FOLLOWS
439487,256587,FOLLOWS
439605,66094,FOLLOWS
439724,1113187,FOLLOWS
439724,24623,FOLLOWS
439763,849608,FOLLOWS
439791,42348,FOLLOWS
439791,333169,FOLLOWS
439817,271379,FOLLOWS
439817,414865,FOLLOWS
439817,495081,FOLLOWS
439817,397499,FOLLOWS
439817,337542,FOLLOWS
439817,751613,FOLLOWS
439817,123851,FOLLOWS
439871,84900,FOLLOWS
439871,366057,FOLLOWS
439898,964694,FOLLOWS
439941,197377,FOLLOWS
439941,867680,FOLLOWS
439941,88636,FOLLOWS
439987,265503,FOLLOWS
439987,995923,FOLLOWS
439987,841533,FOLLOWS
439987,691314,FOLLOWS
439990,301471,FOLLOWS
439990,198415,FOLLOWS
440008,1020464,FOLLOWS
440037,1281386,FOLLOWS
440098,229247,FOLLOWS
440098,507122,FOLLOWS
440098,506879,FOLLOWS
440098,505493,FOLLOWS
440098,140174,FOLLOWS
440098,512086,FOLLOWS
440182,356573,FOLLOWS
440329,569382,FOLLOWS
440342,703043,FOLLOWS
440370,774858,FOLLOWS
440370,825360,FOLLOWS
440435,262102,FOLLOWS
440435,62205,FOLLOWS
440435,999789,FOLLOWS
440482,285526,FOLLOWS
440482,757728,FOLLOWS
440482,506857,FOLLOWS
440482,44094,FOLLOWS
440507,331227,FOLLOWS
440552,552653,FOLLOWS
440552,804048,FOLLOWS
440555,284514,FOLLOWS
440555,613037,FOLLOWS
440555,1211600,FOLLOWS
440555,738681,FOLLOWS
440651,1212619,FOLLOWS
440708,405847,FOLLOWS
440719,110236,FOLLOWS
440719,191531,FOLLOWS
440789,613726,FOLLOWS
440856,141787,FOLLOWS
440856,320969,FOLLOWS
440856,1210554,FOLLOWS
441043,1035879,FOLLOWS
441109,69149,FOLLOWS
441152,73544,FOLLOWS
441168,213121,FOLLOWS
441168,767970,FOLLOWS
441168,725366,FOLLOWS
441174,167074,FOLLOWS
441174,1005540,FOLLOWS
441191,39958,FOLLOWS
441191,537468,FOLLOWS
441191,123851,FOLLOWS
441191,898285,FOLLOWS
441191,39671,FOLLOWS
441191,132655,FOLLOWS
441191,80316,FOLLOWS
441191,294320,FOLLOWS
441243,494773,FOLLOWS
441243,194111,FOLLOWS
441243,788726,FOLLOWS
441261,138342,FOLLOWS
441261,803789,FOLLOWS
441261,602943,FOLLOWS
441261,814570,FOLLOWS
441261,543325,FOLLOWS
441309,186513,FOLLOWS
441318,507953,FOLLOWS
441318,781841,FOLLOWS
441318,712076,FOLLOWS
441350,532786,FOLLOWS
441350,802752,FOLLOWS
441350,684550,FOLLOWS
441350,209873,FOLLOWS
441355,588290,FOLLOWS
441488,414152,FOLLOWS
441488,495081,FOLLOWS
441488,1065988,FOLLOWS
441567,414799,FOLLOWS
441567,108403,FOLLOWS
441802,159262,FOLLOWS
442012,288273,FOLLOWS
442013,693203,FOLLOWS
442018,1090341,FOLLOWS
442083,379742,FOLLOWS
442183,164594,FOLLOWS
442183,442457,FOLLOWS
442183,795700,FOLLOWS
442251,253634,FOLLOWS
442457,195074,FOLLOWS
442457,442183,FOLLOWS
442458,305946,FOLLOWS
442583,495040,FOLLOWS
442583,488943,FOLLOWS
442741,388103,FOLLOWS
442823,1054598,FOLLOWS
442903,856830,FOLLOWS
442957,443046,FOLLOWS
442983,308844,FOLLOWS
442983,1029450,FOLLOWS
443046,1516783,FOLLOWS
443118,954332,FOLLOWS
443140,239584,FOLLOWS
443142,463925,FOLLOWS
443277,411677,FOLLOWS
443277,75639,FOLLOWS
443285,604638,FOLLOWS
443296,443364,FOLLOWS
443296,830474,FOLLOWS
443330,873776,FOLLOWS
443330,1009763,FOLLOWS
443335,831980,FOLLOWS
443354,865377,FOLLOWS
443354,745544,FOLLOWS
443354,702044,FOLLOWS
443354,758108,FOLLOWS
443354,696180,FOLLOWS
443354,941553,FOLLOWS
443354,571341,FOLLOWS
443354,703803,FOLLOWS
443354,715553,FOLLOWS
443363,58369,FOLLOWS
443363,1161775,FOLLOWS
443363,464065,FOLLOWS
443364,28275,FOLLOWS
443489,86091,FOLLOWS
443489,693489,FOLLOWS
443534,159310,FOLLOWS
443576,347376,FOLLOWS
443605,473522,FOLLOWS
443691,974454,FOLLOWS
443691,1226149,FOLLOWS
443740,580607,FOLLOWS
443740,52287,FOLLOWS
443884,308264,FOLLOWS
443884,83598,FOLLOWS
443884,403506,FOLLOWS
443884,213299,FOLLOWS
443931,2678,FOLLOWS
443931,626496,FOLLOWS
444011,479046,FOLLOWS
444044,102218,FOLLOWS
444044,805341,FOLLOWS
444080,311933,FOLLOWS
444080,402796,FOLLOWS
444080,688037,FOLLOWS
444102,317907,FOLLOWS
444109,327134,FOLLOWS
444178,850249,FOLLOWS
444178,637967,FOLLOWS
444178,100928,FOLLOWS
444254,227492,FOLLOWS
444254,391743,FOLLOWS
444301,32856,FOLLOWS
444301,1427859,FOLLOWS
444367,324426,FOLLOWS
444367,441168,FOLLOWS
444367,633741,FOLLOWS
444561,241294,FOLLOWS
444561,876214,FOLLOWS
444637,354193,FOLLOWS
444647,847921,FOLLOWS
444647,460393,FOLLOWS
444647,378168,FOLLOWS
444800,858093,FOLLOWS
444800,754316,FOLLOWS
444807,161034,FOLLOWS
444807,1311614,FOLLOWS
444854,61268,FOLLOWS
444994,438751,FOLLOWS
445025,57809,FOLLOWS
445025,276810,FOLLOWS
445066,139875,FOLLOWS
445066,387728,FOLLOWS
445066,650415,FOLLOWS
445066,69721,FOLLOWS
445149,1339034,FOLLOWS
445149,539365,FOLLOWS
445211,804489,FOLLOWS
445243,569177,FOLLOWS
445254,346340,FOLLOWS
445342,563585,FOLLOWS
445390,132242,FOLLOWS
445390,133399,FOLLOWS
445390,422001,FOLLOWS
445390,281198,FOLLOWS
445436,146240,FOLLOWS
445436,12667,FOLLOWS
445461,147720,FOLLOWS
445461,582922,FOLLOWS
445461,1074555,FOLLOWS
445471,552689,FOLLOWS
445559,189203,FOLLOWS
445559,296569,FOLLOWS
445559,400214,FOLLOWS
445559,136795,FOLLOWS
445647,177763,FOLLOWS
445657,237814,FOLLOWS
445657,278047,FOLLOWS
445694,535524,FOLLOWS
445758,1382252,FOLLOWS
445848,379811,FOLLOWS
445853,356559,FOLLOWS
445853,921542,FOLLOWS
445869,234357,FOLLOWS
445869,437218,FOLLOWS
445877,760377,FOLLOWS
445877,875057,FOLLOWS
446013,465605,FOLLOWS
446030,1202354,FOLLOWS
446030,672936,FOLLOWS
446045,211147,FOLLOWS
446045,702160,FOLLOWS
446056,35667,FOLLOWS
446134,114346,FOLLOWS
446175,319821,FOLLOWS
446351,108847,FOLLOWS
446487,745107,FOLLOWS
446487,953199,FOLLOWS
446697,58568,FOLLOWS
446697,1031796,FOLLOWS
446697,663550,FOLLOWS
447021,33595,FOLLOWS
447021,37843,FOLLOWS
447058,169765,FOLLOWS
447075,837724,FOLLOWS
447142,33010,FOLLOWS
447219,33010,FOLLOWS
447219,118283,FOLLOWS
447237,607669,FOLLOWS
447385,474691,FOLLOWS
447536,173278,FOLLOWS
447536,470030,FOLLOWS
447613,61858,FOLLOWS
447613,298566,FOLLOWS
447613,791049,FOLLOWS
447669,120460,FOLLOWS
447669,33493,FOLLOWS
447669,234995,FOLLOWS
447749,33140,FOLLOWS
447820,447888,FOLLOWS
447820,52308,FOLLOWS
447820,906359,FOLLOWS
447837,927974,FOLLOWS
447844,813656,FOLLOWS
447861,120855,FOLLOWS
447861,312024,FOLLOWS
447861,360595,FOLLOWS
447861,219942,FOLLOWS
447861,1340510,FOLLOWS
447861,1340512,FOLLOWS
447861,313456,FOLLOWS
447888,447820,FOLLOWS
447956,150632,FOLLOWS
447956,152357,FOLLOWS
447956,182742,FOLLOWS
448097,657508,FOLLOWS
448208,134469,FOLLOWS
448261,463925,FOLLOWS
448274,447237,FOLLOWS
448311,51618,FOLLOWS
448343,195695,FOLLOWS
448343,718037,FOLLOWS
448343,983746,FOLLOWS
448635,387923,FOLLOWS
448703,330967,FOLLOWS
448703,166064,FOLLOWS
448719,1280628,FOLLOWS
448739,382264,FOLLOWS
448938,317130,FOLLOWS
449099,773216,FOLLOWS
449099,33377,FOLLOWS
449099,476568,FOLLOWS
449208,714068,FOLLOWS
449208,831721,FOLLOWS
449237,139375,FOLLOWS
449237,660325,FOLLOWS
449369,509405,FOLLOWS
449387,281212,FOLLOWS
449413,164374,FOLLOWS
449503,487075,FOLLOWS
449589,353521,FOLLOWS
449589,456538,FOLLOWS
449843,1019059,FOLLOWS
450019,33325,FOLLOWS
450125,459255,FOLLOWS
450224,324825,FOLLOWS
450224,408910,FOLLOWS
450224,723806,FOLLOWS
450224,756753,FOLLOWS
450251,467444,FOLLOWS
450281,494646,FOLLOWS
450281,695267,FOLLOWS
450522,224298,FOLLOWS
450522,430323,FOLLOWS
450522,1342271,FOLLOWS
450618,489905,FOLLOWS
450644,325647,FOLLOWS
450680,1131907,FOLLOWS
450680,1241837,FOLLOWS
450726,442957,FOLLOWS
450726,168531,FOLLOWS
450833,977563,FOLLOWS
450833,79256,FOLLOWS
450833,282319,FOLLOWS
450838,251232,FOLLOWS
450862,689954,FOLLOWS
450862,461111,FOLLOWS
450862,896962,FOLLOWS
450870,347057,FOLLOWS
450870,1342363,FOLLOWS
450927,216153,FOLLOWS
450928,103993,FOLLOWS
450928,673083,FOLLOWS
450963,200598,FOLLOWS
450963,1342354,FOLLOWS
450989,146873,FOLLOWS
451077,590965,FOLLOWS
451121,114392,FOLLOWS
451121,336912,FOLLOWS
451126,300843,FOLLOWS
451197,368442,FOLLOWS
451312,634815,FOLLOWS
451317,84285,FOLLOWS
451390,189141,FOLLOWS
451390,326106,FOLLOWS
451448,54178,FOLLOWS
451448,805902,FOLLOWS
451488,969363,FOLLOWS
451706,179615,FOLLOWS
451706,280161,FOLLOWS
451706,545527,FOLLOWS
451844,33352,FOLLOWS
451844,592144,FOLLOWS
451963,100784,FOLLOWS
452072,794036,FOLLOWS
452072,1342979,FOLLOWS
452081,731186,FOLLOWS
452109,774509,FOLLOWS
452152,638431,FOLLOWS
452207,513463,FOLLOWS
452235,78408,FOLLOWS
452235,1011157,FOLLOWS
452235,618790,FOLLOWS
452284,507860,FOLLOWS
452295,1074286,FOLLOWS
452334,33461,FOLLOWS
452334,158204,FOLLOWS
452360,221802,FOLLOWS
452360,407535,FOLLOWS
452360,661036,FOLLOWS
452360,336423,FOLLOWS
452388,33461,FOLLOWS
452445,323114,FOLLOWS
452445,508828,FOLLOWS
452629,519322,FOLLOWS
452630,87109,FOLLOWS
452630,67785,FOLLOWS
452630,482436,FOLLOWS
452630,471292,FOLLOWS
452630,732178,FOLLOWS
452630,507393,FOLLOWS
452666,33461,FOLLOWS
452666,727239,FOLLOWS
452948,33461,FOLLOWS
452953,33461,FOLLOWS
452953,31310,FOLLOWS
452953,623191,FOLLOWS
452953,625436,FOLLOWS
452989,33268,FOLLOWS
452989,453245,FOLLOWS
452989,1144308,FOLLOWS
452992,33268,FOLLOWS
452992,453245,FOLLOWS
453059,583457,FOLLOWS
453059,229055,FOLLOWS
453059,327067,FOLLOWS
453059,761496,FOLLOWS
453086,1371516,FOLLOWS
453195,33268,FOLLOWS
453245,33268,FOLLOWS
453755,797710,FOLLOWS
453755,970078,FOLLOWS
453760,1097161,FOLLOWS
453778,454111,FOLLOWS
453797,83360,FOLLOWS
453797,225107,FOLLOWS
453797,438986,FOLLOWS
453835,310388,FOLLOWS
453835,313302,FOLLOWS
453974,147280,FOLLOWS
454005,193037,FOLLOWS
454005,542634,FOLLOWS
454101,324825,FOLLOWS
454111,1282299,FOLLOWS
454111,453778,FOLLOWS
454111,948714,FOLLOWS
454150,1102839,FOLLOWS
454244,111545,FOLLOWS
454244,120189,FOLLOWS
454627,542602,FOLLOWS
454684,152357,FOLLOWS
454688,426720,FOLLOWS
454688,430882,FOLLOWS
454713,553694,FOLLOWS
454713,313302,FOLLOWS
454713,158791,FOLLOWS
454719,454846,FOLLOWS
454719,480010,FOLLOWS
454719,579743,FOLLOWS
454808,118091,FOLLOWS
454808,640026,FOLLOWS
454846,454719,FOLLOWS
454846,589888,FOLLOWS
454846,692393,FOLLOWS
454929,692540,FOLLOWS
454966,462722,FOLLOWS
455026,629432,FOLLOWS
455048,181540,FOLLOWS
455048,455064,FOLLOWS
455059,365686,FOLLOWS
455059,591560,FOLLOWS
455064,455048,FOLLOWS
455354,361553,FOLLOWS
455378,349064,FOLLOWS
455393,142931,FOLLOWS
455393,828765,FOLLOWS
455399,65269,FOLLOWS
455399,58936,FOLLOWS
455399,149591,FOLLOWS
455546,414476,FOLLOWS
455546,461853,FOLLOWS
455546,460621,FOLLOWS
455546,464805,FOLLOWS
455681,467228,FOLLOWS
455956,252826,FOLLOWS
455988,693881,FOLLOWS
455993,296676,FOLLOWS
455996,536421,FOLLOWS
455996,43271,FOLLOWS
456002,37610,FOLLOWS
456136,1345735,FOLLOWS
456199,908168,FOLLOWS
456288,173878,FOLLOWS
456305,426340,FOLLOWS
456305,724059,FOLLOWS
456307,568871,FOLLOWS
456531,979914,FOLLOWS
456531,860713,FOLLOWS
456538,449589,FOLLOWS
456627,93770,FOLLOWS
456627,505042,FOLLOWS
456664,88670,FOLLOWS
456664,239543,FOLLOWS
456664,682653,FOLLOWS
456679,374467,FOLLOWS
456796,456797,FOLLOWS
456797,137866,FOLLOWS
456797,631695,FOLLOWS
456815,319350,FOLLOWS
456815,376540,FOLLOWS
456815,393627,FOLLOWS
456815,456664,FOLLOWS
456821,403590,FOLLOWS
456821,8854,FOLLOWS
457001,166698,FOLLOWS
457001,733030,FOLLOWS
457050,1345896,FOLLOWS
457127,798661,FOLLOWS
457127,467228,FOLLOWS
457212,261344,FOLLOWS
457212,261461,FOLLOWS
457279,242271,FOLLOWS
457279,259681,FOLLOWS
457327,323590,FOLLOWS
457327,385616,FOLLOWS
457327,992908,FOLLOWS
457457,81265,FOLLOWS
457457,697085,FOLLOWS
457457,847970,FOLLOWS
457579,585814,FOLLOWS
457646,356150,FOLLOWS
457783,460621,FOLLOWS
457783,235949,FOLLOWS
457786,400472,FOLLOWS
457786,260260,FOLLOWS
457786,655974,FOLLOWS
457837,394382,FOLLOWS
457837,308089,FOLLOWS
457841,1346256,FOLLOWS
457850,678997,FOLLOWS
457887,591465,FOLLOWS
457887,489180,FOLLOWS
457913,198415,FOLLOWS
457949,107762,FOLLOWS
457983,44839,FOLLOWS
457983,508646,FOLLOWS
458018,212063,FOLLOWS
458018,257154,FOLLOWS
458214,1091636,FOLLOWS
458251,401081,FOLLOWS
458251,322380,FOLLOWS
458251,399109,FOLLOWS
458251,545191,FOLLOWS
458642,95819,FOLLOWS
458642,160525,FOLLOWS
458642,395196,FOLLOWS
458820,287124,FOLLOWS
458820,1015353,FOLLOWS
458840,474456,FOLLOWS
459058,417231,FOLLOWS
459058,599547,FOLLOWS
459058,849583,FOLLOWS
459123,1007232,FOLLOWS
459123,523138,FOLLOWS
459123,515161,FOLLOWS
459123,524103,FOLLOWS
459123,88798,FOLLOWS
459242,392245,FOLLOWS
459242,717816,FOLLOWS
459242,393736,FOLLOWS
459255,483141,FOLLOWS
459373,169765,FOLLOWS
459373,459374,FOLLOWS
459374,437409,FOLLOWS
459374,459373,FOLLOWS
459478,740645,FOLLOWS
459682,599741,FOLLOWS
459700,745631,FOLLOWS
459728,474570,FOLLOWS
459773,1158342,FOLLOWS
459773,518380,FOLLOWS
459780,711747,FOLLOWS
459787,1180567,FOLLOWS
459840,86657,FOLLOWS
459840,208850,FOLLOWS
459840,598474,FOLLOWS
460037,521985,FOLLOWS
460153,171083,FOLLOWS
460190,69706,FOLLOWS
460190,780311,FOLLOWS
460362,643287,FOLLOWS
460582,330965,FOLLOWS
460582,460808,FOLLOWS
460582,280179,FOLLOWS
460592,78874,FOLLOWS
460592,290682,FOLLOWS
460592,502738,FOLLOWS
460592,94912,FOLLOWS
460608,1277153,FOLLOWS
460616,232011,FOLLOWS
460621,79361,FOLLOWS
460621,224499,FOLLOWS
460621,368958,FOLLOWS
460621,414476,FOLLOWS
460621,455546,FOLLOWS
460621,457783,FOLLOWS
460621,461853,FOLLOWS
460626,72240,FOLLOWS
460626,235940,FOLLOWS
460626,461615,FOLLOWS
460626,1096832,FOLLOWS
460682,355869,FOLLOWS
460682,467228,FOLLOWS
460808,460582,FOLLOWS
460841,429915,FOLLOWS
460854,180468,FOLLOWS
460870,210628,FOLLOWS
460870,210737,FOLLOWS
460870,953565,FOLLOWS
460894,236036,FOLLOWS
460955,146267,FOLLOWS
460955,151487,FOLLOWS
461047,164331,FOLLOWS
461047,782264,FOLLOWS
461165,327311,FOLLOWS
461165,461780,FOLLOWS
461165,566676,FOLLOWS
461165,828219,FOLLOWS
461350,259717,FOLLOWS
461350,748583,FOLLOWS
461350,1001069,FOLLOWS
461429,66094,FOLLOWS
461429,146267,FOLLOWS
461429,151487,FOLLOWS
461429,256942,FOLLOWS
461430,182374,FOLLOWS
461434,808577,FOLLOWS
461434,636931,FOLLOWS
461434,585038,FOLLOWS
461437,269827,FOLLOWS
461580,369205,FOLLOWS
461596,338575,FOLLOWS
461615,235940,FOLLOWS
461615,343694,FOLLOWS
461615,403141,FOLLOWS
461615,351642,FOLLOWS
461615,316552,FOLLOWS
461615,460626,FOLLOWS
461615,236060,FOLLOWS
461623,123561,FOLLOWS
461623,149635,FOLLOWS
461623,354370,FOLLOWS
461623,375022,FOLLOWS
461623,463526,FOLLOWS
461623,784631,FOLLOWS
461623,816837,FOLLOWS
461623,826905,FOLLOWS
461623,1208002,FOLLOWS
461623,1411370,FOLLOWS
461700,46941,FOLLOWS
461700,116196,FOLLOWS
461700,213810,FOLLOWS
461700,151324,FOLLOWS
461700,1169753,FOLLOWS
461700,143536,FOLLOWS
461700,482436,FOLLOWS
461780,106294,FOLLOWS
461780,518731,FOLLOWS
461780,566676,FOLLOWS
461780,875086,FOLLOWS
461853,414476,FOLLOWS
461853,455546,FOLLOWS
461853,460621,FOLLOWS
461853,462269,FOLLOWS
461858,1264969,FOLLOWS
461897,568871,FOLLOWS
461897,467228,FOLLOWS
461897,605497,FOLLOWS
462021,271688,FOLLOWS
462064,297891,FOLLOWS
462064,360414,FOLLOWS
462188,36554,FOLLOWS
462208,600918,FOLLOWS
462269,247372,FOLLOWS
462269,461853,FOLLOWS
462269,236059,FOLLOWS
462283,438342,FOLLOWS
462283,335781,FOLLOWS
462283,462285,FOLLOWS
462285,347944,FOLLOWS
462285,462283,FOLLOWS
462304,110034,FOLLOWS
462434,34685,FOLLOWS
462434,464109,FOLLOWS
462488,354432,FOLLOWS
462488,355440,FOLLOWS
462488,1003936,FOLLOWS
462488,718618,FOLLOWS
462504,34597,FOLLOWS
462559,34597,FOLLOWS
462559,9596,FOLLOWS
462559,234947,FOLLOWS
462715,431778,FOLLOWS
462722,355869,FOLLOWS
462836,149635,FOLLOWS
462836,374543,FOLLOWS
462836,375884,FOLLOWS
462836,376064,FOLLOWS
463107,745545,FOLLOWS
463299,416115,FOLLOWS
463371,110629,FOLLOWS
463371,403201,FOLLOWS
463371,433859,FOLLOWS
463526,1349235,FOLLOWS
463526,626936,FOLLOWS
463641,353521,FOLLOWS
463652,792166,FOLLOWS
463841,35599,FOLLOWS
463841,29739,FOLLOWS
463841,1258666,FOLLOWS
463845,417823,FOLLOWS
463925,569899,FOLLOWS
463977,328025,FOLLOWS
463977,423164,FOLLOWS
463977,1349501,FOLLOWS
463977,236059,FOLLOWS
463977,558319,FOLLOWS
463977,1053044,FOLLOWS
463977,382921,FOLLOWS
463977,310573,FOLLOWS
464064,221705,FOLLOWS
464071,368763,FOLLOWS
464093,431088,FOLLOWS
464093,96904,FOLLOWS
464093,158822,FOLLOWS
464109,462434,FOLLOWS
464421,79643,FOLLOWS
464421,336510,FOLLOWS
464421,518653,FOLLOWS
464421,350405,FOLLOWS
464459,397345,FOLLOWS
464638,210628,FOLLOWS
464638,809089,FOLLOWS
465075,59388,FOLLOWS
465075,322462,FOLLOWS
465075,478149,FOLLOWS
465136,258471,FOLLOWS
465136,487904,FOLLOWS
465165,569382,FOLLOWS
465178,73906,FOLLOWS
465178,215370,FOLLOWS
465178,141655,FOLLOWS
465178,166960,FOLLOWS
465249,424414,FOLLOWS
465249,564273,FOLLOWS
465291,246594,FOLLOWS
465342,291867,FOLLOWS
465342,708998,FOLLOWS
465393,690069,FOLLOWS
465506,52961,FOLLOWS
465605,260751,FOLLOWS
465605,446013,FOLLOWS
465718,86612,FOLLOWS
465718,290664,FOLLOWS
465718,880816,FOLLOWS
465718,763634,FOLLOWS
465828,343290,FOLLOWS
465895,131644,FOLLOWS
465940,188893,FOLLOWS
465983,387925,FOLLOWS
465983,455988,FOLLOWS
465983,280094,FOLLOWS
466098,178387,FOLLOWS
466098,361478,FOLLOWS
466098,620413,FOLLOWS
466098,881806,FOLLOWS
466170,780378,FOLLOWS
466170,11710,FOLLOWS
466217,352274,FOLLOWS
466376,473929,FOLLOWS
466411,468639,FOLLOWS
466437,448311,FOLLOWS
466572,106568,FOLLOWS
466572,295126,FOLLOWS
466572,541763,FOLLOWS
466572,34066,FOLLOWS
466662,690263,FOLLOWS
466734,323085,FOLLOWS
466734,398390,FOLLOWS
466734,505964,FOLLOWS
466734,807535,FOLLOWS
466734,1033172,FOLLOWS
466734,509468,FOLLOWS
466734,72392,FOLLOWS
466734,752641,FOLLOWS
466734,525335,FOLLOWS
466734,506106,FOLLOWS
466742,329565,FOLLOWS
466757,35515,FOLLOWS
466757,383366,FOLLOWS
466757,142876,FOLLOWS
466757,115714,FOLLOWS
466757,474097,FOLLOWS
466757,334448,FOLLOWS
466981,117563,FOLLOWS
466981,491021,FOLLOWS
466981,639982,FOLLOWS
466981,468226,FOLLOWS
466986,141257,FOLLOWS
467061,103861,FOLLOWS
467061,865323,FOLLOWS
467106,693264,FOLLOWS
467130,188254,FOLLOWS
467130,193049,FOLLOWS
467130,1077084,FOLLOWS
467164,1040914,FOLLOWS
467180,569803,FOLLOWS
467180,123541,FOLLOWS
467228,417080,FOLLOWS
467228,457127,FOLLOWS
467228,461897,FOLLOWS
467228,460682,FOLLOWS
467228,568871,FOLLOWS
467228,455681,FOLLOWS
467228,99889,FOLLOWS
467304,464194,FOLLOWS
467399,403201,FOLLOWS
467444,450251,FOLLOWS
467617,468132,FOLLOWS
467663,583127,FOLLOWS
467719,154191,FOLLOWS
467719,289346,FOLLOWS
467786,154191,FOLLOWS
467949,1192295,FOLLOWS
468038,167152,FOLLOWS
468077,689274,FOLLOWS
468077,255252,FOLLOWS
468226,160525,FOLLOWS
468238,844215,FOLLOWS
468238,1120495,FOLLOWS
468430,136818,FOLLOWS
468639,466411,FOLLOWS
468655,1162914,FOLLOWS
468655,502889,FOLLOWS
468701,180129,FOLLOWS
468701,152353,FOLLOWS
468708,351644,FOLLOWS
468828,330821,FOLLOWS
468828,1031843,FOLLOWS
468998,57878,FOLLOWS
468998,769188,FOLLOWS
468998,419183,FOLLOWS
469087,1010582,FOLLOWS
469239,1060875,FOLLOWS
469239,677068,FOLLOWS
469350,1223560,FOLLOWS
469455,1301895,FOLLOWS
469597,892747,FOLLOWS
469641,818601,FOLLOWS
469641,610943,FOLLOWS
469648,539027,FOLLOWS
469648,608709,FOLLOWS
469668,756434,FOLLOWS
469668,475797,FOLLOWS
469699,53556,FOLLOWS
469708,156758,FOLLOWS
469708,507887,FOLLOWS
469716,95169,FOLLOWS
469716,261166,FOLLOWS
469868,549498,FOLLOWS
469934,35131,FOLLOWS
469938,270115,FOLLOWS
469938,693608,FOLLOWS
470030,280161,FOLLOWS
470030,337225,FOLLOWS
470030,422683,FOLLOWS
470030,71140,FOLLOWS
470030,123558,FOLLOWS
470079,86565,FOLLOWS
470079,367720,FOLLOWS
470154,310787,FOLLOWS
470186,546829,FOLLOWS
470279,131936,FOLLOWS
470279,135359,FOLLOWS
470298,235257,FOLLOWS
470381,35497,FOLLOWS
470381,1046075,FOLLOWS
470474,432887,FOLLOWS
470490,391702,FOLLOWS
470578,122152,FOLLOWS
470606,1264473,FOLLOWS
470629,401323,FOLLOWS
470897,72392,FOLLOWS
470911,613424,FOLLOWS
470927,377169,FOLLOWS
470927,1015050,FOLLOWS
470927,377493,FOLLOWS
470997,1532553,FOLLOWS
471096,259445,FOLLOWS
471096,311223,FOLLOWS
471096,72854,FOLLOWS
471096,328626,FOLLOWS
471096,927698,FOLLOWS
471096,745758,FOLLOWS
471096,745764,FOLLOWS
471096,539988,FOLLOWS
471096,521603,FOLLOWS
471169,145716,FOLLOWS
471169,794481,FOLLOWS
471169,990904,FOLLOWS
471183,215432,FOLLOWS
471247,471685,FOLLOWS
471412,741523,FOLLOWS
471430,799863,FOLLOWS
471447,66126,FOLLOWS
471538,809518,FOLLOWS
471606,113381,FOLLOWS
471606,391381,FOLLOWS
471685,471247,FOLLOWS
471710,1267537,FOLLOWS
471817,90781,FOLLOWS
471939,134286,FOLLOWS
472128,493628,FOLLOWS
472208,1211212,FOLLOWS
472260,232626,FOLLOWS
472260,423374,FOLLOWS
472260,426266,FOLLOWS
472260,1355362,FOLLOWS
472260,889033,FOLLOWS
472260,1355427,FOLLOWS
472260,587454,FOLLOWS
472260,1355494,FOLLOWS
472260,589565,FOLLOWS
472260,1355575,FOLLOWS
472260,1355538,FOLLOWS
472260,1355515,FOLLOWS
472260,1355596,FOLLOWS
472260,1355668,FOLLOWS
472260,1355708,FOLLOWS
472260,944724,FOLLOWS
472260,675624,FOLLOWS
472260,564801,FOLLOWS
472260,930209,FOLLOWS
472260,555688,FOLLOWS
472260,1355887,FOLLOWS
472260,1355720,FOLLOWS
472260,477367,FOLLOWS
472260,921521,FOLLOWS
472301,472433,FOLLOWS
472369,423053,FOLLOWS
472433,472301,FOLLOWS
472433,547389,FOLLOWS
472433,279039,FOLLOWS
472433,371570,FOLLOWS
472433,250589,FOLLOWS
472607,120023,FOLLOWS
472607,113209,FOLLOWS
472607,72221,FOLLOWS
472704,663864,FOLLOWS
472704,49084,FOLLOWS
472704,1073333,FOLLOWS
472704,666014,FOLLOWS
472704,1126091,FOLLOWS
472754,271666,FOLLOWS
472754,289860,FOLLOWS
472754,432733,FOLLOWS
472911,148456,FOLLOWS
472911,333631,FOLLOWS
472911,777962,FOLLOWS
472911,277322,FOLLOWS
472911,389720,FOLLOWS
472944,1355466,FOLLOWS
472964,936377,FOLLOWS
472964,93131,FOLLOWS
473044,203665,FOLLOWS
473044,1100609,FOLLOWS
473050,76553,FOLLOWS
473094,939722,FOLLOWS
473094,515033,FOLLOWS
473094,581673,FOLLOWS
473502,389730,FOLLOWS
473502,432883,FOLLOWS
473502,1085142,FOLLOWS
473502,465249,FOLLOWS
473502,562177,FOLLOWS
473502,195310,FOLLOWS
473522,443605,FOLLOWS
473597,371723,FOLLOWS
473660,35515,FOLLOWS
473799,152357,FOLLOWS
473891,132857,FOLLOWS
473891,378395,FOLLOWS
473891,1125343,FOLLOWS
473901,467513,FOLLOWS
473901,219942,FOLLOWS
473904,754903,FOLLOWS
473904,828319,FOLLOWS
473904,93131,FOLLOWS
473929,466376,FOLLOWS
473944,900273,FOLLOWS
474037,35515,FOLLOWS
474037,621046,FOLLOWS
474037,732415,FOLLOWS
474067,950717,FOLLOWS
474097,35515,FOLLOWS
474097,466757,FOLLOWS
474142,608953,FOLLOWS
474142,865179,FOLLOWS
474142,871189,FOLLOWS
474147,259920,FOLLOWS
474185,335277,FOLLOWS
474185,542532,FOLLOWS
474259,143308,FOLLOWS
474259,705264,FOLLOWS
474456,458840,FOLLOWS
474477,467228,FOLLOWS
474477,856598,FOLLOWS
474477,655088,FOLLOWS
474477,722619,FOLLOWS
474477,831721,FOLLOWS
474498,1039241,FOLLOWS
474570,459728,FOLLOWS
474618,389387,FOLLOWS
474701,549044,FOLLOWS
474745,35738,FOLLOWS
474745,286224,FOLLOWS
474814,35738,FOLLOWS
474826,35667,FOLLOWS
474886,35738,FOLLOWS
474886,216341,FOLLOWS
474996,136807,FOLLOWS
474996,781904,FOLLOWS
475047,53841,FOLLOWS
475047,246582,FOLLOWS
475047,475197,FOLLOWS
475047,111286,FOLLOWS
475047,368763,FOLLOWS
475047,635431,FOLLOWS
475047,558301,FOLLOWS
475108,601299,FOLLOWS
475108,393007,FOLLOWS
475121,35928,FOLLOWS
475151,522494,FOLLOWS
475197,475047,FOLLOWS
475197,111286,FOLLOWS
475328,429915,FOLLOWS
475328,1301558,FOLLOWS
475385,134851,FOLLOWS
475440,352923,FOLLOWS
475440,667745,FOLLOWS
475440,665271,FOLLOWS
475440,743234,FOLLOWS
475440,545534,FOLLOWS
475440,678029,FOLLOWS
475517,621865,FOLLOWS
475640,121476,FOLLOWS
475659,199117,FOLLOWS
475659,959753,FOLLOWS
475659,415865,FOLLOWS
475679,1090020,FOLLOWS
475710,531405,FOLLOWS
475710,702044,FOLLOWS
475786,157111,FOLLOWS
475937,138386,FOLLOWS
475939,395514,FOLLOWS
475961,864971,FOLLOWS
476074,338575,FOLLOWS
476074,776922,FOLLOWS
476114,678701,FOLLOWS
476114,753930,FOLLOWS
476114,721299,FOLLOWS
476223,35519,FOLLOWS
476226,35519,FOLLOWS
476336,845983,FOLLOWS
476336,392566,FOLLOWS
476363,279248,FOLLOWS
476363,142763,FOLLOWS
476408,605334,FOLLOWS
476497,35519,FOLLOWS
476511,160525,FOLLOWS
476511,330633,FOLLOWS
476511,540468,FOLLOWS
476511,588801,FOLLOWS
476706,805888,FOLLOWS
476781,86287,FOLLOWS
476781,238042,FOLLOWS
476781,276506,FOLLOWS
476808,895104,FOLLOWS
476887,497457,FOLLOWS
476914,285684,FOLLOWS
476914,415800,FOLLOWS
476914,497606,FOLLOWS
476986,698775,FOLLOWS
477092,175038,FOLLOWS
477092,321245,FOLLOWS
477111,42864,FOLLOWS
477111,425994,FOLLOWS
477111,493799,FOLLOWS
477111,894829,FOLLOWS
477111,923615,FOLLOWS
477207,250452,FOLLOWS
477207,428240,FOLLOWS
477355,668323,FOLLOWS
477672,933564,FOLLOWS
477697,162839,FOLLOWS
477697,294038,FOLLOWS
477697,1198382,FOLLOWS
477914,36318,FOLLOWS
477975,228535,FOLLOWS
477975,771821,FOLLOWS
477975,574551,FOLLOWS
478020,24421,FOLLOWS
478020,296606,FOLLOWS
478043,312758,FOLLOWS
478043,690715,FOLLOWS
478063,36320,FOLLOWS
478149,82911,FOLLOWS
478149,465075,FOLLOWS
478368,72980,FOLLOWS
478368,87527,FOLLOWS
478369,195960,FOLLOWS
478378,94349,FOLLOWS
478378,407138,FOLLOWS
478435,86287,FOLLOWS
478435,134538,FOLLOWS
478532,410213,FOLLOWS
478600,391836,FOLLOWS
478695,579967,FOLLOWS
478705,1110366,FOLLOWS
478741,270642,FOLLOWS
478741,1070401,FOLLOWS
478885,224154,FOLLOWS
478885,1106454,FOLLOWS
478902,268142,FOLLOWS
478902,547507,FOLLOWS
478902,781954,FOLLOWS
478902,1198868,FOLLOWS
478910,312763,FOLLOWS
478928,179889,FOLLOWS
478928,581497,FOLLOWS
478928,737001,FOLLOWS
478954,338378,FOLLOWS
478954,548175,FOLLOWS
478957,249302,FOLLOWS
478957,324574,FOLLOWS
478957,361069,FOLLOWS
478957,361403,FOLLOWS
478957,422289,FOLLOWS
478957,831176,FOLLOWS
478957,1135958,FOLLOWS
478989,37610,FOLLOWS
478989,501613,FOLLOWS
478989,407828,FOLLOWS
479101,1359455,FOLLOWS
479240,99297,FOLLOWS
479240,99458,FOLLOWS
479240,496917,FOLLOWS
479297,469233,FOLLOWS
479297,702363,FOLLOWS
479309,335917,FOLLOWS
479309,471571,FOLLOWS
479530,39192,FOLLOWS
479530,972732,FOLLOWS
479602,628583,FOLLOWS
479602,479662,FOLLOWS
479602,198716,FOLLOWS
479630,1359676,FOLLOWS
479638,574027,FOLLOWS
479638,515815,FOLLOWS
479638,669326,FOLLOWS
479662,479600,FOLLOWS
479662,479602,FOLLOWS
479662,628583,FOLLOWS
479788,241927,FOLLOWS
479788,667784,FOLLOWS
479895,931474,FOLLOWS
479997,159191,FOLLOWS
480010,454719,FOLLOWS
480010,501407,FOLLOWS
480010,970931,FOLLOWS
480010,691730,FOLLOWS
480010,693489,FOLLOWS
480010,766142,FOLLOWS
480248,532197,FOLLOWS
480248,1116126,FOLLOWS
480279,718590,FOLLOWS
480286,323876,FOLLOWS
480286,347927,FOLLOWS
480379,424728,FOLLOWS
480379,563972,FOLLOWS
480379,369326,FOLLOWS
480400,892974,FOLLOWS
480426,480571,FOLLOWS
480426,759513,FOLLOWS
480472,103861,FOLLOWS
480472,757017,FOLLOWS
480472,148010,FOLLOWS
480472,38635,FOLLOWS
480571,480604,FOLLOWS
480600,134938,FOLLOWS
480716,64536,FOLLOWS
480716,702363,FOLLOWS
480742,499734,FOLLOWS
480763,145579,FOLLOWS
480763,57254,FOLLOWS
480801,736565,FOLLOWS
480815,614836,FOLLOWS
480823,648236,FOLLOWS
480880,324794,FOLLOWS
480891,72193,FOLLOWS
480891,830315,FOLLOWS
481018,417201,FOLLOWS
481232,523505,FOLLOWS
481314,482715,FOLLOWS
481340,291065,FOLLOWS
481413,36593,FOLLOWS
481427,36593,FOLLOWS
481427,73792,FOLLOWS
481454,237190,FOLLOWS
481454,673288,FOLLOWS
481505,543414,FOLLOWS
481524,747637,FOLLOWS
481583,831721,FOLLOWS
481706,22103,FOLLOWS
481850,267288,FOLLOWS
481933,1079916,FOLLOWS
481933,568247,FOLLOWS
481970,482012,FOLLOWS
481999,1022012,FOLLOWS
481999,498140,FOLLOWS
482012,201195,FOLLOWS
482012,481970,FOLLOWS
482132,194567,FOLLOWS
482132,226160,FOLLOWS
482252,433382,FOLLOWS
482252,706580,FOLLOWS
482273,95501,FOLLOWS
482327,310803,FOLLOWS
482399,489086,FOLLOWS
482399,489239,FOLLOWS
482436,119556,FOLLOWS
482436,452630,FOLLOWS
482437,57813,FOLLOWS
482437,176864,FOLLOWS
482445,431098,FOLLOWS
482501,652555,FOLLOWS
482639,441191,FOLLOWS
482639,149964,FOLLOWS
482715,165954,FOLLOWS
482715,481314,FOLLOWS
482715,497323,FOLLOWS
482789,170050,FOLLOWS
482789,283254,FOLLOWS
482929,483105,FOLLOWS
482953,68619,FOLLOWS
483011,556916,FOLLOWS
483037,41213,FOLLOWS
483105,215576,FOLLOWS
483105,482929,FOLLOWS
483141,459255,FOLLOWS
483141,416496,FOLLOWS
483141,1240599,FOLLOWS
483141,513714,FOLLOWS
483141,923190,FOLLOWS
483141,1024429,FOLLOWS
483292,220115,FOLLOWS
483292,693489,FOLLOWS
483294,1067496,FOLLOWS
483346,340415,FOLLOWS
483351,582880,FOLLOWS
483351,108953,FOLLOWS
483528,689099,FOLLOWS
483561,486609,FOLLOWS
483561,904072,FOLLOWS
483561,651954,FOLLOWS
483565,744868,FOLLOWS
483571,145662,FOLLOWS
483571,174458,FOLLOWS
483571,854313,FOLLOWS
483657,112004,FOLLOWS
483657,397630,FOLLOWS
483657,422354,FOLLOWS
483657,201008,FOLLOWS
483657,735263,FOLLOWS
483657,554155,FOLLOWS
483657,543039,FOLLOWS
483665,297770,FOLLOWS
483665,1012108,FOLLOWS
483665,582880,FOLLOWS
483665,750275,FOLLOWS
483696,498083,FOLLOWS
483879,412071,FOLLOWS
483879,718110,FOLLOWS
484166,1048276,FOLLOWS
484204,305946,FOLLOWS
484213,85395,FOLLOWS
484213,213392,FOLLOWS
484350,960386,FOLLOWS
484364,282347,FOLLOWS
484364,1362558,FOLLOWS
484383,75055,FOLLOWS
484408,40030,FOLLOWS
484408,898184,FOLLOWS
484408,675498,FOLLOWS
484531,591335,FOLLOWS
484570,1362661,FOLLOWS
484570,270005,FOLLOWS
484642,57959,FOLLOWS
484642,99297,FOLLOWS
484642,151275,FOLLOWS
484642,311172,FOLLOWS
484642,411333,FOLLOWS
484675,679547,FOLLOWS
484675,995446,FOLLOWS
484675,1276406,FOLLOWS
484798,993665,FOLLOWS
484798,285526,FOLLOWS
484851,40030,FOLLOWS
484851,279180,FOLLOWS
484851,216455,FOLLOWS
484851,73610,FOLLOWS
485086,329565,FOLLOWS
485179,1026215,FOLLOWS
485271,110268,FOLLOWS
485271,865107,FOLLOWS
485316,341268,FOLLOWS
485316,347886,FOLLOWS
485358,639471,FOLLOWS
485674,169747,FOLLOWS
485717,595265,FOLLOWS
485717,1253095,FOLLOWS
485717,158822,FOLLOWS
485785,268270,FOLLOWS
485791,414625,FOLLOWS
485791,1098442,FOLLOWS
485791,500378,FOLLOWS
485934,541834,FOLLOWS
485934,1512336,FOLLOWS
485958,491204,FOLLOWS
486001,599639,FOLLOWS
486045,315503,FOLLOWS
486067,372456,FOLLOWS
486067,193620,FOLLOWS
486142,1352454,FOLLOWS
486177,134483,FOLLOWS
486177,1103367,FOLLOWS
486177,162746,FOLLOWS
486183,827288,FOLLOWS
486252,76539,FOLLOWS
486252,231860,FOLLOWS
486252,777542,FOLLOWS
486312,513692,FOLLOWS
486320,126172,FOLLOWS
486320,662283,FOLLOWS
486347,546859,FOLLOWS
486458,1576009,FOLLOWS
486497,904713,FOLLOWS
486576,633152,FOLLOWS
486607,1015205,FOLLOWS
486609,157308,FOLLOWS
486609,289221,FOLLOWS
486609,483561,FOLLOWS
486609,904072,FOLLOWS
486680,903365,FOLLOWS
486680,1363932,FOLLOWS
486680,1012971,FOLLOWS
486680,486936,FOLLOWS
486704,429074,FOLLOWS
486719,824303,FOLLOWS
486719,52362,FOLLOWS
486855,91119,FOLLOWS
486855,1032637,FOLLOWS
486855,125125,FOLLOWS
486857,486855,FOLLOWS
486936,271334,FOLLOWS
486936,496852,FOLLOWS
486957,381959,FOLLOWS
486957,657279,FOLLOWS
486992,295780,FOLLOWS
486992,819557,FOLLOWS
487000,1132024,FOLLOWS
487000,1364186,FOLLOWS
487167,100577,FOLLOWS
487642,597395,FOLLOWS
487904,465136,FOLLOWS
487904,487912,FOLLOWS
487912,487904,FOLLOWS
487912,578602,FOLLOWS
487996,488138,FOLLOWS
488163,243964,FOLLOWS
488242,151595,FOLLOWS
488242,308393,FOLLOWS
488273,419169,FOLLOWS
488315,416596,FOLLOWS
488372,416801,FOLLOWS
488670,37019,FOLLOWS
488675,788124,FOLLOWS
488743,37019,FOLLOWS
488743,715607,FOLLOWS
488823,401396,FOLLOWS
488883,630404,FOLLOWS
488883,780324,FOLLOWS
488883,1043968,FOLLOWS
488967,683737,FOLLOWS
489037,374543,FOLLOWS
489037,289127,FOLLOWS
489037,752641,FOLLOWS
489042,489086,FOLLOWS
489086,315574,FOLLOWS
489086,482399,FOLLOWS
489086,489239,FOLLOWS
489180,475797,FOLLOWS
489239,489086,FOLLOWS
489239,702044,FOLLOWS
489298,1162852,FOLLOWS
489307,69706,FOLLOWS
489307,411993,FOLLOWS
489317,334967,FOLLOWS
489355,258979,FOLLOWS
489355,297619,FOLLOWS
489355,419720,FOLLOWS
489397,203117,FOLLOWS
489397,667270,FOLLOWS
489397,493679,FOLLOWS
489397,1010438,FOLLOWS
489450,1124698,FOLLOWS
489450,667270,FOLLOWS
489450,691005,FOLLOWS
489457,587241,FOLLOWS
489803,722225,FOLLOWS
489819,338757,FOLLOWS
489819,73747,FOLLOWS
489819,678798,FOLLOWS
489819,599574,FOLLOWS
489918,1365743,FOLLOWS
489931,489994,FOLLOWS
489938,145416,FOLLOWS
489994,271334,FOLLOWS
489994,489931,FOLLOWS
489994,765052,FOLLOWS
489994,347992,FOLLOWS
489994,343370,FOLLOWS
489994,755958,FOLLOWS
490040,37470,FOLLOWS
490042,351392,FOLLOWS
490042,1067858,FOLLOWS
490042,987244,FOLLOWS
490072,344200,FOLLOWS
490117,1000839,FOLLOWS
490117,218784,FOLLOWS
490140,157707,FOLLOWS
490160,408639,FOLLOWS
490160,277322,FOLLOWS
490178,343393,FOLLOWS
490236,233227,FOLLOWS
490247,718110,FOLLOWS
490247,814522,FOLLOWS
490291,607350,FOLLOWS
490291,15416,FOLLOWS
490311,336390,FOLLOWS
490359,180165,FOLLOWS
490359,744628,FOLLOWS
490359,534301,FOLLOWS
490588,210114,FOLLOWS
490588,587544,FOLLOWS
490612,577101,FOLLOWS
490842,854744,FOLLOWS
491021,466981,FOLLOWS
491021,648333,FOLLOWS
491116,1026542,FOLLOWS
491175,631827,FOLLOWS
491195,1096832,FOLLOWS
491204,246985,FOLLOWS
491204,485958,FOLLOWS
491206,217623,FOLLOWS
491511,319952,FOLLOWS
491511,313644,FOLLOWS
491543,764555,FOLLOWS
491565,1144311,FOLLOWS
491565,435186,FOLLOWS
491565,43649,FOLLOWS
491614,260324,FOLLOWS
491618,392492,FOLLOWS
491618,720260,FOLLOWS
491623,180560,FOLLOWS
491670,337018,FOLLOWS
491670,1027245,FOLLOWS
491725,64684,FOLLOWS
491725,416837,FOLLOWS
491836,696291,FOLLOWS
491890,431088,FOLLOWS
492007,191624,FOLLOWS
492007,57940,FOLLOWS
492007,1234951,FOLLOWS
492030,280768,FOLLOWS
492030,662800,FOLLOWS
492068,100659,FOLLOWS
492157,305419,FOLLOWS
492157,1367032,FOLLOWS
492157,313175,FOLLOWS
492165,958086,FOLLOWS
492197,346650,FOLLOWS
492295,788857,FOLLOWS
492408,914690,FOLLOWS
492408,492391,FOLLOWS
492439,50484,FOLLOWS
492439,171083,FOLLOWS
492505,853981,FOLLOWS
492505,434282,FOLLOWS
492560,508936,FOLLOWS
492669,183784,FOLLOWS
492692,865506,FOLLOWS
492812,58238,FOLLOWS
492812,226284,FOLLOWS
492812,794383,FOLLOWS
492830,395196,FOLLOWS
492830,504400,FOLLOWS
492830,213529,FOLLOWS
492953,939143,FOLLOWS
492978,493041,FOLLOWS
493006,37887,FOLLOWS
493006,940016,FOLLOWS
493041,492978,FOLLOWS
493056,215210,FOLLOWS
493056,215149,FOLLOWS
493056,282580,FOLLOWS
493171,779509,FOLLOWS
493171,62564,FOLLOWS
493193,572210,FOLLOWS
493264,724225,FOLLOWS
493268,597616,FOLLOWS
493340,142130,FOLLOWS
493340,988873,FOLLOWS
493383,295759,FOLLOWS
493394,1111146,FOLLOWS
493394,628142,FOLLOWS
493515,703401,FOLLOWS
493679,489397,FOLLOWS
493679,667270,FOLLOWS
493679,1275644,FOLLOWS
493712,377169,FOLLOWS
493762,350923,FOLLOWS
493762,489286,FOLLOWS
493799,200105,FOLLOWS
493799,477111,FOLLOWS
493799,1128521,FOLLOWS
493949,38002,FOLLOWS
493950,38002,FOLLOWS
493979,504974,FOLLOWS
493985,1115056,FOLLOWS
494011,340863,FOLLOWS
494047,38029,FOLLOWS
494047,100621,FOLLOWS
494188,67413,FOLLOWS
494194,213105,FOLLOWS
494194,392510,FOLLOWS
494194,546244,FOLLOWS
494223,353768,FOLLOWS
494223,360513,FOLLOWS
494223,700526,FOLLOWS
494246,125061,FOLLOWS
494268,126143,FOLLOWS
494268,132155,FOLLOWS
494268,264922,FOLLOWS
494402,396284,FOLLOWS
494402,95532,FOLLOWS
494408,58936,FOLLOWS
494408,149591,FOLLOWS
494439,256587,FOLLOWS
494499,121085,FOLLOWS
494499,528633,FOLLOWS
494499,483808,FOLLOWS
494499,605497,FOLLOWS
494620,464981,FOLLOWS
494620,804489,FOLLOWS
494620,1284074,FOLLOWS
494646,37931,FOLLOWS
494656,37931,FOLLOWS
494696,978395,FOLLOWS
494703,441567,FOLLOWS
494773,441243,FOLLOWS
494823,624659,FOLLOWS
494834,494872,FOLLOWS
494872,494834,FOLLOWS
494928,38256,FOLLOWS
495040,442583,FOLLOWS
495040,1135139,FOLLOWS
495040,564751,FOLLOWS
495081,414152,FOLLOWS
495081,439817,FOLLOWS
495081,540839,FOLLOWS
495081,631833,FOLLOWS
495081,1368453,FOLLOWS
495201,1205465,FOLLOWS
495244,1343756,FOLLOWS
495269,168584,FOLLOWS
495269,575742,FOLLOWS
495310,985163,FOLLOWS
495310,813083,FOLLOWS
495347,955378,FOLLOWS
495347,1132459,FOLLOWS
495350,542499,FOLLOWS
495483,455561,FOLLOWS
495580,237858,FOLLOWS
495580,250589,FOLLOWS
495646,636298,FOLLOWS
495689,167294,FOLLOWS
495689,220920,FOLLOWS
495689,953489,FOLLOWS
495689,271694,FOLLOWS
495689,556238,FOLLOWS
495689,496331,FOLLOWS
495689,417982,FOLLOWS
495719,973008,FOLLOWS
495832,327576,FOLLOWS
495832,1009029,FOLLOWS
495924,541136,FOLLOWS
495949,153939,FOLLOWS
496053,768032,FOLLOWS
496111,44768,FOLLOWS
496111,482715,FOLLOWS
496152,300938,FOLLOWS
496152,1369160,FOLLOWS
496221,86044,FOLLOWS
496240,188893,FOLLOWS
496331,167294,FOLLOWS
496331,200105,FOLLOWS
496331,495689,FOLLOWS
496331,992999,FOLLOWS
496331,1072725,FOLLOWS
496642,739191,FOLLOWS
496669,385241,FOLLOWS
496669,1067524,FOLLOWS
496669,1028233,FOLLOWS
496669,104086,FOLLOWS
496672,149731,FOLLOWS
496672,880220,FOLLOWS
496681,219917,FOLLOWS
496707,533474,FOLLOWS
496754,181770,FOLLOWS
496754,433462,FOLLOWS
496754,235622,FOLLOWS
496754,659211,FOLLOWS
496756,197520,FOLLOWS
496840,989161,FOLLOWS
496840,1370469,FOLLOWS
496852,271334,FOLLOWS
496852,554600,FOLLOWS
496852,797799,FOLLOWS
496852,486936,FOLLOWS
496917,479240,FOLLOWS
497065,41295,FOLLOWS
497065,424990,FOLLOWS
497213,969176,FOLLOWS
497213,1162440,FOLLOWS
497253,165097,FOLLOWS
497256,196058,FOLLOWS
497306,352401,FOLLOWS
497323,482715,FOLLOWS
497323,504231,FOLLOWS
497457,476887,FOLLOWS
497592,736565,FOLLOWS
497606,381255,FOLLOWS
497606,476914,FOLLOWS
498001,854328,FOLLOWS
498001,860320,FOLLOWS
498017,419280,FOLLOWS
498082,39958,FOLLOWS
498082,251164,FOLLOWS
498083,483696,FOLLOWS
498083,242900,FOLLOWS
498090,250873,FOLLOWS
498143,38407,FOLLOWS
498177,38407,FOLLOWS
498204,426526,FOLLOWS
498248,392512,FOLLOWS
498248,424513,FOLLOWS
498248,994544,FOLLOWS
498248,739191,FOLLOWS
498320,932827,FOLLOWS
498336,326007,FOLLOWS
498346,267527,FOLLOWS
498346,67956,FOLLOWS
498387,398041,FOLLOWS
498387,499057,FOLLOWS
498475,96390,FOLLOWS
498475,320400,FOLLOWS
498482,1197912,FOLLOWS
498523,57809,FOLLOWS
498523,342554,FOLLOWS
498523,732388,FOLLOWS
498563,218395,FOLLOWS
498563,290289,FOLLOWS
498563,636240,FOLLOWS
498627,1331065,FOLLOWS
498689,49102,FOLLOWS
498713,418563,FOLLOWS
498793,89807,FOLLOWS
498948,1370168,FOLLOWS
499057,54739,FOLLOWS
499057,55086,FOLLOWS
499057,292480,FOLLOWS
499057,498387,FOLLOWS
499163,312782,FOLLOWS
499163,1018343,FOLLOWS
499163,688976,FOLLOWS
499297,354155,FOLLOWS
499483,425894,FOLLOWS
499483,499581,FOLLOWS
499710,859556,FOLLOWS
499734,214581,FOLLOWS
499734,369106,FOLLOWS
499734,795918,FOLLOWS
499734,273102,FOLLOWS
499734,591109,FOLLOWS
499734,453782,FOLLOWS
499959,292742,FOLLOWS
500045,1183004,FOLLOWS
500154,160101,FOLLOWS
500154,189203,FOLLOWS
500154,805202,FOLLOWS
500154,212314,FOLLOWS
500154,498140,FOLLOWS
500165,607350,FOLLOWS
500180,257452,FOLLOWS
500195,533132,FOLLOWS
500216,663087,FOLLOWS
500216,193220,FOLLOWS
500226,53683,FOLLOWS
500226,438751,FOLLOWS
500226,339626,FOLLOWS
500255,532784,FOLLOWS
500255,190209,FOLLOWS
500255,516077,FOLLOWS
500336,180397,FOLLOWS
500339,26506,FOLLOWS
500349,107764,FOLLOWS
500349,795111,FOLLOWS
500378,75055,FOLLOWS
500378,485791,FOLLOWS
500378,939012,FOLLOWS
500378,1098820,FOLLOWS
500381,527792,FOLLOWS
500381,1156755,FOLLOWS
500459,284279,FOLLOWS
500459,513235,FOLLOWS
500548,54224,FOLLOWS
500548,240359,FOLLOWS
500667,1371523,FOLLOWS
500667,308089,FOLLOWS
500698,182305,FOLLOWS
500730,38900,FOLLOWS
500763,279147,FOLLOWS
500769,38900,FOLLOWS
500839,204133,FOLLOWS
500880,261162,FOLLOWS
500880,300952,FOLLOWS
500880,372820,FOLLOWS
500880,1152272,FOLLOWS
500967,28143,FOLLOWS
501086,131675,FOLLOWS
501086,416093,FOLLOWS
501086,416659,FOLLOWS
501086,1239622,FOLLOWS
501086,14651,FOLLOWS
501086,563763,FOLLOWS
501086,536185,FOLLOWS
501086,259054,FOLLOWS
501086,560246,FOLLOWS
501086,486607,FOLLOWS
501302,433859,FOLLOWS
501315,180562,FOLLOWS
501389,438213,FOLLOWS
501390,230591,FOLLOWS
501390,222211,FOLLOWS
501407,134938,FOLLOWS
501407,480010,FOLLOWS
501407,607353,FOLLOWS
501407,240684,FOLLOWS
501407,14787,FOLLOWS
501424,475576,FOLLOWS
501568,102503,FOLLOWS
501568,391118,FOLLOWS
501613,38975,FOLLOWS
501613,478989,FOLLOWS
501613,945685,FOLLOWS
501697,318677,FOLLOWS
501721,160678,FOLLOWS
501721,253887,FOLLOWS
501726,40504,FOLLOWS
501726,184139,FOLLOWS
501759,1125149,FOLLOWS
501797,317907,FOLLOWS
501797,414865,FOLLOWS
501797,93255,FOLLOWS
501797,620493,FOLLOWS
501797,28141,FOLLOWS
501830,38975,FOLLOWS
501832,54158,FOLLOWS
501832,277602,FOLLOWS
501850,261163,FOLLOWS
501850,422476,FOLLOWS
501850,430754,FOLLOWS
501921,302347,FOLLOWS
501965,160678,FOLLOWS
502177,22103,FOLLOWS
502251,915201,FOLLOWS
502320,264252,FOLLOWS
502320,1030642,FOLLOWS
502338,1372042,FOLLOWS
502338,1372064,FOLLOWS
502338,795666,FOLLOWS
502338,817302,FOLLOWS
502373,63149,FOLLOWS
502373,319089,FOLLOWS
502417,104002,FOLLOWS
502488,701684,FOLLOWS
502521,678003,FOLLOWS
502579,226052,FOLLOWS
502579,360513,FOLLOWS
502583,363822,FOLLOWS
502583,224884,FOLLOWS
502583,699599,FOLLOWS
502733,261769,FOLLOWS
502738,78874,FOLLOWS
502738,460592,FOLLOWS
502889,228510,FOLLOWS
502963,267605,FOLLOWS
502963,416669,FOLLOWS
503175,503218,FOLLOWS
503175,588075,FOLLOWS
503218,279428,FOLLOWS
503218,503229,FOLLOWS
503218,503175,FOLLOWS
503218,588075,FOLLOWS
503229,503218,FOLLOWS
503604,321950,FOLLOWS
503604,465249,FOLLOWS
503614,425845,FOLLOWS
503655,424414,FOLLOWS
503749,630404,FOLLOWS
503759,177599,FOLLOWS
503785,110629,FOLLOWS
503914,393683,FOLLOWS
503914,395180,FOLLOWS
503914,652059,FOLLOWS
503914,187891,FOLLOWS
503979,829945,FOLLOWS
504008,873091,FOLLOWS
504053,283740,FOLLOWS
504212,397630,FOLLOWS
504231,208874,FOLLOWS
504231,218788,FOLLOWS
504231,410249,FOLLOWS
504231,493712,FOLLOWS
504231,497323,FOLLOWS
504271,288232,FOLLOWS
504271,293835,FOLLOWS
504294,563977,FOLLOWS
504317,575767,FOLLOWS
504317,1075903,FOLLOWS
504317,610485,FOLLOWS
504400,492830,FOLLOWS
504436,152357,FOLLOWS
504436,1106556,FOLLOWS
504582,168193,FOLLOWS
504626,748568,FOLLOWS
504626,1038110,FOLLOWS
504701,661205,FOLLOWS
504736,156161,FOLLOWS
504736,188980,FOLLOWS
504736,340399,FOLLOWS
504736,432570,FOLLOWS
504736,755176,FOLLOWS
504736,785100,FOLLOWS
504736,532880,FOLLOWS
504736,333775,FOLLOWS
504736,512430,FOLLOWS
504736,726894,FOLLOWS
504736,321419,FOLLOWS
504736,534093,FOLLOWS
504768,421572,FOLLOWS
504768,811282,FOLLOWS
504768,657175,FOLLOWS
504768,1188659,FOLLOWS
504768,757155,FOLLOWS
504768,973505,FOLLOWS
504795,544112,FOLLOWS
504810,540002,FOLLOWS
504922,210114,FOLLOWS
504922,512413,FOLLOWS
504922,973505,FOLLOWS
504942,1133402,FOLLOWS
504974,566876,FOLLOWS
504983,280686,FOLLOWS
505042,39192,FOLLOWS
505042,1287430,FOLLOWS
505042,166960,FOLLOWS
505042,657390,FOLLOWS
505407,384672,FOLLOWS
505493,728547,FOLLOWS
505501,247247,FOLLOWS
505564,371301,FOLLOWS
505564,994775,FOLLOWS
505577,361753,FOLLOWS
505582,579743,FOLLOWS
505964,466734,FOLLOWS
505964,506106,FOLLOWS
505964,745764,FOLLOWS
506028,512430,FOLLOWS
506028,548561,FOLLOWS
506064,1052976,FOLLOWS
506064,531440,FOLLOWS
506106,505964,FOLLOWS
506106,506624,FOLLOWS
506106,530079,FOLLOWS
506106,730082,FOLLOWS
506165,323730,FOLLOWS
506165,551375,FOLLOWS
506207,39429,FOLLOWS
506246,39429,FOLLOWS
506246,279649,FOLLOWS
506348,39429,FOLLOWS
506353,39429,FOLLOWS
506353,113800,FOLLOWS
506496,39429,FOLLOWS
506526,1296794,FOLLOWS
506594,427436,FOLLOWS
506605,151884,FOLLOWS
506605,198589,FOLLOWS
506607,860320,FOLLOWS
506624,506106,FOLLOWS
506624,810490,FOLLOWS
506684,434492,FOLLOWS
506742,49425,FOLLOWS
506742,459624,FOLLOWS
506742,1265648,FOLLOWS
506742,965640,FOLLOWS
506745,1265648,FOLLOWS
506778,243483,FOLLOWS
506879,440098,FOLLOWS
506879,505493,FOLLOWS
506890,693812,FOLLOWS
506890,602915,FOLLOWS
506932,489037,FOLLOWS
506992,510632,FOLLOWS
507122,229247,FOLLOWS
507122,440098,FOLLOWS
507122,470474,FOLLOWS
507122,505493,FOLLOWS
507122,780177,FOLLOWS
507214,184946,FOLLOWS
507214,165367,FOLLOWS
507393,159340,FOLLOWS
507416,226575,FOLLOWS
507459,354370,FOLLOWS
507459,820287,FOLLOWS
507533,321950,FOLLOWS
507533,368319,FOLLOWS
507533,1029147,FOLLOWS
507533,1301536,FOLLOWS
507628,286320,FOLLOWS
507732,487050,FOLLOWS
507748,1046823,FOLLOWS
507764,157799,FOLLOWS
507764,2446,FOLLOWS
507764,99906,FOLLOWS
507764,86755,FOLLOWS
507764,57197,FOLLOWS
507860,551533,FOLLOWS
507887,336390,FOLLOWS
507887,368674,FOLLOWS
507887,469708,FOLLOWS
507887,718111,FOLLOWS
507887,619695,FOLLOWS
507887,841092,FOLLOWS
507887,603952,FOLLOWS
507887,52362,FOLLOWS
507953,380333,FOLLOWS
507953,441318,FOLLOWS
507953,781841,FOLLOWS
507971,880514,FOLLOWS
507971,313002,FOLLOWS
507971,676777,FOLLOWS
508282,345920,FOLLOWS
508282,352792,FOLLOWS
508375,39435,FOLLOWS
508375,767639,FOLLOWS
508375,1376124,FOLLOWS
508503,261769,FOLLOWS
508503,280161,FOLLOWS
508503,330125,FOLLOWS
508503,508506,FOLLOWS
508503,766101,FOLLOWS
508506,280161,FOLLOWS
508506,508503,FOLLOWS
508560,311933,FOLLOWS
508580,472944,FOLLOWS
508580,476685,FOLLOWS
508580,806242,FOLLOWS
508646,108492,FOLLOWS
508646,542532,FOLLOWS
508646,781954,FOLLOWS
508828,452445,FOLLOWS
508862,39694,FOLLOWS
508862,1251739,FOLLOWS
508862,886946,FOLLOWS
508862,244833,FOLLOWS
508936,492560,FOLLOWS
508936,557216,FOLLOWS
509026,863553,FOLLOWS
509064,249479,FOLLOWS
509091,55967,FOLLOWS
509118,506106,FOLLOWS
509118,530079,FOLLOWS
509125,571975,FOLLOWS
509129,314073,FOLLOWS
509221,509524,FOLLOWS
509251,110170,FOLLOWS
509251,372571,FOLLOWS
509251,345634,FOLLOWS
509251,686433,FOLLOWS
509339,475793,FOLLOWS
509339,68219,FOLLOWS
509339,801949,FOLLOWS
509405,449369,FOLLOWS
509458,300952,FOLLOWS
509458,348065,FOLLOWS
509458,1040492,FOLLOWS
509458,1070552,FOLLOWS
509458,809457,FOLLOWS
509458,784246,FOLLOWS
509468,466734,FOLLOWS
509468,525858,FOLLOWS
509533,529529,FOLLOWS
509559,613004,FOLLOWS
509657,188980,FOLLOWS
509688,627937,FOLLOWS
509697,226160,FOLLOWS
509765,908221,FOLLOWS
509787,261461,FOLLOWS
509837,323085,FOLLOWS
509837,382374,FOLLOWS
509837,271666,FOLLOWS
509896,250786,FOLLOWS
509896,538837,FOLLOWS
509929,513216,FOLLOWS
509951,1005328,FOLLOWS
509951,914413,FOLLOWS
510146,132344,FOLLOWS
510146,225107,FOLLOWS
510172,379568,FOLLOWS
510172,725707,FOLLOWS
510196,233426,FOLLOWS
510196,237293,FOLLOWS
510196,683789,FOLLOWS
510196,944937,FOLLOWS
510208,527056,FOLLOWS
510208,353527,FOLLOWS
510208,661284,FOLLOWS
510208,620740,FOLLOWS
510208,1010321,FOLLOWS
510208,676476,FOLLOWS
510263,284279,FOLLOWS
510520,1037043,FOLLOWS
510624,691437,FOLLOWS
510632,506992,FOLLOWS
510663,510976,FOLLOWS
510915,59666,FOLLOWS
510915,175062,FOLLOWS
510915,499297,FOLLOWS
511028,507242,FOLLOWS
511038,315027,FOLLOWS
511038,376870,FOLLOWS
511075,665271,FOLLOWS
511197,375245,FOLLOWS
511275,308352,FOLLOWS
511280,298878,FOLLOWS
511284,820648,FOLLOWS
511562,670744,FOLLOWS
511616,523077,FOLLOWS
511799,50399,FOLLOWS
511829,345850,FOLLOWS
512086,1378908,FOLLOWS
512086,706307,FOLLOWS
512206,223813,FOLLOWS
512206,805390,FOLLOWS
512308,268786,FOLLOWS
512308,436129,FOLLOWS
512316,406139,FOLLOWS
512316,463526,FOLLOWS
512354,658284,FOLLOWS
512354,672864,FOLLOWS
512400,260260,FOLLOWS
512413,188980,FOLLOWS
512413,435802,FOLLOWS
512430,156161,FOLLOWS
512430,506028,FOLLOWS
512430,548561,FOLLOWS
512435,217058,FOLLOWS
512723,44723,FOLLOWS
512723,557198,FOLLOWS
512798,305101,FOLLOWS
512798,657558,FOLLOWS
512906,849583,FOLLOWS
512961,460682,FOLLOWS
512961,129714,FOLLOWS
512978,1147892,FOLLOWS
513003,437608,FOLLOWS
513003,195310,FOLLOWS
513003,221777,FOLLOWS
513061,160075,FOLLOWS
513061,410807,FOLLOWS
513061,610939,FOLLOWS
513065,239856,FOLLOWS
513162,536227,FOLLOWS
513186,505493,FOLLOWS
513186,183095,FOLLOWS
513199,106286,FOLLOWS
513199,976812,FOLLOWS
513199,944297,FOLLOWS
513199,40054,FOLLOWS
513216,90964,FOLLOWS
513235,284279,FOLLOWS
513390,60506,FOLLOWS
513398,114565,FOLLOWS
513398,361083,FOLLOWS
513398,399189,FOLLOWS
513398,683317,FOLLOWS
513463,452207,FOLLOWS
513474,637679,FOLLOWS
513474,334448,FOLLOWS
513474,205201,FOLLOWS
513474,719415,FOLLOWS
513511,268519,FOLLOWS
513511,259731,FOLLOWS
513518,75473,FOLLOWS
513551,335375,FOLLOWS
513568,244472,FOLLOWS
513568,526330,FOLLOWS
513568,68337,FOLLOWS
513568,546455,FOLLOWS
513577,679345,FOLLOWS
513667,517417,FOLLOWS
513667,282623,FOLLOWS
513675,40030,FOLLOWS
513675,78070,FOLLOWS
513675,302158,FOLLOWS
513675,1204769,FOLLOWS
513675,1583339,FOLLOWS
513692,288528,FOLLOWS
513692,61309,FOLLOWS
513693,194815,FOLLOWS
513711,748681,FOLLOWS
513711,334885,FOLLOWS
513714,483141,FOLLOWS
513714,1055005,FOLLOWS
513769,62564,FOLLOWS
513962,204087,FOLLOWS
513962,230020,FOLLOWS
513995,254398,FOLLOWS
514042,133584,FOLLOWS
514042,322224,FOLLOWS
514063,305278,FOLLOWS
514063,456664,FOLLOWS
514063,724804,FOLLOWS
514063,809457,FOLLOWS
514063,445917,FOLLOWS
514063,1194293,FOLLOWS
514063,1149101,FOLLOWS
514063,282716,FOLLOWS
514073,187917,FOLLOWS
514211,993819,FOLLOWS
514260,273832,FOLLOWS
514260,594074,FOLLOWS
514260,214855,FOLLOWS
514350,160990,FOLLOWS
514350,760593,FOLLOWS
514431,39958,FOLLOWS
514468,39958,FOLLOWS
514638,41295,FOLLOWS
514638,12187,FOLLOWS
514638,299605,FOLLOWS
514653,39991,FOLLOWS
514653,514815,FOLLOWS
514675,516788,FOLLOWS
514713,39991,FOLLOWS
514713,375245,FOLLOWS
514758,39991,FOLLOWS
514758,954998,FOLLOWS
514815,39991,FOLLOWS
514815,472754,FOLLOWS
514841,343290,FOLLOWS
514851,422354,FOLLOWS
514851,1252829,FOLLOWS
514924,121696,FOLLOWS
514924,611075,FOLLOWS
514924,812788,FOLLOWS
514966,664895,FOLLOWS
515087,79769,FOLLOWS
515099,177763,FOLLOWS
515141,1069381,FOLLOWS
515161,459123,FOLLOWS
515815,1186314,FOLLOWS
515815,877007,FOLLOWS
515893,1085142,FOLLOWS
515893,829725,FOLLOWS
515935,681801,FOLLOWS
515938,347627,FOLLOWS
515938,1125149,FOLLOWS
515938,916222,FOLLOWS
515938,112986,FOLLOWS
515938,802766,FOLLOWS
515938,237716,FOLLOWS
516046,194763,FOLLOWS
516077,527582,FOLLOWS
516077,535066,FOLLOWS
516200,249479,FOLLOWS
516270,612156,FOLLOWS
516270,1450087,FOLLOWS
516313,900956,FOLLOWS
516361,40139,FOLLOWS
516464,40139,FOLLOWS
516513,261461,FOLLOWS
516513,272421,FOLLOWS
516513,512430,FOLLOWS
516513,1381376,FOLLOWS
516513,108952,FOLLOWS
516524,455187,FOLLOWS
516524,353721,FOLLOWS
516524,461580,FOLLOWS
516526,40361,FOLLOWS
516526,1044038,FOLLOWS
516526,762856,FOLLOWS
516526,527582,FOLLOWS
516558,1381441,FOLLOWS
516558,1301434,FOLLOWS
516646,312024,FOLLOWS
516646,69645,FOLLOWS
516646,67429,FOLLOWS
516788,514675,FOLLOWS
516796,853291,FOLLOWS
516796,664593,FOLLOWS
516798,751014,FOLLOWS
516880,1122273,FOLLOWS
516893,91780,FOLLOWS
516893,516895,FOLLOWS
516893,507589,FOLLOWS
516903,1062463,FOLLOWS
517009,134863,FOLLOWS
517081,426318,FOLLOWS
517138,39915,FOLLOWS
517138,44570,FOLLOWS
517264,250031,FOLLOWS
517268,487050,FOLLOWS
517384,544337,FOLLOWS
517384,573142,FOLLOWS
517417,513667,FOLLOWS
517417,277322,FOLLOWS
517447,235765,FOLLOWS
517585,101124,FOLLOWS
517585,108572,FOLLOWS
517747,340399,FOLLOWS
517757,41847,FOLLOWS
517757,519509,FOLLOWS
517810,84658,FOLLOWS
517814,329566,FOLLOWS
517814,615880,FOLLOWS
517872,41847,FOLLOWS
517890,65269,FOLLOWS
518020,746256,FOLLOWS
518020,213906,FOLLOWS
518042,280133,FOLLOWS
518094,129535,FOLLOWS
518094,171845,FOLLOWS
518094,518270,FOLLOWS
518094,533135,FOLLOWS
518220,402940,FOLLOWS
518220,1036246,FOLLOWS
518534,543226,FOLLOWS
518534,376016,FOLLOWS
518653,118040,FOLLOWS
518653,149116,FOLLOWS
518653,206056,FOLLOWS
518653,464421,FOLLOWS
518731,461780,FOLLOWS
518731,826566,FOLLOWS
518767,518731,FOLLOWS
518767,548142,FOLLOWS
518767,651607,FOLLOWS
518820,338378,FOLLOWS
518834,557660,FOLLOWS
519011,489317,FOLLOWS
519011,108952,FOLLOWS
519130,548561,FOLLOWS
519263,513576,FOLLOWS
519263,519265,FOLLOWS
519265,519263,FOLLOWS
519265,1120571,FOLLOWS
519275,1064782,FOLLOWS
519275,414380,FOLLOWS
519276,371301,FOLLOWS
519322,452629,FOLLOWS
519587,262254,FOLLOWS
519594,474570,FOLLOWS
519594,718097,FOLLOWS
519763,873030,FOLLOWS
519895,88788,FOLLOWS
519895,1113416,FOLLOWS
519930,1057856,FOLLOWS
519940,1022225,FOLLOWS
520193,50785,FOLLOWS
520199,330821,FOLLOWS
520199,1035201,FOLLOWS
520247,879932,FOLLOWS
520294,352482,FOLLOWS
520581,261824,FOLLOWS
520627,808244,FOLLOWS
520980,722790,FOLLOWS
521015,419608,FOLLOWS
521096,1364501,FOLLOWS
521135,519275,FOLLOWS
521135,624391,FOLLOWS
521135,602148,FOLLOWS
521168,286222,FOLLOWS
521206,568024,FOLLOWS
521206,582226,FOLLOWS
521206,900335,FOLLOWS
521206,726567,FOLLOWS
521215,929821,FOLLOWS
521317,51775,FOLLOWS
521317,679722,FOLLOWS
521428,104002,FOLLOWS
521475,106575,FOLLOWS
521475,447613,FOLLOWS
521524,275342,FOLLOWS
521603,582329,FOLLOWS
521603,543226,FOLLOWS
521641,347868,FOLLOWS
521641,730082,FOLLOWS
521751,335576,FOLLOWS
521751,343723,FOLLOWS
521751,203375,FOLLOWS
521764,106309,FOLLOWS
521965,218847,FOLLOWS
521965,610685,FOLLOWS
521985,460037,FOLLOWS
521985,54027,FOLLOWS
522041,507533,FOLLOWS
522124,174458,FOLLOWS
522182,55659,FOLLOWS
522182,103746,FOLLOWS
522182,160055,FOLLOWS
522182,626981,FOLLOWS
522182,605069,FOLLOWS
522182,64908,FOLLOWS
522286,372020,FOLLOWS
522455,1385307,FOLLOWS
522490,383849,FOLLOWS
522494,360381,FOLLOWS
522494,1061520,FOLLOWS
522513,521118,FOLLOWS
522538,450927,FOLLOWS
522600,383849,FOLLOWS
522622,744868,FOLLOWS
522622,1197912,FOLLOWS
522701,1385600,FOLLOWS
522701,390791,FOLLOWS
522706,263211,FOLLOWS
522753,532369,FOLLOWS
522818,960232,FOLLOWS
522943,411228,FOLLOWS
522943,420255,FOLLOWS
522943,1346470,FOLLOWS
522952,933514,FOLLOWS
523051,839035,FOLLOWS
523077,44723,FOLLOWS
523077,255917,FOLLOWS
523077,372139,FOLLOWS
523077,950587,FOLLOWS
523077,1058783,FOLLOWS
523108,547266,FOLLOWS
523108,644606,FOLLOWS
523138,459123,FOLLOWS
523138,524103,FOLLOWS
523196,276236,FOLLOWS
523196,1168205,FOLLOWS
523196,757155,FOLLOWS
523456,142769,FOLLOWS
523456,145485,FOLLOWS
523456,197760,FOLLOWS
523505,481232,FOLLOWS
523505,1335266,FOLLOWS
523505,1414109,FOLLOWS
523656,226873,FOLLOWS
523656,664791,FOLLOWS
523805,471524,FOLLOWS
523819,473944,FOLLOWS
523819,291924,FOLLOWS
523906,436415,FOLLOWS
523906,753732,FOLLOWS
523906,1018751,FOLLOWS
523927,1168436,FOLLOWS
524015,40842,FOLLOWS
524015,219598,FOLLOWS
524015,285902,FOLLOWS
524103,459123,FOLLOWS
524103,1386429,FOLLOWS
524103,563869,FOLLOWS
524103,931470,FOLLOWS
524277,130785,FOLLOWS
524277,296352,FOLLOWS
524277,402141,FOLLOWS
524434,344550,FOLLOWS
524447,325647,FOLLOWS
524447,98839,FOLLOWS
524463,226661,FOLLOWS
524463,236202,FOLLOWS
524484,242271,FOLLOWS
524502,246678,FOLLOWS
524571,171083,FOLLOWS
524668,750134,FOLLOWS
524722,367978,FOLLOWS
524722,408639,FOLLOWS
524722,432887,FOLLOWS
524722,522513,FOLLOWS
524722,272087,FOLLOWS
524777,1167320,FOLLOWS
524792,167527,FOLLOWS
524792,1045722,FOLLOWS
524792,1057801,FOLLOWS
524813,796492,FOLLOWS
524932,220608,FOLLOWS
524942,751795,FOLLOWS
524942,766079,FOLLOWS
525038,839553,FOLLOWS
525049,125429,FOLLOWS
525049,528514,FOLLOWS
525049,989866,FOLLOWS
525090,41113,FOLLOWS
525092,120555,FOLLOWS
525230,265853,FOLLOWS
525230,316415,FOLLOWS
525267,845099,FOLLOWS
525310,784402,FOLLOWS
525367,40696,FOLLOWS
525367,192993,FOLLOWS
525397,814124,FOLLOWS
525481,255087,FOLLOWS
525481,705677,FOLLOWS
525481,243397,FOLLOWS
525523,167784,FOLLOWS
525596,400348,FOLLOWS
525719,252763,FOLLOWS
525778,782608,FOLLOWS
525816,524668,FOLLOWS
525816,832393,FOLLOWS
525816,282454,FOLLOWS
525816,1017880,FOLLOWS
525816,1173097,FOLLOWS
525858,509468,FOLLOWS
525874,232550,FOLLOWS
525893,524668,FOLLOWS
525983,347868,FOLLOWS
525992,135247,FOLLOWS
526067,500880,FOLLOWS
526113,960443,FOLLOWS
526113,86501,FOLLOWS
526129,526862,FOLLOWS
526152,704501,FOLLOWS
526330,513568,FOLLOWS
526330,546455,FOLLOWS
526330,1009930,FOLLOWS
526393,90050,FOLLOWS
526644,75473,FOLLOWS
526644,151991,FOLLOWS
526644,527026,FOLLOWS
526707,353527,FOLLOWS
526707,763908,FOLLOWS
526707,620740,FOLLOWS
526707,1191700,FOLLOWS
526707,566865,FOLLOWS
526769,798468,FOLLOWS
526771,1250187,FOLLOWS
526776,241500,FOLLOWS
526835,9279,FOLLOWS
526862,1131535,FOLLOWS
526862,581340,FOLLOWS
526905,404279,FOLLOWS
526905,6671,FOLLOWS
527021,209942,FOLLOWS
527021,447995,FOLLOWS
527026,526644,FOLLOWS
527056,447844,FOLLOWS
527056,510208,FOLLOWS
527113,282623,FOLLOWS
527169,85249,FOLLOWS
527261,935711,FOLLOWS
527261,536110,FOLLOWS
527276,159675,FOLLOWS
527295,863271,FOLLOWS
527384,527444,FOLLOWS
527444,527384,FOLLOWS
527462,374411,FOLLOWS
527462,408639,FOLLOWS
527462,68619,FOLLOWS
527462,784462,FOLLOWS
527462,443766,FOLLOWS
527582,613869,FOLLOWS
527582,516077,FOLLOWS
527594,543101,FOLLOWS
527594,767568,FOLLOWS
527594,1282644,FOLLOWS
527661,267382,FOLLOWS
527661,53543,FOLLOWS
527792,500381,FOLLOWS
527792,1156755,FOLLOWS
527792,1291772,FOLLOWS
528014,41732,FOLLOWS
528014,323600,FOLLOWS
528014,347726,FOLLOWS
528014,447683,FOLLOWS
528014,647303,FOLLOWS
528014,982998,FOLLOWS
528014,1128497,FOLLOWS
528030,195454,FOLLOWS
528167,513493,FOLLOWS
528208,730082,FOLLOWS
528272,374543,FOLLOWS
528272,425894,FOLLOWS
528272,1203802,FOLLOWS
528358,121971,FOLLOWS
528498,542552,FOLLOWS
528514,525049,FOLLOWS
528633,494499,FOLLOWS
528690,47224,FOLLOWS
528690,1139040,FOLLOWS
528690,681505,FOLLOWS
528690,711335,FOLLOWS
528700,379506,FOLLOWS
528866,302215,FOLLOWS
529113,339764,FOLLOWS
529231,219598,FOLLOWS
529231,361434,FOLLOWS
529231,447176,FOLLOWS
529231,171524,FOLLOWS
529278,544277,FOLLOWS
529303,674440,FOLLOWS
529348,624544,FOLLOWS
529529,509533,FOLLOWS
529536,819429,FOLLOWS
529641,231256,FOLLOWS
529675,108265,FOLLOWS
529824,41295,FOLLOWS
529824,166050,FOLLOWS
529824,507533,FOLLOWS
530079,53671,FOLLOWS
530079,628901,FOLLOWS
530256,1354736,FOLLOWS
530256,657342,FOLLOWS
530256,1102270,FOLLOWS
530256,575292,FOLLOWS
530256,774022,FOLLOWS
530282,246985,FOLLOWS
530641,417756,FOLLOWS
530654,131988,FOLLOWS
530893,655106,FOLLOWS
530893,679098,FOLLOWS
530917,138117,FOLLOWS
530917,749732,FOLLOWS
530917,885049,FOLLOWS
530917,201074,FOLLOWS
530959,933272,FOLLOWS
530970,408174,FOLLOWS
530970,903907,FOLLOWS
530991,42148,FOLLOWS
530991,343256,FOLLOWS
530991,199007,FOLLOWS
530991,1023483,FOLLOWS
531023,246678,FOLLOWS
531023,371927,FOLLOWS
531298,645618,FOLLOWS
531348,336412,FOLLOWS
531440,802954,FOLLOWS
531498,155150,FOLLOWS
531498,495689,FOLLOWS
531518,110236,FOLLOWS
531518,825376,FOLLOWS
531533,191787,FOLLOWS
531533,930143,FOLLOWS
531533,356074,FOLLOWS
531533,1101220,FOLLOWS
531597,226101,FOLLOWS
531658,275868,FOLLOWS
531821,405893,FOLLOWS
531868,621865,FOLLOWS
531963,183784,FOLLOWS
531963,1062565,FOLLOWS
531963,907013,FOLLOWS
532005,806342,FOLLOWS
532005,877252,FOLLOWS
532010,928947,FOLLOWS
532152,368869,FOLLOWS
532158,539176,FOLLOWS
532197,480248,FOLLOWS
532197,708158,FOLLOWS
532350,875582,FOLLOWS
532369,522753,FOLLOWS
532370,903155,FOLLOWS
532370,943481,FOLLOWS
532372,275212,FOLLOWS
532497,955029,FOLLOWS
532497,866007,FOLLOWS
532497,389,FOLLOWS
532574,327542,FOLLOWS
532574,363104,FOLLOWS
532588,41847,FOLLOWS
532588,532628,FOLLOWS
532588,774621,FOLLOWS
532628,41847,FOLLOWS
532784,500255,FOLLOWS
532786,441350,FOLLOWS
532838,505503,FOLLOWS
532838,263799,FOLLOWS
532880,188980,FOLLOWS
532880,1390931,FOLLOWS
532923,169742,FOLLOWS
532923,189280,FOLLOWS
533001,629498,FOLLOWS
533036,41858,FOLLOWS
533044,177556,FOLLOWS
533044,111943,FOLLOWS
533071,533179,FOLLOWS
533078,778544,FOLLOWS
533135,114565,FOLLOWS
533135,254344,FOLLOWS
533135,685955,FOLLOWS
533161,123646,FOLLOWS
533161,605334,FOLLOWS
533179,326421,FOLLOWS
533433,872954,FOLLOWS
533474,96937,FOLLOWS
533474,496707,FOLLOWS
533509,880388,FOLLOWS
533583,862907,FOLLOWS
533653,532378,FOLLOWS
533675,98136,FOLLOWS
533675,43125,FOLLOWS
533687,265294,FOLLOWS
533731,471169,FOLLOWS
533790,745107,FOLLOWS
533790,79871,FOLLOWS
533790,783020,FOLLOWS
533798,241500,FOLLOWS
533798,821587,FOLLOWS
533824,42148,FOLLOWS
533824,433304,FOLLOWS
533824,451121,FOLLOWS
533824,816605,FOLLOWS
533824,533862,FOLLOWS
533824,205201,FOLLOWS
533859,116787,FOLLOWS
533862,42148,FOLLOWS
533862,251232,FOLLOWS
533862,533824,FOLLOWS
533999,844317,FOLLOWS
534034,783859,FOLLOWS
534093,340399,FOLLOWS
534093,535178,FOLLOWS
534224,1534651,FOLLOWS
534247,535108,FOLLOWS
534281,351392,FOLLOWS
534301,249162,FOLLOWS
534521,146793,FOLLOWS
534521,652308,FOLLOWS
534538,146023,FOLLOWS
534538,187798,FOLLOWS
534538,252555,FOLLOWS
534538,336510,FOLLOWS
534538,542532,FOLLOWS
534538,935423,FOLLOWS
534546,686222,FOLLOWS
534643,42229,FOLLOWS
534925,305419,FOLLOWS
534997,129539,FOLLOWS
534997,456797,FOLLOWS
535021,613621,FOLLOWS
535047,350307,FOLLOWS
535047,108953,FOLLOWS
535108,334703,FOLLOWS
535123,618183,FOLLOWS
535165,857327,FOLLOWS
535174,491021,FOLLOWS
535178,340399,FOLLOWS
535178,534093,FOLLOWS
535178,1046955,FOLLOWS
535220,664014,FOLLOWS
535369,655853,FOLLOWS
535396,679991,FOLLOWS
535524,535937,FOLLOWS
535537,42348,FOLLOWS
535537,632442,FOLLOWS
535540,588952,FOLLOWS
535540,963664,FOLLOWS
535540,590330,FOLLOWS
535540,682087,FOLLOWS
535540,180791,FOLLOWS
535553,932878,FOLLOWS
535578,42348,FOLLOWS
535691,1018815,FOLLOWS
535772,540996,FOLLOWS
535957,42348,FOLLOWS
536125,612602,FOLLOWS
536185,501086,FOLLOWS
536185,1014817,FOLLOWS
536206,271543,FOLLOWS
536215,1393068,FOLLOWS
536227,513162,FOLLOWS
536227,123392,FOLLOWS
536269,1360793,FOLLOWS
536384,436594,FOLLOWS
536384,156178,FOLLOWS
536398,42476,FOLLOWS
536399,42476,FOLLOWS
536399,57543,FOLLOWS
536421,455996,FOLLOWS
536421,546300,FOLLOWS
536421,72392,FOLLOWS
536431,162967,FOLLOWS
536431,460854,FOLLOWS
536431,686200,FOLLOWS
536431,681818,FOLLOWS
536471,261769,FOLLOWS
536471,588290,FOLLOWS
536471,697085,FOLLOWS
536503,270574,FOLLOWS
536517,462677,FOLLOWS
536517,755397,FOLLOWS
536696,378395,FOLLOWS
536721,535937,FOLLOWS
536837,123198,FOLLOWS
536841,77177,FOLLOWS
536841,171067,FOLLOWS
536841,172856,FOLLOWS
536841,538212,FOLLOWS
536940,429243,FOLLOWS
536940,42592,FOLLOWS
536940,545820,FOLLOWS
536940,582963,FOLLOWS
536940,1020540,FOLLOWS
536986,721666,FOLLOWS
537011,783644,FOLLOWS
537099,608415,FOLLOWS
537230,50250,FOLLOWS
537230,1010367,FOLLOWS
537299,415981,FOLLOWS
537299,733995,FOLLOWS
537347,42450,FOLLOWS
537468,321615,FOLLOWS
537468,441191,FOLLOWS
537522,781346,FOLLOWS
537609,352319,FOLLOWS
537609,683586,FOLLOWS
537609,356055,FOLLOWS
537609,986003,FOLLOWS
537633,853132,FOLLOWS
537730,42864,FOLLOWS
537841,343393,FOLLOWS
537846,279936,FOLLOWS
537846,57966,FOLLOWS
537853,304605,FOLLOWS
537870,568608,FOLLOWS
537870,1368885,FOLLOWS
537912,530079,FOLLOWS
538077,728264,FOLLOWS
538186,654095,FOLLOWS
538290,42738,FOLLOWS
538320,524932,FOLLOWS
538476,262782,FOLLOWS
538591,370759,FOLLOWS
538656,333111,FOLLOWS
538656,1043908,FOLLOWS
538683,78725,FOLLOWS
538683,1074042,FOLLOWS
538764,261122,FOLLOWS
538764,1108017,FOLLOWS
538770,625345,FOLLOWS
538770,871159,FOLLOWS
538799,389822,FOLLOWS
538837,246678,FOLLOWS
538837,580406,FOLLOWS
538844,52362,FOLLOWS
538855,653013,FOLLOWS
538888,547266,FOLLOWS
538892,235057,FOLLOWS
538892,246164,FOLLOWS
538892,690841,FOLLOWS
538923,298561,FOLLOWS
538961,383366,FOLLOWS
538961,115714,FOLLOWS
538961,675603,FOLLOWS
538994,236983,FOLLOWS
539000,452235,FOLLOWS
539027,469648,FOLLOWS
539169,197607,FOLLOWS
539169,717129,FOLLOWS
539176,739962,FOLLOWS
539176,371539,FOLLOWS
539365,258394,FOLLOWS
539432,504810,FOLLOWS
539457,285684,FOLLOWS
539525,105008,FOLLOWS
539525,329827,FOLLOWS
539542,935006,FOLLOWS
539609,322228,FOLLOWS
539739,274311,FOLLOWS
539741,130219,FOLLOWS
539741,539876,FOLLOWS
539768,269827,FOLLOWS
539768,82710,FOLLOWS
539768,794866,FOLLOWS
539768,205924,FOLLOWS
539818,197760,FOLLOWS
539882,171845,FOLLOWS
539882,489317,FOLLOWS
539882,809490,FOLLOWS
539882,698863,FOLLOWS
539882,776466,FOLLOWS
539897,811282,FOLLOWS
539919,617574,FOLLOWS
539988,259445,FOLLOWS
539988,563048,FOLLOWS
540161,79130,FOLLOWS
540284,415809,FOLLOWS
540284,747204,FOLLOWS
540346,172955,FOLLOWS
540459,1226300,FOLLOWS
540653,310113,FOLLOWS
540660,106575,FOLLOWS
540660,120023,FOLLOWS
540685,1152606,FOLLOWS
540704,540722,FOLLOWS
540722,540704,FOLLOWS
540798,74154,FOLLOWS
540798,160498,FOLLOWS
540839,495081,FOLLOWS
540839,631833,FOLLOWS
540892,346308,FOLLOWS
540892,638687,FOLLOWS
540892,723759,FOLLOWS
540996,346784,FOLLOWS
540996,535772,FOLLOWS
540996,1073329,FOLLOWS
540996,1222777,FOLLOWS
541077,118925,FOLLOWS
541136,103733,FOLLOWS
541136,22103,FOLLOWS
541136,168944,FOLLOWS
541136,350185,FOLLOWS
541216,279428,FOLLOWS
541270,422540,FOLLOWS
541547,1233505,FOLLOWS
541557,297722,FOLLOWS
541557,347057,FOLLOWS
541641,197549,FOLLOWS
541641,365360,FOLLOWS
541717,698863,FOLLOWS
541763,210576,FOLLOWS
541763,466572,FOLLOWS
541769,594428,FOLLOWS
541769,992870,FOLLOWS
541769,997170,FOLLOWS
541769,1222853,FOLLOWS
541769,1263373,FOLLOWS
541769,1284145,FOLLOWS
541805,66793,FOLLOWS
541805,100659,FOLLOWS
541827,1015953,FOLLOWS
541834,485934,FOLLOWS
541834,1395309,FOLLOWS
541834,216341,FOLLOWS
541841,632442,FOLLOWS
541876,940001,FOLLOWS
541879,324602,FOLLOWS
541992,323262,FOLLOWS
541992,686354,FOLLOWS
542047,49958,FOLLOWS
542047,195454,FOLLOWS
542047,30566,FOLLOWS
542047,333563,FOLLOWS
542097,42988,FOLLOWS
542109,636627,FOLLOWS
542115,322424,FOLLOWS
542175,286284,FOLLOWS
542175,322413,FOLLOWS
542175,403408,FOLLOWS
542175,481850,FOLLOWS
542349,355653,FOLLOWS
542349,364569,FOLLOWS
542349,1102179,FOLLOWS
542379,839118,FOLLOWS
542448,203345,FOLLOWS
542448,266790,FOLLOWS
542448,636332,FOLLOWS
542448,681287,FOLLOWS
542448,709385,FOLLOWS
542499,154044,FOLLOWS
542499,495350,FOLLOWS
542499,631695,FOLLOWS
542499,432964,FOLLOWS
542499,105284,FOLLOWS
542499,542532,FOLLOWS
542532,154044,FOLLOWS
542532,508646,FOLLOWS
542532,257154,FOLLOWS
542532,105284,FOLLOWS
542532,534538,FOLLOWS
542552,625301,FOLLOWS
542552,745544,FOLLOWS
542552,645992,FOLLOWS
542552,3435,FOLLOWS
542552,689216,FOLLOWS
542552,687535,FOLLOWS
542552,89328,FOLLOWS
542602,454627,FOLLOWS
542612,147392,FOLLOWS
542638,352572,FOLLOWS
542653,362019,FOLLOWS
542935,256121,FOLLOWS
542935,413668,FOLLOWS
542935,426439,FOLLOWS
542935,594129,FOLLOWS
543034,1127063,FOLLOWS
543034,847553,FOLLOWS
543034,74869,FOLLOWS
543101,527594,FOLLOWS
543117,90474,FOLLOWS
543117,133983,FOLLOWS
543117,454929,FOLLOWS
543117,823709,FOLLOWS
543117,191466,FOLLOWS
543131,729777,FOLLOWS
543131,554764,FOLLOWS
543221,615880,FOLLOWS
543226,849473,FOLLOWS
543325,803789,FOLLOWS
543392,227205,FOLLOWS
543392,399179,FOLLOWS
543414,481505,FOLLOWS
543578,52005,FOLLOWS
543631,538955,FOLLOWS
543741,66413,FOLLOWS
543855,296407,FOLLOWS
543855,325607,FOLLOWS
543855,847049,FOLLOWS
543855,1019880,FOLLOWS
543887,61257,FOLLOWS
543887,126863,FOLLOWS
543887,319821,FOLLOWS
543888,360478,FOLLOWS
543888,897554,FOLLOWS
544043,184139,FOLLOWS
544043,513511,FOLLOWS
544112,504795,FOLLOWS
544236,1118301,FOLLOWS
544236,58747,FOLLOWS
544337,517384,FOLLOWS
544520,732992,FOLLOWS
544605,703012,FOLLOWS
544605,234947,FOLLOWS
544854,152714,FOLLOWS
544866,142506,FOLLOWS
544968,668939,FOLLOWS
545064,97842,FOLLOWS
545064,322773,FOLLOWS
545072,325553,FOLLOWS
545083,692430,FOLLOWS
545083,779371,FOLLOWS
545150,305873,FOLLOWS
545227,677446,FOLLOWS
545227,388326,FOLLOWS
545227,1020356,FOLLOWS
545227,589571,FOLLOWS
545227,1397159,FOLLOWS
545466,600210,FOLLOWS
545527,451706,FOLLOWS
545527,193987,FOLLOWS
545534,475440,FOLLOWS
545534,629665,FOLLOWS
545621,212236,FOLLOWS
545621,258458,FOLLOWS
545621,548122,FOLLOWS
545637,1046751,FOLLOWS
545637,1397390,FOLLOWS
545637,118778,FOLLOWS
545637,1397453,FOLLOWS
545637,952964,FOLLOWS
545644,43518,FOLLOWS
545644,503881,FOLLOWS
545749,639671,FOLLOWS
545813,545848,FOLLOWS
545820,536940,FOLLOWS
545820,547266,FOLLOWS
545820,338154,FOLLOWS
545848,545813,FOLLOWS
545857,619574,FOLLOWS
545882,95649,FOLLOWS
545955,283421,FOLLOWS
545955,800579,FOLLOWS
545955,992350,FOLLOWS
545955,1029833,FOLLOWS
545998,395009,FOLLOWS
546049,546734,FOLLOWS
546050,1103197,FOLLOWS
546104,208717,FOLLOWS
546104,414865,FOLLOWS
546125,323326,FOLLOWS
546169,143204,FOLLOWS
546244,494194,FOLLOWS
546244,562507,FOLLOWS
546244,634431,FOLLOWS
546286,362303,FOLLOWS
546286,552377,FOLLOWS
546286,281721,FOLLOWS
546286,1338803,FOLLOWS
546300,536421,FOLLOWS
546318,930228,FOLLOWS
546499,237915,FOLLOWS
546499,403640,FOLLOWS
546499,941075,FOLLOWS
546499,223232,FOLLOWS
546583,944490,FOLLOWS
546583,1094058,FOLLOWS
546642,610123,FOLLOWS
546734,546049,FOLLOWS
546829,318725,FOLLOWS
546889,86292,FOLLOWS
546900,416847,FOLLOWS
546927,272547,FOLLOWS
546927,338757,FOLLOWS
546927,629665,FOLLOWS
546927,825360,FOLLOWS
546931,158728,FOLLOWS
547075,322224,FOLLOWS
547119,110220,FOLLOWS
547122,506064,FOLLOWS
547122,706580,FOLLOWS
547266,523108,FOLLOWS
547266,545820,FOLLOWS
547266,545911,FOLLOWS
547266,538888,FOLLOWS
547266,582963,FOLLOWS
547266,311865,FOLLOWS
547303,196193,FOLLOWS
547356,486067,FOLLOWS
547389,472301,FOLLOWS
547389,472433,FOLLOWS
547459,334470,FOLLOWS
547463,850284,FOLLOWS
547497,166993,FOLLOWS
547497,98407,FOLLOWS
547507,250452,FOLLOWS
547507,478902,FOLLOWS
547507,167120,FOLLOWS
547528,98513,FOLLOWS
547528,910561,FOLLOWS
547528,806762,FOLLOWS
547528,334448,FOLLOWS
547528,835740,FOLLOWS
547617,135383,FOLLOWS
547643,7932,FOLLOWS
547747,149927,FOLLOWS
547805,159271,FOLLOWS
547805,229616,FOLLOWS
547805,265525,FOLLOWS
547805,1012874,FOLLOWS
548122,260830,FOLLOWS
548122,121566,FOLLOWS
548122,545621,FOLLOWS
548142,172962,FOLLOWS
548142,518767,FOLLOWS
548142,339184,FOLLOWS
548142,648109,FOLLOWS
548142,865646,FOLLOWS
548142,548405,FOLLOWS
548156,967909,FOLLOWS
548167,742356,FOLLOWS
548175,478954,FOLLOWS
548194,136610,FOLLOWS
548201,293361,FOLLOWS
548244,228932,FOLLOWS
548271,123749,FOLLOWS
548271,162279,FOLLOWS
548271,210157,FOLLOWS
548353,90024,FOLLOWS
548353,352315,FOLLOWS
548353,736261,FOLLOWS
548353,1022256,FOLLOWS
548377,326007,FOLLOWS
548425,1270658,FOLLOWS
548561,51659,FOLLOWS
548561,348065,FOLLOWS
548561,375477,FOLLOWS
548561,416791,FOLLOWS
548561,506028,FOLLOWS
548561,512430,FOLLOWS
548561,519130,FOLLOWS
548561,289860,FOLLOWS
548561,1200996,FOLLOWS
548564,14090,FOLLOWS
548564,858827,FOLLOWS
548567,422476,FOLLOWS
548689,250456,FOLLOWS
548689,422476,FOLLOWS
548689,538211,FOLLOWS
548730,166802,FOLLOWS
548730,707157,FOLLOWS
548730,875086,FOLLOWS
548830,40421,FOLLOWS
548859,751700,FOLLOWS
548859,769713,FOLLOWS
548894,612602,FOLLOWS
548898,102444,FOLLOWS
549059,935330,FOLLOWS
549059,1096417,FOLLOWS
549276,200714,FOLLOWS
549276,805108,FOLLOWS
549397,134938,FOLLOWS
549397,480601,FOLLOWS
549397,675687,FOLLOWS
549397,878430,FOLLOWS
549403,438213,FOLLOWS
549429,1038392,FOLLOWS
549498,469868,FOLLOWS
549539,221766,FOLLOWS
549539,581288,FOLLOWS
549539,1128854,FOLLOWS
549590,164648,FOLLOWS
549590,456664,FOLLOWS
549590,511616,FOLLOWS
549590,512430,FOLLOWS
549616,509688,FOLLOWS
549616,1255645,FOLLOWS
549616,648363,FOLLOWS
549648,249205,FOLLOWS
549648,277580,FOLLOWS
549648,739734,FOLLOWS
549648,983746,FOLLOWS
549749,405369,FOLLOWS
549776,921542,FOLLOWS
549823,470474,FOLLOWS
549830,518220,FOLLOWS
549909,703401,FOLLOWS
550022,226439,FOLLOWS
550053,43681,FOLLOWS
550062,815544,FOLLOWS
550067,150553,FOLLOWS
550183,756871,FOLLOWS
550218,44047,FOLLOWS
550252,604121,FOLLOWS
550336,372254,FOLLOWS
550369,108492,FOLLOWS
550369,895521,FOLLOWS
550489,411623,FOLLOWS
550489,344525,FOLLOWS
550565,1347947,FOLLOWS
550580,163649,FOLLOWS
550580,200779,FOLLOWS
550766,310787,FOLLOWS
550766,623881,FOLLOWS
550766,2890,FOLLOWS
550778,1081736,FOLLOWS
550778,1022903,FOLLOWS
550840,413941,FOLLOWS
550844,120967,FOLLOWS
550844,471169,FOLLOWS
550844,835471,FOLLOWS
550844,849624,FOLLOWS
550870,715459,FOLLOWS
551016,639933,FOLLOWS
551053,839376,FOLLOWS
551053,1177721,FOLLOWS
551053,944600,FOLLOWS
551098,965418,FOLLOWS
551114,69120,FOLLOWS
551114,614566,FOLLOWS
551198,213622,FOLLOWS
551198,346997,FOLLOWS
551198,769002,FOLLOWS
551198,1118071,FOLLOWS
551198,738773,FOLLOWS
551375,302465,FOLLOWS
551444,676629,FOLLOWS
551444,769002,FOLLOWS
551467,276312,FOLLOWS
551584,674640,FOLLOWS
551621,104931,FOLLOWS
551621,865193,FOLLOWS
551621,307629,FOLLOWS
551621,227453,FOLLOWS
551621,330121,FOLLOWS
551728,194384,FOLLOWS
551826,1014802,FOLLOWS
551826,551836,FOLLOWS
551840,629380,FOLLOWS
551928,347376,FOLLOWS
551928,738783,FOLLOWS
552310,111288,FOLLOWS
552310,1000616,FOLLOWS
552377,546286,FOLLOWS
552377,227885,FOLLOWS
552377,87801,FOLLOWS
552626,241672,FOLLOWS
552626,339126,FOLLOWS
552626,662506,FOLLOWS
552653,440552,FOLLOWS
552653,453114,FOLLOWS
552653,843807,FOLLOWS
552653,203075,FOLLOWS
552653,740962,FOLLOWS
552689,445471,FOLLOWS
552748,500255,FOLLOWS
552748,282243,FOLLOWS
552748,701040,FOLLOWS
552748,68619,FOLLOWS
552748,282454,FOLLOWS
552754,98407,FOLLOWS
552755,1308738,FOLLOWS
552768,417652,FOLLOWS
552804,1058388,FOLLOWS
552863,645948,FOLLOWS
552913,836239,FOLLOWS
552976,73155,FOLLOWS
552976,494773,FOLLOWS
553015,137425,FOLLOWS
553015,853701,FOLLOWS
553039,338757,FOLLOWS
553039,553239,FOLLOWS
553039,811584,FOLLOWS
553082,92402,FOLLOWS
553170,288620,FOLLOWS
553170,1202498,FOLLOWS
553239,341796,FOLLOWS
553239,696180,FOLLOWS
553239,553039,FOLLOWS
553239,896316,FOLLOWS
553239,737031,FOLLOWS
553239,400807,FOLLOWS
553251,795620,FOLLOWS
553364,100308,FOLLOWS
553364,808175,FOLLOWS
553364,256942,FOLLOWS
553386,123902,FOLLOWS
553552,550414,FOLLOWS
553552,144296,FOLLOWS
553552,292675,FOLLOWS
553552,1207254,FOLLOWS
553580,65058,FOLLOWS
553580,335172,FOLLOWS
553580,448719,FOLLOWS
553580,551016,FOLLOWS
553580,980564,FOLLOWS
553654,220115,FOLLOWS
553694,285808,FOLLOWS
553694,552310,FOLLOWS
553736,479577,FOLLOWS
553762,305168,FOLLOWS
553775,1136770,FOLLOWS
553814,770856,FOLLOWS
553917,209319,FOLLOWS
553998,232620,FOLLOWS
554039,757155,FOLLOWS
554133,380264,FOLLOWS
554155,91534,FOLLOWS
554155,397630,FOLLOWS
554155,483657,FOLLOWS
554194,586552,FOLLOWS
554194,629568,FOLLOWS
554446,441577,FOLLOWS
554501,494787,FOLLOWS
554508,815347,FOLLOWS
554541,171719,FOLLOWS
554541,188912,FOLLOWS
554541,731125,FOLLOWS
554541,1028559,FOLLOWS
554541,648729,FOLLOWS
554541,739510,FOLLOWS
554541,752243,FOLLOWS
554563,184644,FOLLOWS
554563,892890,FOLLOWS
554563,902579,FOLLOWS
554600,51618,FOLLOWS
554600,496852,FOLLOWS
554635,438171,FOLLOWS
554635,949608,FOLLOWS
554643,303821,FOLLOWS
554643,641212,FOLLOWS
554764,83171,FOLLOWS
554764,543131,FOLLOWS
554809,431969,FOLLOWS
554924,546286,FOLLOWS
554924,848163,FOLLOWS
554939,110178,FOLLOWS
554939,578188,FOLLOWS
554967,302406,FOLLOWS
555081,849657,FOLLOWS
555081,555085,FOLLOWS
555081,498204,FOLLOWS
555085,153939,FOLLOWS
555085,555081,FOLLOWS
555206,816646,FOLLOWS
555252,703525,FOLLOWS
555252,825642,FOLLOWS
555252,1171633,FOLLOWS
555435,1216684,FOLLOWS
555462,340421,FOLLOWS
555462,135991,FOLLOWS
555462,114152,FOLLOWS
555476,232386,FOLLOWS
555916,766590,FOLLOWS
555953,371510,FOLLOWS
556032,692845,FOLLOWS
556110,355653,FOLLOWS
556110,932853,FOLLOWS
556110,1143664,FOLLOWS
556177,684206,FOLLOWS
556190,372820,FOLLOWS
556238,495689,FOLLOWS
556413,838123,FOLLOWS
556538,118414,FOLLOWS
556538,347067,FOLLOWS
556538,211060,FOLLOWS
556559,405369,FOLLOWS
556559,525596,FOLLOWS
556559,579597,FOLLOWS
556632,481524,FOLLOWS
556648,296457,FOLLOWS
556648,962387,FOLLOWS
556648,390468,FOLLOWS
556711,108588,FOLLOWS
556789,44757,FOLLOWS
556796,51775,FOLLOWS
556796,722494,FOLLOWS
556796,706307,FOLLOWS
556880,575292,FOLLOWS
556916,475797,FOLLOWS
556964,352000,FOLLOWS
556975,44723,FOLLOWS
556984,44827,FOLLOWS
556984,255087,FOLLOWS
556995,215370,FOLLOWS
557005,347220,FOLLOWS
557005,629887,FOLLOWS
557102,44723,FOLLOWS
557184,116787,FOLLOWS
557198,44723,FOLLOWS
557198,262089,FOLLOWS
557198,512723,FOLLOWS
557198,557276,FOLLOWS
557202,44723,FOLLOWS
557245,44723,FOLLOWS
557245,809555,FOLLOWS
557245,730082,FOLLOWS
557276,44723,FOLLOWS
557276,557102,FOLLOWS
557276,1047841,FOLLOWS
557276,109909,FOLLOWS
557276,1032076,FOLLOWS
557346,4566,FOLLOWS
557357,160075,FOLLOWS
557385,1493880,FOLLOWS
557414,127747,FOLLOWS
557591,235700,FOLLOWS
557660,265037,FOLLOWS
557660,518834,FOLLOWS
557921,1114297,FOLLOWS
557921,802805,FOLLOWS
557921,634244,FOLLOWS
558118,804807,FOLLOWS
558158,84869,FOLLOWS
558296,217989,FOLLOWS
558319,414476,FOLLOWS
558319,423164,FOLLOWS
558319,463977,FOLLOWS
558344,44768,FOLLOWS
558344,1396702,FOLLOWS
558507,84658,FOLLOWS
558507,335777,FOLLOWS
558510,335777,FOLLOWS
558704,283716,FOLLOWS
558719,212929,FOLLOWS
559020,605109,FOLLOWS
559047,237293,FOLLOWS
559047,912025,FOLLOWS
559184,200714,FOLLOWS
559210,245026,FOLLOWS
559210,239116,FOLLOWS
559238,1402972,FOLLOWS
559281,1107098,FOLLOWS
559286,445915,FOLLOWS
559286,69942,FOLLOWS
559286,1363560,FOLLOWS
559288,520680,FOLLOWS
559383,389829,FOLLOWS
559515,405439,FOLLOWS
559537,404095,FOLLOWS
559617,559619,FOLLOWS
559617,373748,FOLLOWS
559617,25486,FOLLOWS
559619,559617,FOLLOWS
559619,499297,FOLLOWS
559705,351644,FOLLOWS
559705,764353,FOLLOWS
559730,279774,FOLLOWS
559730,87459,FOLLOWS
559730,1366225,FOLLOWS
559776,424824,FOLLOWS
559783,841710,FOLLOWS
559799,583983,FOLLOWS
559801,666699,FOLLOWS
560246,252082,FOLLOWS
560246,772940,FOLLOWS
560537,1128854,FOLLOWS
560573,153129,FOLLOWS
560755,809518,FOLLOWS
560761,873146,FOLLOWS
560761,546049,FOLLOWS
560766,701599,FOLLOWS
560923,121696,FOLLOWS
560968,740615,FOLLOWS
560968,793611,FOLLOWS
560968,532316,FOLLOWS
561090,142424,FOLLOWS
561177,292892,FOLLOWS
561512,466572,FOLLOWS
561529,255087,FOLLOWS
561529,271019,FOLLOWS
561529,286784,FOLLOWS
561529,323600,FOLLOWS
561529,455993,FOLLOWS
561529,534809,FOLLOWS
561529,163329,FOLLOWS
561529,494823,FOLLOWS
561529,758988,FOLLOWS
561529,146113,FOLLOWS
561529,845981,FOLLOWS
561529,494872,FOLLOWS
561649,389730,FOLLOWS
561649,535691,FOLLOWS
561649,945570,FOLLOWS
561649,1018815,FOLLOWS
561852,496396,FOLLOWS
561950,121108,FOLLOWS
561950,316237,FOLLOWS
562028,1121585,FOLLOWS
562028,688313,FOLLOWS
562028,320513,FOLLOWS
562028,871928,FOLLOWS
562028,1085819,FOLLOWS
562177,211403,FOLLOWS
562218,171361,FOLLOWS
562218,335634,FOLLOWS
562218,307279,FOLLOWS
562218,343017,FOLLOWS
562481,539436,FOLLOWS
562507,546244,FOLLOWS
562507,562509,FOLLOWS
562509,562507,FOLLOWS
562509,428534,FOLLOWS
562622,562566,FOLLOWS
562711,228486,FOLLOWS
562711,345920,FOLLOWS
562729,87415,FOLLOWS
562798,166675,FOLLOWS
562847,486857,FOLLOWS
562847,539758,FOLLOWS
562847,271666,FOLLOWS
562911,205817,FOLLOWS
562911,252702,FOLLOWS
562985,1253664,FOLLOWS
563018,282243,FOLLOWS
563048,429191,FOLLOWS
563048,539988,FOLLOWS
563048,896551,FOLLOWS
563126,1404878,FOLLOWS
563260,109600,FOLLOWS
563371,107298,FOLLOWS
563437,417387,FOLLOWS
563457,535178,FOLLOWS
563620,157822,FOLLOWS
563637,399691,FOLLOWS
563677,398041,FOLLOWS
563677,472911,FOLLOWS
563677,353472,FOLLOWS
563763,501086,FOLLOWS
563763,772940,FOLLOWS
563792,187596,FOLLOWS
563808,1043021,FOLLOWS
563869,524103,FOLLOWS
563869,543226,FOLLOWS
563869,88798,FOLLOWS
563869,931470,FOLLOWS
563972,480379,FOLLOWS
563977,683153,FOLLOWS
563977,504294,FOLLOWS
563977,681818,FOLLOWS
564101,833915,FOLLOWS
564182,526448,FOLLOWS
564232,511874,FOLLOWS
564273,465249,FOLLOWS
564273,503655,FOLLOWS
564367,87937,FOLLOWS
564367,550495,FOLLOWS
564367,820110,FOLLOWS
564367,564565,FOLLOWS
564455,564470,FOLLOWS
564455,701040,FOLLOWS
564486,282454,FOLLOWS
564486,661036,FOLLOWS
564652,298454,FOLLOWS
564751,132242,FOLLOWS
564751,1135139,FOLLOWS
564751,665402,FOLLOWS
564805,297376,FOLLOWS
564805,772443,FOLLOWS
564869,162279,FOLLOWS
564888,778954,FOLLOWS
564888,480119,FOLLOWS
564991,277602,FOLLOWS
565097,783514,FOLLOWS
565101,1181262,FOLLOWS
565478,940302,FOLLOWS
565633,597604,FOLLOWS
565661,389822,FOLLOWS
565661,843221,FOLLOWS
565661,37263,FOLLOWS
565877,1405915,FOLLOWS
566138,45653,FOLLOWS
566138,210457,FOLLOWS
566183,45653,FOLLOWS
566244,475263,FOLLOWS
566244,212837,FOLLOWS
566296,436415,FOLLOWS
566296,279916,FOLLOWS
566372,331429,FOLLOWS
566372,661821,FOLLOWS
566506,285808,FOLLOWS
566506,794422,FOLLOWS
566571,567760,FOLLOWS
566676,361478,FOLLOWS
566676,461780,FOLLOWS
566676,876226,FOLLOWS
566728,111545,FOLLOWS
566766,203171,FOLLOWS
566865,1191700,FOLLOWS
566982,50484,FOLLOWS
566982,133788,FOLLOWS
566982,415800,FOLLOWS
567021,146793,FOLLOWS
567021,411620,FOLLOWS
567070,566908,FOLLOWS
567153,443330,FOLLOWS
567153,1002773,FOLLOWS
567337,427884,FOLLOWS
567449,787296,FOLLOWS
567557,322246,FOLLOWS
567557,988527,FOLLOWS
567557,668963,FOLLOWS
567662,434356,FOLLOWS
567678,139355,FOLLOWS
567711,434356,FOLLOWS
567783,296676,FOLLOWS
567783,711898,FOLLOWS
567869,90173,FOLLOWS
568024,521206,FOLLOWS
568024,713404,FOLLOWS
568107,622716,FOLLOWS
568175,371847,FOLLOWS
568175,623191,FOLLOWS
568223,354130,FOLLOWS
568247,481933,FOLLOWS
568255,74146,FOLLOWS
568391,539365,FOLLOWS
568537,1536053,FOLLOWS
568540,951050,FOLLOWS
568540,789680,FOLLOWS
568540,666009,FOLLOWS
568540,964282,FOLLOWS
568608,537870,FOLLOWS
568726,472651,FOLLOWS
568785,297600,FOLLOWS
568785,385833,FOLLOWS
568785,562480,FOLLOWS
568785,662865,FOLLOWS
568785,147125,FOLLOWS
568785,386165,FOLLOWS
568837,1104452,FOLLOWS
568867,385839,FOLLOWS
568871,456307,FOLLOWS
568871,461897,FOLLOWS
568871,467228,FOLLOWS
568982,277141,FOLLOWS
569010,569033,FOLLOWS
569010,90964,FOLLOWS
569033,569010,FOLLOWS
569038,153916,FOLLOWS
569038,940050,FOLLOWS
569045,389829,FOLLOWS
569045,143662,FOLLOWS
569345,342064,FOLLOWS
569382,465165,FOLLOWS
569382,825185,FOLLOWS
569387,568835,FOLLOWS
569522,86044,FOLLOWS
569522,858927,FOLLOWS
569631,263204,FOLLOWS
569631,1106053,FOLLOWS
569633,605069,FOLLOWS
569803,467180,FOLLOWS
569818,356085,FOLLOWS
569853,246394,FOLLOWS
569853,279936,FOLLOWS
569893,223937,FOLLOWS
569899,463925,FOLLOWS
569970,161368,FOLLOWS
569970,197607,FOLLOWS
570154,687535,FOLLOWS
570154,1251370,FOLLOWS
570154,734687,FOLLOWS
570154,527056,FOLLOWS
570154,740645,FOLLOWS
570154,47559,FOLLOWS
570320,115993,FOLLOWS
570320,825360,FOLLOWS
570320,973764,FOLLOWS
570362,610123,FOLLOWS
570403,404424,FOLLOWS
570434,1229128,FOLLOWS
570449,66449,FOLLOWS
570449,884795,FOLLOWS
570584,296676,FOLLOWS
570584,328295,FOLLOWS
570584,448831,FOLLOWS
570584,603278,FOLLOWS
570619,230631,FOLLOWS
570619,1111906,FOLLOWS
570691,180314,FOLLOWS
570756,282609,FOLLOWS
570756,173540,FOLLOWS
570816,628440,FOLLOWS
570934,154151,FOLLOWS
570934,184340,FOLLOWS
570934,212496,FOLLOWS
570934,373787,FOLLOWS
570940,288661,FOLLOWS
570940,420255,FOLLOWS
571063,571392,FOLLOWS
571063,564338,FOLLOWS
571063,1408678,FOLLOWS
571113,2814,FOLLOWS
571113,881534,FOLLOWS
571113,196391,FOLLOWS
571392,271635,FOLLOWS
571392,571063,FOLLOWS
571392,1032637,FOLLOWS
571421,129716,FOLLOWS
571494,159242,FOLLOWS
571501,249205,FOLLOWS
571501,546927,FOLLOWS
571523,688626,FOLLOWS
571774,137425,FOLLOWS
571774,853701,FOLLOWS
571829,572051,FOLLOWS
571848,46488,FOLLOWS
571855,480010,FOLLOWS
571855,699811,FOLLOWS
571855,970931,FOLLOWS
571866,275222,FOLLOWS
571866,415749,FOLLOWS
571866,11653,FOLLOWS
571958,20640,FOLLOWS
572051,571829,FOLLOWS
572178,91162,FOLLOWS
572178,377006,FOLLOWS
572178,617531,FOLLOWS
572210,58365,FOLLOWS
572210,493193,FOLLOWS
572233,338229,FOLLOWS
572233,637404,FOLLOWS
572233,719258,FOLLOWS
572498,46802,FOLLOWS
572498,637679,FOLLOWS
572653,377739,FOLLOWS
572653,598062,FOLLOWS
572686,353206,FOLLOWS
572849,1047301,FOLLOWS
572849,1122273,FOLLOWS
572886,462434,FOLLOWS
572886,1144720,FOLLOWS
572886,457850,FOLLOWS
572886,746757,FOLLOWS
572923,169006,FOLLOWS
572923,343652,FOLLOWS
573125,59906,FOLLOWS
573125,627508,FOLLOWS
573125,227958,FOLLOWS
573142,517384,FOLLOWS
573142,776070,FOLLOWS
573142,787354,FOLLOWS
573162,649371,FOLLOWS
573183,430180,FOLLOWS
573262,253787,FOLLOWS
573278,591313,FOLLOWS
573278,484179,FOLLOWS
573360,685448,FOLLOWS
573360,932827,FOLLOWS
573456,315268,FOLLOWS
573695,1409800,FOLLOWS
573695,593631,FOLLOWS
573909,591560,FOLLOWS
574027,323892,FOLLOWS
574027,479638,FOLLOWS
574055,1054752,FOLLOWS
574055,1186612,FOLLOWS
574108,845999,FOLLOWS
574137,52308,FOLLOWS
574203,574205,FOLLOWS
574205,574203,FOLLOWS
574211,110558,FOLLOWS
574294,721299,FOLLOWS
574346,743853,FOLLOWS
574488,369885,FOLLOWS
574488,757566,FOLLOWS
574488,1329459,FOLLOWS
574529,313238,FOLLOWS
574529,532316,FOLLOWS
574551,477975,FOLLOWS
574551,675114,FOLLOWS
574551,771820,FOLLOWS
574761,73155,FOLLOWS
574793,47014,FOLLOWS
574797,130248,FOLLOWS
574797,1194776,FOLLOWS
574797,348263,FOLLOWS
574943,903365,FOLLOWS
575122,631426,FOLLOWS
575122,733100,FOLLOWS
575214,575644,FOLLOWS
575287,47096,FOLLOWS
575287,319608,FOLLOWS
575383,432531,FOLLOWS
575383,752671,FOLLOWS
575644,575214,FOLLOWS
575683,443652,FOLLOWS
575683,1410868,FOLLOWS
575683,226160,FOLLOWS
575742,173067,FOLLOWS
575742,501086,FOLLOWS
575742,628242,FOLLOWS
575742,1027867,FOLLOWS
575742,769415,FOLLOWS
575742,257020,FOLLOWS
575742,607373,FOLLOWS
575742,1159065,FOLLOWS
575742,860450,FOLLOWS
575742,292446,FOLLOWS
575827,484675,FOLLOWS
575827,479353,FOLLOWS
575827,1040402,FOLLOWS
575842,166675,FOLLOWS
576034,510208,FOLLOWS
576034,1052225,FOLLOWS
576194,553654,FOLLOWS
576370,825457,FOLLOWS
576402,895575,FOLLOWS
576414,448070,FOLLOWS
576433,658687,FOLLOWS
576446,508166,FOLLOWS
576671,469233,FOLLOWS
576692,545637,FOLLOWS
576922,232550,FOLLOWS
577089,146580,FOLLOWS
577089,696965,FOLLOWS
577089,787096,FOLLOWS
577089,67851,FOLLOWS
577089,178251,FOLLOWS
577089,1088578,FOLLOWS
577101,47224,FOLLOWS
577101,74699,FOLLOWS
577101,275212,FOLLOWS
577101,490612,FOLLOWS
577424,120764,FOLLOWS
577424,521317,FOLLOWS
577424,639377,FOLLOWS
577541,1191884,FOLLOWS
577634,1411925,FOLLOWS
577800,161034,FOLLOWS
577899,192941,FOLLOWS
577899,322224,FOLLOWS
577899,593648,FOLLOWS
577904,631426,FOLLOWS
577904,89328,FOLLOWS
577904,575122,FOLLOWS
578154,288528,FOLLOWS
578154,855860,FOLLOWS
578183,47376,FOLLOWS
578183,110178,FOLLOWS
578183,578188,FOLLOWS
578188,47376,FOLLOWS
578188,578183,FOLLOWS
578188,578226,FOLLOWS
578188,554939,FOLLOWS
578188,615059,FOLLOWS
578226,47376,FOLLOWS
578226,578188,FOLLOWS
578226,615059,FOLLOWS
578226,735157,FOLLOWS
578336,303284,FOLLOWS
578367,286046,FOLLOWS
578392,161034,FOLLOWS
578434,66670,FOLLOWS
578434,160055,FOLLOWS
578564,54158,FOLLOWS
578564,103746,FOLLOWS
578602,299433,FOLLOWS
578612,774677,FOLLOWS
578612,713122,FOLLOWS
578992,414865,FOLLOWS
578992,173145,FOLLOWS
578992,859663,FOLLOWS
579118,327542,FOLLOWS
579118,532574,FOLLOWS
579118,363104,FOLLOWS
579206,447844,FOLLOWS
579240,110178,FOLLOWS
579278,739703,FOLLOWS
579341,921546,FOLLOWS
579451,152351,FOLLOWS
579451,773216,FOLLOWS
579582,766590,FOLLOWS
579743,454719,FOLLOWS
579743,505582,FOLLOWS
579849,709385,FOLLOWS
579849,817619,FOLLOWS
579892,979914,FOLLOWS
579924,271379,FOLLOWS
579924,859182,FOLLOWS
579954,414581,FOLLOWS
579954,518653,FOLLOWS
579954,1092236,FOLLOWS
579967,286525,FOLLOWS
579967,1213014,FOLLOWS
579967,478695,FOLLOWS
579967,96687,FOLLOWS
580089,1170378,FOLLOWS
580105,298060,FOLLOWS
580115,52488,FOLLOWS
580234,697950,FOLLOWS
580234,45306,FOLLOWS
580234,445059,FOLLOWS
580236,180442,FOLLOWS
580236,238460,FOLLOWS
580236,140976,FOLLOWS
580284,226961,FOLLOWS
580312,47505,FOLLOWS
580376,594527,FOLLOWS
580380,47505,FOLLOWS
580406,538837,FOLLOWS
580406,751250,FOLLOWS
580594,893128,FOLLOWS
580594,384663,FOLLOWS
580594,594074,FOLLOWS
580594,621585,FOLLOWS
580607,160181,FOLLOWS
580607,252775,FOLLOWS
580607,443740,FOLLOWS
580607,508580,FOLLOWS
580635,727926,FOLLOWS
580654,365073,FOLLOWS
580697,105284,FOLLOWS
580745,430164,FOLLOWS
580849,1525613,FOLLOWS
580871,1414862,FOLLOWS
580976,581078,FOLLOWS
581001,1336695,FOLLOWS
581003,1363405,FOLLOWS
581051,47882,FOLLOWS
581078,85249,FOLLOWS
581078,580976,FOLLOWS
581078,842838,FOLLOWS
581103,506496,FOLLOWS
581130,435177,FOLLOWS
581130,274249,FOLLOWS
581239,790109,FOLLOWS
581239,425176,FOLLOWS
581288,549539,FOLLOWS
581288,631695,FOLLOWS
581288,456797,FOLLOWS
581421,68728,FOLLOWS
581421,249133,FOLLOWS
581442,247786,FOLLOWS
581497,478928,FOLLOWS
581497,336398,FOLLOWS
581538,493985,FOLLOWS
581538,959867,FOLLOWS
581581,579547,FOLLOWS
581635,1068085,FOLLOWS
581635,197279,FOLLOWS
581635,94431,FOLLOWS
581638,310941,FOLLOWS
581638,915203,FOLLOWS
581638,855392,FOLLOWS
581673,677797,FOLLOWS
581801,582818,FOLLOWS
582009,155356,FOLLOWS
582024,55384,FOLLOWS
582138,271905,FOLLOWS
582138,482273,FOLLOWS
582226,521206,FOLLOWS
582289,1427619,FOLLOWS
582329,521603,FOLLOWS
582459,1414179,FOLLOWS
582516,373252,FOLLOWS
582763,1414801,FOLLOWS
582763,1414978,FOLLOWS
582763,1414984,FOLLOWS
582868,246525,FOLLOWS
582868,335576,FOLLOWS
582868,86662,FOLLOWS
582868,682547,FOLLOWS
582868,26923,FOLLOWS
582880,431481,FOLLOWS
582922,445461,FOLLOWS
582962,967478,FOLLOWS
582963,536940,FOLLOWS
582976,276519,FOLLOWS
583114,1083591,FOLLOWS
583127,288811,FOLLOWS
583127,467663,FOLLOWS
583218,260103,FOLLOWS
583334,354925,FOLLOWS
583456,583457,FOLLOWS
583456,1048680,FOLLOWS
583457,453059,FOLLOWS
583492,305946,FOLLOWS
583495,236835,FOLLOWS
583495,390150,FOLLOWS
583764,276345,FOLLOWS
583764,368869,FOLLOWS
583883,519579,FOLLOWS
584139,268886,FOLLOWS
584323,160525,FOLLOWS
584346,1032076,FOLLOWS
584438,277368,FOLLOWS
584438,272279,FOLLOWS
584438,193987,FOLLOWS
584438,419507,FOLLOWS
584751,164648,FOLLOWS
584751,383221,FOLLOWS
584751,1365789,FOLLOWS
584818,488263,FOLLOWS
584846,226415,FOLLOWS
585038,461434,FOLLOWS
585038,791439,FOLLOWS
585091,179990,FOLLOWS
585091,346784,FOLLOWS
585091,638687,FOLLOWS
585256,82750,FOLLOWS
585286,68012,FOLLOWS
585300,226961,FOLLOWS
585300,268142,FOLLOWS
585423,649731,FOLLOWS
585462,197940,FOLLOWS
585629,725188,FOLLOWS
585672,658867,FOLLOWS
585672,683004,FOLLOWS
585691,408174,FOLLOWS
585691,887093,FOLLOWS
585795,551497,FOLLOWS
585814,457579,FOLLOWS
585868,471169,FOLLOWS
585868,707771,FOLLOWS
585977,292664,FOLLOWS
586120,203345,FOLLOWS
586120,322433,FOLLOWS
586120,693489,FOLLOWS
586151,956348,FOLLOWS
586178,819188,FOLLOWS
586187,198066,FOLLOWS
586221,110307,FOLLOWS
586404,114833,FOLLOWS
586499,52007,FOLLOWS
586552,554194,FOLLOWS
586552,838885,FOLLOWS
586708,48694,FOLLOWS
586708,409119,FOLLOWS
586708,643125,FOLLOWS
586758,48680,FOLLOWS
586758,1211229,FOLLOWS
586768,1058182,FOLLOWS
586768,1475377,FOLLOWS
586876,342984,FOLLOWS
586913,1416579,FOLLOWS
586913,178167,FOLLOWS
587114,48579,FOLLOWS
587114,803668,FOLLOWS
587237,1199819,FOLLOWS
587241,489457,FOLLOWS
587241,647446,FOLLOWS
587462,1043940,FOLLOWS
587562,443652,FOLLOWS
587687,48579,FOLLOWS
587726,594074,FOLLOWS
587787,594636,FOLLOWS
587794,73906,FOLLOWS
587794,242548,FOLLOWS
587813,1590038,FOLLOWS
587981,234759,FOLLOWS
588021,292215,FOLLOWS
588021,598202,FOLLOWS
588075,503218,FOLLOWS
588075,503175,FOLLOWS
588075,620001,FOLLOWS
588089,706307,FOLLOWS
588280,1043195,FOLLOWS
588290,217350,FOLLOWS
588290,663775,FOLLOWS
588290,441355,FOLLOWS
588290,536471,FOLLOWS
588383,544968,FOLLOWS
588383,160986,FOLLOWS
588391,717280,FOLLOWS
588416,139349,FOLLOWS
588419,683279,FOLLOWS
588419,288066,FOLLOWS
588771,817880,FOLLOWS
588771,1200496,FOLLOWS
588800,352923,FOLLOWS
588996,618362,FOLLOWS
589043,333111,FOLLOWS
589066,57543,FOLLOWS
589066,746570,FOLLOWS
589171,146793,FOLLOWS
589260,311897,FOLLOWS
589260,162786,FOLLOWS
589297,416029,FOLLOWS
589297,618224,FOLLOWS
589331,206002,FOLLOWS
589411,69694,FOLLOWS
589411,365135,FOLLOWS
589466,640023,FOLLOWS
589514,91937,FOLLOWS
589514,342803,FOLLOWS
589538,208002,FOLLOWS
589538,621059,FOLLOWS
589571,545227,FOLLOWS
589571,1052441,FOLLOWS
589591,925333,FOLLOWS
589628,487466,FOLLOWS
589650,1152062,FOLLOWS
589661,48674,FOLLOWS
589664,169377,FOLLOWS
589664,411955,FOLLOWS
589817,375226,FOLLOWS
589821,673619,FOLLOWS
589839,305930,FOLLOWS
589888,220115,FOLLOWS
589888,322433,FOLLOWS
589888,322424,FOLLOWS
589888,454846,FOLLOWS
589888,656258,FOLLOWS
589888,1199973,FOLLOWS
589971,253917,FOLLOWS
589971,403960,FOLLOWS
589971,651630,FOLLOWS
590072,956973,FOLLOWS
590072,313644,FOLLOWS
590100,175183,FOLLOWS
590100,353140,FOLLOWS
590127,269757,FOLLOWS
590127,679748,FOLLOWS
590161,715482,FOLLOWS
590161,813835,FOLLOWS
590348,204310,FOLLOWS
590348,1418479,FOLLOWS
590365,359341,FOLLOWS
590365,220202,FOLLOWS
590381,975726,FOLLOWS
590413,383960,FOLLOWS
590458,590803,FOLLOWS
590565,467453,FOLLOWS
590625,432887,FOLLOWS
590625,416496,FOLLOWS
590625,289860,FOLLOWS
590672,388438,FOLLOWS
590720,289016,FOLLOWS
590720,473109,FOLLOWS
590803,1063125,FOLLOWS
590869,1040893,FOLLOWS
590869,852838,FOLLOWS
590869,1418376,FOLLOWS
590869,318082,FOLLOWS
590869,1160601,FOLLOWS
590869,162055,FOLLOWS
590869,822496,FOLLOWS
590917,89438,FOLLOWS
590965,674880,FOLLOWS
591031,50785,FOLLOWS
591109,499734,FOLLOWS
591109,200779,FOLLOWS
591170,877512,FOLLOWS
591176,591802,FOLLOWS
591199,1283244,FOLLOWS
591299,61257,FOLLOWS
591311,177288,FOLLOWS
591311,549403,FOLLOWS
591311,655106,FOLLOWS
591313,411954,FOLLOWS
591313,591780,FOLLOWS
591420,825376,FOLLOWS
591420,328869,FOLLOWS
591420,705575,FOLLOWS
591433,270115,FOLLOWS
591433,693608,FOLLOWS
591433,1000793,FOLLOWS
591465,434817,FOLLOWS
591465,457887,FOLLOWS
591465,521524,FOLLOWS
591465,873397,FOLLOWS
591560,455059,FOLLOWS
591560,679461,FOLLOWS
591560,573909,FOLLOWS
591663,691375,FOLLOWS
591682,67915,FOLLOWS
591780,591313,FOLLOWS
591780,729882,FOLLOWS
591802,591176,FOLLOWS
592016,592253,FOLLOWS
592016,806900,FOLLOWS
592066,213165,FOLLOWS
592066,1012088,FOLLOWS
592066,659590,FOLLOWS
592066,655883,FOLLOWS
592127,163823,FOLLOWS
592127,338622,FOLLOWS
592144,451844,FOLLOWS
592186,174420,FOLLOWS
592253,322594,FOLLOWS
592253,592016,FOLLOWS
592367,280133,FOLLOWS
592559,417633,FOLLOWS
592605,339333,FOLLOWS
592605,1338818,FOLLOWS
592606,494773,FOLLOWS
592606,788726,FOLLOWS
592928,596650,FOLLOWS
593109,345801,FOLLOWS
593287,113800,FOLLOWS
593313,322433,FOLLOWS
593314,291980,FOLLOWS
593377,788452,FOLLOWS
593536,339061,FOLLOWS
593648,286822,FOLLOWS
593648,577899,FOLLOWS
593787,118280,FOLLOWS
593818,667090,FOLLOWS
593819,496331,FOLLOWS
593856,605069,FOLLOWS
593860,1113273,FOLLOWS
593912,292742,FOLLOWS
593974,62564,FOLLOWS
594004,408910,FOLLOWS
594004,594047,FOLLOWS
594004,338875,FOLLOWS
594005,481393,FOLLOWS
594005,339447,FOLLOWS
594036,94898,FOLLOWS
594036,484173,FOLLOWS
594047,408910,FOLLOWS
594047,594004,FOLLOWS
594074,514260,FOLLOWS
594074,580594,FOLLOWS
594074,587726,FOLLOWS
594074,330965,FOLLOWS
594074,665753,FOLLOWS
594129,438222,FOLLOWS
594129,594234,FOLLOWS
594183,339139,FOLLOWS
594183,771934,FOLLOWS
594234,594129,FOLLOWS
594234,909649,FOLLOWS
594236,127589,FOLLOWS
594236,135636,FOLLOWS
594243,70905,FOLLOWS
594243,998496,FOLLOWS
594333,49286,FOLLOWS
594359,83141,FOLLOWS
594430,712304,FOLLOWS
594452,121530,FOLLOWS
594527,580376,FOLLOWS
594574,143308,FOLLOWS
594574,145895,FOLLOWS
594614,598360,FOLLOWS
594636,587787,FOLLOWS
594700,781346,FOLLOWS
594770,161510,FOLLOWS
594770,887764,FOLLOWS
595172,1420531,FOLLOWS
595235,396577,FOLLOWS
595235,933514,FOLLOWS
595235,926598,FOLLOWS
595265,358483,FOLLOWS
595265,485717,FOLLOWS
595354,78069,FOLLOWS
595422,970217,FOLLOWS
595422,806436,FOLLOWS
595493,312224,FOLLOWS
595504,211071,FOLLOWS
595538,1365004,FOLLOWS
595555,433213,FOLLOWS
595585,215767,FOLLOWS
595587,221802,FOLLOWS
595587,621973,FOLLOWS
595636,1238395,FOLLOWS
595666,1122730,FOLLOWS
595690,1421001,FOLLOWS
595783,49425,FOLLOWS
595949,9688,FOLLOWS
595973,49493,FOLLOWS
595973,256443,FOLLOWS
596043,191505,FOLLOWS
596061,49493,FOLLOWS
596089,415458,FOLLOWS
596089,846512,FOLLOWS
596089,730912,FOLLOWS
596089,952355,FOLLOWS
596089,598474,FOLLOWS
596089,133140,FOLLOWS
596199,596352,FOLLOWS
596316,303153,FOLLOWS
596352,758512,FOLLOWS
596352,596199,FOLLOWS
596572,315812,FOLLOWS
596650,311172,FOLLOWS
597094,116068,FOLLOWS
597094,545820,FOLLOWS
597174,124742,FOLLOWS
597174,145874,FOLLOWS
597317,177796,FOLLOWS
597317,597527,FOLLOWS
597359,80948,FOLLOWS
597359,140365,FOLLOWS
597401,196391,FOLLOWS
597423,398005,FOLLOWS
597527,597317,FOLLOWS
597604,616564,FOLLOWS
597604,1060034,FOLLOWS
597616,493268,FOLLOWS
597792,1160251,FOLLOWS
597797,453782,FOLLOWS
597833,338378,FOLLOWS
597926,701041,FOLLOWS
598062,572653,FOLLOWS
598117,825226,FOLLOWS
598117,358150,FOLLOWS
598202,588021,FOLLOWS
598242,292664,FOLLOWS
598279,50046,FOLLOWS
598315,49958,FOLLOWS
598360,594614,FOLLOWS
598373,760628,FOLLOWS
598398,824638,FOLLOWS
598442,1121828,FOLLOWS
598457,223813,FOLLOWS
598457,1062358,FOLLOWS
598474,459840,FOLLOWS
598474,186010,FOLLOWS
598570,124589,FOLLOWS
598570,373387,FOLLOWS
598570,426678,FOLLOWS
598570,771548,FOLLOWS
598631,86657,FOLLOWS
598631,92310,FOLLOWS
598631,95184,FOLLOWS
598631,131756,FOLLOWS
598631,249302,FOLLOWS
598631,369383,FOLLOWS
598631,782264,FOLLOWS
598801,208494,FOLLOWS
598815,217137,FOLLOWS
599024,771519,FOLLOWS
599048,693877,FOLLOWS
599048,1368866,FOLLOWS
599054,81653,FOLLOWS
599054,665604,FOLLOWS
599306,1422731,FOLLOWS
599367,501822,FOLLOWS
599367,148569,FOLLOWS
599367,24421,FOLLOWS
599467,964008,FOLLOWS
599533,885794,FOLLOWS
599569,184040,FOLLOWS
599639,486001,FOLLOWS
599741,459682,FOLLOWS
599741,758904,FOLLOWS
599741,134867,FOLLOWS
599756,195776,FOLLOWS
599780,421751,FOLLOWS
599785,227205,FOLLOWS
599879,392831,FOLLOWS
600154,117485,FOLLOWS
600154,1106730,FOLLOWS
600202,103746,FOLLOWS
600202,549749,FOLLOWS
600202,656630,FOLLOWS
600202,1024599,FOLLOWS
600210,877191,FOLLOWS
600210,545466,FOLLOWS
600212,74820,FOLLOWS
600259,441289,FOLLOWS
600259,615059,FOLLOWS
600259,877355,FOLLOWS
600468,898486,FOLLOWS
600468,601357,FOLLOWS
600583,165954,FOLLOWS
600583,238042,FOLLOWS
600750,611351,FOLLOWS
600750,27868,FOLLOWS
600821,450821,FOLLOWS
600841,319952,FOLLOWS
600848,774858,FOLLOWS
600848,674303,FOLLOWS
600848,634244,FOLLOWS
600866,1257493,FOLLOWS
600880,357840,FOLLOWS
600880,1025345,FOLLOWS
600880,679098,FOLLOWS
600880,530893,FOLLOWS
600880,1025351,FOLLOWS
600918,462208,FOLLOWS
600918,699678,FOLLOWS
600918,463331,FOLLOWS
600977,213693,FOLLOWS
600977,1423363,FOLLOWS
601062,531518,FOLLOWS
601299,223319,FOLLOWS
601299,475108,FOLLOWS
601299,393007,FOLLOWS
601299,876493,FOLLOWS
601299,632442,FOLLOWS
601357,600468,FOLLOWS
601406,346402,FOLLOWS
601569,915028,FOLLOWS
601569,302969,FOLLOWS
601581,752671,FOLLOWS
601596,1060510,FOLLOWS
601596,653420,FOLLOWS
601596,711416,FOLLOWS
601678,300058,FOLLOWS
601696,429622,FOLLOWS
601753,371721,FOLLOWS
601754,601753,FOLLOWS
601754,1033419,FOLLOWS
601754,886038,FOLLOWS
602002,808817,FOLLOWS
602095,59409,FOLLOWS
602095,953285,FOLLOWS
602148,194763,FOLLOWS
602148,855409,FOLLOWS
602148,227317,FOLLOWS
602180,161477,FOLLOWS
602328,189782,FOLLOWS
602328,381678,FOLLOWS
602370,919169,FOLLOWS
602441,132242,FOLLOWS
602441,169747,FOLLOWS
602441,1404570,FOLLOWS
602441,967449,FOLLOWS
602873,50484,FOLLOWS
602915,506890,FOLLOWS
602943,85658,FOLLOWS
602943,441261,FOLLOWS
602943,591420,FOLLOWS
602943,669122,FOLLOWS
602943,654601,FOLLOWS
602943,91723,FOLLOWS
603065,233847,FOLLOWS
603065,352229,FOLLOWS
603065,353892,FOLLOWS
603223,172288,FOLLOWS
603257,1319623,FOLLOWS
603278,487050,FOLLOWS
603278,267459,FOLLOWS
603278,253510,FOLLOWS
603582,50621,FOLLOWS
603582,214294,FOLLOWS
603582,224900,FOLLOWS
603582,773190,FOLLOWS
603601,703043,FOLLOWS
603617,335634,FOLLOWS
603617,521751,FOLLOWS
603923,691314,FOLLOWS
603952,604050,FOLLOWS
603982,252473,FOLLOWS
603982,631695,FOLLOWS
604050,603952,FOLLOWS
604050,1039758,FOLLOWS
604077,322923,FOLLOWS
604121,62621,FOLLOWS
604121,550252,FOLLOWS
604148,50785,FOLLOWS
604148,1442732,FOLLOWS
604149,50785,FOLLOWS
604149,243367,FOLLOWS
604181,50785,FOLLOWS
604274,738958,FOLLOWS
604287,340352,FOLLOWS
604355,841092,FOLLOWS
604373,287819,FOLLOWS
604510,193302,FOLLOWS
604638,136964,FOLLOWS
604699,420141,FOLLOWS
604766,160525,FOLLOWS
604962,533824,FOLLOWS
605026,729102,FOLLOWS
605026,559281,FOLLOWS
605069,522182,FOLLOWS
605109,298060,FOLLOWS
605109,559020,FOLLOWS
605119,190547,FOLLOWS
605119,503006,FOLLOWS
605247,179204,FOLLOWS
605272,897554,FOLLOWS
605281,1073352,FOLLOWS
605281,115714,FOLLOWS
605334,476408,FOLLOWS
605334,533161,FOLLOWS
605347,563810,FOLLOWS
605486,174834,FOLLOWS
605486,1003209,FOLLOWS
605643,962444,FOLLOWS
605643,475263,FOLLOWS
605645,178500,FOLLOWS
605815,113866,FOLLOWS
605842,131644,FOLLOWS
605980,603285,FOLLOWS
605980,944662,FOLLOWS
605983,603285,FOLLOWS
606156,119606,FOLLOWS
606193,674838,FOLLOWS
606256,628056,FOLLOWS
606416,254761,FOLLOWS
606437,775276,FOLLOWS
606536,389866,FOLLOWS
606626,102448,FOLLOWS
606626,626875,FOLLOWS
606737,516513,FOLLOWS
606737,523077,FOLLOWS
606737,513667,FOLLOWS
606757,346326,FOLLOWS
606925,1004681,FOLLOWS
606925,688313,FOLLOWS
606925,597321,FOLLOWS
607067,1426156,FOLLOWS
607067,1247970,FOLLOWS
607096,472944,FOLLOWS
607096,296993,FOLLOWS
607259,138886,FOLLOWS
607350,490291,FOLLOWS
607350,1044367,FOLLOWS
607350,500165,FOLLOWS
607350,811283,FOLLOWS
607350,422683,FOLLOWS
607353,501407,FOLLOWS
607353,620324,FOLLOWS
607669,447237,FOLLOWS
607711,101156,FOLLOWS
607856,91534,FOLLOWS
607856,872321,FOLLOWS
607893,434916,FOLLOWS
608002,405520,FOLLOWS
608194,86657,FOLLOWS
608194,347886,FOLLOWS
608194,547683,FOLLOWS
608211,702048,FOLLOWS
608251,176968,FOLLOWS
608251,319300,FOLLOWS
608251,394537,FOLLOWS
608251,409348,FOLLOWS
608251,206521,FOLLOWS
608302,295780,FOLLOWS
608302,682281,FOLLOWS
608345,169765,FOLLOWS
608415,537099,FOLLOWS
608415,1076604,FOLLOWS
608435,256143,FOLLOWS
608496,801715,FOLLOWS
608553,480571,FOLLOWS
608554,348483,FOLLOWS
608554,740645,FOLLOWS
608554,693489,FOLLOWS
608554,547524,FOLLOWS
608643,803915,FOLLOWS
608698,936407,FOLLOWS
608698,608709,FOLLOWS
608709,469648,FOLLOWS
608709,539027,FOLLOWS
608727,431862,FOLLOWS
608727,608693,FOLLOWS
608743,472257,FOLLOWS
608753,112907,FOLLOWS
608753,656991,FOLLOWS
608849,394693,FOLLOWS
608849,504212,FOLLOWS
608870,822870,FOLLOWS
608953,474142,FOLLOWS
608959,103418,FOLLOWS
608959,859663,FOLLOWS
608994,262732,FOLLOWS
608994,346911,FOLLOWS
609094,610266,FOLLOWS
609139,348065,FOLLOWS
609360,1198059,FOLLOWS
609426,51798,FOLLOWS
609426,307575,FOLLOWS
609489,414434,FOLLOWS
609605,54754,FOLLOWS
609605,265711,FOLLOWS
609605,271940,FOLLOWS
609995,105008,FOLLOWS
610107,379004,FOLLOWS
610123,570362,FOLLOWS
610123,666445,FOLLOWS
610135,538211,FOLLOWS
610183,1427757,FOLLOWS
610187,271256,FOLLOWS
610187,656679,FOLLOWS
610187,674857,FOLLOWS
610187,149136,FOLLOWS
610196,1427872,FOLLOWS
610209,1003696,FOLLOWS
610266,609094,FOLLOWS
610439,670117,FOLLOWS
610485,379989,FOLLOWS
610485,504736,FOLLOWS
610485,924070,FOLLOWS
610572,432992,FOLLOWS
610572,242900,FOLLOWS
610572,675498,FOLLOWS
610646,818680,FOLLOWS
610685,167703,FOLLOWS
610797,695696,FOLLOWS
610807,51863,FOLLOWS
610897,418858,FOLLOWS
610943,51775,FOLLOWS
610943,923316,FOLLOWS
610943,1361732,FOLLOWS
611001,51775,FOLLOWS
611012,273907,FOLLOWS
611026,1289644,FOLLOWS
611033,745107,FOLLOWS
611037,428269,FOLLOWS
611037,756939,FOLLOWS
611075,514924,FOLLOWS
611075,605497,FOLLOWS
611075,227317,FOLLOWS
611075,323104,FOLLOWS
611095,52007,FOLLOWS
611095,79990,FOLLOWS
611095,298060,FOLLOWS
611095,551533,FOLLOWS
611095,632641,FOLLOWS
611095,711793,FOLLOWS
611095,733100,FOLLOWS
611116,93831,FOLLOWS
611116,406139,FOLLOWS
611116,523077,FOLLOWS
611143,92270,FOLLOWS
611161,129535,FOLLOWS
611161,1053461,FOLLOWS
611257,271256,FOLLOWS
611333,611764,FOLLOWS
611496,180468,FOLLOWS
611496,849777,FOLLOWS
611693,263204,FOLLOWS
611715,194183,FOLLOWS
611764,187596,FOLLOWS
611764,611333,FOLLOWS
611894,132040,FOLLOWS
611894,353367,FOLLOWS
611952,606851,FOLLOWS
611983,782504,FOLLOWS
612007,928997,FOLLOWS
612007,786289,FOLLOWS
612007,1428723,FOLLOWS
612007,1220814,FOLLOWS
612007,794038,FOLLOWS
612156,244326,FOLLOWS
612174,734631,FOLLOWS
612297,612852,FOLLOWS
612299,366710,FOLLOWS
612393,52105,FOLLOWS
612425,574529,FOLLOWS
612470,151647,FOLLOWS
612470,404768,FOLLOWS
612602,536125,FOLLOWS
612628,27891,FOLLOWS
612650,52095,FOLLOWS
612650,178159,FOLLOWS
612728,278101,FOLLOWS
612728,549498,FOLLOWS
612728,464275,FOLLOWS
612909,512413,FOLLOWS
612909,751134,FOLLOWS
612995,206063,FOLLOWS
613004,509559,FOLLOWS
613004,883332,FOLLOWS
613037,440555,FOLLOWS
613043,1120775,FOLLOWS
613043,615511,FOLLOWS
613080,705557,FOLLOWS
613106,432331,FOLLOWS
613339,575426,FOLLOWS
613339,666208,FOLLOWS
613424,470911,FOLLOWS
613621,211220,FOLLOWS
613621,535021,FOLLOWS
613621,777372,FOLLOWS
613646,889345,FOLLOWS
613672,205408,FOLLOWS
613672,869791,FOLLOWS
613726,440789,FOLLOWS
613840,574761,FOLLOWS
613840,138750,FOLLOWS
613869,527582,FOLLOWS
613900,178853,FOLLOWS
614018,306437,FOLLOWS
614018,473597,FOLLOWS
614076,81728,FOLLOWS
614076,80027,FOLLOWS
614076,248588,FOLLOWS
614076,152711,FOLLOWS
614163,1224293,FOLLOWS
614214,101602,FOLLOWS
614465,311014,FOLLOWS
614510,371927,FOLLOWS
614510,691336,FOLLOWS
614538,83158,FOLLOWS
614566,145666,FOLLOWS
614566,1175404,FOLLOWS
614836,570756,FOLLOWS
614836,480815,FOLLOWS
614836,173540,FOLLOWS
614836,546469,FOLLOWS
614972,465892,FOLLOWS
615086,1353625,FOLLOWS
615086,231730,FOLLOWS
615259,287253,FOLLOWS
615312,237547,FOLLOWS
615312,667389,FOLLOWS
615312,53375,FOLLOWS
615321,246525,FOLLOWS
615338,709869,FOLLOWS
615373,21794,FOLLOWS
615373,1207619,FOLLOWS
615435,799309,FOLLOWS
615468,1248951,FOLLOWS
615489,86874,FOLLOWS
615511,944991,FOLLOWS
615511,1189538,FOLLOWS
615516,878095,FOLLOWS
615522,137744,FOLLOWS
615532,746687,FOLLOWS
615627,533132,FOLLOWS
615703,318966,FOLLOWS
615719,54641,FOLLOWS
615719,1017121,FOLLOWS
615823,465203,FOLLOWS
615880,517814,FOLLOWS
615880,785763,FOLLOWS
615880,543221,FOLLOWS
615880,556238,FOLLOWS
616044,779509,FOLLOWS
616082,354678,FOLLOWS
616085,76172,FOLLOWS
616085,250040,FOLLOWS
616265,283678,FOLLOWS
616378,361478,FOLLOWS
616378,347402,FOLLOWS
616378,841344,FOLLOWS
616378,226415,FOLLOWS
616427,262732,FOLLOWS
616471,364958,FOLLOWS
616564,597604,FOLLOWS
616578,52657,FOLLOWS
616700,283740,FOLLOWS
616700,520678,FOLLOWS
616700,1030745,FOLLOWS
616889,67303,FOLLOWS
617015,475793,FOLLOWS
617192,79361,FOLLOWS
617192,243548,FOLLOWS
617192,246714,FOLLOWS
617192,508936,FOLLOWS
617372,202273,FOLLOWS
617531,58238,FOLLOWS
617531,572178,FOLLOWS
617531,69645,FOLLOWS
617531,1251739,FOLLOWS
617531,20340,FOLLOWS
617531,690173,FOLLOWS
617574,539919,FOLLOWS
617574,617622,FOLLOWS
617622,435964,FOLLOWS
617622,617574,FOLLOWS
617622,1098481,FOLLOWS
617657,409451,FOLLOWS
617659,991772,FOLLOWS
617679,755174,FOLLOWS
617753,429750,FOLLOWS
617904,277602,FOLLOWS
617923,775708,FOLLOWS
617998,1170771,FOLLOWS
618032,61148,FOLLOWS
618032,183084,FOLLOWS
618032,1046524,FOLLOWS
618032,871430,FOLLOWS
618032,676476,FOLLOWS
618040,1431752,FOLLOWS
618184,749756,FOLLOWS
618184,784631,FOLLOWS
618184,757640,FOLLOWS
618189,585767,FOLLOWS
618189,712331,FOLLOWS
618189,893890,FOLLOWS
618224,397540,FOLLOWS
618260,164226,FOLLOWS
618362,270933,FOLLOWS
618362,588996,FOLLOWS
618362,180552,FOLLOWS
618374,618260,FOLLOWS
618465,102021,FOLLOWS
618632,441289,FOLLOWS
618811,618841,FOLLOWS
618811,294229,FOLLOWS
618841,402143,FOLLOWS
618841,405171,FOLLOWS
618841,618811,FOLLOWS
618962,666013,FOLLOWS
619039,745545,FOLLOWS
619144,278321,FOLLOWS
619218,293727,FOLLOWS
619384,106286,FOLLOWS
619620,1205087,FOLLOWS
619657,149677,FOLLOWS
619695,507887,FOLLOWS
619695,718111,FOLLOWS
619864,526476,FOLLOWS
620001,61185,FOLLOWS
620001,279102,FOLLOWS
620001,300492,FOLLOWS
620001,588075,FOLLOWS
620001,683279,FOLLOWS
620127,82398,FOLLOWS
620127,327134,FOLLOWS
620140,620143,FOLLOWS
620143,289451,FOLLOWS
620143,620140,FOLLOWS
620324,1429621,FOLLOWS
620413,178284,FOLLOWS
620413,776386,FOLLOWS
620413,707157,FOLLOWS
620423,347886,FOLLOWS
620423,465718,FOLLOWS
620423,408699,FOLLOWS
620493,377108,FOLLOWS
620493,501797,FOLLOWS
620493,1237899,FOLLOWS
620493,207076,FOLLOWS
620493,863795,FOLLOWS
620493,132655,FOLLOWS
620506,1025734,FOLLOWS
620506,1409537,FOLLOWS
620635,397369,FOLLOWS
620740,510208,FOLLOWS
620740,526707,FOLLOWS
620741,961068,FOLLOWS
620741,1425580,FOLLOWS
620741,851357,FOLLOWS
620915,685299,FOLLOWS
621046,292407,FOLLOWS
621046,740749,FOLLOWS
621059,191505,FOLLOWS
621059,65838,FOLLOWS
621059,589538,FOLLOWS
621138,950008,FOLLOWS
621147,120448,FOLLOWS
621155,1133987,FOLLOWS
621155,1069894,FOLLOWS
621322,983746,FOLLOWS
621488,330998,FOLLOWS
621488,359226,FOLLOWS
621585,108672,FOLLOWS
621640,302215,FOLLOWS
621640,721671,FOLLOWS
621712,66842,FOLLOWS
621742,705368,FOLLOWS
621742,1108577,FOLLOWS
621826,267288,FOLLOWS
621826,601931,FOLLOWS
621865,169412,FOLLOWS
621865,523089,FOLLOWS
621865,475517,FOLLOWS
621865,862345,FOLLOWS
622153,449369,FOLLOWS
622177,268727,FOLLOWS
622177,625256,FOLLOWS
622177,783670,FOLLOWS
622177,1347877,FOLLOWS
622502,397422,FOLLOWS
622851,622908,FOLLOWS
622851,1421618,FOLLOWS
622908,622851,FOLLOWS
623104,416661,FOLLOWS
623190,281804,FOLLOWS
623190,26923,FOLLOWS
623191,452953,FOLLOWS
623191,564991,FOLLOWS
623191,568175,FOLLOWS
623525,53363,FOLLOWS
623566,89328,FOLLOWS
623590,120932,FOLLOWS
623804,757786,FOLLOWS
623804,253865,FOLLOWS
623804,1326310,FOLLOWS
623829,1429978,FOLLOWS
623877,424513,FOLLOWS
623877,812933,FOLLOWS
623881,550766,FOLLOWS
624039,53131,FOLLOWS
624364,165851,FOLLOWS
624364,624391,FOLLOWS
624412,392492,FOLLOWS
624424,306409,FOLLOWS
624424,676233,FOLLOWS
624424,731711,FOLLOWS
624424,1401733,FOLLOWS
624442,1023271,FOLLOWS
624456,53248,FOLLOWS
624456,152357,FOLLOWS
624544,53248,FOLLOWS
624544,529348,FOLLOWS
624583,112016,FOLLOWS
624659,494823,FOLLOWS
624659,494872,FOLLOWS
624752,71384,FOLLOWS
624783,807751,FOLLOWS
624877,1030299,FOLLOWS
625020,355774,FOLLOWS
625241,1434400,FOLLOWS
625256,64684,FOLLOWS
625256,64538,FOLLOWS
625256,312485,FOLLOWS
625256,622177,FOLLOWS
625256,630392,FOLLOWS
625256,473724,FOLLOWS
625284,762634,FOLLOWS
625301,507887,FOLLOWS
625301,542552,FOLLOWS
625301,732364,FOLLOWS
625344,260260,FOLLOWS
625344,93414,FOLLOWS
625345,92948,FOLLOWS
625345,538770,FOLLOWS
625345,148439,FOLLOWS
625345,873986,FOLLOWS
625345,871189,FOLLOWS
625345,427456,FOLLOWS
625436,452953,FOLLOWS
625680,220411,FOLLOWS
625691,323262,FOLLOWS
625736,327449,FOLLOWS
625736,480823,FOLLOWS
625764,179053,FOLLOWS
625772,69942,FOLLOWS
625772,127406,FOLLOWS
625809,107738,FOLLOWS
625809,667090,FOLLOWS
625809,644393,FOLLOWS
625809,1106352,FOLLOWS
625947,625907,FOLLOWS
626131,656258,FOLLOWS
626132,674838,FOLLOWS
626229,157324,FOLLOWS
626229,1223873,FOLLOWS
626250,139951,FOLLOWS
626250,223938,FOLLOWS
626272,628024,FOLLOWS
626274,53729,FOLLOWS
626274,416837,FOLLOWS
626274,416878,FOLLOWS
626274,417080,FOLLOWS
626274,480716,FOLLOWS
626274,66183,FOLLOWS
626488,61103,FOLLOWS
626488,336510,FOLLOWS
626488,702044,FOLLOWS
626488,1141327,FOLLOWS
626516,626546,FOLLOWS
626516,713150,FOLLOWS
626516,223938,FOLLOWS
626546,626516,FOLLOWS
626624,823303,FOLLOWS
626653,820287,FOLLOWS
626654,195074,FOLLOWS
626654,301447,FOLLOWS
626817,482953,FOLLOWS
626875,398005,FOLLOWS
626875,606626,FOLLOWS
626903,334967,FOLLOWS
626981,522182,FOLLOWS
626981,703874,FOLLOWS
627124,876221,FOLLOWS
627262,228143,FOLLOWS
627262,661358,FOLLOWS
627384,1544727,FOLLOWS
627508,573125,FOLLOWS
627681,355383,FOLLOWS
627681,321354,FOLLOWS
627702,403798,FOLLOWS
627715,184946,FOLLOWS
627715,206532,FOLLOWS
627937,164648,FOLLOWS
627937,686476,FOLLOWS
628001,770109,FOLLOWS
628024,59592,FOLLOWS
628056,606256,FOLLOWS
628056,372337,FOLLOWS
628072,307098,FOLLOWS
628142,905435,FOLLOWS
628142,677627,FOLLOWS
628171,386372,FOLLOWS
628230,694014,FOLLOWS
628242,257020,FOLLOWS
628436,319405,FOLLOWS
628440,1364005,FOLLOWS
628440,570816,FOLLOWS
628523,436547,FOLLOWS
628583,479602,FOLLOWS
628583,479662,FOLLOWS
628597,1488672,FOLLOWS
628901,53671,FOLLOWS
628901,530079,FOLLOWS
628901,647901,FOLLOWS
628941,242932,FOLLOWS
629044,902419,FOLLOWS
629044,782108,FOLLOWS
629044,749522,FOLLOWS
629065,53671,FOLLOWS
629065,546300,FOLLOWS
629065,623220,FOLLOWS
629065,282623,FOLLOWS
629090,227539,FOLLOWS
629207,442722,FOLLOWS
629210,426526,FOLLOWS
629259,83171,FOLLOWS
629311,54158,FOLLOWS
629311,679056,FOLLOWS
629432,455026,FOLLOWS
629455,60410,FOLLOWS
629455,413109,FOLLOWS
629455,1119804,FOLLOWS
629484,452207,FOLLOWS
629540,875958,FOLLOWS
629568,554194,FOLLOWS
629568,629756,FOLLOWS
629609,103746,FOLLOWS
629665,546927,FOLLOWS
629665,545534,FOLLOWS
629706,911226,FOLLOWS
629870,89189,FOLLOWS
629942,310692,FOLLOWS
629992,498523,FOLLOWS
630020,83360,FOLLOWS
630020,115042,FOLLOWS
630020,80316,FOLLOWS
630020,334470,FOLLOWS
630020,204670,FOLLOWS
630147,135007,FOLLOWS
630147,1258463,FOLLOWS
630303,227478,FOLLOWS
630303,594129,FOLLOWS
630367,655853,FOLLOWS
630373,359348,FOLLOWS
630373,739747,FOLLOWS
630373,969435,FOLLOWS
630404,252711,FOLLOWS
630404,853291,FOLLOWS
630454,1061434,FOLLOWS
630454,1085824,FOLLOWS
630519,414152,FOLLOWS
630519,495081,FOLLOWS
630519,631833,FOLLOWS
630573,1161759,FOLLOWS
630582,403590,FOLLOWS
630582,504582,FOLLOWS
630582,91394,FOLLOWS
630582,244833,FOLLOWS
630661,777377,FOLLOWS
630661,1436794,FOLLOWS
630942,271543,FOLLOWS
631102,1018626,FOLLOWS
631203,866534,FOLLOWS
631297,1083600,FOLLOWS
631297,723789,FOLLOWS
631298,219400,FOLLOWS
631419,292664,FOLLOWS
631419,994526,FOLLOWS
631426,577904,FOLLOWS
631426,354675,FOLLOWS
631426,398404,FOLLOWS
631426,575122,FOLLOWS
631426,720718,FOLLOWS
631453,887666,FOLLOWS
631472,159242,FOLLOWS
631580,237534,FOLLOWS
631661,54225,FOLLOWS
631695,542499,FOLLOWS
631695,581288,FOLLOWS
631695,603982,FOLLOWS
631695,456797,FOLLOWS
631695,1141747,FOLLOWS
631727,542532,FOLLOWS
631808,632669,FOLLOWS
631808,203169,FOLLOWS
631833,414152,FOLLOWS
631833,495081,FOLLOWS
631833,630519,FOLLOWS
632077,165573,FOLLOWS
632077,550580,FOLLOWS
632120,351180,FOLLOWS
632165,54502,FOLLOWS
632227,1026577,FOLLOWS
632297,278393,FOLLOWS
632359,66257,FOLLOWS
632359,352794,FOLLOWS
632359,429788,FOLLOWS
632421,507628,FOLLOWS
632421,913156,FOLLOWS
632442,541841,FOLLOWS
632442,601299,FOLLOWS
632442,535537,FOLLOWS
632442,172916,FOLLOWS
632577,1170930,FOLLOWS
632616,54754,FOLLOWS
632616,208717,FOLLOWS
632616,600977,FOLLOWS
632616,609605,FOLLOWS
632641,812047,FOLLOWS
632641,611095,FOLLOWS
632649,632616,FOLLOWS
632653,208717,FOLLOWS
632669,631808,FOLLOWS
632669,930977,FOLLOWS
632841,788506,FOLLOWS
632847,1034253,FOLLOWS
633018,290614,FOLLOWS
633023,285684,FOLLOWS
633051,230139,FOLLOWS
633051,805802,FOLLOWS
633198,709635,FOLLOWS
633198,224217,FOLLOWS
633393,501086,FOLLOWS
633544,289577,FOLLOWS
633597,160055,FOLLOWS
633698,298556,FOLLOWS
633698,218224,FOLLOWS
633741,187673,FOLLOWS
633818,54739,FOLLOWS
633818,633821,FOLLOWS
633820,54739,FOLLOWS
633821,54739,FOLLOWS
633821,633818,FOLLOWS
633859,657671,FOLLOWS
633901,125471,FOLLOWS
634000,1313891,FOLLOWS
634193,781904,FOLLOWS
634244,678743,FOLLOWS
634338,929848,FOLLOWS
634338,696263,FOLLOWS
634431,546244,FOLLOWS
634431,691418,FOLLOWS
634510,984773,FOLLOWS
634629,638083,FOLLOWS
634629,187673,FOLLOWS
634629,226160,FOLLOWS
634629,416232,FOLLOWS
634771,199735,FOLLOWS
634771,579301,FOLLOWS
634771,463946,FOLLOWS
634812,1075994,FOLLOWS
634812,862365,FOLLOWS
634815,451312,FOLLOWS
634815,636429,FOLLOWS
634824,908168,FOLLOWS
634979,907981,FOLLOWS
634999,781003,FOLLOWS
635007,1506631,FOLLOWS
635174,281804,FOLLOWS
635208,66793,FOLLOWS
635255,1128597,FOLLOWS
635320,873285,FOLLOWS
635320,854749,FOLLOWS
635389,355561,FOLLOWS
635431,475047,FOLLOWS
635522,297619,FOLLOWS
635554,392075,FOLLOWS
635554,1078271,FOLLOWS
635564,168584,FOLLOWS
635572,334395,FOLLOWS
635631,206374,FOLLOWS
635631,639368,FOLLOWS
635809,352792,FOLLOWS
635809,352794,FOLLOWS
635827,772973,FOLLOWS
635827,94930,FOLLOWS
635836,637080,FOLLOWS
635836,262877,FOLLOWS
635836,718645,FOLLOWS
635836,253449,FOLLOWS
635871,244204,FOLLOWS
635871,381255,FOLLOWS
635939,353621,FOLLOWS
635975,291980,FOLLOWS
635995,608693,FOLLOWS
636128,145986,FOLLOWS
636128,386272,FOLLOWS
636128,1146744,FOLLOWS
636128,812333,FOLLOWS
636128,498563,FOLLOWS
636128,422200,FOLLOWS
636240,851979,FOLLOWS
636240,904072,FOLLOWS
636265,83975,FOLLOWS
636298,495646,FOLLOWS
636332,429858,FOLLOWS
636332,87994,FOLLOWS
636332,542448,FOLLOWS
636332,801733,FOLLOWS
636332,590184,FOLLOWS
636349,266790,FOLLOWS
636349,322433,FOLLOWS
636356,61185,FOLLOWS
636356,162967,FOLLOWS
636356,704074,FOLLOWS
636358,113862,FOLLOWS
636429,113862,FOLLOWS
636429,451312,FOLLOWS
636429,634815,FOLLOWS
636429,381028,FOLLOWS
636527,252292,FOLLOWS
636527,1438844,FOLLOWS
636627,542109,FOLLOWS
636627,1056951,FOLLOWS
636714,326700,FOLLOWS
636931,461434,FOLLOWS
637080,77881,FOLLOWS
637080,635836,FOLLOWS
637199,231850,FOLLOWS
637199,755378,FOLLOWS
637265,297722,FOLLOWS
637265,431862,FOLLOWS
637265,365015,FOLLOWS
637265,347968,FOLLOWS
637282,119581,FOLLOWS
637282,228535,FOLLOWS
637452,55086,FOLLOWS
637452,58369,FOLLOWS
637465,79361,FOLLOWS
637499,55086,FOLLOWS
637499,272619,FOLLOWS
637581,55086,FOLLOWS
637673,791249,FOLLOWS
637679,196024,FOLLOWS
637679,513474,FOLLOWS
637679,572498,FOLLOWS
637679,792777,FOLLOWS
637862,299433,FOLLOWS
637950,899177,FOLLOWS
637967,56945,FOLLOWS
637967,103772,FOLLOWS
637967,444178,FOLLOWS
637967,589411,FOLLOWS
638052,206374,FOLLOWS
638083,634629,FOLLOWS
638113,345609,FOLLOWS
638162,463445,FOLLOWS
638208,940126,FOLLOWS
638349,999084,FOLLOWS
638378,647427,FOLLOWS
638378,926981,FOLLOWS
638378,1073329,FOLLOWS
638382,55384,FOLLOWS
638407,692543,FOLLOWS
638431,452152,FOLLOWS
638530,444529,FOLLOWS
638593,979128,FOLLOWS
638598,831820,FOLLOWS
638598,274640,FOLLOWS
638687,179990,FOLLOWS
638687,585091,FOLLOWS
638687,540892,FOLLOWS
638687,704350,FOLLOWS
638687,64216,FOLLOWS
638756,582880,FOLLOWS
639003,186513,FOLLOWS
639012,229378,FOLLOWS
639081,1371343,FOLLOWS
639081,708230,FOLLOWS
639134,639933,FOLLOWS
639367,299683,FOLLOWS
639377,549590,FOLLOWS
639471,485358,FOLLOWS
639471,655853,FOLLOWS
639495,234894,FOLLOWS
639495,178500,FOLLOWS
639746,263781,FOLLOWS
639746,323876,FOLLOWS
639746,1183094,FOLLOWS
639746,355396,FOLLOWS
639746,503881,FOLLOWS
639759,155135,FOLLOWS
639759,1434778,FOLLOWS
639759,853701,FOLLOWS
639759,803874,FOLLOWS
639769,1046362,FOLLOWS
639769,928411,FOLLOWS
639769,282623,FOLLOWS
639780,492476,FOLLOWS
639933,551016,FOLLOWS
639933,639134,FOLLOWS
639966,236951,FOLLOWS
640023,589466,FOLLOWS
640026,118091,FOLLOWS
640026,454808,FOLLOWS
640026,589894,FOLLOWS
640129,121736,FOLLOWS
640129,264978,FOLLOWS
640129,309292,FOLLOWS
640129,430965,FOLLOWS
640129,662149,FOLLOWS
640248,1439915,FOLLOWS
640482,1156034,FOLLOWS
640622,413728,FOLLOWS
640669,738999,FOLLOWS
640842,514063,FOLLOWS
640865,200451,FOLLOWS
640865,757838,FOLLOWS
641133,641157,FOLLOWS
641157,641133,FOLLOWS
641212,139349,FOLLOWS
641212,554643,FOLLOWS
641212,786054,FOLLOWS
641249,694114,FOLLOWS
641249,109945,FOLLOWS
641249,679200,FOLLOWS
641249,286632,FOLLOWS
641267,863576,FOLLOWS
641374,641473,FOLLOWS
641473,641374,FOLLOWS
641678,55659,FOLLOWS
641678,347156,FOLLOWS
641703,641705,FOLLOWS
641703,751199,FOLLOWS
641705,319952,FOLLOWS
641847,161631,FOLLOWS
641888,575217,FOLLOWS
641889,777372,FOLLOWS
641889,400348,FOLLOWS
641889,792536,FOLLOWS
641891,661710,FOLLOWS
642094,100017,FOLLOWS
642261,416704,FOLLOWS
642427,854121,FOLLOWS
642590,229247,FOLLOWS
642597,938390,FOLLOWS
642609,100017,FOLLOWS
642609,408763,FOLLOWS
642727,1441372,FOLLOWS
642740,65145,FOLLOWS
642853,703134,FOLLOWS
642939,348065,FOLLOWS
642994,1223462,FOLLOWS
643118,483346,FOLLOWS
643175,563048,FOLLOWS
643175,618374,FOLLOWS
643175,183095,FOLLOWS
643175,48522,FOLLOWS
643287,310642,FOLLOWS
643300,402485,FOLLOWS
643300,924868,FOLLOWS
643370,869581,FOLLOWS
643438,158637,FOLLOWS
643438,862999,FOLLOWS
643477,210457,FOLLOWS
643477,652984,FOLLOWS
643891,69942,FOLLOWS
643922,414865,FOLLOWS
644017,1060940,FOLLOWS
644066,123364,FOLLOWS
644066,579954,FOLLOWS
644325,462520,FOLLOWS
644354,647427,FOLLOWS
644359,385839,FOLLOWS
644393,625809,FOLLOWS
644393,667090,FOLLOWS
644393,832717,FOLLOWS
644393,750125,FOLLOWS
644393,1106352,FOLLOWS
644393,1162636,FOLLOWS
644510,644545,FOLLOWS
644545,257434,FOLLOWS
644545,644510,FOLLOWS
644793,437608,FOLLOWS
644832,366194,FOLLOWS
644946,644832,FOLLOWS
644946,208275,FOLLOWS
644972,759944,FOLLOWS
645258,268786,FOLLOWS
645514,339506,FOLLOWS
645618,531298,FOLLOWS
645618,1239175,FOLLOWS
645709,1033572,FOLLOWS
645890,637950,FOLLOWS
645904,1442516,FOLLOWS
645904,810365,FOLLOWS
645948,551016,FOLLOWS
645948,552863,FOLLOWS
645948,1080816,FOLLOWS
645948,1103653,FOLLOWS
645992,542552,FOLLOWS
645992,836730,FOLLOWS
645992,79326,FOLLOWS
646105,1279055,FOLLOWS
646232,318138,FOLLOWS
646311,123509,FOLLOWS
646437,501797,FOLLOWS
646437,1181731,FOLLOWS
646437,894829,FOLLOWS
646437,437417,FOLLOWS
646437,508086,FOLLOWS
646440,210915,FOLLOWS
646511,986571,FOLLOWS
646716,56235,FOLLOWS
646834,988572,FOLLOWS
646888,751157,FOLLOWS
647015,647080,FOLLOWS
647080,647015,FOLLOWS
647080,987520,FOLLOWS
647218,307098,FOLLOWS
647218,430323,FOLLOWS
647303,528014,FOLLOWS
647382,126654,FOLLOWS
647427,644354,FOLLOWS
647427,638378,FOLLOWS
647446,416595,FOLLOWS
647471,1222789,FOLLOWS
647520,325641,FOLLOWS
647647,157014,FOLLOWS
647901,628901,FOLLOWS
647901,21655,FOLLOWS
647901,285526,FOLLOWS
648218,408748,FOLLOWS
648236,480823,FOLLOWS
648236,266842,FOLLOWS
648236,143116,FOLLOWS
648333,491021,FOLLOWS
648333,199206,FOLLOWS
648343,76539,FOLLOWS
648405,431969,FOLLOWS
648518,164889,FOLLOWS
648524,338587,FOLLOWS
648524,305614,FOLLOWS
648729,166675,FOLLOWS
648935,900817,FOLLOWS
648993,731389,FOLLOWS
649371,573162,FOLLOWS
649454,1348947,FOLLOWS
649550,243285,FOLLOWS
649633,433382,FOLLOWS
649633,546859,FOLLOWS
649633,394179,FOLLOWS
649731,585423,FOLLOWS
649793,319715,FOLLOWS
649793,431296,FOLLOWS
649987,112004,FOLLOWS
649987,408748,FOLLOWS
650038,836730,FOLLOWS
650273,669112,FOLLOWS
650387,441289,FOLLOWS
650415,445066,FOLLOWS
650415,872321,FOLLOWS
650415,517081,FOLLOWS
650643,480823,FOLLOWS
650733,970078,FOLLOWS
650763,100299,FOLLOWS
650778,923736,FOLLOWS
650778,1235156,FOLLOWS
650810,699428,FOLLOWS
650836,1444786,FOLLOWS
650994,376611,FOLLOWS
651155,999084,FOLLOWS
651181,70245,FOLLOWS
651181,807614,FOLLOWS
651236,11653,FOLLOWS
651236,77812,FOLLOWS
651330,395110,FOLLOWS
651330,356074,FOLLOWS
651500,56997,FOLLOWS
651576,323085,FOLLOWS
651576,435210,FOLLOWS
651576,1444825,FOLLOWS
651576,752641,FOLLOWS
651606,1006023,FOLLOWS
651606,354969,FOLLOWS
651607,518767,FOLLOWS
651607,727031,FOLLOWS
651607,701794,FOLLOWS
651630,589971,FOLLOWS
651644,194763,FOLLOWS
651644,936646,FOLLOWS
651778,76277,FOLLOWS
651954,915633,FOLLOWS
652059,393683,FOLLOWS
652059,689163,FOLLOWS
652059,73610,FOLLOWS
652179,553170,FOLLOWS
652211,1121713,FOLLOWS
652308,534521,FOLLOWS
652308,679955,FOLLOWS
652356,1018770,FOLLOWS
652528,351274,FOLLOWS
652556,324399,FOLLOWS
652721,177024,FOLLOWS
652721,556796,FOLLOWS
652832,543226,FOLLOWS
652835,652721,FOLLOWS
652970,1209872,FOLLOWS
652984,354678,FOLLOWS
652984,643477,FOLLOWS
653035,57809,FOLLOWS
653112,598360,FOLLOWS
653337,241554,FOLLOWS
653384,57366,FOLLOWS
653384,121154,FOLLOWS
653420,601596,FOLLOWS
653420,1060510,FOLLOWS
653428,408583,FOLLOWS
653488,175343,FOLLOWS
653545,278235,FOLLOWS
653595,118662,FOLLOWS
653595,426526,FOLLOWS
653595,865179,FOLLOWS
653813,681497,FOLLOWS
653813,600202,FOLLOWS
654095,122016,FOLLOWS
654095,192993,FOLLOWS
654095,538186,FOLLOWS
654095,1099217,FOLLOWS
654115,139025,FOLLOWS
654236,654881,FOLLOWS
654446,940839,FOLLOWS
654510,820317,FOLLOWS
654510,962866,FOLLOWS
654510,962979,FOLLOWS
654512,605655,FOLLOWS
654512,93572,FOLLOWS
654512,382282,FOLLOWS
654660,57737,FOLLOWS
654660,147330,FOLLOWS
654696,277602,FOLLOWS
654794,688644,FOLLOWS
654823,266439,FOLLOWS
654839,84900,FOLLOWS
654881,654236,FOLLOWS
654972,391743,FOLLOWS
654997,202976,FOLLOWS
655106,413212,FOLLOWS
655198,297535,FOLLOWS
655198,342461,FOLLOWS
655337,663435,FOLLOWS
655348,288412,FOLLOWS
655497,129535,FOLLOWS
655586,149116,FOLLOWS
655586,303153,FOLLOWS
655630,59126,FOLLOWS
655650,269741,FOLLOWS
655650,270240,FOLLOWS
655693,163906,FOLLOWS
655697,1025433,FOLLOWS
655837,126062,FOLLOWS
655837,918281,FOLLOWS
655853,639471,FOLLOWS
655883,119818,FOLLOWS
655883,659590,FOLLOWS
655974,426398,FOLLOWS
655984,57813,FOLLOWS
655984,946488,FOLLOWS
656031,1229920,FOLLOWS
656056,462836,FOLLOWS
656087,997871,FOLLOWS
656487,57723,FOLLOWS
656487,286284,FOLLOWS
656500,429243,FOLLOWS
656630,129607,FOLLOWS
656630,482252,FOLLOWS
656630,600202,FOLLOWS
656630,1254282,FOLLOWS
656630,934926,FOLLOWS
656630,1233120,FOLLOWS
656679,610187,FOLLOWS
656679,674857,FOLLOWS
656679,970032,FOLLOWS
656959,105329,FOLLOWS
657175,430818,FOLLOWS
657175,562693,FOLLOWS
657175,811282,FOLLOWS
657175,973505,FOLLOWS
657207,361937,FOLLOWS
657279,486957,FOLLOWS
657279,657558,FOLLOWS
657313,84658,FOLLOWS
657428,587787,FOLLOWS
657428,1199675,FOLLOWS
657438,354785,FOLLOWS
657440,1015429,FOLLOWS
657440,887706,FOLLOWS
657508,448097,FOLLOWS
657558,512798,FOLLOWS
657558,657279,FOLLOWS
657780,968036,FOLLOWS
657909,1447152,FOLLOWS
657979,1071277,FOLLOWS
657979,1463342,FOLLOWS
658284,269310,FOLLOWS
658284,512354,FOLLOWS
658284,672864,FOLLOWS
658385,851025,FOLLOWS
658563,484642,FOLLOWS
658563,311172,FOLLOWS
658563,498627,FOLLOWS
658567,575292,FOLLOWS
658666,95184,FOLLOWS
658666,158728,FOLLOWS
658683,1327063,FOLLOWS
658687,576433,FOLLOWS
658687,724215,FOLLOWS
658777,441030,FOLLOWS
658777,79473,FOLLOWS
658867,448054,FOLLOWS
658867,585672,FOLLOWS
658924,651607,FOLLOWS
658924,480058,FOLLOWS
658924,701794,FOLLOWS
658949,57878,FOLLOWS
658956,157111,FOLLOWS
658956,764430,FOLLOWS
658956,27868,FOLLOWS
659013,57878,FOLLOWS
659017,57878,FOLLOWS
659019,379548,FOLLOWS
659019,659489,FOLLOWS
659051,780445,FOLLOWS
659119,1007992,FOLLOWS
659151,662865,FOLLOWS
659151,1135695,FOLLOWS
659211,496754,FOLLOWS
659224,165719,FOLLOWS
659224,640228,FOLLOWS
659313,158496,FOLLOWS
659313,562730,FOLLOWS
659348,711804,FOLLOWS
659395,143497,FOLLOWS
659489,175038,FOLLOWS
659489,562730,FOLLOWS
659489,823226,FOLLOWS
659590,262254,FOLLOWS
659590,592066,FOLLOWS
659590,655883,FOLLOWS
659754,311223,FOLLOWS
659754,471096,FOLLOWS
659754,328626,FOLLOWS
659781,627318,FOLLOWS
659782,384865,FOLLOWS
659933,288232,FOLLOWS
659933,853701,FOLLOWS
660163,171719,FOLLOWS
660223,792281,FOLLOWS
660223,833418,FOLLOWS
660325,151487,FOLLOWS
660481,1437316,FOLLOWS
660519,660530,FOLLOWS
660604,286784,FOLLOWS
660613,124196,FOLLOWS
660702,93333,FOLLOWS
660764,27753,FOLLOWS
660947,56913,FOLLOWS
661022,698382,FOLLOWS
661036,452360,FOLLOWS
661107,935454,FOLLOWS
661126,125471,FOLLOWS
661205,241056,FOLLOWS
661205,504701,FOLLOWS
661205,1053295,FOLLOWS
661220,408748,FOLLOWS
661220,787845,FOLLOWS
661284,510208,FOLLOWS
661340,57809,FOLLOWS
661358,627262,FOLLOWS
661358,390584,FOLLOWS
661375,191531,FOLLOWS
661375,571471,FOLLOWS
661407,226052,FOLLOWS
661407,829442,FOLLOWS
661407,1022599,FOLLOWS
661441,250048,FOLLOWS
661449,766261,FOLLOWS
661533,460894,FOLLOWS
661533,671955,FOLLOWS
661540,103554,FOLLOWS
661540,1448640,FOLLOWS
661540,1099785,FOLLOWS
661577,1448578,FOLLOWS
661655,243500,FOLLOWS
661707,781954,FOLLOWS
661707,389739,FOLLOWS
661710,272731,FOLLOWS
661769,1274729,FOLLOWS
661769,940550,FOLLOWS
661954,856240,FOLLOWS
661954,1375804,FOLLOWS
661965,346650,FOLLOWS
661992,690945,FOLLOWS
661992,421949,FOLLOWS
662149,309292,FOLLOWS
662149,640129,FOLLOWS
662204,58064,FOLLOWS
662258,662818,FOLLOWS
662283,486320,FOLLOWS
662283,211069,FOLLOWS
662323,58170,FOLLOWS
662379,96090,FOLLOWS
662629,72473,FOLLOWS
662629,312485,FOLLOWS
662707,742282,FOLLOWS
662707,313175,FOLLOWS
662777,527792,FOLLOWS
662800,492030,FOLLOWS
662818,662258,FOLLOWS
662818,515235,FOLLOWS
662865,568785,FOLLOWS
662865,659151,FOLLOWS
662922,765925,FOLLOWS
662924,720260,FOLLOWS
663087,500216,FOLLOWS
663112,352572,FOLLOWS
663208,173895,FOLLOWS
663322,58365,FOLLOWS
663406,58365,FOLLOWS
663435,362199,FOLLOWS
663435,866341,FOLLOWS
663474,381678,FOLLOWS
663474,819924,FOLLOWS
663482,58568,FOLLOWS
663482,382782,FOLLOWS
663550,58568,FOLLOWS
663550,446697,FOLLOWS
663636,898813,FOLLOWS
663773,241955,FOLLOWS
663773,437409,FOLLOWS
663773,642597,FOLLOWS
663775,588290,FOLLOWS
663915,684406,FOLLOWS
663915,342789,FOLLOWS
663915,688644,FOLLOWS
663937,392497,FOLLOWS
663937,1334837,FOLLOWS
663937,691418,FOLLOWS
663970,134851,FOLLOWS
663996,1298684,FOLLOWS
663996,72346,FOLLOWS
664014,439376,FOLLOWS
664014,535220,FOLLOWS
664014,1129396,FOLLOWS
664014,165046,FOLLOWS
664428,120194,FOLLOWS
664428,407759,FOLLOWS
664428,26923,FOLLOWS
664581,156161,FOLLOWS
664593,142843,FOLLOWS
664621,735324,FOLLOWS
664791,523656,FOLLOWS
664830,680936,FOLLOWS
664850,587687,FOLLOWS
664895,987248,FOLLOWS
664984,439446,FOLLOWS
664984,902977,FOLLOWS
665089,665119,FOLLOWS
665119,941976,FOLLOWS
665119,665089,FOLLOWS
665119,250589,FOLLOWS
665232,839606,FOLLOWS
665271,180468,FOLLOWS
665271,460582,FOLLOWS
665271,475440,FOLLOWS
665271,511075,FOLLOWS
665271,842742,FOLLOWS
665599,685645,FOLLOWS
665622,694542,FOLLOWS
665681,196321,FOLLOWS
665699,188247,FOLLOWS
665753,331754,FOLLOWS
665753,88604,FOLLOWS
665992,559184,FOLLOWS
665992,807978,FOLLOWS
665992,1149470,FOLLOWS
666009,129539,FOLLOWS
666013,81438,FOLLOWS
666013,618962,FOLLOWS
666014,985168,FOLLOWS
666044,541762,FOLLOWS
666044,343786,FOLLOWS
666059,397734,FOLLOWS
666208,71712,FOLLOWS
666208,726944,FOLLOWS
666208,266456,FOLLOWS
666307,422001,FOLLOWS
666412,610183,FOLLOWS
666438,1013991,FOLLOWS
666452,1120910,FOLLOWS
666478,289091,FOLLOWS
666478,1040460,FOLLOWS
666582,454719,FOLLOWS
666642,289718,FOLLOWS
666642,828765,FOLLOWS
666699,559801,FOLLOWS
666848,367534,FOLLOWS
666858,620143,FOLLOWS
666873,1343519,FOLLOWS
666883,944806,FOLLOWS
666883,791482,FOLLOWS
666916,979568,FOLLOWS
667050,1102324,FOLLOWS
667090,320359,FOLLOWS
667090,343652,FOLLOWS
667090,593818,FOLLOWS
667090,625809,FOLLOWS
667090,644393,FOLLOWS
667090,832577,FOLLOWS
667090,311014,FOLLOWS
667090,1451437,FOLLOWS
667090,764068,FOLLOWS
667128,1009951,FOLLOWS
667270,203117,FOLLOWS
667270,489397,FOLLOWS
667270,489450,FOLLOWS
667270,493679,FOLLOWS
667270,259054,FOLLOWS
667270,995785,FOLLOWS
667270,691005,FOLLOWS
667350,217743,FOLLOWS
667389,615312,FOLLOWS
667449,65476,FOLLOWS
667745,411680,FOLLOWS
667745,475440,FOLLOWS
667868,330453,FOLLOWS
667996,179990,FOLLOWS
668102,183573,FOLLOWS
668102,668126,FOLLOWS
668102,486607,FOLLOWS
668102,419092,FOLLOWS
668113,683708,FOLLOWS
668126,183573,FOLLOWS
668126,668102,FOLLOWS
668126,1015205,FOLLOWS
668126,486607,FOLLOWS
668207,816832,FOLLOWS
668207,1061504,FOLLOWS
668323,177024,FOLLOWS
668427,715714,FOLLOWS
668806,218396,FOLLOWS
668892,1031423,FOLLOWS
668963,567557,FOLLOWS
668963,698796,FOLLOWS
668963,118280,FOLLOWS
668982,189782,FOLLOWS
669052,252292,FOLLOWS
669052,353565,FOLLOWS
669052,555953,FOLLOWS
669112,613996,FOLLOWS
669112,650273,FOLLOWS
669122,408625,FOLLOWS
669135,244844,FOLLOWS
669288,674303,FOLLOWS
669288,26923,FOLLOWS
669337,249302,FOLLOWS
669342,696180,FOLLOWS
669342,878430,FOLLOWS
669342,401306,FOLLOWS
669342,178973,FOLLOWS
669342,365165,FOLLOWS
669456,1208907,FOLLOWS
669456,136825,FOLLOWS
669537,32628,FOLLOWS
669537,307639,FOLLOWS
669630,685166,FOLLOWS
669894,367179,FOLLOWS
669894,415656,FOLLOWS
669894,1018428,FOLLOWS
669894,1471987,FOLLOWS
670063,311723,FOLLOWS
670117,610439,FOLLOWS
670258,1305116,FOLLOWS
670705,275868,FOLLOWS
670708,416659,FOLLOWS
670744,471292,FOLLOWS
670744,543226,FOLLOWS
670744,511562,FOLLOWS
670744,376016,FOLLOWS
670895,86186,FOLLOWS
670895,1178921,FOLLOWS
671206,292057,FOLLOWS
671220,110170,FOLLOWS
671220,550684,FOLLOWS
671317,398503,FOLLOWS
671340,347273,FOLLOWS
671544,206752,FOLLOWS
671544,884151,FOLLOWS
671544,1064769,FOLLOWS
671544,158917,FOLLOWS
671705,1030299,FOLLOWS
671772,134348,FOLLOWS
671772,249390,FOLLOWS
671914,270599,FOLLOWS
671914,370907,FOLLOWS
671914,906523,FOLLOWS
671955,661533,FOLLOWS
672163,548167,FOLLOWS
672163,554119,FOLLOWS
672347,501104,FOLLOWS
672422,745764,FOLLOWS
672422,506106,FOLLOWS
672461,323085,FOLLOWS
672461,506624,FOLLOWS
672461,783514,FOLLOWS
672461,820031,FOLLOWS
672547,1004439,FOLLOWS
672576,87417,FOLLOWS
672576,420203,FOLLOWS
672608,88448,FOLLOWS
672608,925424,FOLLOWS
672629,59809,FOLLOWS
672788,275212,FOLLOWS
672821,269949,FOLLOWS
672864,512354,FOLLOWS
672864,1140276,FOLLOWS
672956,681523,FOLLOWS
672984,156231,FOLLOWS
672984,392245,FOLLOWS
673083,450928,FOLLOWS
673168,1103266,FOLLOWS
673180,667784,FOLLOWS
673264,971826,FOLLOWS
673264,1352075,FOLLOWS
673264,312977,FOLLOWS
673288,481454,FOLLOWS
673288,64908,FOLLOWS
673527,271905,FOLLOWS
673527,403717,FOLLOWS
673775,238042,FOLLOWS
674010,761755,FOLLOWS
674036,393221,FOLLOWS
674061,1015057,FOLLOWS
674062,59995,FOLLOWS
674122,84285,FOLLOWS
674147,677068,FOLLOWS
674168,59995,FOLLOWS
674226,870298,FOLLOWS
674303,593871,FOLLOWS
674303,600848,FOLLOWS
674303,669288,FOLLOWS
674440,529303,FOLLOWS
674546,674595,FOLLOWS
674616,856312,FOLLOWS
674733,403640,FOLLOWS
674770,199179,FOLLOWS
674770,146890,FOLLOWS
674848,190756,FOLLOWS
674857,610187,FOLLOWS
674880,190547,FOLLOWS
674880,590965,FOLLOWS
674880,705055,FOLLOWS
674987,816605,FOLLOWS
674987,55840,FOLLOWS
675081,1128468,FOLLOWS
675111,96635,FOLLOWS
675111,115327,FOLLOWS
675114,574551,FOLLOWS
675132,958619,FOLLOWS
675251,107426,FOLLOWS
675251,142931,FOLLOWS
675251,186215,FOLLOWS
675251,495580,FOLLOWS
675251,415824,FOLLOWS
675251,913156,FOLLOWS
675452,60142,FOLLOWS
675453,60142,FOLLOWS
675548,732415,FOLLOWS
675603,538961,FOLLOWS
675687,549397,FOLLOWS
675687,859311,FOLLOWS
676184,1124739,FOLLOWS
676233,624424,FOLLOWS
676233,1040596,FOLLOWS
676253,389798,FOLLOWS
676276,699876,FOLLOWS
676276,796492,FOLLOWS
676304,228939,FOLLOWS
676457,339754,FOLLOWS
676586,350610,FOLLOWS
676629,335777,FOLLOWS
676831,270201,FOLLOWS
676831,1260888,FOLLOWS
677068,99037,FOLLOWS
677068,674147,FOLLOWS
677068,1093241,FOLLOWS
677155,1034535,FOLLOWS
677331,846015,FOLLOWS
677446,545227,FOLLOWS
677468,675081,FOLLOWS
677526,146044,FOLLOWS
677612,315339,FOLLOWS
677612,399846,FOLLOWS
677627,512582,FOLLOWS
677671,858622,FOLLOWS
677673,139466,FOLLOWS
677673,307098,FOLLOWS
677797,581673,FOLLOWS
677797,1144554,FOLLOWS
677910,227739,FOLLOWS
677998,1452044,FOLLOWS
678003,143236,FOLLOWS
678015,60486,FOLLOWS
678015,312977,FOLLOWS
678015,951023,FOLLOWS
678029,475440,FOLLOWS
678035,60486,FOLLOWS
678035,976242,FOLLOWS
678277,317721,FOLLOWS
678406,932827,FOLLOWS
678743,634244,FOLLOWS
678798,489819,FOLLOWS
678928,375266,FOLLOWS
678928,971903,FOLLOWS
679044,293931,FOLLOWS
679056,629311,FOLLOWS
679098,357840,FOLLOWS
679098,600880,FOLLOWS
679098,530893,FOLLOWS
679200,641249,FOLLOWS
679319,60506,FOLLOWS
679319,679345,FOLLOWS
679345,60506,FOLLOWS
679345,513577,FOLLOWS
679345,1277713,FOLLOWS
679384,756692,FOLLOWS
679421,930215,FOLLOWS
679421,1475128,FOLLOWS
679460,988873,FOLLOWS
679461,591560,FOLLOWS
679748,269757,FOLLOWS
679879,1073108,FOLLOWS
679891,425638,FOLLOWS
679905,313803,FOLLOWS
680218,64538,FOLLOWS
680218,113188,FOLLOWS
680310,1409081,FOLLOWS
680476,241221,FOLLOWS
680510,30566,FOLLOWS
680555,909155,FOLLOWS
680561,329827,FOLLOWS
680561,390150,FOLLOWS
680561,664474,FOLLOWS
680639,688025,FOLLOWS
680936,664830,FOLLOWS
680961,135007,FOLLOWS
681015,68308,FOLLOWS
681064,1456263,FOLLOWS
681137,247358,FOLLOWS
681137,1454767,FOLLOWS
681179,606981,FOLLOWS
681204,324443,FOLLOWS
681204,72346,FOLLOWS
681222,24623,FOLLOWS
681287,542448,FOLLOWS
681387,69120,FOLLOWS
681497,653813,FOLLOWS
681497,1548422,FOLLOWS
681505,322433,FOLLOWS
681505,528690,FOLLOWS
681518,95189,FOLLOWS
681518,681521,FOLLOWS
681521,681518,FOLLOWS
681610,370828,FOLLOWS
681801,515935,FOLLOWS
681801,162077,FOLLOWS
681801,934948,FOLLOWS
681801,407828,FOLLOWS
681818,536431,FOLLOWS
681818,563977,FOLLOWS
681829,120917,FOLLOWS
681829,747291,FOLLOWS
681829,1012874,FOLLOWS
682087,823138,FOLLOWS
682087,1093872,FOLLOWS
682281,608302,FOLLOWS
682547,429788,FOLLOWS
682547,174327,FOLLOWS
682547,125179,FOLLOWS
682547,120143,FOLLOWS
682593,959498,FOLLOWS
682599,424746,FOLLOWS
682704,151595,FOLLOWS
682711,270169,FOLLOWS
682739,408019,FOLLOWS
682739,1091293,FOLLOWS
682739,896329,FOLLOWS
682758,229629,FOLLOWS
682758,862791,FOLLOWS
682793,211574,FOLLOWS
682793,518380,FOLLOWS
682816,156161,FOLLOWS
682862,683011,FOLLOWS
682901,208805,FOLLOWS
683011,759021,FOLLOWS
683139,61223,FOLLOWS
683153,563977,FOLLOWS
683153,874933,FOLLOWS
683241,61238,FOLLOWS
683279,182695,FOLLOWS
683279,588419,FOLLOWS
683279,620001,FOLLOWS
683279,467786,FOLLOWS
683280,61238,FOLLOWS
683280,1352155,FOLLOWS
683317,513398,FOLLOWS
683317,163874,FOLLOWS
683708,542552,FOLLOWS
683789,510196,FOLLOWS
683915,983797,FOLLOWS
684082,91119,FOLLOWS
684082,1164918,FOLLOWS
684206,556177,FOLLOWS
684235,88273,FOLLOWS
684235,379234,FOLLOWS
684235,523257,FOLLOWS
684235,794843,FOLLOWS
684275,114565,FOLLOWS
684275,156935,FOLLOWS
684275,200598,FOLLOWS
684375,504294,FOLLOWS
684406,663915,FOLLOWS
684406,209537,FOLLOWS
684427,1091293,FOLLOWS
684676,848303,FOLLOWS
684676,65838,FOLLOWS
684676,811241,FOLLOWS
684676,679955,FOLLOWS
684702,407787,FOLLOWS
684823,1156056,FOLLOWS
685060,342789,FOLLOWS
685129,371891,FOLLOWS
685141,926485,FOLLOWS
685166,669630,FOLLOWS
685299,620915,FOLLOWS
685299,1376085,FOLLOWS
685429,498204,FOLLOWS
685508,1373328,FOLLOWS
685571,237814,FOLLOWS
685571,695672,FOLLOWS
685645,198277,FOLLOWS
685645,665599,FOLLOWS
685653,1108845,FOLLOWS
685653,102384,FOLLOWS
685668,593856,FOLLOWS
685765,717602,FOLLOWS
685765,616261,FOLLOWS
685860,854144,FOLLOWS
685913,1429999,FOLLOWS
685955,254344,FOLLOWS
686075,234148,FOLLOWS
686170,383656,FOLLOWS
686170,1171367,FOLLOWS
686170,933087,FOLLOWS
686200,536431,FOLLOWS
686222,534546,FOLLOWS
686222,1399953,FOLLOWS
686249,1455669,FOLLOWS
686258,108953,FOLLOWS
686354,221870,FOLLOWS
686354,541992,FOLLOWS
686415,279428,FOLLOWS
686415,1085815,FOLLOWS
686423,627937,FOLLOWS
686433,110170,FOLLOWS
686433,411677,FOLLOWS
686433,509251,FOLLOWS
686433,587241,FOLLOWS
686433,345634,FOLLOWS
686433,372571,FOLLOWS
686433,1251184,FOLLOWS
686433,1453291,FOLLOWS
686433,109651,FOLLOWS
686433,272450,FOLLOWS
686433,49146,FOLLOWS
686471,172748,FOLLOWS
686476,627937,FOLLOWS
686480,717280,FOLLOWS
686480,890438,FOLLOWS
686480,684823,FOLLOWS
686484,171845,FOLLOWS
686484,125179,FOLLOWS
686542,246559,FOLLOWS
686726,289577,FOLLOWS
686726,600750,FOLLOWS
686893,243079,FOLLOWS
686893,570362,FOLLOWS
687096,798319,FOLLOWS
687318,111294,FOLLOWS
687318,427740,FOLLOWS
687329,1389898,FOLLOWS
687507,680218,FOLLOWS
687507,723515,FOLLOWS
687507,776980,FOLLOWS
687535,86091,FOLLOWS
687535,447844,FOLLOWS
687535,525988,FOLLOWS
687535,542552,FOLLOWS
687535,570154,FOLLOWS
687619,134566,FOLLOWS
687747,61614,FOLLOWS
687747,208252,FOLLOWS
687747,1226881,FOLLOWS
687946,953815,FOLLOWS
687979,735108,FOLLOWS
688025,680639,FOLLOWS
688025,161631,FOLLOWS
688033,371927,FOLLOWS
688033,527582,FOLLOWS
688037,402796,FOLLOWS
688037,444080,FOLLOWS
688313,398875,FOLLOWS
688313,562028,FOLLOWS
688313,606925,FOLLOWS
688313,746833,FOLLOWS
688381,75473,FOLLOWS
688495,1221563,FOLLOWS
688495,366551,FOLLOWS
688495,742045,FOLLOWS
688513,1360339,FOLLOWS
688626,571523,FOLLOWS
688626,774858,FOLLOWS
688644,654794,FOLLOWS
688644,663915,FOLLOWS
688654,328665,FOLLOWS
688723,717129,FOLLOWS
688723,496396,FOLLOWS
688945,329382,FOLLOWS
689035,134437,FOLLOWS
689035,1099194,FOLLOWS
689035,574782,FOLLOWS
689035,1456330,FOLLOWS
689042,505407,FOLLOWS
689099,483528,FOLLOWS
689122,346032,FOLLOWS
689139,508862,FOLLOWS
689163,652059,FOLLOWS
689216,542552,FOLLOWS
689216,610501,FOLLOWS
689219,346932,FOLLOWS
689219,1168717,FOLLOWS
689219,278720,FOLLOWS
689274,468077,FOLLOWS
689274,816206,FOLLOWS
689429,61960,FOLLOWS
689893,142065,FOLLOWS
689944,783514,FOLLOWS
689944,526018,FOLLOWS
689944,232755,FOLLOWS
689954,450862,FOLLOWS
690019,929058,FOLLOWS
690019,766728,FOLLOWS
690037,368442,FOLLOWS
690069,407643,FOLLOWS
690069,465393,FOLLOWS
690154,217058,FOLLOWS
690154,865128,FOLLOWS
690154,103733,FOLLOWS
690182,851840,FOLLOWS
690263,466662,FOLLOWS
690276,741778,FOLLOWS
690276,57940,FOLLOWS
690280,235622,FOLLOWS
690316,858483,FOLLOWS
690316,1294254,FOLLOWS
690346,396284,FOLLOWS
690384,61966,FOLLOWS
690384,280784,FOLLOWS
690650,359952,FOLLOWS
690711,179990,FOLLOWS
690713,692441,FOLLOWS
690715,312758,FOLLOWS
690715,478043,FOLLOWS
690784,173271,FOLLOWS
690841,538892,FOLLOWS
690841,1309079,FOLLOWS
690894,1565811,FOLLOWS
690937,727575,FOLLOWS
691110,1534233,FOLLOWS
691314,603923,FOLLOWS
691336,614510,FOLLOWS
691347,345466,FOLLOWS
691375,591663,FOLLOWS
691376,137456,FOLLOWS
691418,86044,FOLLOWS
691418,178853,FOLLOWS
691418,1093936,FOLLOWS
691429,600918,FOLLOWS
691437,188247,FOLLOWS
691437,226661,FOLLOWS
691502,720718,FOLLOWS
691609,936069,FOLLOWS
691691,296457,FOLLOWS
691730,480010,FOLLOWS
691770,137618,FOLLOWS
691968,251164,FOLLOWS
691968,121529,FOLLOWS
692024,1457417,FOLLOWS
692046,733995,FOLLOWS
692046,909155,FOLLOWS
692046,928096,FOLLOWS
692062,612382,FOLLOWS
692186,390222,FOLLOWS
692311,483657,FOLLOWS
692311,594408,FOLLOWS
692327,65269,FOLLOWS
692327,93614,FOLLOWS
692393,454846,FOLLOWS
692430,545083,FOLLOWS
692439,594005,FOLLOWS
692439,1314099,FOLLOWS
692439,427869,FOLLOWS
692441,1388725,FOLLOWS
692452,438468,FOLLOWS
692452,827120,FOLLOWS
692540,293727,FOLLOWS
692540,454929,FOLLOWS
692543,638407,FOLLOWS
692555,859396,FOLLOWS
692587,744943,FOLLOWS
692731,116068,FOLLOWS
692845,257182,FOLLOWS
692845,556032,FOLLOWS
692920,692921,FOLLOWS
692921,155639,FOLLOWS
692921,692920,FOLLOWS
692993,420203,FOLLOWS
693203,442013,FOLLOWS
693283,1076896,FOLLOWS
693357,478043,FOLLOWS
693357,1225513,FOLLOWS
693357,326369,FOLLOWS
693412,87825,FOLLOWS
693489,549403,FOLLOWS
693489,608554,FOLLOWS
693489,483292,FOLLOWS
693489,443489,FOLLOWS
693489,198642,FOLLOWS
693489,225568,FOLLOWS
693489,190861,FOLLOWS
693489,1166611,FOLLOWS
693608,438342,FOLLOWS
693608,591433,FOLLOWS
693608,469938,FOLLOWS
693608,204127,FOLLOWS
693717,84658,FOLLOWS
693717,1087509,FOLLOWS
693747,336511,FOLLOWS
693802,548364,FOLLOWS
693812,506890,FOLLOWS
693877,271019,FOLLOWS
693877,599048,FOLLOWS
693877,793438,FOLLOWS
693881,455988,FOLLOWS
693937,279774,FOLLOWS
694009,372139,FOLLOWS
694014,628230,FOLLOWS
694114,641249,FOLLOWS
694162,999056,FOLLOWS
694165,773964,FOLLOWS
694203,371927,FOLLOWS
694206,220043,FOLLOWS
694542,665622,FOLLOWS
694542,1118649,FOLLOWS
694845,128683,FOLLOWS
694918,723960,FOLLOWS
694943,1003787,FOLLOWS
695116,220466,FOLLOWS
695147,281706,FOLLOWS
695227,398404,FOLLOWS
695227,905596,FOLLOWS
695231,524722,FOLLOWS
695429,63032,FOLLOWS
695429,410830,FOLLOWS
695429,551533,FOLLOWS
695474,63032,FOLLOWS
695539,732388,FOLLOWS
695672,743166,FOLLOWS
695672,177956,FOLLOWS
695672,1026830,FOLLOWS
695678,390223,FOLLOWS
695961,715391,FOLLOWS
695994,1006787,FOLLOWS
696162,82750,FOLLOWS
696162,1476275,FOLLOWS
696180,338757,FOLLOWS
696180,443354,FOLLOWS
696180,553239,FOLLOWS
696180,669342,FOLLOWS
696180,825360,FOLLOWS
696289,371847,FOLLOWS
696291,433213,FOLLOWS
696291,491836,FOLLOWS
696390,717129,FOLLOWS
696537,1211373,FOLLOWS
696728,162967,FOLLOWS
696915,62964,FOLLOWS
696965,577089,FOLLOWS
696965,698170,FOLLOWS
696971,273790,FOLLOWS
696980,111545,FOLLOWS
697007,240359,FOLLOWS
697343,120051,FOLLOWS
697343,352092,FOLLOWS
697420,289160,FOLLOWS
697659,204409,FOLLOWS
697681,280098,FOLLOWS
697681,1105751,FOLLOWS
697681,820170,FOLLOWS
697796,235558,FOLLOWS
697796,589777,FOLLOWS
697950,580234,FOLLOWS
697950,45306,FOLLOWS
697950,14276,FOLLOWS
698050,203027,FOLLOWS
698170,378358,FOLLOWS
698170,21655,FOLLOWS
698170,237795,FOLLOWS
698170,696965,FOLLOWS
698170,118156,FOLLOWS
698313,379579,FOLLOWS
698330,357216,FOLLOWS
698361,840697,FOLLOWS
698382,661022,FOLLOWS
698406,165080,FOLLOWS
698406,218395,FOLLOWS
698447,134719,FOLLOWS
698447,498082,FOLLOWS
698447,787354,FOLLOWS
698654,137956,FOLLOWS
698654,364981,FOLLOWS
698654,473094,FOLLOWS
698654,652528,FOLLOWS
698654,939722,FOLLOWS
698670,500459,FOLLOWS
698670,1115910,FOLLOWS
698670,726788,FOLLOWS
698767,193789,FOLLOWS
698767,1014079,FOLLOWS
698775,1008545,FOLLOWS
698775,1149397,FOLLOWS
698796,668963,FOLLOWS
698796,1142922,FOLLOWS
698801,1460928,FOLLOWS
699144,1185041,FOLLOWS
699428,650810,FOLLOWS
699445,367198,FOLLOWS
699455,703014,FOLLOWS
699478,181232,FOLLOWS
699513,323085,FOLLOWS
699513,778793,FOLLOWS
699513,752641,FOLLOWS
699599,313014,FOLLOWS
699599,318138,FOLLOWS
699599,363822,FOLLOWS
699599,502583,FOLLOWS
699755,1316636,FOLLOWS
699791,699988,FOLLOWS
699811,571855,FOLLOWS
699811,933751,FOLLOWS
699811,47559,FOLLOWS
699876,676276,FOLLOWS
699988,699791,FOLLOWS
700002,858978,FOLLOWS
700045,1082330,FOLLOWS
700113,771521,FOLLOWS
700237,509056,FOLLOWS
700420,761343,FOLLOWS
700526,410705,FOLLOWS
700608,1476682,FOLLOWS
700682,2814,FOLLOWS
700781,742589,FOLLOWS
700819,300212,FOLLOWS
701041,149635,FOLLOWS
701041,718590,FOLLOWS
701041,597926,FOLLOWS
701042,468226,FOLLOWS
701111,944980,FOLLOWS
701111,463946,FOLLOWS
701143,63955,FOLLOWS
701229,701230,FOLLOWS
701292,1141200,FOLLOWS
701385,1158301,FOLLOWS
701402,640176,FOLLOWS
701402,464065,FOLLOWS
701402,1241560,FOLLOWS
701402,443363,FOLLOWS
701402,707971,FOLLOWS
701402,1161775,FOLLOWS
701470,420978,FOLLOWS
701609,865401,FOLLOWS
701684,502488,FOLLOWS
701685,88508,FOLLOWS
701685,240046,FOLLOWS
701771,64072,FOLLOWS
701771,705920,FOLLOWS
701794,651607,FOLLOWS
701794,1087559,FOLLOWS
701794,727031,FOLLOWS
701794,321790,FOLLOWS
701926,463133,FOLLOWS
702001,64128,FOLLOWS
702001,159062,FOLLOWS
702001,106851,FOLLOWS
702026,691486,FOLLOWS
702044,105995,FOLLOWS
702044,443354,FOLLOWS
702044,489239,FOLLOWS
702048,68256,FOLLOWS
702048,733995,FOLLOWS
702048,364758,FOLLOWS
702121,113036,FOLLOWS
702121,973006,FOLLOWS
702160,446045,FOLLOWS
702237,1477190,FOLLOWS
702294,718111,FOLLOWS
702294,958965,FOLLOWS
702299,123705,FOLLOWS
702363,480716,FOLLOWS
702363,479297,FOLLOWS
702443,277580,FOLLOWS
702443,849983,FOLLOWS
702569,1446565,FOLLOWS
702675,743576,FOLLOWS
702786,1034559,FOLLOWS
702895,914419,FOLLOWS
702955,126705,FOLLOWS
702955,1030026,FOLLOWS
703012,544605,FOLLOWS
703014,699455,FOLLOWS
703057,278235,FOLLOWS
703134,642853,FOLLOWS
703134,743382,FOLLOWS
703315,666466,FOLLOWS
703315,850601,FOLLOWS
703391,705055,FOLLOWS
703525,855115,FOLLOWS
703629,501232,FOLLOWS
703629,176262,FOLLOWS
703663,546751,FOLLOWS
703670,339734,FOLLOWS
703681,162245,FOLLOWS
703681,271019,FOLLOWS
703803,341796,FOLLOWS
703828,538186,FOLLOWS
703828,4648,FOLLOWS
703828,1099217,FOLLOWS
703828,110754,FOLLOWS
703874,626981,FOLLOWS
703874,971823,FOLLOWS
703885,768834,FOLLOWS
703885,561649,FOLLOWS
703912,898813,FOLLOWS
703920,367593,FOLLOWS
704061,1338027,FOLLOWS
704061,269716,FOLLOWS
704190,704199,FOLLOWS
704350,638687,FOLLOWS
704350,269949,FOLLOWS
704501,184630,FOLLOWS
704501,315437,FOLLOWS
704501,526152,FOLLOWS
704539,1494534,FOLLOWS
704582,985072,FOLLOWS
704761,413113,FOLLOWS
704851,342064,FOLLOWS
704851,487768,FOLLOWS
704903,330414,FOLLOWS
704997,92292,FOLLOWS
705083,64672,FOLLOWS
705083,269492,FOLLOWS
705135,774327,FOLLOWS
705136,802866,FOLLOWS
705136,1025591,FOLLOWS
705289,395180,FOLLOWS
705291,784376,FOLLOWS
705368,621742,FOLLOWS
705368,1088897,FOLLOWS
705536,785198,FOLLOWS
705557,613080,FOLLOWS
705575,64538,FOLLOWS
705677,525481,FOLLOWS
705705,478043,FOLLOWS
705787,1044923,FOLLOWS
705859,512738,FOLLOWS
706069,735324,FOLLOWS
706459,1108697,FOLLOWS
706459,1367066,FOLLOWS
706580,547122,FOLLOWS
706596,753128,FOLLOWS
706861,96483,FOLLOWS
706997,404091,FOLLOWS
707012,895354,FOLLOWS
707050,896879,FOLLOWS
707142,1060707,FOLLOWS
707142,880816,FOLLOWS
707157,931242,FOLLOWS
707157,888527,FOLLOWS
707203,730829,FOLLOWS
707374,305555,FOLLOWS
707579,1066148,FOLLOWS
707580,62564,FOLLOWS
707580,25178,FOLLOWS
707771,585868,FOLLOWS
707771,990665,FOLLOWS
707847,714068,FOLLOWS
707847,904155,FOLLOWS
707847,1461838,FOLLOWS
707875,334687,FOLLOWS
707971,375095,FOLLOWS
707999,451488,FOLLOWS
708158,548142,FOLLOWS
708158,532197,FOLLOWS
708203,80869,FOLLOWS
708290,440731,FOLLOWS
708374,993612,FOLLOWS
708439,762907,FOLLOWS
708461,647901,FOLLOWS
708547,434356,FOLLOWS
708573,893890,FOLLOWS
708673,233495,FOLLOWS
708714,512824,FOLLOWS
708763,1248614,FOLLOWS
708767,1122252,FOLLOWS
708998,243500,FOLLOWS
709141,1315106,FOLLOWS
709141,1249554,FOLLOWS
709359,175183,FOLLOWS
709385,266790,FOLLOWS
709385,338757,FOLLOWS
709385,574649,FOLLOWS
709385,921546,FOLLOWS
709413,74436,FOLLOWS
709413,837922,FOLLOWS
709545,1237810,FOLLOWS
709635,633198,FOLLOWS
709742,158726,FOLLOWS
709811,396472,FOLLOWS
709869,615338,FOLLOWS
709869,969928,FOLLOWS
710178,208805,FOLLOWS
710178,360082,FOLLOWS
710178,611161,FOLLOWS
710178,1035060,FOLLOWS
710178,1315132,FOLLOWS
710178,821757,FOLLOWS
710178,277322,FOLLOWS
710202,203211,FOLLOWS
710227,116176,FOLLOWS
710563,652139,FOLLOWS
710718,371535,FOLLOWS
710718,593631,FOLLOWS
710729,218395,FOLLOWS
710885,126930,FOLLOWS
711052,475047,FOLLOWS
711335,528690,FOLLOWS
711335,984443,FOLLOWS
711335,1085825,FOLLOWS
711399,521317,FOLLOWS
711399,1312979,FOLLOWS
711416,601596,FOLLOWS
711416,1060510,FOLLOWS
711484,604050,FOLLOWS
711484,817561,FOLLOWS
711567,67437,FOLLOWS
711613,355603,FOLLOWS
711613,586187,FOLLOWS
711747,1084752,FOLLOWS
711793,611095,FOLLOWS
711793,92599,FOLLOWS
711804,659348,FOLLOWS
711884,65476,FOLLOWS
711928,65566,FOLLOWS
711928,898951,FOLLOWS
711980,116068,FOLLOWS
711988,195924,FOLLOWS
711988,682087,FOLLOWS
712002,1622927,FOLLOWS
712061,411196,FOLLOWS
712061,1204769,FOLLOWS
712204,567869,FOLLOWS
712331,154212,FOLLOWS
712331,618189,FOLLOWS
712341,1085375,FOLLOWS
713091,713094,FOLLOWS
713094,44801,FOLLOWS
713094,713091,FOLLOWS
713094,408699,FOLLOWS
713094,848716,FOLLOWS
713149,731021,FOLLOWS
713256,415064,FOLLOWS
713321,89807,FOLLOWS
713329,978338,FOLLOWS
713381,861361,FOLLOWS
713381,1077818,FOLLOWS
713452,282243,FOLLOWS
713687,246678,FOLLOWS
713687,1221218,FOLLOWS
713687,1162869,FOLLOWS
713687,752905,FOLLOWS
713853,354785,FOLLOWS
713975,183943,FOLLOWS
713975,24801,FOLLOWS
714068,243964,FOLLOWS
714068,449208,FOLLOWS
714068,707847,FOLLOWS
714068,904155,FOLLOWS
714071,422354,FOLLOWS
714071,189644,FOLLOWS
714406,148314,FOLLOWS
714406,1188659,FOLLOWS
714717,1106357,FOLLOWS
714717,989688,FOLLOWS
714730,311950,FOLLOWS
714959,595235,FOLLOWS
715266,226907,FOLLOWS
715266,717280,FOLLOWS
715324,374723,FOLLOWS
715331,75473,FOLLOWS
715464,455292,FOLLOWS
715482,590161,FOLLOWS
715482,813835,FOLLOWS
715482,813850,FOLLOWS
715527,111322,FOLLOWS
715527,723589,FOLLOWS
715564,100577,FOLLOWS
715607,488743,FOLLOWS
715665,136964,FOLLOWS
715714,668427,FOLLOWS
715721,314965,FOLLOWS
715721,363922,FOLLOWS
715883,647382,FOLLOWS
715940,218777,FOLLOWS
716012,1049004,FOLLOWS
716020,1105275,FOLLOWS
716020,1241730,FOLLOWS
716360,937548,FOLLOWS
716422,386854,FOLLOWS
716422,739982,FOLLOWS
716422,230560,FOLLOWS
716443,498320,FOLLOWS
716543,1160924,FOLLOWS
716799,200567,FOLLOWS
716805,1325106,FOLLOWS
716805,1350757,FOLLOWS
716897,974644,FOLLOWS
716944,1127063,FOLLOWS
717049,66449,FOLLOWS
717049,220115,FOLLOWS
717129,162245,FOLLOWS
717129,422541,FOLLOWS
717129,688723,FOLLOWS
717129,353265,FOLLOWS
717129,77355,FOLLOWS
717182,1170378,FOLLOWS
717214,374723,FOLLOWS
717214,715324,FOLLOWS
717259,296407,FOLLOWS
717259,584637,FOLLOWS
717280,715266,FOLLOWS
717364,1012874,FOLLOWS
717454,446123,FOLLOWS
717486,103746,FOLLOWS
717587,320508,FOLLOWS
717666,172288,FOLLOWS
717718,97925,FOLLOWS
717816,459242,FOLLOWS
718038,202976,FOLLOWS
718110,78298,FOLLOWS
718110,368837,FOLLOWS
718110,483879,FOLLOWS
718110,490247,FOLLOWS
718110,428534,FOLLOWS
718110,52362,FOLLOWS
718111,368837,FOLLOWS
718111,507887,FOLLOWS
718111,538844,FOLLOWS
718111,702294,FOLLOWS
718111,744526,FOLLOWS
718111,619695,FOLLOWS
718117,501822,FOLLOWS
718209,1144372,FOLLOWS
718209,1144392,FOLLOWS
718253,166845,FOLLOWS
718253,226633,FOLLOWS
718253,1197342,FOLLOWS
718380,940147,FOLLOWS
718380,724190,FOLLOWS
718452,718482,FOLLOWS
718482,718452,FOLLOWS
718513,1463816,FOLLOWS
718513,860430,FOLLOWS
718590,701041,FOLLOWS
718609,1316565,FOLLOWS
718618,354432,FOLLOWS
718618,701041,FOLLOWS
718645,635836,FOLLOWS
718645,15362,FOLLOWS
718685,246678,FOLLOWS
718957,834471,FOLLOWS
718968,972168,FOLLOWS
719014,306680,FOLLOWS
719236,69206,FOLLOWS
719379,40868,FOLLOWS
719415,293359,FOLLOWS
719415,494787,FOLLOWS
719415,513474,FOLLOWS
719717,207875,FOLLOWS
719755,172955,FOLLOWS
719755,1291261,FOLLOWS
719770,409944,FOLLOWS
719770,747291,FOLLOWS
719776,673214,FOLLOWS
719781,1177519,FOLLOWS
720018,1103544,FOLLOWS
720268,1338152,FOLLOWS
720569,298878,FOLLOWS
720658,851202,FOLLOWS
720718,631426,FOLLOWS
720741,289651,FOLLOWS
720822,94160,FOLLOWS
720822,724514,FOLLOWS
720822,743670,FOLLOWS
720851,288736,FOLLOWS
720927,1075738,FOLLOWS
721159,731975,FOLLOWS
721299,376028,FOLLOWS
721299,753930,FOLLOWS
721401,135997,FOLLOWS
721666,707959,FOLLOWS
721671,302215,FOLLOWS
721671,354075,FOLLOWS
721671,621640,FOLLOWS
721788,145666,FOLLOWS
721788,359952,FOLLOWS
721980,161368,FOLLOWS
721980,294996,FOLLOWS
721980,955507,FOLLOWS
721985,270240,FOLLOWS
721985,253773,FOLLOWS
721985,202976,FOLLOWS
722494,556796,FOLLOWS
722531,399155,FOLLOWS
722619,418453,FOLLOWS
722619,829434,FOLLOWS
722646,1054242,FOLLOWS
722717,864602,FOLLOWS
722732,774858,FOLLOWS
723237,173878,FOLLOWS
723237,122734,FOLLOWS
723316,468655,FOLLOWS
723361,1467942,FOLLOWS
723361,878244,FOLLOWS
723515,687507,FOLLOWS
723515,170776,FOLLOWS
723515,1343756,FOLLOWS
723557,1155526,FOLLOWS
723589,477975,FOLLOWS
723759,278100,FOLLOWS
723759,346997,FOLLOWS
723789,145666,FOLLOWS
723789,631297,FOLLOWS
723790,438342,FOLLOWS
723790,723789,FOLLOWS
723806,450224,FOLLOWS
723806,393736,FOLLOWS
724059,456305,FOLLOWS
724119,335071,FOLLOWS
724119,958965,FOLLOWS
724119,960283,FOLLOWS
724119,336175,FOLLOWS
724190,718380,FOLLOWS
724190,821514,FOLLOWS
724215,658687,FOLLOWS
724393,1094197,FOLLOWS
724514,720822,FOLLOWS
724663,837623,FOLLOWS
724698,1356744,FOLLOWS
724728,1012941,FOLLOWS
724804,334687,FOLLOWS
724804,514063,FOLLOWS
724804,63511,FOLLOWS
724891,832389,FOLLOWS
724891,564797,FOLLOWS
724970,516513,FOLLOWS
724970,577541,FOLLOWS
724995,1248152,FOLLOWS
724995,183095,FOLLOWS
725155,1057584,FOLLOWS
725188,320359,FOLLOWS
725229,173145,FOLLOWS
725229,419183,FOLLOWS
725292,904465,FOLLOWS
725292,1145608,FOLLOWS
725346,321500,FOLLOWS
725441,211403,FOLLOWS
725441,1091479,FOLLOWS
725476,329677,FOLLOWS
725476,754754,FOLLOWS
725514,1087628,FOLLOWS
725514,1263766,FOLLOWS
725629,610196,FOLLOWS
725707,189280,FOLLOWS
725844,700420,FOLLOWS
726062,67915,FOLLOWS
726167,858827,FOLLOWS
726167,1561241,FOLLOWS
726181,73906,FOLLOWS
726209,108111,FOLLOWS
726209,163556,FOLLOWS
726209,484904,FOLLOWS
726218,825642,FOLLOWS
726300,956294,FOLLOWS
726319,989161,FOLLOWS
726373,1008749,FOLLOWS
726514,996441,FOLLOWS
726514,287950,FOLLOWS
726645,114979,FOLLOWS
726645,134299,FOLLOWS
726662,544079,FOLLOWS
726869,355774,FOLLOWS
727031,651607,FOLLOWS
727031,701794,FOLLOWS
727031,42477,FOLLOWS
727031,280179,FOLLOWS
727141,367943,FOLLOWS
727239,452666,FOLLOWS
727239,1529555,FOLLOWS
727532,1120915,FOLLOWS
727782,455993,FOLLOWS
727796,211230,FOLLOWS
727796,545751,FOLLOWS
727796,563763,FOLLOWS
727803,14651,FOLLOWS
727923,68308,FOLLOWS
728015,948756,FOLLOWS
728038,289221,FOLLOWS
728108,273267,FOLLOWS
728147,1172616,FOLLOWS
728264,538077,FOLLOWS
728275,835952,FOLLOWS
728320,293375,FOLLOWS
728405,103993,FOLLOWS
728405,511280,FOLLOWS
728492,449922,FOLLOWS
728528,165391,FOLLOWS
728738,338254,FOLLOWS
728738,242408,FOLLOWS
728786,753047,FOLLOWS
728790,979273,FOLLOWS
728874,121295,FOLLOWS
728902,215591,FOLLOWS
728910,1061504,FOLLOWS
729062,1088955,FOLLOWS
729102,605026,FOLLOWS
729379,184139,FOLLOWS
729379,256550,FOLLOWS
729379,275342,FOLLOWS
729379,617622,FOLLOWS
729443,89228,FOLLOWS
729675,528128,FOLLOWS
729697,1146143,FOLLOWS
729777,139125,FOLLOWS
729777,543131,FOLLOWS
729882,591780,FOLLOWS
729882,735651,FOLLOWS
729941,110467,FOLLOWS
729987,666014,FOLLOWS
730082,557245,FOLLOWS
730082,506106,FOLLOWS
730082,528208,FOLLOWS
730082,809555,FOLLOWS
730082,279039,FOLLOWS
730210,1414409,FOLLOWS
730269,357543,FOLLOWS
730339,229158,FOLLOWS
730378,69003,FOLLOWS
730709,334703,FOLLOWS
730709,442823,FOLLOWS
730762,1463005,FOLLOWS
730785,283518,FOLLOWS
730813,990152,FOLLOWS
730829,707203,FOLLOWS
730841,133140,FOLLOWS
730872,730912,FOLLOWS
730872,133140,FOLLOWS
730912,256550,FOLLOWS
730912,596089,FOLLOWS
730912,730872,FOLLOWS
731125,554541,FOLLOWS
731125,1118354,FOLLOWS
731125,752243,FOLLOWS
731133,895376,FOLLOWS
731133,531597,FOLLOWS
731134,212612,FOLLOWS
731134,1479853,FOLLOWS
731186,452081,FOLLOWS
731186,636685,FOLLOWS
731196,68731,FOLLOWS
731303,731305,FOLLOWS
731305,731303,FOLLOWS
731389,648993,FOLLOWS
731530,105209,FOLLOWS
731711,286284,FOLLOWS
731711,624424,FOLLOWS
732010,285526,FOLLOWS
732071,1465907,FOLLOWS
732178,119791,FOLLOWS
732178,896879,FOLLOWS
732193,354051,FOLLOWS
732203,100017,FOLLOWS
732203,372728,FOLLOWS
732364,625301,FOLLOWS
732388,379704,FOLLOWS
732388,498523,FOLLOWS
732388,695539,FOLLOWS
732479,144853,FOLLOWS
732773,946488,FOLLOWS
732899,980402,FOLLOWS
732984,504736,FOLLOWS
732990,69206,FOLLOWS
732990,980718,FOLLOWS
732990,803915,FOLLOWS
732992,340399,FOLLOWS
732992,432887,FOLLOWS
732992,544520,FOLLOWS
733006,69206,FOLLOWS
733011,113381,FOLLOWS
733011,406442,FOLLOWS
733036,330414,FOLLOWS
733100,711793,FOLLOWS
733100,341873,FOLLOWS
733100,575122,FOLLOWS
733100,611095,FOLLOWS
733100,143967,FOLLOWS
733280,281804,FOLLOWS
733311,119729,FOLLOWS
733311,410308,FOLLOWS
733358,37768,FOLLOWS
733473,531658,FOLLOWS
733750,309711,FOLLOWS
733806,1363155,FOLLOWS
733841,602367,FOLLOWS
733912,295222,FOLLOWS
733995,692046,FOLLOWS
733995,702048,FOLLOWS
734067,1170378,FOLLOWS
734405,734555,FOLLOWS
734635,169770,FOLLOWS
734641,578226,FOLLOWS
734687,570154,FOLLOWS
734687,798805,FOLLOWS
734838,79678,FOLLOWS
734838,388888,FOLLOWS
734860,508580,FOLLOWS
735108,687979,FOLLOWS
735157,578226,FOLLOWS
735204,280133,FOLLOWS
735256,395180,FOLLOWS
735256,200036,FOLLOWS
735256,895134,FOLLOWS
735263,397630,FOLLOWS
735263,483657,FOLLOWS
735324,727086,FOLLOWS
735324,664621,FOLLOWS
735324,706069,FOLLOWS
735411,410597,FOLLOWS
735639,1271699,FOLLOWS
735651,729882,FOLLOWS
735766,353659,FOLLOWS
736131,1239030,FOLLOWS
736196,218224,FOLLOWS
736196,227819,FOLLOWS
736250,69706,FOLLOWS
736303,944937,FOLLOWS
736374,808740,FOLLOWS
736374,234947,FOLLOWS
736374,550672,FOLLOWS
736565,413212,FOLLOWS
736565,480801,FOLLOWS
736565,497592,FOLLOWS
736587,304405,FOLLOWS
736688,92310,FOLLOWS
736688,262458,FOLLOWS
736688,341478,FOLLOWS
736825,840697,FOLLOWS
737001,344609,FOLLOWS
737001,414865,FOLLOWS
737001,581497,FOLLOWS
737001,478928,FOLLOWS
737001,132655,FOLLOWS
737031,553239,FOLLOWS
737064,866341,FOLLOWS
737105,52417,FOLLOWS
737326,262330,FOLLOWS
737326,440731,FOLLOWS
737326,898660,FOLLOWS
737333,190756,FOLLOWS
737390,141447,FOLLOWS
737554,440719,FOLLOWS
737731,339139,FOLLOWS
737731,411680,FOLLOWS
737731,554853,FOLLOWS
738024,908177,FOLLOWS
738343,113381,FOLLOWS
738482,81728,FOLLOWS
738482,240046,FOLLOWS
738482,693937,FOLLOWS
738681,440555,FOLLOWS
738681,825185,FOLLOWS
738682,1319546,FOLLOWS
738711,193242,FOLLOWS
738830,166675,FOLLOWS
738893,704087,FOLLOWS
738893,915697,FOLLOWS
738969,1468380,FOLLOWS
738999,500249,FOLLOWS
738999,640669,FOLLOWS
739023,739024,FOLLOWS
739024,739023,FOLLOWS
739029,403506,FOLLOWS
739031,145416,FOLLOWS
739031,758050,FOLLOWS
739031,126606,FOLLOWS
739031,128190,FOLLOWS
739106,218071,FOLLOWS
739106,118156,FOLLOWS
739191,276723,FOLLOWS
739191,498248,FOLLOWS
739579,889730,FOLLOWS
739703,579278,FOLLOWS
739734,46335,FOLLOWS
739734,549648,FOLLOWS
739747,630373,FOLLOWS
739795,346412,FOLLOWS
739869,915179,FOLLOWS
740198,1013502,FOLLOWS
740198,1331065,FOLLOWS
740301,73155,FOLLOWS
740301,260324,FOLLOWS
740645,579278,FOLLOWS
740645,608554,FOLLOWS
740645,739703,FOLLOWS
740645,507393,FOLLOWS
740729,442012,FOLLOWS
740962,552653,FOLLOWS
741116,936060,FOLLOWS
741440,266331,FOLLOWS
741510,487361,FOLLOWS
741523,275868,FOLLOWS
741675,689099,FOLLOWS
741695,210399,FOLLOWS
741707,185700,FOLLOWS
741778,191531,FOLLOWS
741778,690276,FOLLOWS
741818,533999,FOLLOWS
742031,357755,FOLLOWS
742167,359952,FOLLOWS
742167,908143,FOLLOWS
742192,1220450,FOLLOWS
742272,1395844,FOLLOWS
742282,211147,FOLLOWS
742282,662707,FOLLOWS
742311,994486,FOLLOWS
742334,766112,FOLLOWS
742334,241554,FOLLOWS
742356,508646,FOLLOWS
742376,432992,FOLLOWS
742376,1107927,FOLLOWS
742453,937247,FOLLOWS
742464,357161,FOLLOWS
742570,149942,FOLLOWS
742607,671206,FOLLOWS
742698,814956,FOLLOWS
742701,700237,FOLLOWS
742701,984264,FOLLOWS
742892,352315,FOLLOWS
742892,863302,FOLLOWS
742895,450989,FOLLOWS
742970,426948,FOLLOWS
743024,1166578,FOLLOWS
743087,306116,FOLLOWS
743166,190107,FOLLOWS
743166,695672,FOLLOWS
743234,352923,FOLLOWS
743234,475440,FOLLOWS
743382,703134,FOLLOWS
743382,422992,FOLLOWS
743382,908888,FOLLOWS
743436,842742,FOLLOWS
743569,422877,FOLLOWS
743576,149677,FOLLOWS
743576,266751,FOLLOWS
743592,629942,FOLLOWS
743593,480058,FOLLOWS
743698,303736,FOLLOWS
743723,352169,FOLLOWS
743835,1256109,FOLLOWS
743963,28275,FOLLOWS
743990,172165,FOLLOWS
744200,71477,FOLLOWS
744297,1471498,FOLLOWS
744362,969925,FOLLOWS
744363,1470764,FOLLOWS
744418,457161,FOLLOWS
744526,337018,FOLLOWS
744526,718111,FOLLOWS
744560,205589,FOLLOWS
744628,490359,FOLLOWS
744652,1115108,FOLLOWS
744731,88012,FOLLOWS
744759,92948,FOLLOWS
744851,424029,FOLLOWS
744851,731196,FOLLOWS
744868,483565,FOLLOWS
744943,175123,FOLLOWS
744943,692587,FOLLOWS
744943,365973,FOLLOWS
745051,211033,FOLLOWS
745107,611033,FOLLOWS
745107,79871,FOLLOWS
745107,533790,FOLLOWS
745107,446487,FOLLOWS
745107,8255,FOLLOWS
745107,783020,FOLLOWS
745247,1086719,FOLLOWS
745390,211220,FOLLOWS
745390,613621,FOLLOWS
745544,110178,FOLLOWS
745544,443354,FOLLOWS
745544,542552,FOLLOWS
745545,463107,FOLLOWS
745545,619039,FOLLOWS
745608,745631,FOLLOWS
745643,1346149,FOLLOWS
745669,71749,FOLLOWS
745685,663691,FOLLOWS
745757,271019,FOLLOWS
745758,745764,FOLLOWS
745758,72854,FOLLOWS
745764,745758,FOLLOWS
745796,71519,FOLLOWS
745796,389866,FOLLOWS
745817,1026317,FOLLOWS
745817,860242,FOLLOWS
746256,213906,FOLLOWS
746256,478459,FOLLOWS
746295,776466,FOLLOWS
746470,968960,FOLLOWS
746543,183784,FOLLOWS
746570,589066,FOLLOWS
746683,338757,FOLLOWS
746683,793921,FOLLOWS
746844,348065,FOLLOWS
746844,378556,FOLLOWS
747149,367950,FOLLOWS
747204,540284,FOLLOWS
747243,1198332,FOLLOWS
747291,409944,FOLLOWS
747291,681829,FOLLOWS
747466,304237,FOLLOWS
747466,148439,FOLLOWS
747466,104464,FOLLOWS
747637,481524,FOLLOWS
747662,187771,FOLLOWS
747769,199686,FOLLOWS
747837,126450,FOLLOWS
748190,1298684,FOLLOWS
748190,72854,FOLLOWS
748308,1054598,FOLLOWS
748451,88798,FOLLOWS
748462,82228,FOLLOWS
748546,103801,FOLLOWS
748556,403798,FOLLOWS
748578,72193,FOLLOWS
748585,106016,FOLLOWS
748681,513711,FOLLOWS
748681,944980,FOLLOWS
748681,209434,FOLLOWS
748681,334885,FOLLOWS
748701,113036,FOLLOWS
748701,113435,FOLLOWS
748852,86044,FOLLOWS
748852,1037895,FOLLOWS
748883,431267,FOLLOWS
748883,433866,FOLLOWS
748937,904874,FOLLOWS
748965,72485,FOLLOWS
749077,564470,FOLLOWS
749077,1175899,FOLLOWS
749077,1236728,FOLLOWS
749077,343443,FOLLOWS
749097,121872,FOLLOWS
749097,1104781,FOLLOWS
749097,283016,FOLLOWS
749122,282243,FOLLOWS
749122,282623,FOLLOWS
749209,748852,FOLLOWS
749370,398005,FOLLOWS
749370,782619,FOLLOWS
749516,72399,FOLLOWS
749522,72399,FOLLOWS
749522,334687,FOLLOWS
749522,305898,FOLLOWS
749522,944600,FOLLOWS
749732,530917,FOLLOWS
749747,146873,FOLLOWS
749747,337767,FOLLOWS
749756,74436,FOLLOWS
749756,618184,FOLLOWS
749843,274428,FOLLOWS
749896,621155,FOLLOWS
749896,705434,FOLLOWS
750125,644393,FOLLOWS
750134,524668,FOLLOWS
750134,535178,FOLLOWS
750134,751700,FOLLOWS
750134,1255409,FOLLOWS
750227,1057697,FOLLOWS
750290,272087,FOLLOWS
750379,1114789,FOLLOWS
751012,1181591,FOLLOWS
751014,516798,FOLLOWS
751051,341796,FOLLOWS
751051,702044,FOLLOWS
751118,625736,FOLLOWS
751118,788014,FOLLOWS
751134,581635,FOLLOWS
751157,646888,FOLLOWS
751157,106457,FOLLOWS
751242,415148,FOLLOWS
751250,580406,FOLLOWS
751277,277322,FOLLOWS
751277,878808,FOLLOWS
751298,95055,FOLLOWS
751317,284634,FOLLOWS
751448,522513,FOLLOWS
751448,809000,FOLLOWS
751613,260324,FOLLOWS
751613,501797,FOLLOWS
751613,93255,FOLLOWS
751677,751703,FOLLOWS
751700,472911,FOLLOWS
751700,548859,FOLLOWS
751700,750134,FOLLOWS
751720,213090,FOLLOWS
751795,72905,FOLLOWS
751795,524942,FOLLOWS
751795,766079,FOLLOWS
751938,1089230,FOLLOWS
752023,935309,FOLLOWS
752041,159340,FOLLOWS
752093,1104367,FOLLOWS
752093,1236394,FOLLOWS
752210,1024820,FOLLOWS
752641,323085,FOLLOWS
752671,385035,FOLLOWS
752766,1482035,FOLLOWS
752905,204767,FOLLOWS
752905,1238445,FOLLOWS
752905,321354,FOLLOWS
752958,459624,FOLLOWS
752990,324586,FOLLOWS
752990,352589,FOLLOWS
753004,72980,FOLLOWS
753101,683786,FOLLOWS
753128,706596,FOLLOWS
753397,73086,FOLLOWS
753497,73086,FOLLOWS
753513,71712,FOLLOWS
753516,187673,FOLLOWS
753575,1290405,FOLLOWS
753575,1481845,FOLLOWS
753649,571471,FOLLOWS
753732,472911,FOLLOWS
753914,172444,FOLLOWS
753926,252986,FOLLOWS
753926,161034,FOLLOWS
753930,273342,FOLLOWS
753930,721299,FOLLOWS
754052,683667,FOLLOWS
754124,754126,FOLLOWS
754126,754124,FOLLOWS
754169,104403,FOLLOWS
754169,858622,FOLLOWS
754258,1214637,FOLLOWS
754338,1159202,FOLLOWS
754338,1006787,FOLLOWS
754364,174458,FOLLOWS
754416,493593,FOLLOWS
754647,1023248,FOLLOWS
754749,233182,FOLLOWS
754754,725476,FOLLOWS
754754,1481633,FOLLOWS
754770,220608,FOLLOWS
754770,250855,FOLLOWS
754798,74201,FOLLOWS
754869,73328,FOLLOWS
754888,539985,FOLLOWS
754888,559232,FOLLOWS
754903,473904,FOLLOWS
754903,936377,FOLLOWS
754996,227205,FOLLOWS
754996,359407,FOLLOWS
754996,399179,FOLLOWS
754996,313456,FOLLOWS
755174,617679,FOLLOWS
755174,827063,FOLLOWS
755176,78297,FOLLOWS
755176,504736,FOLLOWS
755289,315153,FOLLOWS
755289,289128,FOLLOWS
755397,536517,FOLLOWS
755397,170027,FOLLOWS
755546,986003,FOLLOWS
755555,900569,FOLLOWS
755587,388005,FOLLOWS
755651,375962,FOLLOWS
755740,73155,FOLLOWS
755778,315503,FOLLOWS
755958,347992,FOLLOWS
756182,1126968,FOLLOWS
756263,118156,FOLLOWS
756316,311014,FOLLOWS
756316,545792,FOLLOWS
756393,1083224,FOLLOWS
756401,348137,FOLLOWS
756434,378556,FOLLOWS
756507,339982,FOLLOWS
756584,112446,FOLLOWS
756599,597833,FOLLOWS
756599,1106258,FOLLOWS
756692,679384,FOLLOWS
756730,820854,FOLLOWS
756730,821130,FOLLOWS
756853,806900,FOLLOWS
756871,550183,FOLLOWS
756887,73792,FOLLOWS
756929,396916,FOLLOWS
756937,778171,FOLLOWS
756939,611037,FOLLOWS
756939,427869,FOLLOWS
757017,480472,FOLLOWS
757071,427869,FOLLOWS
757079,257182,FOLLOWS
757079,667350,FOLLOWS
757079,580089,FOLLOWS
757079,1477779,FOLLOWS
757082,173145,FOLLOWS
757110,630072,FOLLOWS
757386,540346,FOLLOWS
757513,74061,FOLLOWS
757513,338875,FOLLOWS
757549,1067921,FOLLOWS
757566,107738,FOLLOWS
757566,311014,FOLLOWS
757710,80112,FOLLOWS
757710,129731,FOLLOWS
757710,154335,FOLLOWS
757710,284512,FOLLOWS
757728,440482,FOLLOWS
757728,1119440,FOLLOWS
757728,681387,FOLLOWS
757742,253787,FOLLOWS
757786,623804,FOLLOWS
757838,335172,FOLLOWS
757838,640865,FOLLOWS
757857,324673,FOLLOWS
757857,563260,FOLLOWS
758000,709329,FOLLOWS
758029,271334,FOLLOWS
758050,116196,FOLLOWS
758050,145416,FOLLOWS
758050,739031,FOLLOWS
758050,126606,FOLLOWS
758050,128190,FOLLOWS
758050,126752,FOLLOWS
758050,52308,FOLLOWS
758108,443354,FOLLOWS
758108,489239,FOLLOWS
758108,745544,FOLLOWS
758108,865377,FOLLOWS
758176,119873,FOLLOWS
758512,596352,FOLLOWS
758512,1472702,FOLLOWS
758512,1138349,FOLLOWS
758590,1312676,FOLLOWS
758590,871934,FOLLOWS
758653,95891,FOLLOWS
758653,206395,FOLLOWS
758723,218396,FOLLOWS
758723,220134,FOLLOWS
758723,258979,FOLLOWS
758836,109438,FOLLOWS
758836,420203,FOLLOWS
758836,834721,FOLLOWS
758874,74166,FOLLOWS
758904,599741,FOLLOWS
758904,1132459,FOLLOWS
758927,219598,FOLLOWS
758927,285902,FOLLOWS
759010,543325,FOLLOWS
759021,422541,FOLLOWS
759021,414805,FOLLOWS
759109,989235,FOLLOWS
759125,372820,FOLLOWS
759125,909989,FOLLOWS
759179,74201,FOLLOWS
759200,134938,FOLLOWS
759200,756730,FOLLOWS
759483,1205425,FOLLOWS
759513,480426,FOLLOWS
759556,174107,FOLLOWS
759556,1043940,FOLLOWS
759556,539424,FOLLOWS
759573,597833,FOLLOWS
759573,758339,FOLLOWS
759710,432305,FOLLOWS
759806,826802,FOLLOWS
759828,1266781,FOLLOWS
759828,954619,FOLLOWS
759944,230142,FOLLOWS
759944,234529,FOLLOWS
759944,644972,FOLLOWS
759965,272087,FOLLOWS
759965,684823,FOLLOWS
759982,684823,FOLLOWS
760007,126173,FOLLOWS
760377,445877,FOLLOWS
760444,382888,FOLLOWS
760444,1157612,FOLLOWS
760525,68337,FOLLOWS
760525,760553,FOLLOWS
760538,318216,FOLLOWS
760593,514350,FOLLOWS
760795,1024211,FOLLOWS
760887,1200460,FOLLOWS
760887,1476065,FOLLOWS
761046,799309,FOLLOWS
761046,950348,FOLLOWS
761245,565337,FOLLOWS
761245,711980,FOLLOWS
761245,1071203,FOLLOWS
761279,770302,FOLLOWS
761302,605842,FOLLOWS
761496,320594,FOLLOWS
761571,333444,FOLLOWS
761951,183735,FOLLOWS
761958,57366,FOLLOWS
762338,1067724,FOLLOWS
762495,1347367,FOLLOWS
762634,625284,FOLLOWS
762634,1277749,FOLLOWS
762796,1009089,FOLLOWS
762856,516526,FOLLOWS
762856,554039,FOLLOWS
762856,315304,FOLLOWS
762907,708439,FOLLOWS
762907,1398234,FOLLOWS
763066,328869,FOLLOWS
763221,75135,FOLLOWS
763236,183903,FOLLOWS
763354,798986,FOLLOWS
763374,344525,FOLLOWS
763374,802752,FOLLOWS
763404,75055,FOLLOWS
763465,386379,FOLLOWS
763466,75055,FOLLOWS
763466,372456,FOLLOWS
763480,463133,FOLLOWS
763480,825514,FOLLOWS
763634,74699,FOLLOWS
763634,126705,FOLLOWS
763650,315319,FOLLOWS
763650,377339,FOLLOWS
763650,505386,FOLLOWS
763650,930687,FOLLOWS
763699,844317,FOLLOWS
763707,763789,FOLLOWS
763789,206360,FOLLOWS
763789,698801,FOLLOWS
763789,763707,FOLLOWS
763908,526707,FOLLOWS
763908,661238,FOLLOWS
763995,725629,FOLLOWS
763997,584818,FOLLOWS
763997,667090,FOLLOWS
763997,764068,FOLLOWS
764135,139875,FOLLOWS
764353,559705,FOLLOWS
764415,1494211,FOLLOWS
764430,658956,FOLLOWS
764483,492652,FOLLOWS
764483,967449,FOLLOWS
764547,599118,FOLLOWS
764555,491543,FOLLOWS
764729,163823,FOLLOWS
764906,338757,FOLLOWS
764906,883759,FOLLOWS
764983,1062119,FOLLOWS
764988,999187,FOLLOWS
765052,489994,FOLLOWS
765091,341880,FOLLOWS
765091,227317,FOLLOWS
765270,350319,FOLLOWS
765270,634244,FOLLOWS
765798,484173,FOLLOWS
765818,412071,FOLLOWS
765818,279575,FOLLOWS
765819,337018,FOLLOWS
765925,405893,FOLLOWS
765925,662922,FOLLOWS
765925,531821,FOLLOWS
765925,918469,FOLLOWS
766079,524942,FOLLOWS
766101,508503,FOLLOWS
766563,99889,FOLLOWS
766590,579582,FOLLOWS
766590,555916,FOLLOWS
766590,277810,FOLLOWS
766590,825339,FOLLOWS
767108,774858,FOLLOWS
767121,277580,FOLLOWS
767121,684951,FOLLOWS
767153,87287,FOLLOWS
767307,200608,FOLLOWS
767459,450224,FOLLOWS
767568,439040,FOLLOWS
767568,527594,FOLLOWS
767639,508375,FOLLOWS
767668,92270,FOLLOWS
767668,155234,FOLLOWS
767668,875567,FOLLOWS
767668,875958,FOLLOWS
767697,424824,FOLLOWS
767697,979128,FOLLOWS
767697,940909,FOLLOWS
767817,888253,FOLLOWS
767817,232692,FOLLOWS
768032,184630,FOLLOWS
768094,1485275,FOLLOWS
768110,1291773,FOLLOWS
768571,128763,FOLLOWS
768653,230038,FOLLOWS
768653,982961,FOLLOWS
768834,703885,FOLLOWS
769002,551444,FOLLOWS
769002,551198,FOLLOWS
769038,468238,FOLLOWS
769362,1628499,FOLLOWS
769452,696352,FOLLOWS
769452,733260,FOLLOWS
769644,76284,FOLLOWS
769644,432468,FOLLOWS
769713,548859,FOLLOWS
769713,1485298,FOLLOWS
770108,157822,FOLLOWS
770142,86044,FOLLOWS
770142,902328,FOLLOWS
770234,777967,FOLLOWS
770284,69303,FOLLOWS
770302,761279,FOLLOWS
770354,227417,FOLLOWS
770354,844213,FOLLOWS
770378,970674,FOLLOWS
770633,1254884,FOLLOWS
770633,1347311,FOLLOWS
770633,1318086,FOLLOWS
770807,79195,FOLLOWS
770807,543226,FOLLOWS
770856,553814,FOLLOWS
770890,409839,FOLLOWS
770890,737,FOLLOWS
771142,196716,FOLLOWS
771310,272591,FOLLOWS
771334,50035,FOLLOWS
771334,789457,FOLLOWS
771334,165685,FOLLOWS
771334,562729,FOLLOWS
771508,223985,FOLLOWS
771519,771521,FOLLOWS
771519,599024,FOLLOWS
771519,759583,FOLLOWS
771521,700113,FOLLOWS
771521,771519,FOLLOWS
771548,598570,FOLLOWS
771552,341047,FOLLOWS
771617,216642,FOLLOWS
771617,403201,FOLLOWS
771617,190269,FOLLOWS
771635,1007535,FOLLOWS
771821,477975,FOLLOWS
771834,247358,FOLLOWS
771934,594183,FOLLOWS
771965,129539,FOLLOWS
771965,404561,FOLLOWS
771987,157308,FOLLOWS
771987,361831,FOLLOWS
772369,629484,FOLLOWS
772369,849656,FOLLOWS
772443,564805,FOLLOWS
772483,114436,FOLLOWS
772713,655106,FOLLOWS
772713,781346,FOLLOWS
772934,475576,FOLLOWS
772947,404279,FOLLOWS
773091,404768,FOLLOWS
773091,835908,FOLLOWS
773145,32972,FOLLOWS
773190,309740,FOLLOWS
773190,1148463,FOLLOWS
773216,449099,FOLLOWS
773216,579451,FOLLOWS
773398,222061,FOLLOWS
773430,536125,FOLLOWS
773633,223985,FOLLOWS
773643,99414,FOLLOWS
773643,206374,FOLLOWS
773794,1486813,FOLLOWS
773964,664895,FOLLOWS
773964,756939,FOLLOWS
773964,694165,FOLLOWS
773964,329444,FOLLOWS
773991,138035,FOLLOWS
773991,800829,FOLLOWS
774156,1402222,FOLLOWS
774156,24953,FOLLOWS
774327,705135,FOLLOWS
774509,452109,FOLLOWS
774509,295797,FOLLOWS
774630,94059,FOLLOWS
774801,1042949,FOLLOWS
774828,1427621,FOLLOWS
774828,431910,FOLLOWS
774858,600848,FOLLOWS
774858,767108,FOLLOWS
774858,440370,FOLLOWS
774916,230007,FOLLOWS
774916,580124,FOLLOWS
775217,382674,FOLLOWS
775276,414818,FOLLOWS
775276,606437,FOLLOWS
775314,1151166,FOLLOWS
775533,179885,FOLLOWS
775623,77872,FOLLOWS
775623,1305456,FOLLOWS
775623,1435025,FOLLOWS
775664,327576,FOLLOWS
775708,617923,FOLLOWS
775800,849491,FOLLOWS
775832,8197,FOLLOWS
776039,550766,FOLLOWS
776044,355441,FOLLOWS
776055,228939,FOLLOWS
776070,573142,FOLLOWS
776202,189906,FOLLOWS
776202,136807,FOLLOWS
776385,564991,FOLLOWS
776386,193242,FOLLOWS
776445,86672,FOLLOWS
776466,696180,FOLLOWS
776474,409839,FOLLOWS
776812,317130,FOLLOWS
776922,476074,FOLLOWS
776983,125612,FOLLOWS
777012,1013860,FOLLOWS
777061,802149,FOLLOWS
777247,726300,FOLLOWS
777311,260838,FOLLOWS
777372,540356,FOLLOWS
777372,641889,FOLLOWS
777377,93045,FOLLOWS
777377,95501,FOLLOWS
777377,229627,FOLLOWS
777377,630661,FOLLOWS
777418,613621,FOLLOWS
777542,279649,FOLLOWS
777542,486252,FOLLOWS
777592,379402,FOLLOWS
777592,848400,FOLLOWS
777601,111322,FOLLOWS
777601,195420,FOLLOWS
777703,164360,FOLLOWS
777850,1210817,FOLLOWS
777962,472911,FOLLOWS
777962,753732,FOLLOWS
778125,713853,FOLLOWS
778125,161399,FOLLOWS
778171,121654,FOLLOWS
778179,78070,FOLLOWS
778238,675981,FOLLOWS
778238,226360,FOLLOWS
778258,269697,FOLLOWS
778429,229627,FOLLOWS
778544,80495,FOLLOWS
778544,533078,FOLLOWS
778626,1343125,FOLLOWS
778648,586404,FOLLOWS
778954,564888,FOLLOWS
779037,730709,FOLLOWS
779037,1182891,FOLLOWS
779062,395731,FOLLOWS
779371,545083,FOLLOWS
779371,508086,FOLLOWS
779537,875052,FOLLOWS
779754,366774,FOLLOWS
779934,1305843,FOLLOWS
779953,300858,FOLLOWS
780100,935746,FOLLOWS
780100,616700,FOLLOWS
780176,829725,FOLLOWS
780177,742729,FOLLOWS
780202,498082,FOLLOWS
780202,647520,FOLLOWS
780207,377531,FOLLOWS
780234,120404,FOLLOWS
780234,212654,FOLLOWS
780234,431413,FOLLOWS
780234,1254226,FOLLOWS
780234,921119,FOLLOWS
780234,120318,FOLLOWS
780234,276568,FOLLOWS
780311,460190,FOLLOWS
780324,1043968,FOLLOWS
780324,1465292,FOLLOWS
780378,466170,FOLLOWS
780423,1099838,FOLLOWS
780445,1564206,FOLLOWS
780481,761449,FOLLOWS
780481,1043511,FOLLOWS
780588,427884,FOLLOWS
780588,950601,FOLLOWS
780692,1170378,FOLLOWS
780777,1204135,FOLLOWS
780877,336390,FOLLOWS
781003,251164,FOLLOWS
781073,520680,FOLLOWS
781073,627236,FOLLOWS
781346,537522,FOLLOWS
781346,772713,FOLLOWS
781346,594700,FOLLOWS
781346,496602,FOLLOWS
781428,1187640,FOLLOWS
781841,441318,FOLLOWS
781841,507953,FOLLOWS
781903,781904,FOLLOWS
781904,474996,FOLLOWS
781904,634193,FOLLOWS
781904,781903,FOLLOWS
781904,884396,FOLLOWS
781954,108492,FOLLOWS
781954,478902,FOLLOWS
781954,508646,FOLLOWS
781954,661707,FOLLOWS
781954,394891,FOLLOWS
781954,1104851,FOLLOWS
781964,151487,FOLLOWS
781964,209264,FOLLOWS
781964,213890,FOLLOWS
782108,334687,FOLLOWS
782163,826915,FOLLOWS
782264,415267,FOLLOWS
782264,598631,FOLLOWS
782264,703043,FOLLOWS
782264,461047,FOLLOWS
782264,857823,FOLLOWS
782264,985572,FOLLOWS
782264,76408,FOLLOWS
782347,828725,FOLLOWS
782347,946055,FOLLOWS
782347,1026634,FOLLOWS
782347,1295935,FOLLOWS
782347,1354585,FOLLOWS
782608,865167,FOLLOWS
782619,150573,FOLLOWS
782619,749370,FOLLOWS
782619,150629,FOLLOWS
782671,1059085,FOLLOWS
782853,405369,FOLLOWS
782912,815711,FOLLOWS
783020,191523,FOLLOWS
783303,789691,FOLLOWS
783406,1031986,FOLLOWS
783514,672461,FOLLOWS
783731,408078,FOLLOWS
783859,79195,FOLLOWS
783859,534034,FOLLOWS
783859,366359,FOLLOWS
783861,1489908,FOLLOWS
783900,1472745,FOLLOWS
784062,79361,FOLLOWS
784062,819458,FOLLOWS
784196,285597,FOLLOWS
784303,586221,FOLLOWS
784376,100017,FOLLOWS
784376,705291,FOLLOWS
784381,858414,FOLLOWS
784381,1369711,FOLLOWS
784402,86141,FOLLOWS
784411,981407,FOLLOWS
784462,747679,FOLLOWS
784640,845225,FOLLOWS
784715,289822,FOLLOWS
784798,776085,FOLLOWS
784841,176136,FOLLOWS
784841,500381,FOLLOWS
785100,504736,FOLLOWS
785198,1100427,FOLLOWS
785198,705536,FOLLOWS
785305,1102888,FOLLOWS
785431,639671,FOLLOWS
785535,79663,FOLLOWS
785535,420203,FOLLOWS
785545,375553,FOLLOWS
785545,526113,FOLLOWS
785545,900966,FOLLOWS
785545,18534,FOLLOWS
785653,1163664,FOLLOWS
785653,276924,FOLLOWS
785681,788972,FOLLOWS
785681,552689,FOLLOWS
785762,835847,FOLLOWS
785763,517814,FOLLOWS
785763,615880,FOLLOWS
786097,394665,FOLLOWS
786247,268805,FOLLOWS
786437,863959,FOLLOWS
786485,374515,FOLLOWS
786562,1447936,FOLLOWS
787066,298878,FOLLOWS
787096,577089,FOLLOWS
787296,567449,FOLLOWS
787296,915201,FOLLOWS
787354,573142,FOLLOWS
787362,1354465,FOLLOWS
787407,79678,FOLLOWS
787407,1315658,FOLLOWS
787827,153045,FOLLOWS
787827,190041,FOLLOWS
787827,1345221,FOLLOWS
787845,408748,FOLLOWS
787845,661220,FOLLOWS
788008,904777,FOLLOWS
788014,1151957,FOLLOWS
788124,237672,FOLLOWS
788124,488675,FOLLOWS
788124,1002730,FOLLOWS
788136,1137196,FOLLOWS
788136,1491371,FOLLOWS
788186,130295,FOLLOWS
788190,799348,FOLLOWS
788452,214581,FOLLOWS
788452,499734,FOLLOWS
788452,593377,FOLLOWS
788659,1259535,FOLLOWS
788726,645583,FOLLOWS
788731,183589,FOLLOWS
788731,402071,FOLLOWS
788857,492295,FOLLOWS
788857,682107,FOLLOWS
789059,1180614,FOLLOWS
789177,835173,FOLLOWS
789265,212950,FOLLOWS
789462,264252,FOLLOWS
789463,264252,FOLLOWS
789605,219598,FOLLOWS
789680,568540,FOLLOWS
789680,1296518,FOLLOWS
789680,964282,FOLLOWS
789691,783303,FOLLOWS
789701,466217,FOLLOWS
789701,1079366,FOLLOWS
789796,978189,FOLLOWS
789866,299559,FOLLOWS
789898,351445,FOLLOWS
789898,932958,FOLLOWS
790109,581239,FOLLOWS
790290,319832,FOLLOWS
790290,65145,FOLLOWS
790385,466981,FOLLOWS
790442,494499,FOLLOWS
790462,840807,FOLLOWS
790599,1032076,FOLLOWS
790662,158429,FOLLOWS
790777,120764,FOLLOWS
790777,923190,FOLLOWS
791049,447613,FOLLOWS
791049,542379,FOLLOWS
791249,637673,FOLLOWS
791287,447888,FOLLOWS
791380,269827,FOLLOWS
791428,664908,FOLLOWS
791439,461434,FOLLOWS
791439,585038,FOLLOWS
791524,728547,FOLLOWS
791524,888180,FOLLOWS
791550,376611,FOLLOWS
791561,108672,FOLLOWS
792166,463652,FOLLOWS
792185,777532,FOLLOWS
792228,729379,FOLLOWS
792236,95433,FOLLOWS
792281,660223,FOLLOWS
792281,1121310,FOLLOWS
792281,1492595,FOLLOWS
792536,641889,FOLLOWS
792541,86657,FOLLOWS
792541,92310,FOLLOWS
792541,131756,FOLLOWS
792541,249302,FOLLOWS
792541,262760,FOLLOWS
792541,598631,FOLLOWS
792541,1071111,FOLLOWS
792541,133140,FOLLOWS
792777,295759,FOLLOWS
792777,637679,FOLLOWS
793052,404695,FOLLOWS
793065,213165,FOLLOWS
793272,793273,FOLLOWS
793273,793272,FOLLOWS
793311,270361,FOLLOWS
793509,910708,FOLLOWS
793591,384519,FOLLOWS
793611,560968,FOLLOWS
793648,1493106,FOLLOWS
793732,1218399,FOLLOWS
793884,81872,FOLLOWS
793907,257249,FOLLOWS
793921,746683,FOLLOWS
793921,923587,FOLLOWS
793952,1023966,FOLLOWS
794036,452072,FOLLOWS
794036,703525,FOLLOWS
794038,459780,FOLLOWS
794044,81653,FOLLOWS
794044,234809,FOLLOWS
794044,839742,FOLLOWS
794300,999084,FOLLOWS
794300,1436299,FOLLOWS
794383,492812,FOLLOWS
794383,297381,FOLLOWS
794422,547225,FOLLOWS
794481,356487,FOLLOWS
794481,471169,FOLLOWS
794658,194717,FOLLOWS
794704,298366,FOLLOWS
794747,824022,FOLLOWS
794796,169742,FOLLOWS
794843,135494,FOLLOWS
794843,684235,FOLLOWS
794866,539768,FOLLOWS
795000,1462996,FOLLOWS
795020,646311,FOLLOWS
795088,103733,FOLLOWS
795111,107764,FOLLOWS
795250,165367,FOLLOWS
795405,1054752,FOLLOWS
795492,102021,FOLLOWS
795521,795587,FOLLOWS
795547,376870,FOLLOWS
795547,434436,FOLLOWS
795547,434444,FOLLOWS
795571,706150,FOLLOWS
795620,553251,FOLLOWS
795620,1170767,FOLLOWS
795645,335809,FOLLOWS
795700,253565,FOLLOWS
795918,499734,FOLLOWS
796008,739962,FOLLOWS
796008,782504,FOLLOWS
796252,185371,FOLLOWS
796463,301051,FOLLOWS
796463,341867,FOLLOWS
796501,82272,FOLLOWS
796501,797076,FOLLOWS
797076,82272,FOLLOWS
797076,796501,FOLLOWS
797290,184713,FOLLOWS
797358,822202,FOLLOWS
797585,418550,FOLLOWS
797710,453755,FOLLOWS
797799,496852,FOLLOWS
798055,1172181,FOLLOWS
798110,191205,FOLLOWS
798254,433260,FOLLOWS
798282,268142,FOLLOWS
798283,347835,FOLLOWS
798319,687096,FOLLOWS
798319,69942,FOLLOWS
798450,828752,FOLLOWS
798490,1169895,FOLLOWS
798661,82944,FOLLOWS
798661,457127,FOLLOWS
798764,1475371,FOLLOWS
798794,1028870,FOLLOWS
798887,83108,FOLLOWS
798951,204127,FOLLOWS
798986,418550,FOLLOWS
798986,763354,FOLLOWS
798986,956076,FOLLOWS
799159,416496,FOLLOWS
799218,279260,FOLLOWS
799218,199007,FOLLOWS
799218,1191587,FOLLOWS
799299,207076,FOLLOWS
799301,128479,FOLLOWS
799305,477975,FOLLOWS
799305,600750,FOLLOWS
799305,881448,FOLLOWS
799309,761046,FOLLOWS
799309,615435,FOLLOWS
799309,777148,FOLLOWS
799348,788190,FOLLOWS
799544,164773,FOLLOWS
799544,1057348,FOLLOWS
799607,709385,FOLLOWS
799607,813439,FOLLOWS
799636,326700,FOLLOWS
799645,102261,FOLLOWS
799760,606925,FOLLOWS
799863,471430,FOLLOWS
799920,247852,FOLLOWS
800054,603257,FOLLOWS
800149,20054,FOLLOWS
800248,83454,FOLLOWS
800248,413439,FOLLOWS
800361,343786,FOLLOWS
800372,293590,FOLLOWS
800482,837767,FOLLOWS
800482,677080,FOLLOWS
800579,545955,FOLLOWS
800829,773991,FOLLOWS
800923,459572,FOLLOWS
800940,266079,FOLLOWS
801282,670356,FOLLOWS
801619,812953,FOLLOWS
801638,311691,FOLLOWS
801638,169599,FOLLOWS
801715,801716,FOLLOWS
801715,813759,FOLLOWS
801715,608496,FOLLOWS
801716,355053,FOLLOWS
801716,801715,FOLLOWS
801729,179985,FOLLOWS
801750,660325,FOLLOWS
801971,83995,FOLLOWS
801982,548285,FOLLOWS
802086,902579,FOLLOWS
802149,777061,FOLLOWS
802485,16752,FOLLOWS
802538,149635,FOLLOWS
802560,376712,FOLLOWS
802752,205864,FOLLOWS
802752,683099,FOLLOWS
802752,763374,FOLLOWS
802766,945075,FOLLOWS
802778,197589,FOLLOWS
802778,197549,FOLLOWS
802864,125471,FOLLOWS
802864,126056,FOLLOWS
802866,348065,FOLLOWS
802954,531440,FOLLOWS
803228,84084,FOLLOWS
803232,1172743,FOLLOWS
803241,1180741,FOLLOWS
803266,921187,FOLLOWS
803511,872652,FOLLOWS
803511,1359635,FOLLOWS
803756,591311,FOLLOWS
803789,138342,FOLLOWS
803789,343652,FOLLOWS
803789,441261,FOLLOWS
803789,814570,FOLLOWS
803814,1411925,FOLLOWS
803915,443884,FOLLOWS
803915,693489,FOLLOWS
803915,732990,FOLLOWS
803915,608643,FOLLOWS
803915,980718,FOLLOWS
803987,270736,FOLLOWS
804023,1304685,FOLLOWS
804023,1061678,FOLLOWS
804048,440552,FOLLOWS
804048,571341,FOLLOWS
804489,411954,FOLLOWS
804489,445211,FOLLOWS
804489,494620,FOLLOWS
804589,676831,FOLLOWS
804679,84357,FOLLOWS
804807,227492,FOLLOWS
805106,195768,FOLLOWS
805121,234671,FOLLOWS
805140,1009526,FOLLOWS
805202,166014,FOLLOWS
805202,500154,FOLLOWS
805341,102218,FOLLOWS
805346,502537,FOLLOWS
805350,98505,FOLLOWS
805888,476706,FOLLOWS
805902,729265,FOLLOWS
805943,844451,FOLLOWS
806015,237384,FOLLOWS
806047,448311,FOLLOWS
806158,1099412,FOLLOWS
806170,340437,FOLLOWS
806242,508580,FOLLOWS
806342,532005,FOLLOWS
806436,227417,FOLLOWS
806478,198765,FOLLOWS
806482,270115,FOLLOWS
806482,346308,FOLLOWS
806482,689219,FOLLOWS
806641,408019,FOLLOWS
806762,953199,FOLLOWS
806900,131193,FOLLOWS
806900,592016,FOLLOWS
806900,756853,FOLLOWS
806900,214408,FOLLOWS
807095,836116,FOLLOWS
807095,282623,FOLLOWS
807214,215591,FOLLOWS
807378,157084,FOLLOWS
807413,109438,FOLLOWS
807457,84869,FOLLOWS
807501,229793,FOLLOWS
807524,332313,FOLLOWS
807535,466734,FOLLOWS
807598,221454,FOLLOWS
807751,624783,FOLLOWS
807751,338852,FOLLOWS
807953,1291773,FOLLOWS
808075,308119,FOLLOWS
808175,553364,FOLLOWS
808244,1107613,FOLLOWS
808331,1496911,FOLLOWS
808574,706501,FOLLOWS
808577,461434,FOLLOWS
808577,636931,FOLLOWS
808740,736374,FOLLOWS
808817,602002,FOLLOWS
808817,902977,FOLLOWS
808863,520558,FOLLOWS
808952,382374,FOLLOWS
809089,462525,FOLLOWS
809089,464638,FOLLOWS
809089,210493,FOLLOWS
809248,540002,FOLLOWS
809318,408699,FOLLOWS
809385,141281,FOLLOWS
809518,471538,FOLLOWS
809520,533828,FOLLOWS
809555,557245,FOLLOWS
809555,730082,FOLLOWS
809555,820305,FOLLOWS
809942,243106,FOLLOWS
809942,283260,FOLLOWS
809942,924710,FOLLOWS
810000,980718,FOLLOWS
810039,457887,FOLLOWS
810084,195154,FOLLOWS
810084,333169,FOLLOWS
810173,440651,FOLLOWS
810466,323085,FOLLOWS
810490,506624,FOLLOWS
810490,938990,FOLLOWS
810563,751065,FOLLOWS
810608,191358,FOLLOWS
810689,1497603,FOLLOWS
811191,486855,FOLLOWS
811241,398005,FOLLOWS
811282,504768,FOLLOWS
811282,539897,FOLLOWS
811282,657175,FOLLOWS
811283,607350,FOLLOWS
811283,879565,FOLLOWS
811584,110178,FOLLOWS
811584,338757,FOLLOWS
811584,408327,FOLLOWS
811641,256029,FOLLOWS
811682,1079400,FOLLOWS
811689,266456,FOLLOWS
811689,355603,FOLLOWS
811689,941937,FOLLOWS
812024,980424,FOLLOWS
812047,632641,FOLLOWS
812063,86091,FOLLOWS
812108,441168,FOLLOWS
812333,636128,FOLLOWS
812333,1146744,FOLLOWS
812475,1180567,FOLLOWS
812616,1255409,FOLLOWS
812788,514924,FOLLOWS
812788,111343,FOLLOWS
812788,994496,FOLLOWS
812796,686893,FOLLOWS
812796,740645,FOLLOWS
812933,210457,FOLLOWS
812933,623877,FOLLOWS
812942,947269,FOLLOWS
812953,801619,FOLLOWS
812969,282623,FOLLOWS
813007,86155,FOLLOWS
813066,488974,FOLLOWS
813088,398895,FOLLOWS
813153,448097,FOLLOWS
813204,103984,FOLLOWS
813204,32698,FOLLOWS
813274,547194,FOLLOWS
813274,278106,FOLLOWS
813303,276111,FOLLOWS
813439,799607,FOLLOWS
813439,308111,FOLLOWS
813520,86292,FOLLOWS
813520,191531,FOLLOWS
813548,126766,FOLLOWS
813593,830315,FOLLOWS
813656,447844,FOLLOWS
813759,801715,FOLLOWS
813835,259445,FOLLOWS
813835,715482,FOLLOWS
813850,378681,FOLLOWS
813850,715482,FOLLOWS
813922,191531,FOLLOWS
813922,854144,FOLLOWS
814124,525397,FOLLOWS
814219,606981,FOLLOWS
814219,885936,FOLLOWS
814241,1375883,FOLLOWS
814261,86657,FOLLOWS
814261,369383,FOLLOWS
814426,1163667,FOLLOWS
814426,957202,FOLLOWS
814463,421572,FOLLOWS
814478,68619,FOLLOWS
814494,817151,FOLLOWS
814522,490247,FOLLOWS
814570,441261,FOLLOWS
814570,543325,FOLLOWS
814570,803789,FOLLOWS
814639,142931,FOLLOWS
814639,186215,FOLLOWS
814639,828765,FOLLOWS
814639,269327,FOLLOWS
814774,110277,FOLLOWS
814839,350319,FOLLOWS
814869,270574,FOLLOWS
814949,372287,FOLLOWS
814949,472301,FOLLOWS
814949,472433,FOLLOWS
814949,547389,FOLLOWS
815023,375245,FOLLOWS
815347,554508,FOLLOWS
815395,272421,FOLLOWS
815395,641466,FOLLOWS
815395,279039,FOLLOWS
815544,550062,FOLLOWS
815544,513667,FOLLOWS
815564,577366,FOLLOWS
815789,248746,FOLLOWS
815789,281804,FOLLOWS
815789,900026,FOLLOWS
815986,1499104,FOLLOWS
816055,404645,FOLLOWS
816206,260099,FOLLOWS
816206,689274,FOLLOWS
816224,313621,FOLLOWS
816282,591663,FOLLOWS
816282,377006,FOLLOWS
816282,239116,FOLLOWS
816282,522538,FOLLOWS
816286,241927,FOLLOWS
816359,1529437,FOLLOWS
816375,845706,FOLLOWS
816478,49412,FOLLOWS
816605,533824,FOLLOWS
816605,674987,FOLLOWS
816646,555206,FOLLOWS
816711,954486,FOLLOWS
816774,379579,FOLLOWS
816832,668207,FOLLOWS
816832,88617,FOLLOWS
817151,539542,FOLLOWS
817151,814494,FOLLOWS
817227,852902,FOLLOWS
817301,114454,FOLLOWS
817325,16690,FOLLOWS
817325,1004439,FOLLOWS
817380,144511,FOLLOWS
817467,86880,FOLLOWS
817490,512354,FOLLOWS
817588,392245,FOLLOWS
817592,417050,FOLLOWS
817592,852701,FOLLOWS
817596,406823,FOLLOWS
817610,837623,FOLLOWS
817619,579849,FOLLOWS
817636,138386,FOLLOWS
817692,156161,FOLLOWS
817692,682816,FOLLOWS
817791,286320,FOLLOWS
817880,370798,FOLLOWS
818052,286222,FOLLOWS
818100,566548,FOLLOWS
818271,1499555,FOLLOWS
818271,1499585,FOLLOWS
818271,1020255,FOLLOWS
818450,468238,FOLLOWS
818453,264922,FOLLOWS
818519,386539,FOLLOWS
818601,87722,FOLLOWS
818680,610646,FOLLOWS
818691,360158,FOLLOWS
818861,168737,FOLLOWS
818925,231352,FOLLOWS
818933,188980,FOLLOWS
819184,87812,FOLLOWS
819188,437218,FOLLOWS
819188,859730,FOLLOWS
819230,87812,FOLLOWS
819429,529536,FOLLOWS
819458,784062,FOLLOWS
819557,486992,FOLLOWS
819557,304237,FOLLOWS
819561,87825,FOLLOWS
819657,751613,FOLLOWS
819686,413487,FOLLOWS
819896,1098205,FOLLOWS
819924,663474,FOLLOWS
819958,1075988,FOLLOWS
820110,87937,FOLLOWS
820142,87937,FOLLOWS
820142,1197485,FOLLOWS
820156,87937,FOLLOWS
820156,792472,FOLLOWS
820173,87937,FOLLOWS
820287,354370,FOLLOWS
820287,507459,FOLLOWS
820287,749773,FOLLOWS
820317,654510,FOLLOWS
820327,368442,FOLLOWS
820372,308119,FOLLOWS
820372,1190258,FOLLOWS
820393,277322,FOLLOWS
820643,88012,FOLLOWS
820648,511284,FOLLOWS
820854,756730,FOLLOWS
820854,1195979,FOLLOWS
820945,266439,FOLLOWS
820951,174510,FOLLOWS
820951,489037,FOLLOWS
820951,1135195,FOLLOWS
821130,756730,FOLLOWS
821228,1484705,FOLLOWS
821294,266489,FOLLOWS
821294,136848,FOLLOWS
821313,234425,FOLLOWS
821369,257539,FOLLOWS
821514,290371,FOLLOWS
821514,749951,FOLLOWS
821717,164648,FOLLOWS
822066,953981,FOLLOWS
822202,797358,FOLLOWS
822536,1131195,FOLLOWS
822650,564176,FOLLOWS
822657,521321,FOLLOWS
822657,945697,FOLLOWS
823022,429191,FOLLOWS
823044,922639,FOLLOWS
823138,682087,FOLLOWS
823185,1075292,FOLLOWS
823226,659489,FOLLOWS
823303,626624,FOLLOWS
823482,343694,FOLLOWS
823482,1304685,FOLLOWS
823709,822202,FOLLOWS
823882,289127,FOLLOWS
824098,88676,FOLLOWS
824099,88676,FOLLOWS
824099,262417,FOLLOWS
824437,402290,FOLLOWS
824487,1250187,FOLLOWS
824598,406139,FOLLOWS
824598,512316,FOLLOWS
824638,598398,FOLLOWS
824658,376016,FOLLOWS
824662,79783,FOLLOWS
824780,323600,FOLLOWS
824780,675981,FOLLOWS
824852,703391,FOLLOWS
824852,434536,FOLLOWS
824863,473094,FOLLOWS
824885,1264806,FOLLOWS
824885,170776,FOLLOWS
824958,376016,FOLLOWS
824958,170776,FOLLOWS
825084,234035,FOLLOWS
825161,1406326,FOLLOWS
825185,569382,FOLLOWS
825185,738681,FOLLOWS
825360,338757,FOLLOWS
825360,546927,FOLLOWS
825360,696180,FOLLOWS
825360,440370,FOLLOWS
825376,531518,FOLLOWS
825376,553239,FOLLOWS
825376,591420,FOLLOWS
825376,637265,FOLLOWS
825376,896316,FOLLOWS
825437,1127779,FOLLOWS
825457,576370,FOLLOWS
825514,763480,FOLLOWS
825623,1145856,FOLLOWS
825642,555252,FOLLOWS
825700,611116,FOLLOWS
825700,757155,FOLLOWS
825933,350307,FOLLOWS
825933,507242,FOLLOWS
826021,315304,FOLLOWS
826021,519414,FOLLOWS
826085,289954,FOLLOWS
826187,478885,FOLLOWS
826551,1502089,FOLLOWS
826566,518731,FOLLOWS
826802,213090,FOLLOWS
826915,1231880,FOLLOWS
827063,122677,FOLLOWS
827063,273907,FOLLOWS
827063,432331,FOLLOWS
827120,692452,FOLLOWS
827288,429074,FOLLOWS
827288,486183,FOLLOWS
827337,892212,FOLLOWS
827384,702121,FOLLOWS
827384,973006,FOLLOWS
827524,113029,FOLLOWS
827938,294229,FOLLOWS
827938,795174,FOLLOWS
828042,791715,FOLLOWS
828219,89202,FOLLOWS
828219,403798,FOLLOWS
828219,461165,FOLLOWS
828219,173571,FOLLOWS
828299,1049967,FOLLOWS
828299,388005,FOLLOWS
828299,1334707,FOLLOWS
828433,89555,FOLLOWS
828433,672723,FOLLOWS
828752,1502716,FOLLOWS
828752,798450,FOLLOWS
828765,666642,FOLLOWS
828950,1065448,FOLLOWS
829306,1272167,FOLLOWS
829342,494656,FOLLOWS
829442,275163,FOLLOWS
829442,661407,FOLLOWS
829532,272044,FOLLOWS
829609,308264,FOLLOWS
829609,123433,FOLLOWS
829668,1158115,FOLLOWS
829725,515893,FOLLOWS
829945,1089664,FOLLOWS
830018,939383,FOLLOWS
830018,363104,FOLLOWS
830101,171559,FOLLOWS
830101,483571,FOLLOWS
830315,813593,FOLLOWS
830315,909529,FOLLOWS
830474,90140,FOLLOWS
830519,305419,FOLLOWS
830519,571392,FOLLOWS
830519,1183811,FOLLOWS
830820,455292,FOLLOWS
830926,147280,FOLLOWS
830926,206549,FOLLOWS
830979,670258,FOLLOWS
830979,808313,FOLLOWS
831083,235847,FOLLOWS
831083,592066,FOLLOWS
831083,236666,FOLLOWS
831175,297619,FOLLOWS
831175,113426,FOLLOWS
831176,361403,FOLLOWS
831176,478957,FOLLOWS
831185,433382,FOLLOWS
831218,564273,FOLLOWS
831218,614465,FOLLOWS
831218,525038,FOLLOWS
831238,636128,FOLLOWS
831238,1146744,FOLLOWS
831273,167873,FOLLOWS
831638,145229,FOLLOWS
831642,155349,FOLLOWS
831763,173271,FOLLOWS
831763,208809,FOLLOWS
831763,243195,FOLLOWS
831763,329582,FOLLOWS
831820,638598,FOLLOWS
831980,443335,FOLLOWS
832011,832193,FOLLOWS
832011,434040,FOLLOWS
832048,1098336,FOLLOWS
832048,92458,FOLLOWS
832062,1283914,FOLLOWS
832062,1271540,FOLLOWS
832237,314265,FOLLOWS
832237,652683,FOLLOWS
832237,889808,FOLLOWS
832237,1326423,FOLLOWS
832237,848716,FOLLOWS
832393,524668,FOLLOWS
832393,525816,FOLLOWS
832393,1173097,FOLLOWS
832393,416496,FOLLOWS
832393,1017880,FOLLOWS
832445,92986,FOLLOWS
832445,275947,FOLLOWS
832462,267121,FOLLOWS
832530,832349,FOLLOWS
832549,138386,FOLLOWS
832577,667090,FOLLOWS
832694,1337861,FOLLOWS
832717,644393,FOLLOWS
832825,405520,FOLLOWS
832825,881870,FOLLOWS
832985,119421,FOLLOWS
833043,131193,FOLLOWS
833043,220920,FOLLOWS
833043,1450492,FOLLOWS
833261,133399,FOLLOWS
833261,361403,FOLLOWS
833261,804904,FOLLOWS
833261,863871,FOLLOWS
833261,883288,FOLLOWS
833263,804023,FOLLOWS
833306,189782,FOLLOWS
833354,490178,FOLLOWS
833369,581497,FOLLOWS
833418,660223,FOLLOWS
833915,564101,FOLLOWS
834054,806641,FOLLOWS
834284,1338775,FOLLOWS
834312,1241837,FOLLOWS
834405,335375,FOLLOWS
834405,372820,FOLLOWS
834405,810259,FOLLOWS
834471,718957,FOLLOWS
834663,91217,FOLLOWS
834721,122016,FOLLOWS
834721,654095,FOLLOWS
834731,400807,FOLLOWS
834738,735411,FOLLOWS
834811,149767,FOLLOWS
834811,24421,FOLLOWS
834838,480983,FOLLOWS
834939,414491,FOLLOWS
835111,352092,FOLLOWS
835278,226030,FOLLOWS
835278,264573,FOLLOWS
835278,373997,FOLLOWS
835381,95184,FOLLOWS
835381,210026,FOLLOWS
835381,658666,FOLLOWS
835404,620872,FOLLOWS
835725,422853,FOLLOWS
835753,91162,FOLLOWS
835847,194763,FOLLOWS
835847,785762,FOLLOWS
835847,997361,FOLLOWS
835908,773091,FOLLOWS
835908,245229,FOLLOWS
835908,404768,FOLLOWS
835952,728275,FOLLOWS
835952,218786,FOLLOWS
835952,659348,FOLLOWS
835952,1504605,FOLLOWS
836116,807095,FOLLOWS
836186,209264,FOLLOWS
836186,840528,FOLLOWS
836199,349937,FOLLOWS
836239,552913,FOLLOWS
836576,741929,FOLLOWS
836730,645992,FOLLOWS
836815,96575,FOLLOWS
836815,852902,FOLLOWS
836903,1231930,FOLLOWS
837137,327067,FOLLOWS
837623,416211,FOLLOWS
837623,335071,FOLLOWS
837724,429874,FOLLOWS
837767,647218,FOLLOWS
837767,800482,FOLLOWS
837838,65145,FOLLOWS
837861,212871,FOLLOWS
837861,327598,FOLLOWS
837899,99297,FOLLOWS
837899,658563,FOLLOWS
837922,709413,FOLLOWS
838005,397540,FOLLOWS
838123,556413,FOLLOWS
838142,896837,FOLLOWS
838153,351032,FOLLOWS
838184,284931,FOLLOWS
838184,314545,FOLLOWS
838287,894479,FOLLOWS
838667,92120,FOLLOWS
838771,671734,FOLLOWS
839035,92211,FOLLOWS
839035,523051,FOLLOWS
839035,1218081,FOLLOWS
839118,542379,FOLLOWS
839118,571471,FOLLOWS
839365,579067,FOLLOWS
839365,731711,FOLLOWS
839376,551053,FOLLOWS
839376,562985,FOLLOWS
839376,440342,FOLLOWS
839401,92270,FOLLOWS
839499,323085,FOLLOWS
839553,525038,FOLLOWS
839553,501822,FOLLOWS
839606,182973,FOLLOWS
839606,665232,FOLLOWS
839606,715719,FOLLOWS
839607,530654,FOLLOWS
839722,320504,FOLLOWS
839742,153955,FOLLOWS
839742,794044,FOLLOWS
839965,1141693,FOLLOWS
840065,183095,FOLLOWS
840065,1057697,FOLLOWS
840122,343694,FOLLOWS
840337,880482,FOLLOWS
840528,836186,FOLLOWS
840740,92553,FOLLOWS
840807,790462,FOLLOWS
840861,706501,FOLLOWS
840944,397630,FOLLOWS
840944,422354,FOLLOWS
840944,483657,FOLLOWS
841277,92948,FOLLOWS
841277,1026317,FOLLOWS
841462,361553,FOLLOWS
841483,39671,FOLLOWS
841533,439987,FOLLOWS
841831,1213014,FOLLOWS
841831,783303,FOLLOWS
841857,1096523,FOLLOWS
841968,972558,FOLLOWS
842007,376028,FOLLOWS
842029,1129922,FOLLOWS
842209,335576,FOLLOWS
842277,542638,FOLLOWS
842277,61309,FOLLOWS
842363,249806,FOLLOWS
842381,226415,FOLLOWS
842710,93499,FOLLOWS
842710,129539,FOLLOWS
842710,173878,FOLLOWS
842710,404561,FOLLOWS
842710,122734,FOLLOWS
842742,180468,FOLLOWS
842742,665271,FOLLOWS
842742,743436,FOLLOWS
842838,581078,FOLLOWS
842838,1127072,FOLLOWS
842838,972860,FOLLOWS
843189,1060792,FOLLOWS
843221,565661,FOLLOWS
843223,93476,FOLLOWS
843273,532497,FOLLOWS
843273,1044923,FOLLOWS
843273,189104,FOLLOWS
843277,1160732,FOLLOWS
843532,889345,FOLLOWS
843583,229616,FOLLOWS
843627,357272,FOLLOWS
843710,1057976,FOLLOWS
843710,1506405,FOLLOWS
843732,215525,FOLLOWS
843769,387925,FOLLOWS
843769,843779,FOLLOWS
843779,932070,FOLLOWS
843807,552653,FOLLOWS
843858,843859,FOLLOWS
843859,843858,FOLLOWS
843951,750134,FOLLOWS
844213,770354,FOLLOWS
844215,468238,FOLLOWS
844312,271955,FOLLOWS
844317,533999,FOLLOWS
844410,877512,FOLLOWS
844410,1160257,FOLLOWS
845429,698775,FOLLOWS
845712,1103032,FOLLOWS
845827,145716,FOLLOWS
845865,1388773,FOLLOWS
845974,254398,FOLLOWS
845974,257063,FOLLOWS
845983,476336,FOLLOWS
845999,353521,FOLLOWS
845999,574108,FOLLOWS
846415,167873,FOLLOWS
846415,595211,FOLLOWS
846512,94139,FOLLOWS
846512,596089,FOLLOWS
846512,617622,FOLLOWS
846766,94006,FOLLOWS
846772,94006,FOLLOWS
846801,990957,FOLLOWS
846914,876791,FOLLOWS
847256,42729,FOLLOWS
847530,141787,FOLLOWS
847553,543034,FOLLOWS
847767,1324451,FOLLOWS
847802,269410,FOLLOWS
847921,444647,FOLLOWS
847970,457457,FOLLOWS
848163,554924,FOLLOWS
848163,896491,FOLLOWS
848163,1138065,FOLLOWS
848163,320089,FOLLOWS
848262,288232,FOLLOWS
848288,381028,FOLLOWS
848292,1311355,FOLLOWS
848303,684676,FOLLOWS
848400,777592,FOLLOWS
848400,611496,FOLLOWS
848652,244627,FOLLOWS
848652,289221,FOLLOWS
848652,1023119,FOLLOWS
848685,214865,FOLLOWS
848685,1168527,FOLLOWS
848725,498480,FOLLOWS
848725,848741,FOLLOWS
848980,348630,FOLLOWS
848980,927003,FOLLOWS
849190,388005,FOLLOWS
849294,162245,FOLLOWS
849294,929911,FOLLOWS
849294,1360368,FOLLOWS
849294,146021,FOLLOWS
849294,1328781,FOLLOWS
849294,433899,FOLLOWS
849400,96724,FOLLOWS
849444,290388,FOLLOWS
849444,227519,FOLLOWS
849473,543226,FOLLOWS
849491,162591,FOLLOWS
849491,775800,FOLLOWS
849491,222371,FOLLOWS
849491,313302,FOLLOWS
849583,99297,FOLLOWS
849587,718243,FOLLOWS
849587,1072084,FOLLOWS
849608,439763,FOLLOWS
849617,140624,FOLLOWS
849624,249302,FOLLOWS
849624,550844,FOLLOWS
849656,438171,FOLLOWS
849656,949608,FOLLOWS
849657,555081,FOLLOWS
849679,995173,FOLLOWS
849745,95538,FOLLOWS
849777,292407,FOLLOWS
849777,611496,FOLLOWS
849983,379989,FOLLOWS
849983,1422909,FOLLOWS
850031,95571,FOLLOWS
850115,376239,FOLLOWS
850138,244635,FOLLOWS
850228,284887,FOLLOWS
850249,444178,FOLLOWS
850284,631419,FOLLOWS
850601,147280,FOLLOWS
850601,419162,FOLLOWS
850601,703315,FOLLOWS
850683,419804,FOLLOWS
850683,850686,FOLLOWS
850797,657313,FOLLOWS
851025,658385,FOLLOWS
851025,1088051,FOLLOWS
851025,1472796,FOLLOWS
851202,720658,FOLLOWS
851202,1028288,FOLLOWS
851245,492505,FOLLOWS
851764,429838,FOLLOWS
851979,127747,FOLLOWS
851979,636240,FOLLOWS
851996,562711,FOLLOWS
852366,1203655,FOLLOWS
852408,118526,FOLLOWS
852461,1017613,FOLLOWS
852461,1052979,FOLLOWS
852565,96216,FOLLOWS
852701,817592,FOLLOWS
852701,1358915,FOLLOWS
852728,976242,FOLLOWS
852782,298338,FOLLOWS
852875,875900,FOLLOWS
852902,96575,FOLLOWS
852902,836815,FOLLOWS
852902,817227,FOLLOWS
852902,1114356,FOLLOWS
853132,537633,FOLLOWS
853145,1368154,FOLLOWS
853394,151287,FOLLOWS
853417,258458,FOLLOWS
853663,478412,FOLLOWS
853701,571774,FOLLOWS
853701,553015,FOLLOWS
853773,759573,FOLLOWS
853844,1304685,FOLLOWS
853844,269899,FOLLOWS
853981,492505,FOLLOWS
854055,268142,FOLLOWS
854055,798282,FOLLOWS
854072,483571,FOLLOWS
854086,413180,FOLLOWS
854086,1081736,FOLLOWS
854121,642427,FOLLOWS
854144,813922,FOLLOWS
854144,685860,FOLLOWS
854169,298193,FOLLOWS
854169,1121561,FOLLOWS
854313,483571,FOLLOWS
854313,860713,FOLLOWS
854313,800248,FOLLOWS
854499,380666,FOLLOWS
854499,334470,FOLLOWS
854535,635631,FOLLOWS
854535,1257493,FOLLOWS
854577,96937,FOLLOWS
854577,234809,FOLLOWS
854744,490842,FOLLOWS
855033,188004,FOLLOWS
855115,703525,FOLLOWS
855175,173248,FOLLOWS
855395,218774,FOLLOWS
855395,1158665,FOLLOWS
855630,162746,FOLLOWS
855683,125403,FOLLOWS
855683,684676,FOLLOWS
855724,236409,FOLLOWS
855860,578154,FOLLOWS
855957,1041662,FOLLOWS
856240,1232241,FOLLOWS
856312,674616,FOLLOWS
856312,1146417,FOLLOWS
856576,634244,FOLLOWS
856617,806047,FOLLOWS
856743,909044,FOLLOWS
856744,541136,FOLLOWS
856744,1085678,FOLLOWS
857175,230591,FOLLOWS
857327,476685,FOLLOWS
857327,516526,FOLLOWS
857327,535165,FOLLOWS
857692,627007,FOLLOWS
857823,782264,FOLLOWS
857917,179985,FOLLOWS
857917,253787,FOLLOWS
858093,444800,FOLLOWS
858142,983394,FOLLOWS
858142,785991,FOLLOWS
858210,147709,FOLLOWS
858210,421572,FOLLOWS
858217,915784,FOLLOWS
858243,220608,FOLLOWS
858284,835753,FOLLOWS
858312,911802,FOLLOWS
858312,211069,FOLLOWS
858312,218711,FOLLOWS
858376,206969,FOLLOWS
858376,935675,FOLLOWS
858393,388975,FOLLOWS
858414,784381,FOLLOWS
858449,1001726,FOLLOWS
858449,932400,FOLLOWS
858559,98513,FOLLOWS
858560,207478,FOLLOWS
858629,65125,FOLLOWS
858629,591311,FOLLOWS
858751,1509994,FOLLOWS
858761,902328,FOLLOWS
858761,751167,FOLLOWS
858812,398159,FOLLOWS
858827,726167,FOLLOWS
858899,273059,FOLLOWS
858927,569522,FOLLOWS
858983,136154,FOLLOWS
858983,477975,FOLLOWS
859098,297478,FOLLOWS
859098,492830,FOLLOWS
859164,98852,FOLLOWS
859182,131422,FOLLOWS
859182,226030,FOLLOWS
859182,579924,FOLLOWS
859231,98407,FOLLOWS
859256,758291,FOLLOWS
859311,675687,FOLLOWS
859396,692555,FOLLOWS
859503,60206,FOLLOWS
859730,819188,FOLLOWS
859921,795268,FOLLOWS
859921,1510578,FOLLOWS
859921,906919,FOLLOWS
859936,99023,FOLLOWS
859936,1611516,FOLLOWS
859960,290039,FOLLOWS
860137,251164,FOLLOWS
860137,338204,FOLLOWS
860242,430965,FOLLOWS
860261,138868,FOLLOWS
860320,498001,FOLLOWS
860320,1075535,FOLLOWS
860434,101156,FOLLOWS
860450,147280,FOLLOWS
860626,91622,FOLLOWS
860713,456531,FOLLOWS
860713,854313,FOLLOWS
860713,1312516,FOLLOWS
860713,979914,FOLLOWS
860958,702510,FOLLOWS
860988,835740,FOLLOWS
861749,861773,FOLLOWS
861956,1331555,FOLLOWS
861975,911260,FOLLOWS
861990,187399,FOLLOWS
861990,1285850,FOLLOWS
862159,272591,FOLLOWS
862159,315619,FOLLOWS
862159,425343,FOLLOWS
862159,471169,FOLLOWS
862174,268142,FOLLOWS
862174,580176,FOLLOWS
862206,357272,FOLLOWS
862312,128763,FOLLOWS
862340,362303,FOLLOWS
862397,902353,FOLLOWS
862397,1510777,FOLLOWS
862436,862439,FOLLOWS
862439,862436,FOLLOWS
862439,79557,FOLLOWS
862439,995788,FOLLOWS
862442,106867,FOLLOWS
862659,387070,FOLLOWS
862791,682758,FOLLOWS
862999,184713,FOLLOWS
862999,643438,FOLLOWS
863207,137744,FOLLOWS
863271,527295,FOLLOWS
863553,509026,FOLLOWS
863576,641267,FOLLOWS
863710,747406,FOLLOWS
863795,620493,FOLLOWS
863795,1073352,FOLLOWS
863832,272044,FOLLOWS
863832,661358,FOLLOWS
863917,100341,FOLLOWS
863917,104269,FOLLOWS
863917,209264,FOLLOWS
864063,930102,FOLLOWS
864153,1163664,FOLLOWS
864229,860242,FOLLOWS
864267,100477,FOLLOWS
864267,617892,FOLLOWS
864288,1139926,FOLLOWS
864563,795003,FOLLOWS
864563,743840,FOLLOWS
864602,722717,FOLLOWS
864622,342299,FOLLOWS
864743,475796,FOLLOWS
864743,354793,FOLLOWS
864777,140546,FOLLOWS
864777,169167,FOLLOWS
864875,778258,FOLLOWS
864971,475961,FOLLOWS
865016,1294990,FOLLOWS
865107,485271,FOLLOWS
865107,102503,FOLLOWS
865114,1176213,FOLLOWS
865177,467180,FOLLOWS
865179,871189,FOLLOWS
865193,334423,FOLLOWS
865193,551621,FOLLOWS
865240,394052,FOLLOWS
865240,418563,FOLLOWS
865240,939012,FOLLOWS
865240,920157,FOLLOWS
865240,1323363,FOLLOWS
865240,1049331,FOLLOWS
865252,827310,FOLLOWS
865323,467061,FOLLOWS
865377,443354,FOLLOWS
865377,745544,FOLLOWS
865401,701609,FOLLOWS
865506,492692,FOLLOWS
865506,914851,FOLLOWS
865646,172962,FOLLOWS
865646,333069,FOLLOWS
865749,215525,FOLLOWS
865762,186989,FOLLOWS
865863,1060034,FOLLOWS
865866,341892,FOLLOWS
866162,461562,FOLLOWS
866251,1297586,FOLLOWS
866341,663435,FOLLOWS
866341,737064,FOLLOWS
866341,286300,FOLLOWS
866366,509042,FOLLOWS
866454,272421,FOLLOWS
866530,405171,FOLLOWS
866534,631203,FOLLOWS
866595,114392,FOLLOWS
866716,679722,FOLLOWS
866780,1259535,FOLLOWS
866797,175062,FOLLOWS
867059,865506,FOLLOWS
867095,135494,FOLLOWS
867095,658078,FOLLOWS
867680,439941,FOLLOWS
867752,911041,FOLLOWS
867767,348461,FOLLOWS
868061,933508,FOLLOWS
868061,59629,FOLLOWS
868314,325790,FOLLOWS
868316,1107823,FOLLOWS
868344,220466,FOLLOWS
868348,116787,FOLLOWS
868499,481405,FOLLOWS
868499,238879,FOLLOWS
868682,1099013,FOLLOWS
868797,989562,FOLLOWS
869386,1116276,FOLLOWS
869386,54772,FOLLOWS
869402,874653,FOLLOWS
869450,101891,FOLLOWS
869450,232386,FOLLOWS
869575,1513071,FOLLOWS
869586,1237810,FOLLOWS
870237,582557,FOLLOWS
870293,1029742,FOLLOWS
870298,674226,FOLLOWS
870298,1476816,FOLLOWS
870649,563726,FOLLOWS
870738,102516,FOLLOWS
871075,871078,FOLLOWS
871078,871075,FOLLOWS
871120,1074823,FOLLOWS
871159,538770,FOLLOWS
871189,865179,FOLLOWS
871189,474142,FOLLOWS
871246,67417,FOLLOWS
871246,907217,FOLLOWS
871246,1227189,FOLLOWS
871319,1486976,FOLLOWS
871430,618032,FOLLOWS
871658,147926,FOLLOWS
871746,56897,FOLLOWS
871906,871168,FOLLOWS
871928,562028,FOLLOWS
872037,999084,FOLLOWS
872196,508352,FOLLOWS
872265,351105,FOLLOWS
872321,607856,FOLLOWS
872321,650415,FOLLOWS
872331,589888,FOLLOWS
872407,461111,FOLLOWS
872540,354155,FOLLOWS
872579,438174,FOLLOWS
872850,1514229,FOLLOWS
873091,504008,FOLLOWS
873091,922745,FOLLOWS
873146,560761,FOLLOWS
873216,225499,FOLLOWS
873216,309346,FOLLOWS
873216,176916,FOLLOWS
873216,371242,FOLLOWS
873227,205467,FOLLOWS
873278,144398,FOLLOWS
873285,635320,FOLLOWS
873365,817301,FOLLOWS
873365,236601,FOLLOWS
873397,429191,FOLLOWS
873397,664904,FOLLOWS
873397,1069053,FOLLOWS
873456,610685,FOLLOWS
873568,237365,FOLLOWS
873603,217989,FOLLOWS
873776,443330,FOLLOWS
873960,1514498,FOLLOWS
873986,625345,FOLLOWS
873997,303543,FOLLOWS
874054,1271680,FOLLOWS
874106,244883,FOLLOWS
874308,266560,FOLLOWS
874308,911041,FOLLOWS
874311,266560,FOLLOWS
874488,272421,FOLLOWS
874676,1110155,FOLLOWS
874855,1089896,FOLLOWS
874909,858010,FOLLOWS
874909,878405,FOLLOWS
874909,1061551,FOLLOWS
875052,779537,FOLLOWS
875086,461780,FOLLOWS
875086,913273,FOLLOWS
875095,104403,FOLLOWS
875126,104231,FOLLOWS
875221,233117,FOLLOWS
875221,1067322,FOLLOWS
875467,1226556,FOLLOWS
875567,767668,FOLLOWS
875567,830018,FOLLOWS
875582,532350,FOLLOWS
875734,1104871,FOLLOWS
875899,194567,FOLLOWS
875900,852875,FOLLOWS
875950,52041,FOLLOWS
875958,104542,FOLLOWS
875958,629540,FOLLOWS
875958,767668,FOLLOWS
876069,184183,FOLLOWS
876072,876074,FOLLOWS
876074,876072,FOLLOWS
876214,444561,FOLLOWS
876221,627124,FOLLOWS
876226,566676,FOLLOWS
876226,707157,FOLLOWS
876226,973287,FOLLOWS
876288,690263,FOLLOWS
876350,333111,FOLLOWS
876350,335576,FOLLOWS
876350,885628,FOLLOWS
876493,601299,FOLLOWS
876493,177599,FOLLOWS
876493,396929,FOLLOWS
876493,1130880,FOLLOWS
876791,323262,FOLLOWS
876791,846914,FOLLOWS
876791,1104881,FOLLOWS
876898,1232948,FOLLOWS
877007,515815,FOLLOWS
877191,512354,FOLLOWS
877191,600210,FOLLOWS
877252,879001,FOLLOWS
877335,1035633,FOLLOWS
877355,600259,FOLLOWS
877441,360221,FOLLOWS
877455,243330,FOLLOWS
877455,417633,FOLLOWS
877497,932561,FOLLOWS
877997,206360,FOLLOWS
878163,1126295,FOLLOWS
878163,1150948,FOLLOWS
878244,223906,FOLLOWS
878244,1372811,FOLLOWS
878244,319039,FOLLOWS
878287,228932,FOLLOWS
878383,1516194,FOLLOWS
878405,874909,FOLLOWS
878405,909155,FOLLOWS
878430,669342,FOLLOWS
878430,549397,FOLLOWS
878443,105492,FOLLOWS
879128,960852,FOLLOWS
879146,879128,FOLLOWS
879186,143340,FOLLOWS
879483,925333,FOLLOWS
879544,105794,FOLLOWS
879544,209319,FOLLOWS
879972,842993,FOLLOWS
880149,880683,FOLLOWS
880388,106224,FOLLOWS
880388,533509,FOLLOWS
880514,507971,FOLLOWS
880514,206833,FOLLOWS
880683,880149,FOLLOWS
880816,191918,FOLLOWS
880816,465718,FOLLOWS
880816,275178,FOLLOWS
881018,926112,FOLLOWS
881343,202848,FOLLOWS
881353,288412,FOLLOWS
881401,400844,FOLLOWS
881401,928567,FOLLOWS
881448,347057,FOLLOWS
881806,358421,FOLLOWS
881806,475961,FOLLOWS
881806,984683,FOLLOWS
881870,832825,FOLLOWS
881983,107762,FOLLOWS
882339,8200,FOLLOWS
882490,106867,FOLLOWS
882631,672480,FOLLOWS
883264,213119,FOLLOWS
883288,1012971,FOLLOWS
883300,302327,FOLLOWS
883332,129731,FOLLOWS
883332,613004,FOLLOWS
883462,1146143,FOLLOWS
883759,411954,FOLLOWS
883759,764906,FOLLOWS
883961,1364603,FOLLOWS
883980,325799,FOLLOWS
884151,671544,FOLLOWS
884155,661821,FOLLOWS
884241,512430,FOLLOWS
884437,207076,FOLLOWS
884530,1022225,FOLLOWS
884575,290585,FOLLOWS
884795,570449,FOLLOWS
884842,141738,FOLLOWS
884958,903991,FOLLOWS
884958,1052319,FOLLOWS
885223,315268,FOLLOWS
885292,140315,FOLLOWS
885583,294413,FOLLOWS
885583,779953,FOLLOWS
885611,299286,FOLLOWS
885855,107738,FOLLOWS
885855,566069,FOLLOWS
885957,1425933,FOLLOWS
885995,1410483,FOLLOWS
886169,581497,FOLLOWS
886171,769896,FOLLOWS
886180,956973,FOLLOWS
886230,148877,FOLLOWS
886492,1390669,FOLLOWS
886496,531821,FOLLOWS
886526,326421,FOLLOWS
886526,371301,FOLLOWS
886593,490588,FOLLOWS
886716,630647,FOLLOWS
886877,206969,FOLLOWS
886946,108304,FOLLOWS
886946,508862,FOLLOWS
886946,523077,FOLLOWS
886946,617531,FOLLOWS
886946,789457,FOLLOWS
886946,1251739,FOLLOWS
887093,390548,FOLLOWS
887110,252127,FOLLOWS
887259,1238138,FOLLOWS
887285,346762,FOLLOWS
887391,333734,FOLLOWS
887391,1517504,FOLLOWS
887577,391458,FOLLOWS
887666,631453,FOLLOWS
887761,1517799,FOLLOWS
888043,1046982,FOLLOWS
888501,971425,FOLLOWS
888527,197611,FOLLOWS
888527,707157,FOLLOWS
888527,954332,FOLLOWS
888753,531658,FOLLOWS
888914,820048,FOLLOWS
889013,108480,FOLLOWS
889033,124340,FOLLOWS
889285,431088,FOLLOWS
889285,288271,FOLLOWS
889444,1287430,FOLLOWS
889444,1154669,FOLLOWS
889725,305419,FOLLOWS
889725,445342,FOLLOWS
889901,963791,FOLLOWS
889901,1070080,FOLLOWS
890006,889730,FOLLOWS
890058,1365041,FOLLOWS
890858,1518502,FOLLOWS
891193,647821,FOLLOWS
891547,376239,FOLLOWS
891547,929681,FOLLOWS
891908,390528,FOLLOWS
891908,531512,FOLLOWS
892011,521206,FOLLOWS
892011,1518910,FOLLOWS
892228,276222,FOLLOWS
892283,965290,FOLLOWS
892747,469597,FOLLOWS
892890,554563,FOLLOWS
892974,1250893,FOLLOWS
892982,844255,FOLLOWS
893029,1501300,FOLLOWS
893128,580594,FOLLOWS
893399,1183125,FOLLOWS
893685,174045,FOLLOWS
893685,1295133,FOLLOWS
893722,537459,FOLLOWS
893738,110034,FOLLOWS
893749,1017301,FOLLOWS
893888,76561,FOLLOWS
893890,110067,FOLLOWS
893890,618189,FOLLOWS
893890,366707,FOLLOWS
894023,163151,FOLLOWS
894033,1219123,FOLLOWS
894083,482127,FOLLOWS
894083,1519566,FOLLOWS
894356,804023,FOLLOWS
894479,1351575,FOLLOWS
894502,464691,FOLLOWS
894615,352162,FOLLOWS
894618,952105,FOLLOWS
894656,303821,FOLLOWS
894656,427766,FOLLOWS
894657,370110,FOLLOWS
894657,672788,FOLLOWS
894683,992908,FOLLOWS
894829,477111,FOLLOWS
894829,646437,FOLLOWS
894914,169233,FOLLOWS
894929,309740,FOLLOWS
894929,1084199,FOLLOWS
895104,476808,FOLLOWS
895127,110170,FOLLOWS
895132,110170,FOLLOWS
895182,262479,FOLLOWS
895182,952988,FOLLOWS
895309,176262,FOLLOWS
895352,415520,FOLLOWS
895354,707012,FOLLOWS
895354,442107,FOLLOWS
895376,731133,FOLLOWS
895376,531597,FOLLOWS
895521,550369,FOLLOWS
895539,217743,FOLLOWS
895647,116778,FOLLOWS
896183,6500,FOLLOWS
896183,321790,FOLLOWS
896316,553239,FOLLOWS
896316,696180,FOLLOWS
896316,825376,FOLLOWS
896316,751167,FOLLOWS
896329,408019,FOLLOWS
896329,147269,FOLLOWS
896442,281541,FOLLOWS
896473,1178662,FOLLOWS
896491,848163,FOLLOWS
896502,361753,FOLLOWS
896502,1290426,FOLLOWS
896837,838142,FOLLOWS
896879,324810,FOLLOWS
896879,732178,FOLLOWS
896989,979934,FOLLOWS
897008,1538928,FOLLOWS
897153,933249,FOLLOWS
897153,489317,FOLLOWS
897153,1046524,FOLLOWS
897306,943810,FOLLOWS
897415,1520043,FOLLOWS
897554,339254,FOLLOWS
897554,104725,FOLLOWS
897554,605272,FOLLOWS
897622,883620,FOLLOWS
897643,62391,FOLLOWS
898184,484408,FOLLOWS
898241,111282,FOLLOWS
898285,414152,FOLLOWS
898285,441191,FOLLOWS
898285,336398,FOLLOWS
898475,670532,FOLLOWS
898486,600468,FOLLOWS
898486,129099,FOLLOWS
898486,513598,FOLLOWS
898749,403640,FOLLOWS
898749,299918,FOLLOWS
898813,270211,FOLLOWS
898813,703912,FOLLOWS
898813,1102933,FOLLOWS
898876,92025,FOLLOWS
899242,1317896,FOLLOWS
899566,541992,FOLLOWS
899566,948236,FOLLOWS
899657,997014,FOLLOWS
900026,815789,FOLLOWS
900042,352017,FOLLOWS
900133,148907,FOLLOWS
900273,473944,FOLLOWS
900291,900292,FOLLOWS
900335,521206,FOLLOWS
900569,755555,FOLLOWS
900854,292671,FOLLOWS
900870,320630,FOLLOWS
900956,516313,FOLLOWS
901087,112446,FOLLOWS
901087,1269706,FOLLOWS
901087,995887,FOLLOWS
901137,119818,FOLLOWS
901621,318201,FOLLOWS
901621,1035333,FOLLOWS
901699,173271,FOLLOWS
902046,112903,FOLLOWS
902108,571392,FOLLOWS
902108,1024820,FOLLOWS
902328,770142,FOLLOWS
902341,438216,FOLLOWS
902353,862397,FOLLOWS
902419,300952,FOLLOWS
902419,629044,FOLLOWS
902508,168337,FOLLOWS
902544,1521638,FOLLOWS
902579,554563,FOLLOWS
902579,802086,FOLLOWS
902579,952964,FOLLOWS
902686,1054916,FOLLOWS
902686,1521656,FOLLOWS
902686,180279,FOLLOWS
902686,372646,FOLLOWS
902694,151876,FOLLOWS
902694,193385,FOLLOWS
902732,144488,FOLLOWS
902732,1303568,FOLLOWS
902749,406715,FOLLOWS
902749,133188,FOLLOWS
902792,974274,FOLLOWS
902977,808817,FOLLOWS
902977,1017930,FOLLOWS
902977,368540,FOLLOWS
903192,277925,FOLLOWS
903365,574943,FOLLOWS
903433,647218,FOLLOWS
903493,504582,FOLLOWS
903591,113115,FOLLOWS
903681,1512374,FOLLOWS
903702,366551,FOLLOWS
903907,530970,FOLLOWS
903951,939796,FOLLOWS
903991,138547,FOLLOWS
903991,471292,FOLLOWS
903991,884958,FOLLOWS
903991,1191700,FOLLOWS
904010,430818,FOLLOWS
904010,562693,FOLLOWS
904046,113381,FOLLOWS
904072,483561,FOLLOWS
904072,486609,FOLLOWS
904072,636240,FOLLOWS
904155,707847,FOLLOWS
904155,714068,FOLLOWS
904155,701413,FOLLOWS
904341,904346,FOLLOWS
904346,904341,FOLLOWS
904465,725292,FOLLOWS
904465,1140433,FOLLOWS
904713,486497,FOLLOWS
904777,1244511,FOLLOWS
904874,748937,FOLLOWS
904874,982425,FOLLOWS
904958,292610,FOLLOWS
904966,229667,FOLLOWS
905084,190495,FOLLOWS
905170,290884,FOLLOWS
905170,995173,FOLLOWS
905425,1384902,FOLLOWS
905435,628142,FOLLOWS
905482,1198496,FOLLOWS
905596,695227,FOLLOWS
906025,295425,FOLLOWS
906324,1111135,FOLLOWS
906359,447820,FOLLOWS
906371,906359,FOLLOWS
906371,921542,FOLLOWS
906440,241447,FOLLOWS
906440,276707,FOLLOWS
906817,719252,FOLLOWS
906902,318044,FOLLOWS
906902,355653,FOLLOWS
906919,324781,FOLLOWS
906919,999501,FOLLOWS
906930,354051,FOLLOWS
906960,153069,FOLLOWS
907013,531963,FOLLOWS
907027,393697,FOLLOWS
907152,1341556,FOLLOWS
907152,572373,FOLLOWS
907217,871246,FOLLOWS
907306,544386,FOLLOWS
907376,114676,FOLLOWS
907626,166993,FOLLOWS
907626,909721,FOLLOWS
907653,546169,FOLLOWS
907686,1522897,FOLLOWS
907686,647034,FOLLOWS
907820,231914,FOLLOWS
907820,273059,FOLLOWS
907981,634979,FOLLOWS
908153,1100450,FOLLOWS
908153,1302338,FOLLOWS
908221,339184,FOLLOWS
908334,164889,FOLLOWS
908499,885049,FOLLOWS
908698,908734,FOLLOWS
908734,908698,FOLLOWS
908897,115421,FOLLOWS
909002,837210,FOLLOWS
909002,663869,FOLLOWS
909011,171646,FOLLOWS
909011,181132,FOLLOWS
909044,856743,FOLLOWS
909044,392040,FOLLOWS
909100,213037,FOLLOWS
909100,741534,FOLLOWS
909100,586120,FOLLOWS
909155,315574,FOLLOWS
909155,378681,FOLLOWS
909155,489239,FOLLOWS
909155,692046,FOLLOWS
909155,878405,FOLLOWS
909306,722853,FOLLOWS
909503,115993,FOLLOWS
909503,741534,FOLLOWS
909503,1260888,FOLLOWS
909529,581635,FOLLOWS
909529,830315,FOLLOWS
909600,312372,FOLLOWS
909649,594234,FOLLOWS
909668,330821,FOLLOWS
909668,909678,FOLLOWS
909678,330821,FOLLOWS
909721,166993,FOLLOWS
909721,907626,FOLLOWS
909731,441287,FOLLOWS
910197,217943,FOLLOWS
910197,243195,FOLLOWS
910197,834856,FOLLOWS
910241,351274,FOLLOWS
910241,1194262,FOLLOWS
910537,318201,FOLLOWS
910561,546049,FOLLOWS
910649,455561,FOLLOWS
910708,793509,FOLLOWS
910726,116446,FOLLOWS
911041,867752,FOLLOWS
911051,25178,FOLLOWS
911181,116778,FOLLOWS
911181,1143118,FOLLOWS
911181,1118359,FOLLOWS
911181,993256,FOLLOWS
911208,116778,FOLLOWS
911304,217943,FOLLOWS
911564,301808,FOLLOWS
911647,266940,FOLLOWS
911721,758836,FOLLOWS
911727,929573,FOLLOWS
911780,878287,FOLLOWS
911802,858312,FOLLOWS
911802,770098,FOLLOWS
911802,212602,FOLLOWS
911986,163649,FOLLOWS
912194,271230,FOLLOWS
912226,509929,FOLLOWS
912305,395340,FOLLOWS
912584,324667,FOLLOWS
912592,1173199,FOLLOWS
912918,1487076,FOLLOWS
912976,159383,FOLLOWS
913049,1023722,FOLLOWS
913049,215009,FOLLOWS
913117,323470,FOLLOWS
913156,186215,FOLLOWS
913156,632421,FOLLOWS
913273,174411,FOLLOWS
913273,875086,FOLLOWS
913279,259919,FOLLOWS
913279,975726,FOLLOWS
913279,408089,FOLLOWS
913279,1378328,FOLLOWS
913331,1509803,FOLLOWS
913496,481702,FOLLOWS
913590,892890,FOLLOWS
914017,222039,FOLLOWS
914017,113387,FOLLOWS
914017,433308,FOLLOWS
914230,431613,FOLLOWS
914390,117866,FOLLOWS
914419,702895,FOLLOWS
914690,221785,FOLLOWS
914690,492408,FOLLOWS
914706,190351,FOLLOWS
915028,601569,FOLLOWS
915131,838971,FOLLOWS
915179,739869,FOLLOWS
915196,125125,FOLLOWS
915196,665531,FOLLOWS
915201,502251,FOLLOWS
915201,787296,FOLLOWS
915201,1522068,FOLLOWS
915203,581638,FOLLOWS
915338,676616,FOLLOWS
915338,1406987,FOLLOWS
915589,127957,FOLLOWS
915633,651954,FOLLOWS
915637,693937,FOLLOWS
915827,962396,FOLLOWS
915827,303979,FOLLOWS
915852,1103407,FOLLOWS
915853,234312,FOLLOWS
916016,255087,FOLLOWS
916201,203850,FOLLOWS
916222,515938,FOLLOWS
916257,748019,FOLLOWS
916682,201669,FOLLOWS
916682,403201,FOLLOWS
916702,190117,FOLLOWS
916767,229378,FOLLOWS
916859,918289,FOLLOWS
917033,1099785,FOLLOWS
917033,1119469,FOLLOWS
917033,428400,FOLLOWS
917258,1271999,FOLLOWS
917363,537846,FOLLOWS
917363,572692,FOLLOWS
917363,1014506,FOLLOWS
917494,1010248,FOLLOWS
917645,379234,FOLLOWS
917645,379201,FOLLOWS
917645,1249777,FOLLOWS
917763,918289,FOLLOWS
917812,330503,FOLLOWS
917869,246678,FOLLOWS
918281,655837,FOLLOWS
918289,916859,FOLLOWS
918289,917763,FOLLOWS
918289,1238395,FOLLOWS
918361,1341413,FOLLOWS
918361,918419,FOLLOWS
918419,918361,FOLLOWS
918627,696911,FOLLOWS
918875,119818,FOLLOWS
918875,948758,FOLLOWS
919130,134867,FOLLOWS
919336,191887,FOLLOWS
919435,268337,FOLLOWS
919521,122759,FOLLOWS
919530,852907,FOLLOWS
919595,1008489,FOLLOWS
919677,1292098,FOLLOWS
919966,120950,FOLLOWS
920028,944304,FOLLOWS
920083,145477,FOLLOWS
920083,577141,FOLLOWS
920116,1060034,FOLLOWS
920140,171719,FOLLOWS
920140,1367628,FOLLOWS
920187,1526024,FOLLOWS
920286,334455,FOLLOWS
920303,402940,FOLLOWS
920413,920414,FOLLOWS
920414,920413,FOLLOWS
920424,490588,FOLLOWS
920450,342457,FOLLOWS
920781,547389,FOLLOWS
920833,335809,FOLLOWS
920833,1274525,FOLLOWS
921187,271635,FOLLOWS
921187,509837,FOLLOWS
921187,509929,FOLLOWS
921187,538104,FOLLOWS
921187,1053063,FOLLOWS
921187,1174864,FOLLOWS
921225,403588,FOLLOWS
921255,1092494,FOLLOWS
921428,1004275,FOLLOWS
921542,445853,FOLLOWS
921546,249205,FOLLOWS
921546,579341,FOLLOWS
921546,709385,FOLLOWS
922083,455993,FOLLOWS
922336,535578,FOLLOWS
922341,414890,FOLLOWS
922366,223937,FOLLOWS
922454,475799,FOLLOWS
922454,1526483,FOLLOWS
922636,823169,FOLLOWS
922639,597926,FOLLOWS
922745,873091,FOLLOWS
922956,183141,FOLLOWS
923068,120764,FOLLOWS
923068,1004275,FOLLOWS
923072,120764,FOLLOWS
923072,829306,FOLLOWS
923072,883462,FOLLOWS
923136,1017880,FOLLOWS
923136,1113910,FOLLOWS
923136,923190,FOLLOWS
923316,400844,FOLLOWS
923316,436072,FOLLOWS
923316,610943,FOLLOWS
923443,148889,FOLLOWS
923615,477111,FOLLOWS
923623,121293,FOLLOWS
923736,650778,FOLLOWS
923943,163442,FOLLOWS
924014,380038,FOLLOWS
924063,121443,FOLLOWS
924070,509929,FOLLOWS
924523,698997,FOLLOWS
924535,121697,FOLLOWS
924710,565478,FOLLOWS
924710,809942,FOLLOWS
925151,717666,FOLLOWS
925333,589591,FOLLOWS
925424,672608,FOLLOWS
925480,362422,FOLLOWS
925642,151839,FOLLOWS
925696,121872,FOLLOWS
925793,121696,FOLLOWS
925871,957837,FOLLOWS
926112,881018,FOLLOWS
926413,280591,FOLLOWS
926485,122152,FOLLOWS
926485,685141,FOLLOWS
926485,1001151,FOLLOWS
926981,638378,FOLLOWS
927010,190013,FOLLOWS
927137,336390,FOLLOWS
927304,382888,FOLLOWS
927304,425474,FOLLOWS
927441,1044059,FOLLOWS
927698,192348,FOLLOWS
927698,212929,FOLLOWS
927698,471096,FOLLOWS
927698,530079,FOLLOWS
927739,343700,FOLLOWS
927786,1064458,FOLLOWS
927801,468515,FOLLOWS
927974,447837,FOLLOWS
927989,335836,FOLLOWS
928411,929175,FOLLOWS
928446,946121,FOLLOWS
928475,353521,FOLLOWS
928580,164307,FOLLOWS
928744,81622,FOLLOWS
928744,832793,FOLLOWS
928879,925333,FOLLOWS
928947,532010,FOLLOWS
929058,429517,FOLLOWS
929068,446487,FOLLOWS
929118,288326,FOLLOWS
929181,895070,FOLLOWS
929198,98623,FOLLOWS
929251,1054598,FOLLOWS
929251,442823,FOLLOWS
929288,8197,FOLLOWS
929288,944069,FOLLOWS
929362,346116,FOLLOWS
929362,388482,FOLLOWS
929362,1501721,FOLLOWS
929573,911727,FOLLOWS
929577,167703,FOLLOWS
929578,932437,FOLLOWS
929681,376239,FOLLOWS
929777,930082,FOLLOWS
929821,773859,FOLLOWS
929848,634338,FOLLOWS
929848,344039,FOLLOWS
929911,849294,FOLLOWS
929911,1328781,FOLLOWS
929976,194384,FOLLOWS
930082,929777,FOLLOWS
930143,342984,FOLLOWS
930170,923190,FOLLOWS
930215,679421,FOLLOWS
930215,379480,FOLLOWS
930228,162936,FOLLOWS
930228,546318,FOLLOWS
930531,243195,FOLLOWS
930569,264252,FOLLOWS
930590,1219708,FOLLOWS
930590,84141,FOLLOWS
930604,241056,FOLLOWS
930686,1162299,FOLLOWS
930687,315319,FOLLOWS
930928,932958,FOLLOWS
930990,162918,FOLLOWS
931219,1090360,FOLLOWS
931238,1060182,FOLLOWS
931242,166802,FOLLOWS
931242,707157,FOLLOWS
931242,1051447,FOLLOWS
931400,123905,FOLLOWS
931474,479895,FOLLOWS
931562,480825,FOLLOWS
931562,930082,FOLLOWS
931746,546300,FOLLOWS
931836,410595,FOLLOWS
931973,291980,FOLLOWS
932020,552148,FOLLOWS
932056,123646,FOLLOWS
932070,843779,FOLLOWS
932115,1343756,FOLLOWS
932242,343534,FOLLOWS
932245,623220,FOLLOWS
932400,858449,FOLLOWS
932559,420404,FOLLOWS
932560,78800,FOLLOWS
932561,414890,FOLLOWS
932561,877497,FOLLOWS
932561,850284,FOLLOWS
932561,1152606,FOLLOWS
932680,956738,FOLLOWS
932680,1333069,FOLLOWS
932801,1271671,FOLLOWS
932827,498320,FOLLOWS
932853,556110,FOLLOWS
932878,535553,FOLLOWS
932958,930928,FOLLOWS
932958,1135817,FOLLOWS
933087,686170,FOLLOWS
933183,731138,FOLLOWS
933249,356076,FOLLOWS
933249,897153,FOLLOWS
933272,530959,FOLLOWS
933508,868061,FOLLOWS
933514,1286911,FOLLOWS
933545,187644,FOLLOWS
933545,934948,FOLLOWS
933751,699811,FOLLOWS
933785,257480,FOLLOWS
933798,1532821,FOLLOWS
933865,183095,FOLLOWS
933865,449369,FOLLOWS
934041,242892,FOLLOWS
934156,1529179,FOLLOWS
934556,399638,FOLLOWS
934584,844387,FOLLOWS
934789,1018354,FOLLOWS
934948,681801,FOLLOWS
934997,200598,FOLLOWS
935006,540002,FOLLOWS
935131,228486,FOLLOWS
935131,422530,FOLLOWS
935309,145386,FOLLOWS
935309,1238640,FOLLOWS
935369,758256,FOLLOWS
935423,165097,FOLLOWS
935423,187798,FOLLOWS
935423,330633,FOLLOWS
935423,534538,FOLLOWS
935454,661107,FOLLOWS
935675,858376,FOLLOWS
935681,1136348,FOLLOWS
935681,1065244,FOLLOWS
935700,221666,FOLLOWS
935700,1033432,FOLLOWS
935711,527261,FOLLOWS
935848,345609,FOLLOWS
935929,276153,FOLLOWS
936060,741116,FOLLOWS
936069,691609,FOLLOWS
936206,831980,FOLLOWS
936407,608698,FOLLOWS
936407,1077818,FOLLOWS
936521,429788,FOLLOWS
936599,1435025,FOLLOWS
936646,174420,FOLLOWS
936646,376507,FOLLOWS
936646,651644,FOLLOWS
937050,126143,FOLLOWS
937083,1294702,FOLLOWS
937531,442083,FOLLOWS
937821,14090,FOLLOWS
938294,426780,FOLLOWS
938324,126448,FOLLOWS
938324,460037,FOLLOWS
938354,305278,FOLLOWS
938354,514063,FOLLOWS
938390,642597,FOLLOWS
938390,9000,FOLLOWS
938886,18262,FOLLOWS
938918,258458,FOLLOWS
939012,394052,FOLLOWS
939012,416659,FOLLOWS
939012,772940,FOLLOWS
939012,865240,FOLLOWS
939012,500378,FOLLOWS
939186,126863,FOLLOWS
939383,830018,FOLLOWS
939722,473094,FOLLOWS
939796,903951,FOLLOWS
939856,237293,FOLLOWS
939884,126930,FOLLOWS
939995,443605,FOLLOWS
940001,996549,FOLLOWS
940016,493006,FOLLOWS
940050,569038,FOLLOWS
940122,255631,FOLLOWS
940126,638208,FOLLOWS
940147,718380,FOLLOWS
940147,1078486,FOLLOWS
940203,304761,FOLLOWS
940302,565478,FOLLOWS
940302,1308753,FOLLOWS
940550,272731,FOLLOWS
940557,641889,FOLLOWS
940557,1127063,FOLLOWS
940756,1018216,FOLLOWS
940762,1173109,FOLLOWS
940762,54709,FOLLOWS
940839,654446,FOLLOWS
940909,157324,FOLLOWS
940909,767697,FOLLOWS
940909,979128,FOLLOWS
941021,854012,FOLLOWS
941075,403640,FOLLOWS
941075,546499,FOLLOWS
941193,228721,FOLLOWS
941349,1127175,FOLLOWS
941553,443354,FOLLOWS
941553,1181881,FOLLOWS
941705,217350,FOLLOWS
941705,593109,FOLLOWS
941937,727730,FOLLOWS
941976,665119,FOLLOWS
942144,1093872,FOLLOWS
942873,158496,FOLLOWS
942910,1103136,FOLLOWS
942918,377006,FOLLOWS
942961,398503,FOLLOWS
943136,402940,FOLLOWS
943136,1038110,FOLLOWS
943136,769722,FOLLOWS
943238,138603,FOLLOWS
943332,712341,FOLLOWS
943490,214338,FOLLOWS
943643,378204,FOLLOWS
943810,288884,FOLLOWS
943810,897306,FOLLOWS
943940,1013665,FOLLOWS
944135,944155,FOLLOWS
944155,944135,FOLLOWS
944490,546583,FOLLOWS
944490,1032597,FOLLOWS
944566,944820,FOLLOWS
944662,605980,FOLLOWS
944662,215009,FOLLOWS
944662,247674,FOLLOWS
944662,1474311,FOLLOWS
944687,500061,FOLLOWS
944779,241893,FOLLOWS
944779,340762,FOLLOWS
944785,54709,FOLLOWS
944820,944566,FOLLOWS
944827,129535,FOLLOWS
944827,611161,FOLLOWS
944895,135357,FOLLOWS
944937,736303,FOLLOWS
944937,510196,FOLLOWS
944937,223938,FOLLOWS
944937,946897,FOLLOWS
944980,226575,FOLLOWS
944980,701111,FOLLOWS
944980,748681,FOLLOWS
944991,615511,FOLLOWS
945016,189136,FOLLOWS
945168,955432,FOLLOWS
945315,523906,FOLLOWS
945514,422476,FOLLOWS
945570,918875,FOLLOWS
945685,501613,FOLLOWS
945697,129535,FOLLOWS
945697,208805,FOLLOWS
945697,524668,FOLLOWS
945697,927698,FOLLOWS
945811,1142623,FOLLOWS
945916,685653,FOLLOWS
946121,928446,FOLLOWS
946488,732773,FOLLOWS
946496,129834,FOLLOWS
946728,404695,FOLLOWS
946779,272087,FOLLOWS
947269,812942,FOLLOWS
947269,1286280,FOLLOWS
947770,678928,FOLLOWS
948160,873091,FOLLOWS
948271,1171497,FOLLOWS
948629,401621,FOLLOWS
948714,454111,FOLLOWS
948756,336459,FOLLOWS
948756,728015,FOLLOWS
948756,974519,FOLLOWS
948758,918875,FOLLOWS
948792,1012458,FOLLOWS
949424,1087444,FOLLOWS
949546,1455870,FOLLOWS
949608,554635,FOLLOWS
949608,849656,FOLLOWS
949833,157111,FOLLOWS
949923,173803,FOLLOWS
949923,304738,FOLLOWS
950046,167555,FOLLOWS
950282,376090,FOLLOWS
950290,323687,FOLLOWS
950290,368674,FOLLOWS
950348,761046,FOLLOWS
950348,467966,FOLLOWS
950348,353265,FOLLOWS
950470,718253,FOLLOWS
950601,780588,FOLLOWS
950684,1376405,FOLLOWS
950717,873960,FOLLOWS
950737,215591,FOLLOWS
951023,312977,FOLLOWS
951050,568540,FOLLOWS
951200,288885,FOLLOWS
951397,1376018,FOLLOWS
951589,1624407,FOLLOWS
951871,132344,FOLLOWS
952355,596089,FOLLOWS
952403,54709,FOLLOWS
952481,132138,FOLLOWS
952497,330453,FOLLOWS
952497,971200,FOLLOWS
952764,812942,FOLLOWS
952764,1380769,FOLLOWS
952824,184139,FOLLOWS
952945,226873,FOLLOWS
952945,61666,FOLLOWS
952964,1374151,FOLLOWS
952996,373402,FOLLOWS
953018,505105,FOLLOWS
953182,335420,FOLLOWS
953182,551053,FOLLOWS
953199,446487,FOLLOWS
953199,806762,FOLLOWS
953287,58369,FOLLOWS
953303,1242510,FOLLOWS
953489,495689,FOLLOWS
953565,900834,FOLLOWS
953651,182973,FOLLOWS
953656,512723,FOLLOWS
953815,687946,FOLLOWS
953968,646122,FOLLOWS
954235,1121561,FOLLOWS
954241,571063,FOLLOWS
954241,1018169,FOLLOWS
954332,197611,FOLLOWS
954332,841483,FOLLOWS
954332,443118,FOLLOWS
954332,888527,FOLLOWS
954536,133287,FOLLOWS
954619,1161892,FOLLOWS
954799,426546,FOLLOWS
954906,187771,FOLLOWS
955067,232626,FOLLOWS
955313,297770,FOLLOWS
955313,483665,FOLLOWS
955378,495347,FOLLOWS
955378,338875,FOLLOWS
955507,721980,FOLLOWS
955598,956738,FOLLOWS
955660,1166084,FOLLOWS
955799,1026634,FOLLOWS
955876,1069628,FOLLOWS
955897,133805,FOLLOWS
956076,798986,FOLLOWS
956160,218396,FOLLOWS
956160,772940,FOLLOWS
956294,726300,FOLLOWS
956348,586151,FOLLOWS
956389,1534519,FOLLOWS
956451,393288,FOLLOWS
956647,133584,FOLLOWS
956720,164648,FOLLOWS
956725,956348,FOLLOWS
956926,387215,FOLLOWS
956973,590072,FOLLOWS
957202,1163667,FOLLOWS
957226,509634,FOLLOWS
957226,755176,FOLLOWS
957385,753926,FOLLOWS
957459,582646,FOLLOWS
957545,902328,FOLLOWS
957545,770142,FOLLOWS
958086,492165,FOLLOWS
958246,134437,FOLLOWS
958384,892598,FOLLOWS
958405,1083140,FOLLOWS
958830,134719,FOLLOWS
958965,724119,FOLLOWS
958965,335071,FOLLOWS
958965,702294,FOLLOWS
958965,960283,FOLLOWS
959706,488550,FOLLOWS
959753,475659,FOLLOWS
959829,166140,FOLLOWS
959867,241500,FOLLOWS
959867,493985,FOLLOWS
960283,469708,FOLLOWS
960283,724119,FOLLOWS
960373,275744,FOLLOWS
960460,199101,FOLLOWS
960460,1083084,FOLLOWS
960852,879128,FOLLOWS
961328,135909,FOLLOWS
961447,345545,FOLLOWS
961608,136818,FOLLOWS
961872,581103,FOLLOWS
961873,237814,FOLLOWS
961895,610451,FOLLOWS
961918,397908,FOLLOWS
961944,154044,FOLLOWS
961944,495350,FOLLOWS
962253,135909,FOLLOWS
962280,135909,FOLLOWS
962280,297478,FOLLOWS
962286,135909,FOLLOWS
962364,136232,FOLLOWS
962387,135997,FOLLOWS
962387,296457,FOLLOWS
962387,556648,FOLLOWS
962396,417652,FOLLOWS
962396,915827,FOLLOWS
962409,1009951,FOLLOWS
962439,446661,FOLLOWS
962439,282243,FOLLOWS
962608,1106454,FOLLOWS
962768,323085,FOLLOWS
962962,8255,FOLLOWS
962976,564991,FOLLOWS
963104,277322,FOLLOWS
963364,240109,FOLLOWS
963364,610068,FOLLOWS
963450,341867,FOLLOWS
963470,1196918,FOLLOWS
963694,136441,FOLLOWS
963791,889901,FOLLOWS
963830,912437,FOLLOWS
963930,237133,FOLLOWS
963935,521317,FOLLOWS
964008,599467,FOLLOWS
964048,491565,FOLLOWS
964694,439898,FOLLOWS
964899,1177434,FOLLOWS
965019,159980,FOLLOWS
965047,1193925,FOLLOWS
965117,137456,FOLLOWS
965290,892283,FOLLOWS
965640,1265648,FOLLOWS
965676,830477,FOLLOWS
965979,157235,FOLLOWS
966000,137456,FOLLOWS
966105,564009,FOLLOWS
966110,1336036,FOLLOWS
966813,460626,FOLLOWS
966944,112853,FOLLOWS
966969,138098,FOLLOWS
967057,943547,FOLLOWS
967232,137909,FOLLOWS
967232,390468,FOLLOWS
967270,193268,FOLLOWS
967330,138386,FOLLOWS
967394,146873,FOLLOWS
967478,967394,FOLLOWS
967603,138625,FOLLOWS
967837,347871,FOLLOWS
967907,137956,FOLLOWS
967907,166675,FOLLOWS
967907,288693,FOLLOWS
967907,1026215,FOLLOWS
967909,548156,FOLLOWS
968036,657780,FOLLOWS
968132,139213,FOLLOWS
968132,145666,FOLLOWS
968282,408639,FOLLOWS
968531,345850,FOLLOWS
968774,138625,FOLLOWS
968944,676629,FOLLOWS
968982,969026,FOLLOWS
969026,968982,FOLLOWS
969176,497213,FOLLOWS
969307,1107281,FOLLOWS
969363,451488,FOLLOWS
969374,277602,FOLLOWS
969435,630373,FOLLOWS
969435,289112,FOLLOWS
969525,1211077,FOLLOWS
969795,239961,FOLLOWS
969836,1537497,FOLLOWS
969925,744362,FOLLOWS
969928,709869,FOLLOWS
970032,576793,FOLLOWS
970078,650733,FOLLOWS
970078,453755,FOLLOWS
970078,135841,FOLLOWS
970081,139375,FOLLOWS
970086,139375,FOLLOWS
970186,222967,FOLLOWS
970363,1111538,FOLLOWS
970465,218353,FOLLOWS
970674,770378,FOLLOWS
970720,139111,FOLLOWS
970720,1543698,FOLLOWS
970931,322433,FOLLOWS
970931,322424,FOLLOWS
970931,480010,FOLLOWS
970931,571855,FOLLOWS
970931,571471,FOLLOWS
970991,314986,FOLLOWS
970995,681222,FOLLOWS
970995,1537762,FOLLOWS
971200,952497,FOLLOWS
971425,1507928,FOLLOWS
971618,1537844,FOLLOWS
971758,188009,FOLLOWS
971788,402940,FOLLOWS
971823,976819,FOLLOWS
971826,673264,FOLLOWS
971827,1092943,FOLLOWS
971903,382974,FOLLOWS
971903,718618,FOLLOWS
971949,1182264,FOLLOWS
971950,1378295,FOLLOWS
972168,718968,FOLLOWS
972346,869506,FOLLOWS
972558,269310,FOLLOWS
972593,426439,FOLLOWS
973006,702121,FOLLOWS
973006,102380,FOLLOWS
973109,1054328,FOLLOWS
973221,540002,FOLLOWS
973287,548730,FOLLOWS
973315,1486443,FOLLOWS
973322,1145149,FOLLOWS
973505,421572,FOLLOWS
974014,974399,FOLLOWS
974274,279898,FOLLOWS
974274,1083628,FOLLOWS
974274,902792,FOLLOWS
974304,681204,FOLLOWS
974304,1052319,FOLLOWS
974304,1300042,FOLLOWS
974519,948756,FOLLOWS
974644,716897,FOLLOWS
974961,149942,FOLLOWS
975192,634244,FOLLOWS
975703,397908,FOLLOWS
975726,590381,FOLLOWS
975726,913279,FOLLOWS
975728,614566,FOLLOWS
976242,179407,FOLLOWS
976242,689099,FOLLOWS
976242,781954,FOLLOWS
976242,852728,FOLLOWS
976745,230142,FOLLOWS
976812,513199,FOLLOWS
976819,971823,FOLLOWS
977266,383115,FOLLOWS
977436,411322,FOLLOWS
977563,450833,FOLLOWS
977563,707442,FOLLOWS
977793,1227715,FOLLOWS
977817,405369,FOLLOWS
977980,347008,FOLLOWS
978098,47714,FOLLOWS
978140,233426,FOLLOWS
978140,245571,FOLLOWS
978395,494696,FOLLOWS
978402,231385,FOLLOWS
978627,830787,FOLLOWS
978627,1226881,FOLLOWS
978844,239961,FOLLOWS
978844,1098820,FOLLOWS
978844,1097199,FOLLOWS
979087,963935,FOLLOWS
979128,638593,FOLLOWS
979128,767697,FOLLOWS
979128,940909,FOLLOWS
979266,704851,FOLLOWS
979326,211904,FOLLOWS
979416,359716,FOLLOWS
979568,666916,FOLLOWS
979791,1079585,FOLLOWS
979820,264978,FOLLOWS
979914,456531,FOLLOWS
979914,860713,FOLLOWS
979934,896989,FOLLOWS
980235,718037,FOLLOWS
980235,46338,FOLLOWS
980352,30696,FOLLOWS
980424,812024,FOLLOWS
980447,980454,FOLLOWS
980454,980447,FOLLOWS
980630,488286,FOLLOWS
980718,732990,FOLLOWS
980718,803915,FOLLOWS
980718,810000,FOLLOWS
980791,362422,FOLLOWS
981555,1023722,FOLLOWS
981747,1026018,FOLLOWS
981767,394013,FOLLOWS
981767,284348,FOLLOWS
981767,327423,FOLLOWS
981767,995061,FOLLOWS
981934,1008523,FOLLOWS
982171,1054407,FOLLOWS
982451,1238103,FOLLOWS
982685,38954,FOLLOWS
982739,1091441,FOLLOWS
982739,399197,FOLLOWS
982887,343694,FOLLOWS
982961,768653,FOLLOWS
982961,988124,FOLLOWS
983264,370759,FOLLOWS
983394,858142,FOLLOWS
983554,317005,FOLLOWS
983797,683915,FOLLOWS
983842,459373,FOLLOWS
983937,290138,FOLLOWS
983949,145986,FOLLOWS
984264,1540572,FOLLOWS
984264,1540658,FOLLOWS
984441,408443,FOLLOWS
984443,711335,FOLLOWS
984687,173895,FOLLOWS
984773,340991,FOLLOWS
984773,634510,FOLLOWS
985072,788757,FOLLOWS
985163,495310,FOLLOWS
985168,666014,FOLLOWS
985470,422476,FOLLOWS
985721,434040,FOLLOWS
985827,672467,FOLLOWS
986077,1351016,FOLLOWS
986182,1055761,FOLLOWS
987244,490042,FOLLOWS
987520,991341,FOLLOWS
987520,647080,FOLLOWS
987725,352180,FOLLOWS
988124,982961,FOLLOWS
988263,367978,FOLLOWS
988263,408639,FOLLOWS
988281,367994,FOLLOWS
988322,1203979,FOLLOWS
988449,167695,FOLLOWS
988527,567557,FOLLOWS
988572,646834,FOLLOWS
988707,563045,FOLLOWS
988720,39671,FOLLOWS
988720,79862,FOLLOWS
988770,101418,FOLLOWS
988810,986571,FOLLOWS
988810,988572,FOLLOWS
988810,988832,FOLLOWS
988810,647080,FOLLOWS
988832,988810,FOLLOWS
988873,493340,FOLLOWS
988873,679460,FOLLOWS
989161,726319,FOLLOWS
989161,496840,FOLLOWS
989170,1445049,FOLLOWS
989562,868797,FOLLOWS
989562,169441,FOLLOWS
989562,1518580,FOLLOWS
989893,196432,FOLLOWS
989893,1111931,FOLLOWS
989944,1177906,FOLLOWS
990152,678003,FOLLOWS
990152,730813,FOLLOWS
990586,721980,FOLLOWS
990801,988572,FOLLOWS
991018,139960,FOLLOWS
991018,1157150,FOLLOWS
991341,987520,FOLLOWS
991525,1309080,FOLLOWS
991644,148889,FOLLOWS
991644,657351,FOLLOWS
991703,400560,FOLLOWS
991772,617659,FOLLOWS
992350,545955,FOLLOWS
992738,335172,FOLLOWS
992908,334151,FOLLOWS
992908,894683,FOLLOWS
992908,1150713,FOLLOWS
993073,149635,FOLLOWS
993137,285461,FOLLOWS
993433,321253,FOLLOWS
993433,308111,FOLLOWS
993612,708374,FOLLOWS
993622,315290,FOLLOWS
993819,412071,FOLLOWS
993858,401285,FOLLOWS
994104,212929,FOLLOWS
994104,1052319,FOLLOWS
994288,271379,FOLLOWS
994290,371721,FOLLOWS
994290,886038,FOLLOWS
994352,150239,FOLLOWS
994364,150239,FOLLOWS
994486,742311,FOLLOWS
994496,812788,FOLLOWS
994530,1542816,FOLLOWS
994544,265089,FOLLOWS
994544,498248,FOLLOWS
994885,150814,FOLLOWS
994885,338373,FOLLOWS
995154,262912,FOLLOWS
995173,849679,FOLLOWS
995173,905170,FOLLOWS
995261,1261552,FOLLOWS
995321,697007,FOLLOWS
995446,201936,FOLLOWS
995766,150814,FOLLOWS
995785,667270,FOLLOWS
995788,862439,FOLLOWS
995887,901087,FOLLOWS
995923,439987,FOLLOWS
995923,475328,FOLLOWS
996334,327237,FOLLOWS
996441,726514,FOLLOWS
996549,940001,FOLLOWS
996581,151233,FOLLOWS
996581,676304,FOLLOWS
996617,378188,FOLLOWS
996617,380045,FOLLOWS
997014,151385,FOLLOWS
997014,899657,FOLLOWS
997082,339982,FOLLOWS
997361,194763,FOLLOWS
997361,835847,FOLLOWS
997400,507242,FOLLOWS
997400,1345994,FOLLOWS
997551,375962,FOLLOWS
997565,1303845,FOLLOWS
997565,362794,FOLLOWS
997565,999084,FOLLOWS
997637,978348,FOLLOWS
997638,307331,FOLLOWS
997871,656087,FOLLOWS
998116,151991,FOLLOWS
998496,594243,FOLLOWS
998669,4939,FOLLOWS
998669,1100438,FOLLOWS
999035,325282,FOLLOWS
999056,694162,FOLLOWS
999084,638349,FOLLOWS
999084,338229,FOLLOWS
999084,651155,FOLLOWS
999418,322001,FOLLOWS
999501,906919,FOLLOWS
999512,1447348,FOLLOWS
999638,368958,FOLLOWS
999638,237716,FOLLOWS
999703,354290,FOLLOWS
999789,1543919,FOLLOWS
999812,187798,FOLLOWS
1000154,203665,FOLLOWS
1000210,196193,FOLLOWS
1000210,28143,FOLLOWS
1000399,153069,FOLLOWS
1000399,303359,FOLLOWS
1000430,815585,FOLLOWS
1000594,362657,FOLLOWS
1000616,552310,FOLLOWS
1000756,1544157,FOLLOWS
1000793,591433,FOLLOWS
1000793,18433,FOLLOWS
1000839,490117,FOLLOWS
1000839,1052081,FOLLOWS
1000935,44820,FOLLOWS
1001020,887761,FOLLOWS
1001021,693456,FOLLOWS
1001069,461350,FOLLOWS
1001555,1344034,FOLLOWS
1001555,415560,FOLLOWS
1001726,858449,FOLLOWS
1001884,302808,FOLLOWS
1001884,274202,FOLLOWS
1002039,1209879,FOLLOWS
1002292,155091,FOLLOWS
1002612,624855,FOLLOWS
1002798,720718,FOLLOWS
1002949,1473988,FOLLOWS
1003164,490291,FOLLOWS
1003195,1317454,FOLLOWS
1003209,605486,FOLLOWS
1003209,154321,FOLLOWS
1003696,610209,FOLLOWS
1003738,280619,FOLLOWS
1003787,694943,FOLLOWS
1003787,872652,FOLLOWS
1003803,362003,FOLLOWS
1003936,355440,FOLLOWS
1003936,462488,FOLLOWS
1003936,718618,FOLLOWS
1003936,1273277,FOLLOWS
1004275,406265,FOLLOWS
1004275,521317,FOLLOWS
1004275,921428,FOLLOWS
1004275,923068,FOLLOWS
1004275,988263,FOLLOWS
1004425,279248,FOLLOWS
1004439,817325,FOLLOWS
1004439,672547,FOLLOWS
1004540,305483,FOLLOWS
1004540,68619,FOLLOWS
1004681,606925,FOLLOWS
1005164,155613,FOLLOWS
1005164,240468,FOLLOWS
1005328,509951,FOLLOWS
1005686,1062565,FOLLOWS
1006023,651606,FOLLOWS
1006319,155743,FOLLOWS
1006343,272087,FOLLOWS
1006569,421572,FOLLOWS
1006767,749077,FOLLOWS
1006789,314586,FOLLOWS
1007182,156161,FOLLOWS
1007188,156161,FOLLOWS
1007232,156161,FOLLOWS
1007232,459123,FOLLOWS
1007232,563869,FOLLOWS
1007232,644793,FOLLOWS
1007746,1545991,FOLLOWS
1007766,88069,FOLLOWS
1007768,210114,FOLLOWS
1007805,200887,FOLLOWS
1007992,185885,FOLLOWS
1008152,156787,FOLLOWS
1008489,919595,FOLLOWS
1008490,693264,FOLLOWS
1008523,981934,FOLLOWS
1008545,698775,FOLLOWS
1008545,1092783,FOLLOWS
1008545,1092788,FOLLOWS
1008545,1085715,FOLLOWS
1008702,1209543,FOLLOWS
1008749,726373,FOLLOWS
1008855,343974,FOLLOWS
1008855,365036,FOLLOWS
1008873,1546133,FOLLOWS
1009029,254319,FOLLOWS
1009029,495832,FOLLOWS
1009045,900834,FOLLOWS
1009089,762796,FOLLOWS
1009397,1546285,FOLLOWS
1009526,805140,FOLLOWS
1009554,905017,FOLLOWS
1009697,797799,FOLLOWS
1009739,398041,FOLLOWS
1009763,443330,FOLLOWS
1009763,1546491,FOLLOWS
1009901,1021415,FOLLOWS
1009930,526330,FOLLOWS
1009951,272591,FOLLOWS
1009951,962409,FOLLOWS
1009951,667128,FOLLOWS
1009951,808226,FOLLOWS
1010321,510208,FOLLOWS
1010361,305202,FOLLOWS
1010361,493799,FOLLOWS
1010367,537230,FOLLOWS
1010400,157707,FOLLOWS
1010438,489397,FOLLOWS
1010502,197226,FOLLOWS
1010502,427884,FOLLOWS
1010582,469087,FOLLOWS
1010748,1546590,FOLLOWS
1010748,1196014,FOLLOWS
1011157,452235,FOLLOWS
1011233,1444458,FOLLOWS
1011257,1173479,FOLLOWS
1011748,296569,FOLLOWS
1011748,1055556,FOLLOWS
1011748,352087,FOLLOWS
1012088,592066,FOLLOWS
1012108,483665,FOLLOWS
1012458,948792,FOLLOWS
1012641,1149062,FOLLOWS
1012692,212929,FOLLOWS
1012692,1057903,FOLLOWS
1012824,729265,FOLLOWS
1012874,547805,FOLLOWS
1012874,717364,FOLLOWS
1012921,849724,FOLLOWS
1012966,622153,FOLLOWS
1013155,1439592,FOLLOWS
1013181,560643,FOLLOWS
1013237,233457,FOLLOWS
1013445,256276,FOLLOWS
1013502,159262,FOLLOWS
1013502,740198,FOLLOWS
1013629,1450557,FOLLOWS
1013807,1237810,FOLLOWS
1013860,777012,FOLLOWS
1013975,159574,FOLLOWS
1013991,666438,FOLLOWS
1014007,409149,FOLLOWS
1014079,193789,FOLLOWS
1014079,698767,FOLLOWS
1014506,917363,FOLLOWS
1014817,536185,FOLLOWS
1015050,470927,FOLLOWS
1015050,1105478,FOLLOWS
1015234,1229816,FOLLOWS
1015429,330453,FOLLOWS
1015429,657440,FOLLOWS
1015815,643708,FOLLOWS
1015933,435004,FOLLOWS
1015953,541827,FOLLOWS
1015972,413401,FOLLOWS
1016470,928928,FOLLOWS
1016550,221913,FOLLOWS
1016840,564991,FOLLOWS
1017247,164269,FOLLOWS
1017341,1344259,FOLLOWS
1017613,852461,FOLLOWS
1017880,341867,FOLLOWS
1017880,832393,FOLLOWS
1017930,902977,FOLLOWS
1017987,206969,FOLLOWS
1018025,139817,FOLLOWS
1018025,1548291,FOLLOWS
1018169,954241,FOLLOWS
1018216,940756,FOLLOWS
1018343,499163,FOLLOWS
1018354,934789,FOLLOWS
1018428,669894,FOLLOWS
1018442,1007188,FOLLOWS
1018481,903155,FOLLOWS
1018626,631102,FOLLOWS
1018647,915589,FOLLOWS
1018665,184910,FOLLOWS
1018751,1040848,FOLLOWS
1018770,652356,FOLLOWS
1018815,535691,FOLLOWS
1018832,523505,FOLLOWS
1018916,146523,FOLLOWS
1019452,162277,FOLLOWS
1019557,162277,FOLLOWS
1019561,162277,FOLLOWS
1019810,766833,FOLLOWS
1019922,1412174,FOLLOWS
1019945,519284,FOLLOWS
1020046,165954,FOLLOWS
1020274,1187218,FOLLOWS
1020356,545227,FOLLOWS
1020464,440008,FOLLOWS
1020823,1127248,FOLLOWS
1020980,162950,FOLLOWS
1020980,884325,FOLLOWS
1021415,411692,FOLLOWS
1021415,1009901,FOLLOWS
1021699,197403,FOLLOWS
1021752,414380,FOLLOWS
1022129,333116,FOLLOWS
1022147,1167885,FOLLOWS
1022225,519940,FOLLOWS
1022225,884530,FOLLOWS
1022534,851158,FOLLOWS
1022599,661407,FOLLOWS
1022602,570821,FOLLOWS
1022643,1340306,FOLLOWS
1022857,240742,FOLLOWS
1022953,404433,FOLLOWS
1022953,1266402,FOLLOWS
1022966,614163,FOLLOWS
1023048,503881,FOLLOWS
1023048,578367,FOLLOWS
1023119,848652,FOLLOWS
1023248,183141,FOLLOWS
1023248,754647,FOLLOWS
1023423,621973,FOLLOWS
1023722,913049,FOLLOWS
1023722,981555,FOLLOWS
1023722,215009,FOLLOWS
1023930,551836,FOLLOWS
1024060,157084,FOLLOWS
1024105,540002,FOLLOWS
1024179,1116574,FOLLOWS
1024211,760795,FOLLOWS
1024211,797911,FOLLOWS
1024258,1035391,FOLLOWS
1024306,371301,FOLLOWS
1024360,504053,FOLLOWS
1024360,1549780,FOLLOWS
1024429,524668,FOLLOWS
1024718,712341,FOLLOWS
1024718,943332,FOLLOWS
1024789,164269,FOLLOWS
1024810,348101,FOLLOWS
1024820,524722,FOLLOWS
1024877,1166971,FOLLOWS
1024985,312213,FOLLOWS
1025106,164317,FOLLOWS
1025159,164374,FOLLOWS
1025176,168972,FOLLOWS
1025283,89328,FOLLOWS
1025345,357840,FOLLOWS
1025345,600880,FOLLOWS
1025351,357840,FOLLOWS
1025399,182985,FOLLOWS
1025399,628142,FOLLOWS
1025591,543226,FOLLOWS
1025734,620506,FOLLOWS
1026215,485179,FOLLOWS
1026215,523527,FOLLOWS
1026215,967907,FOLLOWS
1026317,745817,FOLLOWS
1026317,841277,FOLLOWS
1026542,491116,FOLLOWS
1026577,632227,FOLLOWS
1026634,1463005,FOLLOWS
1026652,552768,FOLLOWS
1026711,163906,FOLLOWS
1026830,225723,FOLLOWS
1027030,331339,FOLLOWS
1027245,466712,FOLLOWS
1027245,491670,FOLLOWS
1027462,773503,FOLLOWS
1027490,1131574,FOLLOWS
1027731,1028849,FOLLOWS
1027984,165610,FOLLOWS
1028012,1160257,FOLLOWS
1028049,1112749,FOLLOWS
1028191,1281281,FOLLOWS
1028567,166675,FOLLOWS
1028700,166675,FOLLOWS
1028849,1027731,FOLLOWS
1028870,798794,FOLLOWS
1029147,321950,FOLLOWS
1029147,507533,FOLLOWS
1029649,166323,FOLLOWS
1029649,1110957,FOLLOWS
1029649,1448014,FOLLOWS
1029742,870293,FOLLOWS
1029833,405085,FOLLOWS
1030085,167152,FOLLOWS
1030642,502320,FOLLOWS
1030646,260099,FOLLOWS
1030921,292407,FOLLOWS
1030921,621046,FOLLOWS
1031153,166140,FOLLOWS
1031185,1491314,FOLLOWS
1031514,1188402,FOLLOWS
1031540,783861,FOLLOWS
1031727,261461,FOLLOWS
1031727,518220,FOLLOWS
1031788,441289,FOLLOWS
1031796,175183,FOLLOWS
1031796,446697,FOLLOWS
1031806,518220,FOLLOWS
1031843,468828,FOLLOWS
1032076,557276,FOLLOWS
1032076,1047841,FOLLOWS
1032076,432549,FOLLOWS
1032076,1121369,FOLLOWS
1032114,167152,FOLLOWS
1032242,127822,FOLLOWS
1032296,166675,FOLLOWS
1032370,769722,FOLLOWS
1032597,944490,FOLLOWS
1032597,1032641,FOLLOWS
1032637,486855,FOLLOWS
1032641,1032597,FOLLOWS
1032641,379506,FOLLOWS
1032879,908569,FOLLOWS
1032879,982338,FOLLOWS
1033042,276307,FOLLOWS
1033057,1551784,FOLLOWS
1033057,274519,FOLLOWS
1033172,466734,FOLLOWS
1033419,597701,FOLLOWS
1033419,886038,FOLLOWS
1033432,935700,FOLLOWS
1033502,375279,FOLLOWS
1033934,167873,FOLLOWS
1033934,752671,FOLLOWS
1034097,277822,FOLLOWS
1034230,1044038,FOLLOWS
1034230,1191677,FOLLOWS
1034232,24623,FOLLOWS
1034253,632847,FOLLOWS
1034339,209460,FOLLOWS
1034436,255917,FOLLOWS
1034436,1034437,FOLLOWS
1034436,1116526,FOLLOWS
1034436,1369588,FOLLOWS
1034476,379506,FOLLOWS
1034535,677155,FOLLOWS
1034559,702786,FOLLOWS
1034662,368063,FOLLOWS
1034752,1085888,FOLLOWS
1034768,1036790,FOLLOWS
1034874,472911,FOLLOWS
1034874,753732,FOLLOWS
1035060,208805,FOLLOWS
1035060,710178,FOLLOWS
1035067,320063,FOLLOWS
1035067,732203,FOLLOWS
1035178,1433619,FOLLOWS
1035199,1035201,FOLLOWS
1035201,1035199,FOLLOWS
1035201,1251532,FOLLOWS
1035313,1034766,FOLLOWS
1035333,901621,FOLLOWS
1035376,821850,FOLLOWS
1035391,1024258,FOLLOWS
1035775,1167193,FOLLOWS
1035875,717644,FOLLOWS
1035879,441043,FOLLOWS
1036246,518220,FOLLOWS
1036790,1034768,FOLLOWS
1037023,168890,FOLLOWS
1037172,1037260,FOLLOWS
1037172,1298685,FOLLOWS
1037191,191853,FOLLOWS
1037260,1037172,FOLLOWS
1037331,371301,FOLLOWS
1037352,510586,FOLLOWS
1037895,199179,FOLLOWS
1037895,748852,FOLLOWS
1037993,1046055,FOLLOWS
1037993,1170865,FOLLOWS
1038151,990025,FOLLOWS
1038330,267363,FOLLOWS
1038392,549429,FOLLOWS
1038787,964282,FOLLOWS
1038912,243478,FOLLOWS
1038912,923736,FOLLOWS
1039241,474498,FOLLOWS
1039241,1379389,FOLLOWS
1039283,500769,FOLLOWS
1039323,866215,FOLLOWS
1039442,339238,FOLLOWS
1039588,68619,FOLLOWS
1039997,170253,FOLLOWS
1040029,43271,FOLLOWS
1040045,269827,FOLLOWS
1040045,364569,FOLLOWS
1040271,563746,FOLLOWS
1040460,666478,FOLLOWS
1040492,509458,FOLLOWS
1040596,265503,FOLLOWS
1040596,676233,FOLLOWS
1040596,368422,FOLLOWS
1040596,546642,FOLLOWS
1040596,92599,FOLLOWS
1040682,176986,FOLLOWS
1040848,509458,FOLLOWS
1040893,590869,FOLLOWS
1040902,434725,FOLLOWS
1040902,895104,FOLLOWS
1040902,280719,FOLLOWS
1040902,792840,FOLLOWS
1041042,194010,FOLLOWS
1041480,1425836,FOLLOWS
1041732,201220,FOLLOWS
1041732,366723,FOLLOWS
1041978,1263164,FOLLOWS
1042262,1216448,FOLLOWS
1042341,312325,FOLLOWS
1042341,362771,FOLLOWS
1042341,377108,FOLLOWS
1042443,173145,FOLLOWS
1042959,1161937,FOLLOWS
1043021,563808,FOLLOWS
1043021,851979,FOLLOWS
1043132,171083,FOLLOWS
1043195,588280,FOLLOWS
1043215,813520,FOLLOWS
1043352,1121713,FOLLOWS
1043352,1423877,FOLLOWS
1043352,606759,FOLLOWS
1043380,367978,FOLLOWS
1043511,780481,FOLLOWS
1043681,1043690,FOLLOWS
1043690,1043681,FOLLOWS
1043873,113371,FOLLOWS
1043908,538656,FOLLOWS
1043908,1096630,FOLLOWS
1043940,587462,FOLLOWS
1043940,759556,FOLLOWS
1043968,454719,FOLLOWS
1043968,488883,FOLLOWS
1044038,516526,FOLLOWS
1044038,1034230,FOLLOWS
1044059,1121585,FOLLOWS
1044059,927441,FOLLOWS
1044299,1259535,FOLLOWS
1044367,607350,FOLLOWS
1044524,844312,FOLLOWS
1044655,1027123,FOLLOWS
1044655,1049555,FOLLOWS
1044870,1045039,FOLLOWS
1044999,1121698,FOLLOWS
1045039,1044870,FOLLOWS
1045128,512738,FOLLOWS
1045295,902328,FOLLOWS
1045722,173278,FOLLOWS
1045948,824885,FOLLOWS
1046055,1037993,FOLLOWS
1046075,470381,FOLLOWS
1046170,384672,FOLLOWS
1046524,183084,FOLLOWS
1046524,618032,FOLLOWS
1046524,1341322,FOLLOWS
1046658,922956,FOLLOWS
1046823,680590,FOLLOWS
1046955,535178,FOLLOWS
1046966,872652,FOLLOWS
1047246,353140,FOLLOWS
1047283,1048475,FOLLOWS
1047349,380333,FOLLOWS
1047751,1453799,FOLLOWS
1047841,557276,FOLLOWS
1047841,1032076,FOLLOWS
1048276,484166,FOLLOWS
1048591,73395,FOLLOWS
1048615,1051161,FOLLOWS
1048615,216772,FOLLOWS
1048680,583456,FOLLOWS
1048941,393736,FOLLOWS
1049112,521317,FOLLOWS
1049209,1342401,FOLLOWS
1049967,828299,FOLLOWS
1050173,174158,FOLLOWS
1050787,849720,FOLLOWS
1050961,174384,FOLLOWS
1051161,1048615,FOLLOWS
1051257,1051442,FOLLOWS
1051257,1061677,FOLLOWS
1051257,92458,FOLLOWS
1051442,1051257,FOLLOWS
1051447,931242,FOLLOWS
1051657,352669,FOLLOWS
1052151,769722,FOLLOWS
1052319,884958,FOLLOWS
1052319,974304,FOLLOWS
1052319,994104,FOLLOWS
1052367,1201652,FOLLOWS
1052441,589571,FOLLOWS
1052859,848303,FOLLOWS
1052913,165030,FOLLOWS
1052917,175062,FOLLOWS
1053044,463977,FOLLOWS
1053063,571063,FOLLOWS
1053063,921187,FOLLOWS
1053120,571063,FOLLOWS
1053120,1183811,FOLLOWS
1053341,283260,FOLLOWS
1053516,363814,FOLLOWS
1054059,628793,FOLLOWS
1054211,461120,FOLLOWS
1054229,696502,FOLLOWS
1054242,722646,FOLLOWS
1054328,973109,FOLLOWS
1054328,193549,FOLLOWS
1054377,375022,FOLLOWS
1054536,1618166,FOLLOWS
1054568,869138,FOLLOWS
1054568,1026033,FOLLOWS
1054598,748308,FOLLOWS
1054916,902686,FOLLOWS
1055556,1011748,FOLLOWS
1055656,270933,FOLLOWS
1055761,986182,FOLLOWS
1055761,228939,FOLLOWS
1056074,1283594,FOLLOWS
1056430,580024,FOLLOWS
1056729,1484216,FOLLOWS
1056951,636627,FOLLOWS
1056989,5046,FOLLOWS
1057158,693608,FOLLOWS
1057348,799544,FOLLOWS
1057528,341873,FOLLOWS
1057554,505493,FOLLOWS
1057558,505577,FOLLOWS
1057558,505493,FOLLOWS
1057581,1057584,FOLLOWS
1057584,725155,FOLLOWS
1057584,823804,FOLLOWS
1057584,1057581,FOLLOWS
1057584,327209,FOLLOWS
1057584,1191677,FOLLOWS
1057801,176986,FOLLOWS
1057801,524792,FOLLOWS
1057903,212929,FOLLOWS
1057903,1012692,FOLLOWS
1057903,994104,FOLLOWS
1057976,843710,FOLLOWS
1058128,506684,FOLLOWS
1058160,1557295,FOLLOWS
1058182,193549,FOLLOWS
1058576,989235,FOLLOWS
1058605,1600515,FOLLOWS
1058783,255917,FOLLOWS
1059085,782671,FOLLOWS
1059085,1183791,FOLLOWS
1059085,1125427,FOLLOWS
1059202,1088051,FOLLOWS
1059242,173145,FOLLOWS
1059270,572373,FOLLOWS
1059417,99613,FOLLOWS
1059594,1395073,FOLLOWS
1059594,528752,FOLLOWS
1059724,747679,FOLLOWS
1060034,321354,FOLLOWS
1060182,931238,FOLLOWS
1060211,363840,FOLLOWS
1060475,178387,FOLLOWS
1060475,178284,FOLLOWS
1060487,1333069,FOLLOWS
1060510,601596,FOLLOWS
1060510,653420,FOLLOWS
1060510,711416,FOLLOWS
1060510,413355,FOLLOWS
1060639,317907,FOLLOWS
1060787,1060801,FOLLOWS
1060792,843189,FOLLOWS
1060801,1060787,FOLLOWS
1060940,644017,FOLLOWS
1060965,1228004,FOLLOWS
1060986,923190,FOLLOWS
1061434,364569,FOLLOWS
1061504,178853,FOLLOWS
1061504,728910,FOLLOWS
1061504,377006,FOLLOWS
1061504,668207,FOLLOWS
1061520,178853,FOLLOWS
1061551,874909,FOLLOWS
1061677,1051257,FOLLOWS
1061678,804023,FOLLOWS
1062341,224991,FOLLOWS
1062565,531963,FOLLOWS
1062565,1005686,FOLLOWS
1062568,587787,FOLLOWS
1062758,179889,FOLLOWS
1062917,297510,FOLLOWS
1063125,590458,FOLLOWS
1063125,590803,FOLLOWS
1063316,1310818,FOLLOWS
1063511,57085,FOLLOWS
1063631,127822,FOLLOWS
1063698,317354,FOLLOWS
1063698,1119272,FOLLOWS
1063698,180279,FOLLOWS
1063738,179889,FOLLOWS
1063821,584818,FOLLOWS
1064471,425474,FOLLOWS
1064630,342803,FOLLOWS
1064782,519275,FOLLOWS
1064782,215416,FOLLOWS
1065244,935681,FOLLOWS
1065988,441488,FOLLOWS
1066014,181167,FOLLOWS
1066365,352470,FOLLOWS
1066639,588416,FOLLOWS
1066712,345634,FOLLOWS
1066775,181540,FOLLOWS
1067322,875221,FOLLOWS
1067496,483294,FOLLOWS
1067524,1110426,FOLLOWS
1067826,182261,FOLLOWS
1067858,490042,FOLLOWS
1068085,581635,FOLLOWS
1068206,1343827,FOLLOWS
1068269,230139,FOLLOWS
1068617,1170682,FOLLOWS
1068917,1069894,FOLLOWS
1068983,111343,FOLLOWS
1069053,434817,FOLLOWS
1069278,182865,FOLLOWS
1069304,183095,FOLLOWS
1069304,698539,FOLLOWS
1069304,1046524,FOLLOWS
1069352,854410,FOLLOWS
1069478,227492,FOLLOWS
1069478,329566,FOLLOWS
1069628,955876,FOLLOWS
1069843,1269707,FOLLOWS
1069923,555685,FOLLOWS
1070080,1107411,FOLLOWS
1070080,889901,FOLLOWS
1070080,872652,FOLLOWS
1070344,299340,FOLLOWS
1070552,509458,FOLLOWS
1070771,234759,FOLLOWS
1070881,337767,FOLLOWS
1071111,14090,FOLLOWS
1071277,657979,FOLLOWS
1071277,1126367,FOLLOWS
1072084,849587,FOLLOWS
1072217,1072218,FOLLOWS
1072218,1072217,FOLLOWS
1072218,154198,FOLLOWS
1072425,711980,FOLLOWS
1072880,606954,FOLLOWS
1072958,1099155,FOLLOWS
1073009,294942,FOLLOWS
1073056,505386,FOLLOWS
1073108,679879,FOLLOWS
1073136,1070078,FOLLOWS
1073329,540996,FOLLOWS
1073329,638378,FOLLOWS
1073329,270883,FOLLOWS
1073333,663860,FOLLOWS
1073333,472704,FOLLOWS
1073352,605281,FOLLOWS
1073352,863795,FOLLOWS
1073352,847553,FOLLOWS
1073402,319089,FOLLOWS
1074042,538683,FOLLOWS
1074271,215432,FOLLOWS
1074286,452295,FOLLOWS
1074331,186453,FOLLOWS
1074743,253617,FOLLOWS
1074823,871120,FOLLOWS
1074947,1119272,FOLLOWS
1075189,1472387,FOLLOWS
1075535,683708,FOLLOWS
1075535,860320,FOLLOWS
1075699,600872,FOLLOWS
1075933,1560854,FOLLOWS
1075994,634812,FOLLOWS
1076357,1163048,FOLLOWS
1076527,571722,FOLLOWS
1076858,1560811,FOLLOWS
1076896,693283,FOLLOWS
1077084,188254,FOLLOWS
1077153,188009,FOLLOWS
1077188,1077333,FOLLOWS
1077191,1145922,FOLLOWS
1077261,523196,FOLLOWS
1077279,187798,FOLLOWS
1077279,330633,FOLLOWS
1077333,1077188,FOLLOWS
1077344,843710,FOLLOWS
1077818,713381,FOLLOWS
1077818,936407,FOLLOWS
1078039,130167,FOLLOWS
1078116,1078119,FOLLOWS
1078119,1078116,FOLLOWS
1078271,635554,FOLLOWS
1078292,1192619,FOLLOWS
1078426,188800,FOLLOWS
1078486,940147,FOLLOWS
1078823,189141,FOLLOWS
1078866,362664,FOLLOWS
1079366,466217,FOLLOWS
1079585,314415,FOLLOWS
1079717,189782,FOLLOWS
1079868,214528,FOLLOWS
1079916,481933,FOLLOWS
1080143,250452,FOLLOWS
1080143,673155,FOLLOWS
1080816,1103653,FOLLOWS
1080816,645948,FOLLOWS
1081575,190785,FOLLOWS
1081671,1507343,FOLLOWS
1081671,368540,FOLLOWS
1081736,376239,FOLLOWS
1081736,550778,FOLLOWS
1081736,1151430,FOLLOWS
1082330,700045,FOLLOWS
1082358,283740,FOLLOWS
1082813,191624,FOLLOWS
1082813,1115960,FOLLOWS
1082913,461956,FOLLOWS
1083044,191787,FOLLOWS
1083140,958405,FOLLOWS
1083224,756393,FOLLOWS
1083537,1166971,FOLLOWS
1083600,631297,FOLLOWS
1083628,974274,FOLLOWS
1083882,831672,FOLLOWS
1083882,145675,FOLLOWS
1084177,297479,FOLLOWS
1084177,412399,FOLLOWS
1084199,894929,FOLLOWS
1084265,349399,FOLLOWS
1084537,275716,FOLLOWS
1084752,532316,FOLLOWS
1085142,473502,FOLLOWS
1085628,364981,FOLLOWS
1085678,856744,FOLLOWS
1085678,226981,FOLLOWS
1085715,698775,FOLLOWS
1085715,1008545,FOLLOWS
1085819,253878,FOLLOWS
1085824,1085825,FOLLOWS
1085824,630454,FOLLOWS
1085825,1085824,FOLLOWS
1085888,1034752,FOLLOWS
1085899,661367,FOLLOWS
1085981,532497,FOLLOWS
1086223,873251,FOLLOWS
1086719,745247,FOLLOWS
1087165,297478,FOLLOWS
1087305,245345,FOLLOWS
1087305,236666,FOLLOWS
1087444,949424,FOLLOWS
1087509,647446,FOLLOWS
1087509,693717,FOLLOWS
1087559,104725,FOLLOWS
1087559,701794,FOLLOWS
1087628,725514,FOLLOWS
1087755,687504,FOLLOWS
1087899,1049555,FOLLOWS
1088051,1059202,FOLLOWS
1088051,851025,FOLLOWS
1088815,195420,FOLLOWS
1088884,195762,FOLLOWS
1088884,212189,FOLLOWS
1088897,621742,FOLLOWS
1088897,705368,FOLLOWS
1088897,1108577,FOLLOWS
1088955,729062,FOLLOWS
1089230,751938,FOLLOWS
1089397,1199675,FOLLOWS
1089580,557953,FOLLOWS
1089580,278720,FOLLOWS
1089664,759965,FOLLOWS
1089664,684823,FOLLOWS
1089702,196397,FOLLOWS
1089896,874855,FOLLOWS
1090059,1101044,FOLLOWS
1090255,280932,FOLLOWS
1090341,442018,FOLLOWS
1090360,931219,FOLLOWS
1090451,644946,FOLLOWS
1091293,682739,FOLLOWS
1091293,368912,FOLLOWS
1091441,982739,FOLLOWS
1091479,725441,FOLLOWS
1091479,1274657,FOLLOWS
1091636,458214,FOLLOWS
1091727,1217036,FOLLOWS
1091784,922854,FOLLOWS
1091885,918534,FOLLOWS
1091986,209614,FOLLOWS
1092009,198066,FOLLOWS
1092376,1564349,FOLLOWS
1092381,575987,FOLLOWS
1092783,1008545,FOLLOWS
1092788,1008545,FOLLOWS
1092943,971827,FOLLOWS
1093053,283244,FOLLOWS
1093241,677068,FOLLOWS
1093317,1093318,FOLLOWS
1093364,198814,FOLLOWS
1093541,1169007,FOLLOWS
1093550,1150340,FOLLOWS
1093773,1317672,FOLLOWS
1093838,190013,FOLLOWS
1093872,942144,FOLLOWS
1093936,199179,FOLLOWS
1093936,691418,FOLLOWS
1094058,229222,FOLLOWS
1094073,462269,FOLLOWS
1094184,276157,FOLLOWS
1094197,724393,FOLLOWS
1094311,306227,FOLLOWS
1094311,89238,FOLLOWS
1094450,75218,FOLLOWS
1094646,917812,FOLLOWS
1094738,180791,FOLLOWS
1094738,1126295,FOLLOWS
1095149,341983,FOLLOWS
1095212,340747,FOLLOWS
1095433,440435,FOLLOWS
1095731,410249,FOLLOWS
1095782,1358255,FOLLOWS
1096094,1565082,FOLLOWS
1096177,244472,FOLLOWS
1096283,462525,FOLLOWS
1096407,289988,FOLLOWS
1096483,363123,FOLLOWS
1096523,841857,FOLLOWS
1096630,1043908,FOLLOWS
1096726,1018481,FOLLOWS
1096726,143060,FOLLOWS
1096832,345294,FOLLOWS
1096832,460626,FOLLOWS
1096832,491195,FOLLOWS
1097161,453760,FOLLOWS
1097930,342022,FOLLOWS
1098017,546469,FOLLOWS
1098205,819896,FOLLOWS
1098219,1025058,FOLLOWS
1098442,239890,FOLLOWS
1098442,485791,FOLLOWS
1098442,780447,FOLLOWS
1098481,617622,FOLLOWS
1098658,81622,FOLLOWS
1098723,427730,FOLLOWS
1098766,1443675,FOLLOWS
1098799,284740,FOLLOWS
1099013,868682,FOLLOWS
1099155,1072958,FOLLOWS
1099217,654095,FOLLOWS
1099217,703828,FOLLOWS
1099412,806158,FOLLOWS
1099412,1427146,FOLLOWS
1099785,661540,FOLLOWS
1099785,917033,FOLLOWS
1099812,272733,FOLLOWS
1099838,1099835,FOLLOWS
1099838,780423,FOLLOWS
1099838,1229920,FOLLOWS
1099930,211514,FOLLOWS
1099930,667449,FOLLOWS
1100035,1565901,FOLLOWS
1100427,785198,FOLLOWS
1100438,998669,FOLLOWS
1100438,1063125,FOLLOWS
1100450,908153,FOLLOWS
1101044,277925,FOLLOWS
1101044,324377,FOLLOWS
1101044,1090059,FOLLOWS
1101517,390876,FOLLOWS
1102161,868704,FOLLOWS
1102179,542349,FOLLOWS
1102324,667050,FOLLOWS
1102331,206668,FOLLOWS
1102481,133140,FOLLOWS
1102888,785305,FOLLOWS
1102933,204916,FOLLOWS
1102933,898813,FOLLOWS
1102964,560661,FOLLOWS
1103012,319485,FOLLOWS
1103032,845712,FOLLOWS
1103112,245756,FOLLOWS
1103140,1523336,FOLLOWS
1103197,546050,FOLLOWS
1103266,673168,FOLLOWS
1103287,205077,FOLLOWS
1103407,915852,FOLLOWS
1103407,480836,FOLLOWS
1103426,475197,FOLLOWS
1103426,256942,FOLLOWS
1103544,720018,FOLLOWS
1103544,1243751,FOLLOWS
1103653,1080816,FOLLOWS
1103653,645948,FOLLOWS
1103808,206360,FOLLOWS
1104367,1236394,FOLLOWS
1104367,1566880,FOLLOWS
1104452,568837,FOLLOWS
1104605,838739,FOLLOWS
1104775,215591,FOLLOWS
1104851,478902,FOLLOWS
1104851,781954,FOLLOWS
1104881,876791,FOLLOWS
1104948,844684,FOLLOWS
1105128,1438473,FOLLOWS
1105275,716020,FOLLOWS
1105478,1015050,FOLLOWS
1105485,229158,FOLLOWS
1105485,1044334,FOLLOWS
1105532,1491314,FOLLOWS
1105594,1242397,FOLLOWS
1105897,1111522,FOLLOWS
1106053,569631,FOLLOWS
1106061,1251582,FOLLOWS
1106162,279102,FOLLOWS
1106258,756599,FOLLOWS
1106286,279813,FOLLOWS
1106357,714717,FOLLOWS
1106592,1089390,FOLLOWS
1106667,282609,FOLLOWS
1106730,600154,FOLLOWS
1107098,298366,FOLLOWS
1107098,559281,FOLLOWS
1107098,1307113,FOLLOWS
1107098,1064852,FOLLOWS
1107477,207875,FOLLOWS
1107544,670660,FOLLOWS
1107544,1120910,FOLLOWS
1108019,208757,FOLLOWS
1108219,971064,FOLLOWS
1108297,1081736,FOLLOWS
1108577,705368,FOLLOWS
1108577,1088897,FOLLOWS
1108845,685653,FOLLOWS
1108978,265027,FOLLOWS
1109007,450870,FOLLOWS
1109007,1342363,FOLLOWS
1109034,208805,FOLLOWS
1109349,448703,FOLLOWS
1109723,464071,FOLLOWS
1109961,724059,FOLLOWS
1110366,478705,FOLLOWS
1110877,323085,FOLLOWS
1110877,548561,FOLLOWS
1110957,1029649,FOLLOWS
1111135,906324,FOLLOWS
1111146,493394,FOLLOWS
1111303,820031,FOLLOWS
1111478,802996,FOLLOWS
1111526,241360,FOLLOWS
1111535,699513,FOLLOWS
1111535,778793,FOLLOWS
1111538,970363,FOLLOWS
1111931,989893,FOLLOWS
1112257,594001,FOLLOWS
1112342,239961,FOLLOWS
1112528,997638,FOLLOWS
1112803,852582,FOLLOWS
1113187,439724,FOLLOWS
1113273,593860,FOLLOWS
1113416,519895,FOLLOWS
1113701,513493,FOLLOWS
1113746,1263164,FOLLOWS
1113746,664581,FOLLOWS
1113752,1201088,FOLLOWS
1113828,1158194,FOLLOWS
1113923,1423598,FOLLOWS
1114356,852902,FOLLOWS
1114789,469567,FOLLOWS
1115056,493985,FOLLOWS
1115056,802954,FOLLOWS
1115108,744652,FOLLOWS
1115170,406265,FOLLOWS
1115183,546927,FOLLOWS
1115454,1009563,FOLLOWS
1115510,212465,FOLLOWS
1115702,1176435,FOLLOWS
1115910,719755,FOLLOWS
1115910,523344,FOLLOWS
1115960,1082813,FOLLOWS
1116126,480248,FOLLOWS
1116574,1024179,FOLLOWS
1116682,213392,FOLLOWS
1117271,165030,FOLLOWS
1117553,447820,FOLLOWS
1117802,356076,FOLLOWS
1117802,1089664,FOLLOWS
1117802,1096232,FOLLOWS
1117802,289860,FOLLOWS
1117802,888315,FOLLOWS
1117841,1405555,FOLLOWS
1118071,418623,FOLLOWS
1118096,323730,FOLLOWS
1118317,79439,FOLLOWS
1118359,911181,FOLLOWS
1118451,447820,FOLLOWS
1118451,906371,FOLLOWS
1118451,52308,FOLLOWS
1118451,116823,FOLLOWS
1118482,1368499,FOLLOWS
1118649,694542,FOLLOWS
1118649,1439199,FOLLOWS
1118858,157822,FOLLOWS
1119220,1005487,FOLLOWS
1119440,757728,FOLLOWS
1119455,462188,FOLLOWS
1119455,1324103,FOLLOWS
1119469,917033,FOLLOWS
1119469,1169895,FOLLOWS
1119804,413109,FOLLOWS
1119957,214528,FOLLOWS
1120053,552148,FOLLOWS
1120192,1120195,FOLLOWS
1120195,1120192,FOLLOWS
1120252,1285430,FOLLOWS
1120278,1120899,FOLLOWS
1120495,468238,FOLLOWS
1120511,231576,FOLLOWS
1120571,519265,FOLLOWS
1120787,436547,FOLLOWS
1120956,270139,FOLLOWS
1120983,125179,FOLLOWS
1121178,402773,FOLLOWS
1121248,1071277,FOLLOWS
1121248,546469,FOLLOWS
1121298,908153,FOLLOWS
1121305,394919,FOLLOWS
1121310,792281,FOLLOWS
1121369,1032076,FOLLOWS
1121415,316143,FOLLOWS
1121561,298193,FOLLOWS
1121561,954235,FOLLOWS
1121561,854169,FOLLOWS
1121585,562028,FOLLOWS
1121585,1044059,FOLLOWS
1121603,1172719,FOLLOWS
1121637,1003164,FOLLOWS
1121713,362003,FOLLOWS
1121713,1043352,FOLLOWS
1121828,598442,FOLLOWS
1121987,216082,FOLLOWS
1121987,294786,FOLLOWS
1122186,216416,FOLLOWS
1122273,516880,FOLLOWS
1122461,260564,FOLLOWS
1122692,1394000,FOLLOWS
1122815,1216684,FOLLOWS
1122923,727926,FOLLOWS
1122967,281765,FOLLOWS
1123026,390493,FOLLOWS
1123407,1070460,FOLLOWS
1123449,217030,FOLLOWS
1124303,322413,FOLLOWS
1124587,136496,FOLLOWS
1124698,489450,FOLLOWS
1124739,676184,FOLLOWS
1124739,410320,FOLLOWS
1124953,535165,FOLLOWS
1125092,384856,FOLLOWS
1125149,26923,FOLLOWS
1125149,55548,FOLLOWS
1125149,501759,FOLLOWS
1125149,515938,FOLLOWS
1125234,472301,FOLLOWS
1125427,741370,FOLLOWS
1125600,1275780,FOLLOWS
1125744,405171,FOLLOWS
1125744,483808,FOLLOWS
1125757,812616,FOLLOWS
1126367,1071277,FOLLOWS
1126468,1184587,FOLLOWS
1126473,219598,FOLLOWS
1126473,846059,FOLLOWS
1126889,408639,FOLLOWS
1126968,756182,FOLLOWS
1127063,543034,FOLLOWS
1127063,716944,FOLLOWS
1127063,940557,FOLLOWS
1127072,842838,FOLLOWS
1127169,376239,FOLLOWS
1127248,1020823,FOLLOWS
1127254,220110,FOLLOWS
1127286,220125,FOLLOWS
1127316,1474941,FOLLOWS
1128468,675081,FOLLOWS
1128521,477111,FOLLOWS
1128521,493799,FOLLOWS
1128854,560537,FOLLOWS
1129386,42229,FOLLOWS
1129396,664014,FOLLOWS
1129450,221766,FOLLOWS
1129922,97925,FOLLOWS
1129922,842029,FOLLOWS
1129966,944600,FOLLOWS
1129970,944600,FOLLOWS
1129974,327452,FOLLOWS
1130008,300347,FOLLOWS
1130008,959498,FOLLOWS
1130198,227356,FOLLOWS
1130271,222721,FOLLOWS
1130273,88351,FOLLOWS
1130517,862907,FOLLOWS
1130544,517872,FOLLOWS
1130598,61069,FOLLOWS
1131132,222765,FOLLOWS
1131195,984687,FOLLOWS
1131310,1357187,FOLLOWS
1131373,239012,FOLLOWS
1131424,312430,FOLLOWS
1131574,1027490,FOLLOWS
1131669,223238,FOLLOWS
1131819,299103,FOLLOWS
1131907,450680,FOLLOWS
1131907,83562,FOLLOWS
1131921,865929,FOLLOWS
1132024,487000,FOLLOWS
1132058,223549,FOLLOWS
1132372,997846,FOLLOWS
1132381,430214,FOLLOWS
1132381,895198,FOLLOWS
1132459,495347,FOLLOWS
1132459,821132,FOLLOWS
1132650,223937,FOLLOWS
1132906,301808,FOLLOWS
1133146,224298,FOLLOWS
1133344,1062463,FOLLOWS
1133402,504942,FOLLOWS
1133411,43315,FOLLOWS
1133527,1198382,FOLLOWS
1133882,370759,FOLLOWS
1133882,1206748,FOLLOWS
1133945,1243702,FOLLOWS
1133987,621155,FOLLOWS
1134029,256398,FOLLOWS
1134486,370759,FOLLOWS
1134621,445915,FOLLOWS
1134621,1292637,FOLLOWS
1134687,734682,FOLLOWS
1135139,495040,FOLLOWS
1135139,564751,FOLLOWS
1135139,357520,FOLLOWS
1135139,665402,FOLLOWS
1135230,1375375,FOLLOWS
1135958,478957,FOLLOWS
1136267,353768,FOLLOWS
1136267,330258,FOLLOWS
1136343,225808,FOLLOWS
1136348,935681,FOLLOWS
1136424,1572553,FOLLOWS
1136448,1319099,FOLLOWS
1136610,718980,FOLLOWS
1136904,497592,FOLLOWS
1137145,1409081,FOLLOWS
1137196,788136,FOLLOWS
1137196,1002138,FOLLOWS
1137205,673264,FOLLOWS
1137288,289992,FOLLOWS
1137352,1116276,FOLLOWS
1137603,226617,FOLLOWS
1138058,1137818,FOLLOWS
1138065,848163,FOLLOWS
1138099,371451,FOLLOWS
1138160,227584,FOLLOWS
1138349,758512,FOLLOWS
1138564,227478,FOLLOWS
1138716,306028,FOLLOWS
1138741,164559,FOLLOWS
1138752,993580,FOLLOWS
1138880,227205,FOLLOWS
1139037,227731,FOLLOWS
1139040,528690,FOLLOWS
1139061,1401174,FOLLOWS
1139100,164166,FOLLOWS
1139355,615880,FOLLOWS
1139533,1039323,FOLLOWS
1140433,904465,FOLLOWS
1140653,357091,FOLLOWS
1140767,350500,FOLLOWS
1141155,940726,FOLLOWS
1141200,701292,FOLLOWS
1141303,632745,FOLLOWS
1141327,626488,FOLLOWS
1141870,625345,FOLLOWS
1142039,396418,FOLLOWS
1142189,502007,FOLLOWS
1142189,859396,FOLLOWS
1142423,1394945,FOLLOWS
1142623,945811,FOLLOWS
1142637,68619,FOLLOWS
1142694,1370023,FOLLOWS
1142922,315777,FOLLOWS
1142922,698796,FOLLOWS
1143005,933690,FOLLOWS
1143118,911181,FOLLOWS
1143290,426170,FOLLOWS
1144295,548678,FOLLOWS
1144308,452989,FOLLOWS
1144311,491565,FOLLOWS
1144372,1144392,FOLLOWS
1144372,718209,FOLLOWS
1144392,1144372,FOLLOWS
1144392,718209,FOLLOWS
1144554,606737,FOLLOWS
1144725,1073758,FOLLOWS
1144869,250643,FOLLOWS
1144945,1208393,FOLLOWS
1145612,416837,FOLLOWS
1145612,416878,FOLLOWS
1145856,825623,FOLLOWS
1145922,1077191,FOLLOWS
1145951,233117,FOLLOWS
1146288,337542,FOLLOWS
1146417,856312,FOLLOWS
1146744,636128,FOLLOWS
1146744,812333,FOLLOWS
1146924,826085,FOLLOWS
1147262,420693,FOLLOWS
1147265,90822,FOLLOWS
1147440,837266,FOLLOWS
1147542,63771,FOLLOWS
1147734,322959,FOLLOWS
1148463,773190,FOLLOWS
1148738,235057,FOLLOWS
1149055,235700,FOLLOWS
1149164,688459,FOLLOWS
1149164,565033,FOLLOWS
1149164,690894,FOLLOWS
1149164,1575055,FOLLOWS
1149886,659819,FOLLOWS
1150314,250105,FOLLOWS
1150960,1575362,FOLLOWS
1151029,1161221,FOLLOWS
1151166,775314,FOLLOWS
1151430,291451,FOLLOWS
1151430,1081736,FOLLOWS
1151673,283244,FOLLOWS
1151700,566612,FOLLOWS
1151838,259329,FOLLOWS
1152542,1338063,FOLLOWS
1152795,252446,FOLLOWS
1153395,1153394,FOLLOWS
1153840,1086426,FOLLOWS
1153840,371242,FOLLOWS
1154023,358483,FOLLOWS
1154026,798205,FOLLOWS
1154030,1480925,FOLLOWS
1154267,239747,FOLLOWS
1154459,318891,FOLLOWS
1154593,660723,FOLLOWS
1154635,932827,FOLLOWS
1154638,402940,FOLLOWS
1154871,239981,FOLLOWS
1155526,723557,FOLLOWS
1156034,241056,FOLLOWS
1156034,434817,FOLLOWS
1156491,241458,FOLLOWS
1156491,1237899,FOLLOWS
1156528,241447,FOLLOWS
1156554,1212934,FOLLOWS
1156755,383221,FOLLOWS
1156755,500381,FOLLOWS
1156755,527792,FOLLOWS
1157150,991018,FOLLOWS
1157186,241500,FOLLOWS
1157186,371301,FOLLOWS
1157396,123705,FOLLOWS
1157423,1253860,FOLLOWS
1158072,1318144,FOLLOWS
1158115,829668,FOLLOWS
1158289,242797,FOLLOWS
1158301,289399,FOLLOWS
1158301,701385,FOLLOWS
1158338,196935,FOLLOWS
1158665,855395,FOLLOWS
1159080,1234926,FOLLOWS
1159401,243285,FOLLOWS
1159423,757521,FOLLOWS
1159636,1492869,FOLLOWS
1160251,597792,FOLLOWS
1160257,1551363,FOLLOWS
1160257,1261041,FOLLOWS
1160627,244836,FOLLOWS
1160627,500667,FOLLOWS
1160732,843277,FOLLOWS
1160815,269492,FOLLOWS
1160924,716543,FOLLOWS
1161221,701509,FOLLOWS
1161354,245571,FOLLOWS
1161399,540468,FOLLOWS
1161502,245559,FOLLOWS
1161502,1265229,FOLLOWS
1161537,245026,FOLLOWS
1161759,630573,FOLLOWS
1162006,1158011,FOLLOWS
1162006,1436299,FOLLOWS
1162125,246305,FOLLOWS
1162299,930686,FOLLOWS
1162440,497213,FOLLOWS
1162440,371163,FOLLOWS
1162530,628793,FOLLOWS
1162852,489298,FOLLOWS
1162869,713687,FOLLOWS
1162894,1573333,FOLLOWS
1162894,895306,FOLLOWS
1162914,468655,FOLLOWS
1163203,257984,FOLLOWS
1163280,476408,FOLLOWS
1163347,1294929,FOLLOWS
1163664,785653,FOLLOWS
1163664,864153,FOLLOWS
1163667,957202,FOLLOWS
1163698,582646,FOLLOWS
1163781,276157,FOLLOWS
1164198,364481,FOLLOWS
1164313,247358,FOLLOWS
1164559,113930,FOLLOWS
1165012,52362,FOLLOWS
1166034,1541590,FOLLOWS
1166084,955660,FOLLOWS
1166359,430323,FOLLOWS
1166578,743024,FOLLOWS
1166751,338486,FOLLOWS
1166971,1202742,FOLLOWS
1166971,1083537,FOLLOWS
1166971,1024877,FOLLOWS
1167454,1312211,FOLLOWS
1167667,785305,FOLLOWS
1168205,757155,FOLLOWS
1168717,689219,FOLLOWS
1168717,343443,FOLLOWS
1169504,286657,FOLLOWS
1169504,1169521,FOLLOWS
1169504,1169537,FOLLOWS
1169521,1169504,FOLLOWS
1169537,1169504,FOLLOWS
1169786,804353,FOLLOWS
1169895,798490,FOLLOWS
1169895,1119469,FOLLOWS
1169908,738999,FOLLOWS
1170111,252473,FOLLOWS
1170378,734067,FOLLOWS
1170378,717182,FOLLOWS
1170378,280255,FOLLOWS
1170529,253942,FOLLOWS
1170571,1342558,FOLLOWS
1170767,795620,FOLLOWS
1170767,1198616,FOLLOWS
1170771,352350,FOLLOWS
1170771,617998,FOLLOWS
1170772,252986,FOLLOWS
1170865,1037993,FOLLOWS
1170865,1364140,FOLLOWS
1170865,1350647,FOLLOWS
1170907,282716,FOLLOWS
1171155,253390,FOLLOWS
1171155,1089664,FOLLOWS
1171186,54709,FOLLOWS
1171242,253636,FOLLOWS
1171367,686170,FOLLOWS
1171455,736103,FOLLOWS
1171467,171447,FOLLOWS
1171467,1347498,FOLLOWS
1171467,253959,FOLLOWS
1171646,1098820,FOLLOWS
1171907,399189,FOLLOWS
1171907,459373,FOLLOWS
1171967,254344,FOLLOWS
1171967,533135,FOLLOWS
1172058,305419,FOLLOWS
1172181,845983,FOLLOWS
1172506,1149944,FOLLOWS
1172743,457887,FOLLOWS
1172743,489180,FOLLOWS
1173097,832393,FOLLOWS
1173109,1027123,FOLLOWS
1173199,912592,FOLLOWS
1173260,365302,FOLLOWS
1173462,1148280,FOLLOWS
1173462,328102,FOLLOWS
1173462,1363659,FOLLOWS
1173462,1225412,FOLLOWS
1173858,718380,FOLLOWS
1173943,71475,FOLLOWS
1174455,548461,FOLLOWS
1174509,522952,FOLLOWS
1174807,434725,FOLLOWS
1175026,467453,FOLLOWS
1175102,338154,FOLLOWS
1175162,347376,FOLLOWS
1175180,63874,FOLLOWS
1175180,204127,FOLLOWS
1175404,614566,FOLLOWS
1175404,1191587,FOLLOWS
1176435,1115702,FOLLOWS
1176548,868951,FOLLOWS
1176603,1392624,FOLLOWS
1176652,257775,FOLLOWS
1176652,530363,FOLLOWS
1176791,258394,FOLLOWS
1177047,258573,FOLLOWS
1177434,964899,FOLLOWS
1177906,989944,FOLLOWS
1178411,489060,FOLLOWS
1178662,896473,FOLLOWS
1178921,255154,FOLLOWS
1179511,78730,FOLLOWS
1180038,336423,FOLLOWS
1180110,231563,FOLLOWS
1180741,803241,FOLLOWS
1181053,262077,FOLLOWS
1181332,262417,FOLLOWS
1181408,332653,FOLLOWS
1181632,262479,FOLLOWS
1181731,646437,FOLLOWS
1181776,335482,FOLLOWS
1181881,1301128,FOLLOWS
1181881,941553,FOLLOWS
1181937,262912,FOLLOWS
1182173,823044,FOLLOWS
1182305,43315,FOLLOWS
1182891,779037,FOLLOWS
1183004,500045,FOLLOWS
1183042,1339571,FOLLOWS
1183094,263781,FOLLOWS
1183094,639746,FOLLOWS
1183125,263848,FOLLOWS
1183125,893399,FOLLOWS
1183791,1059085,FOLLOWS
1184270,265089,FOLLOWS
1184387,516558,FOLLOWS
1184587,1126468,FOLLOWS
1184766,1206710,FOLLOWS
1184787,312301,FOLLOWS
1184879,225758,FOLLOWS
1185041,277141,FOLLOWS
1185041,699144,FOLLOWS
1185054,266560,FOLLOWS
1185054,874311,FOLLOWS
1185249,1287966,FOLLOWS
1185592,335375,FOLLOWS
1185748,1224790,FOLLOWS
1185764,1026381,FOLLOWS
1186132,609689,FOLLOWS
1186229,962979,FOLLOWS
1186314,515815,FOLLOWS
1186831,345618,FOLLOWS
1187218,1020274,FOLLOWS
1187640,781428,FOLLOWS
1187684,1224164,FOLLOWS
1187796,58773,FOLLOWS
1188161,268786,FOLLOWS
1188402,1031514,FOLLOWS
1188955,9703,FOLLOWS
1189336,345702,FOLLOWS
1189538,615511,FOLLOWS
1189611,129401,FOLLOWS
1189635,322959,FOLLOWS
1189635,582843,FOLLOWS
1189641,218353,FOLLOWS
1189858,270736,FOLLOWS
1189858,86662,FOLLOWS
1190258,308119,FOLLOWS
1190258,402773,FOLLOWS
1190428,336511,FOLLOWS
1191087,646122,FOLLOWS
1191358,1175077,FOLLOWS
1191479,1313519,FOLLOWS
1191587,1175404,FOLLOWS
1191587,279260,FOLLOWS
1191587,352432,FOLLOWS
1191594,480838,FOLLOWS
1191677,1034230,FOLLOWS
1191677,1057584,FOLLOWS
1191677,1191700,FOLLOWS
1191700,526707,FOLLOWS
1191700,566865,FOLLOWS
1191700,903991,FOLLOWS
1191700,1191677,FOLLOWS
1191884,577541,FOLLOWS
1191951,1425184,FOLLOWS
1192224,272547,FOLLOWS
1192322,810200,FOLLOWS
1192627,514638,FOLLOWS
1192902,446878,FOLLOWS
1192943,1579973,FOLLOWS
1193068,273221,FOLLOWS
1193068,377841,FOLLOWS
1193068,491961,FOLLOWS
1193626,1431565,FOLLOWS
1193683,1054327,FOLLOWS
1193925,965047,FOLLOWS
1194293,883649,FOLLOWS
1194776,574797,FOLLOWS
1194851,340991,FOLLOWS
1194863,1195309,FOLLOWS
1195016,68219,FOLLOWS
1195016,701042,FOLLOWS
1195108,382888,FOLLOWS
1195204,865167,FOLLOWS
1195487,186513,FOLLOWS
1195523,629860,FOLLOWS
1195881,1463005,FOLLOWS
1195975,809281,FOLLOWS
1195979,820854,FOLLOWS
1196014,1010748,FOLLOWS
1196206,384672,FOLLOWS
1196484,818178,FOLLOWS
1196484,863710,FOLLOWS
1196918,963470,FOLLOWS
1197207,351271,FOLLOWS
1197892,89328,FOLLOWS
1197912,498482,FOLLOWS
1197912,112037,FOLLOWS
1198059,609360,FOLLOWS
1198135,277359,FOLLOWS
1198136,277359,FOLLOWS
1198292,962286,FOLLOWS
1198496,278328,FOLLOWS
1198496,905482,FOLLOWS
1198691,371927,FOLLOWS
1198868,478902,FOLLOWS
1198868,422044,FOLLOWS
1199171,884315,FOLLOWS
1199272,1249853,FOLLOWS
1199635,643125,FOLLOWS
1199675,1089397,FOLLOWS
1199819,587237,FOLLOWS
1199927,368063,FOLLOWS
1199973,589888,FOLLOWS
1200496,588771,FOLLOWS
1200542,817561,FOLLOWS
1200827,1573573,FOLLOWS
1200827,940095,FOLLOWS
1200868,279961,FOLLOWS
1200996,548561,FOLLOWS
1201404,672461,FOLLOWS
1201404,312888,FOLLOWS
1201652,1052367,FOLLOWS
1201652,1374807,FOLLOWS
1202148,358858,FOLLOWS
1202742,1166971,FOLLOWS
1202879,664581,FOLLOWS
1202940,1282250,FOLLOWS
1203304,1012180,FOLLOWS
1203632,1233766,FOLLOWS
1203640,1156357,FOLLOWS
1203848,618374,FOLLOWS
1204135,780777,FOLLOWS
1204135,1562900,FOLLOWS
1204365,263076,FOLLOWS
1204541,457299,FOLLOWS
1204907,388720,FOLLOWS
1204923,283260,FOLLOWS
1205268,283740,FOLLOWS
1205425,759483,FOLLOWS
1205465,495201,FOLLOWS
1205601,171524,FOLLOWS
1205703,477697,FOLLOWS
1205987,655080,FOLLOWS
1206132,1107927,FOLLOWS
1206223,959706,FOLLOWS
1206223,582557,FOLLOWS
1206223,1290031,FOLLOWS
1206342,952083,FOLLOWS
1206710,1184766,FOLLOWS
1206748,1133882,FOLLOWS
1206823,377108,FOLLOWS
1206902,1006650,FOLLOWS
1206902,1032565,FOLLOWS
1207413,873659,FOLLOWS
1207450,471710,FOLLOWS
1207468,1134459,FOLLOWS
1207807,974827,FOLLOWS
1208330,1043807,FOLLOWS
1208393,1144945,FOLLOWS
1208405,389425,FOLLOWS
1208405,1471646,FOLLOWS
1208405,527820,FOLLOWS
1208793,411436,FOLLOWS
1208907,669456,FOLLOWS
1208907,1071203,FOLLOWS
1208915,982451,FOLLOWS
1208991,86909,FOLLOWS
1209148,287124,FOLLOWS
1210817,419169,FOLLOWS
1210817,777850,FOLLOWS
1211229,586758,FOLLOWS
1211373,696537,FOLLOWS
1211600,440555,FOLLOWS
1212063,550565,FOLLOWS
1212177,348630,FOLLOWS
1212619,440651,FOLLOWS
1212934,1156554,FOLLOWS
1212964,938990,FOLLOWS
1213014,579967,FOLLOWS
1213083,290570,FOLLOWS
1213211,293375,FOLLOWS
1214552,292215,FOLLOWS
1214590,1607588,FOLLOWS
1214637,326007,FOLLOWS
1214637,410249,FOLLOWS
1214637,113866,FOLLOWS
1214637,754258,FOLLOWS
1214755,291867,FOLLOWS
1214815,292215,FOLLOWS
1215128,292892,FOLLOWS
1215598,293590,FOLLOWS
1215598,1017051,FOLLOWS
1216237,900569,FOLLOWS
1216260,294244,FOLLOWS
1216273,309153,FOLLOWS
1216282,944995,FOLLOWS
1216684,1122815,FOLLOWS
1216684,555435,FOLLOWS
1216708,908126,FOLLOWS
1216972,1217036,FOLLOWS
1217036,1091727,FOLLOWS
1217036,1216972,FOLLOWS
1217061,621145,FOLLOWS
1217457,367950,FOLLOWS
1217457,432167,FOLLOWS
1217457,1586411,FOLLOWS
1218081,839035,FOLLOWS
1218118,392492,FOLLOWS
1218329,749585,FOLLOWS
1218856,1081736,FOLLOWS
1218856,1151430,FOLLOWS
1218996,1293399,FOLLOWS
1219123,894033,FOLLOWS
1219243,79769,FOLLOWS
1219389,297600,FOLLOWS
1219607,422296,FOLLOWS
1219708,930590,FOLLOWS
1219718,298352,FOLLOWS
1219975,439898,FOLLOWS
1220053,1219995,FOLLOWS
1220374,1208086,FOLLOWS
1220450,742192,FOLLOWS
1221218,713687,FOLLOWS
1221563,688495,FOLLOWS
1221790,1208866,FOLLOWS
1221910,599879,FOLLOWS
1221910,1047546,FOLLOWS
1221999,586566,FOLLOWS
1222573,1108030,FOLLOWS
1222775,301808,FOLLOWS
1222789,647471,FOLLOWS
1222977,1587209,FOLLOWS
1223678,1319546,FOLLOWS
1223873,366359,FOLLOWS
1224164,1187684,FOLLOWS
1224211,1196002,FOLLOWS
1224211,1126598,FOLLOWS
1224472,668939,FOLLOWS
1224790,1185249,FOLLOWS
1224972,575292,FOLLOWS
1224972,1587588,FOLLOWS
1225122,1235564,FOLLOWS
1225137,968944,FOLLOWS
1225186,304999,FOLLOWS
1225684,1346149,FOLLOWS
1226136,305244,FOLLOWS
1226149,443691,FOLLOWS
1226196,512867,FOLLOWS
1226300,540459,FOLLOWS
1226492,347376,FOLLOWS
1226566,623702,FOLLOWS
1226881,687747,FOLLOWS
1227436,1281212,FOLLOWS
1227443,917722,FOLLOWS
1227497,347871,FOLLOWS
1227542,757071,FOLLOWS
1227715,977793,FOLLOWS
1227769,961422,FOLLOWS
1227769,307973,FOLLOWS
1227934,343620,FOLLOWS
1228009,307546,FOLLOWS
1228025,1056989,FOLLOWS
1228182,307366,FOLLOWS
1228235,1049555,FOLLOWS
1229093,387840,FOLLOWS
1229863,804147,FOLLOWS
1230022,935681,FOLLOWS
1230385,979118,FOLLOWS
1230481,1284604,FOLLOWS
1230764,525992,FOLLOWS
1230764,703134,FOLLOWS
1230918,944516,FOLLOWS
1231061,366723,FOLLOWS
1231248,311223,FOLLOWS
1231398,1568655,FOLLOWS
1231460,1255022,FOLLOWS
1231713,966105,FOLLOWS
1231739,115861,FOLLOWS
1232354,312152,FOLLOWS
1232846,33033,FOLLOWS
1232948,876898,FOLLOWS
1233129,1007188,FOLLOWS
1233419,462441,FOLLOWS
1233444,443766,FOLLOWS
1233505,541547,FOLLOWS
1233508,965640,FOLLOWS
1233722,422809,FOLLOWS
1234268,1470773,FOLLOWS
1234688,13830,FOLLOWS
1234926,1159080,FOLLOWS
1234926,1328764,FOLLOWS
1235424,741534,FOLLOWS
1235564,1225122,FOLLOWS
1235781,315619,FOLLOWS
1235994,1025483,FOLLOWS
1236272,1438988,FOLLOWS
1236272,1126650,FOLLOWS
1236292,1104367,FOLLOWS
1236292,1236394,FOLLOWS
1236394,1104367,FOLLOWS
1236484,1134459,FOLLOWS
1236484,1207468,FOLLOWS
1236579,1121305,FOLLOWS
1237023,317490,FOLLOWS
1237810,869586,FOLLOWS
1237899,318201,FOLLOWS
1237899,620493,FOLLOWS
1237899,1156491,FOLLOWS
1237899,1343519,FOLLOWS
1238100,318201,FOLLOWS
1238103,318201,FOLLOWS
1238103,982451,FOLLOWS
1238121,318201,FOLLOWS
1238138,887259,FOLLOWS
1238138,785431,FOLLOWS
1238395,595636,FOLLOWS
1238395,918289,FOLLOWS
1238445,752905,FOLLOWS
1238640,935309,FOLLOWS
1238768,1366908,FOLLOWS
1238854,617667,FOLLOWS
1238854,722935,FOLLOWS
1239175,531298,FOLLOWS
1239175,645618,FOLLOWS
1239206,131252,FOLLOWS
1239622,501086,FOLLOWS
1240512,901261,FOLLOWS
1240545,320356,FOLLOWS
1240599,483141,FOLLOWS
1240895,647901,FOLLOWS
1241468,617654,FOLLOWS
1241618,321253,FOLLOWS
1241629,929585,FOLLOWS
1241772,1482022,FOLLOWS
1241837,834312,FOLLOWS
1242510,953303,FOLLOWS
1242821,979383,FOLLOWS
1243314,1349603,FOLLOWS
1243484,323600,FOLLOWS
1243749,533777,FOLLOWS
1243751,1103544,FOLLOWS
1244095,1501231,FOLLOWS
1244511,904777,FOLLOWS
1244821,1544727,FOLLOWS
1246216,339910,FOLLOWS
1246884,431437,FOLLOWS
1247444,24688,FOLLOWS
1247970,607067,FOLLOWS
1248152,699683,FOLLOWS
1248951,615468,FOLLOWS
1248977,329200,FOLLOWS
1249212,329582,FOLLOWS
1249721,477111,FOLLOWS
1249843,439605,FOLLOWS
1249853,1471831,FOLLOWS
1250187,526771,FOLLOWS
1250187,824487,FOLLOWS
1250187,328665,FOLLOWS
1250328,406493,FOLLOWS
1250328,659019,FOLLOWS
1250761,410879,FOLLOWS
1250761,1038386,FOLLOWS
1250816,759986,FOLLOWS
1250893,892974,FOLLOWS
1251177,1233098,FOLLOWS
1251184,1083484,FOLLOWS
1251184,345634,FOLLOWS
1251370,570154,FOLLOWS
1251532,1035201,FOLLOWS
1251532,1453822,FOLLOWS
1251558,332313,FOLLOWS
1251558,736559,FOLLOWS
1251582,711613,FOLLOWS
1251582,1106061,FOLLOWS
1251739,508862,FOLLOWS
1251739,617531,FOLLOWS
1251739,886946,FOLLOWS
1251961,1259832,FOLLOWS
1251963,443185,FOLLOWS
1252180,332653,FOLLOWS
1253095,485717,FOLLOWS
1253296,383366,FOLLOWS
1253355,868479,FOLLOWS
1253375,280179,FOLLOWS
1253571,717398,FOLLOWS
1253781,658367,FOLLOWS
1253860,1157423,FOLLOWS
1254139,1592141,FOLLOWS
1254226,1203816,FOLLOWS
1254256,501104,FOLLOWS
1254282,656630,FOLLOWS
1254282,934926,FOLLOWS
1254461,463723,FOLLOWS
1254536,396723,FOLLOWS
1254578,348065,FOLLOWS
1254780,335375,FOLLOWS
1254876,549498,FOLLOWS
1254876,635809,FOLLOWS
1254884,770633,FOLLOWS
1255022,458642,FOLLOWS
1255097,1344325,FOLLOWS
1255409,812616,FOLLOWS
1255496,70145,FOLLOWS
1255551,747238,FOLLOWS
1255645,549616,FOLLOWS
1255645,1046727,FOLLOWS
1255880,1149025,FOLLOWS
1255978,516558,FOLLOWS
1256109,1473651,FOLLOWS
1257488,1368885,FOLLOWS
1257539,1592647,FOLLOWS
1258158,681523,FOLLOWS
1258634,873875,FOLLOWS
1258904,339418,FOLLOWS
1259263,1506697,FOLLOWS
1259284,521206,FOLLOWS
1259408,1381441,FOLLOWS
1259535,1044299,FOLLOWS
1259535,788659,FOLLOWS
1259544,339823,FOLLOWS
1259578,1593120,FOLLOWS
1259717,382888,FOLLOWS
1260389,1593087,FOLLOWS
1260424,1483210,FOLLOWS
1260725,178167,FOLLOWS
1261041,1160257,FOLLOWS
1261296,342461,FOLLOWS
1261386,754347,FOLLOWS
1261729,1561662,FOLLOWS
1262632,1465396,FOLLOWS
1262711,344022,FOLLOWS
1263164,664581,FOLLOWS
1263750,345609,FOLLOWS
1263766,725514,FOLLOWS
1264121,365973,FOLLOWS
1264473,470606,FOLLOWS
1264806,824885,FOLLOWS
1264843,346308,FOLLOWS
1264927,800467,FOLLOWS
1264969,461858,FOLLOWS
1265459,665531,FOLLOWS
1265745,506655,FOLLOWS
1266148,691224,FOLLOWS
1266402,1022953,FOLLOWS
1266591,512582,FOLLOWS
1266781,759828,FOLLOWS
1266943,348065,FOLLOWS
1267537,471710,FOLLOWS
1268379,349055,FOLLOWS
1268379,140174,FOLLOWS
1268459,1060487,FOLLOWS
1268637,978660,FOLLOWS
1269089,401323,FOLLOWS
1269431,350475,FOLLOWS
1269706,889285,FOLLOWS
1269706,901087,FOLLOWS
1270069,312442,FOLLOWS
1270658,548425,FOLLOWS
1270897,352315,FOLLOWS
1271098,352229,FOLLOWS
1271116,665531,FOLLOWS
1271141,352669,FOLLOWS
1271254,1173199,FOLLOWS
1271630,1354867,FOLLOWS
1272259,889515,FOLLOWS
1272473,173145,FOLLOWS
1272488,1409462,FOLLOWS
1272555,353768,FOLLOWS
1272699,401285,FOLLOWS
1272828,565478,FOLLOWS
1272828,252446,FOLLOWS
1273277,355440,FOLLOWS
1273277,718618,FOLLOWS
1273669,433196,FOLLOWS
1274217,644085,FOLLOWS
1274339,355441,FOLLOWS
1274444,180549,FOLLOWS
1274525,920833,FOLLOWS
1274693,826021,FOLLOWS
1274729,423574,FOLLOWS
1275250,564191,FOLLOWS
1275644,493679,FOLLOWS
1276236,1343519,FOLLOWS
1276870,173145,FOLLOWS
1277153,460608,FOLLOWS
1277199,932400,FOLLOWS
1277723,1363680,FOLLOWS
1277994,360595,FOLLOWS
1278115,1076589,FOLLOWS
1278147,510976,FOLLOWS
1278147,1278135,FOLLOWS
1278594,612413,FOLLOWS
1279034,1314555,FOLLOWS
1279034,637694,FOLLOWS
1279055,646105,FOLLOWS
1280612,1035178,FOLLOWS
1280628,448719,FOLLOWS
1280719,1163280,FOLLOWS
1280719,1267910,FOLLOWS
1281212,724649,FOLLOWS
1281212,1227436,FOLLOWS
1281281,1582751,FOLLOWS
1281450,1439151,FOLLOWS
1282250,417080,FOLLOWS
1282250,1202940,FOLLOWS
1282299,454111,FOLLOWS
1282644,527594,FOLLOWS
1283244,591199,FOLLOWS
1283244,1427013,FOLLOWS
1283576,610046,FOLLOWS
1283594,1056074,FOLLOWS
1283914,832062,FOLLOWS
1284074,494620,FOLLOWS
1284074,630454,FOLLOWS
1284269,968976,FOLLOWS
1284402,619695,FOLLOWS
1284498,368921,FOLLOWS
1284498,1153656,FOLLOWS
1285105,1139926,FOLLOWS
1285227,706596,FOLLOWS
1285325,1596627,FOLLOWS
1285850,1313051,FOLLOWS
1285892,1001297,FOLLOWS
1286589,1286565,FOLLOWS
1287430,505042,FOLLOWS
1287505,372139,FOLLOWS
1287966,1185249,FOLLOWS
1287966,1406364,FOLLOWS
1288415,523077,FOLLOWS
1288610,1141402,FOLLOWS
1289584,373966,FOLLOWS
1289644,611026,FOLLOWS
1289806,312430,FOLLOWS
1289934,374411,FOLLOWS
1290214,374580,FOLLOWS
1290214,386966,FOLLOWS
1290405,753575,FOLLOWS
1290504,783877,FOLLOWS
1290803,152113,FOLLOWS
1291134,1308753,FOLLOWS
1291231,278321,FOLLOWS
1291773,768110,FOLLOWS
1291773,807953,FOLLOWS
1291911,376879,FOLLOWS
1292098,919677,FOLLOWS
1292626,816447,FOLLOWS
1292637,1134621,FOLLOWS
1292789,257463,FOLLOWS
1293399,1218996,FOLLOWS
1293817,1343519,FOLLOWS
1294394,379402,FOLLOWS
1294670,379349,FOLLOWS
1294702,598570,FOLLOWS
1294739,962838,FOLLOWS
1294990,865016,FOLLOWS
1295043,1154593,FOLLOWS
1295133,893685,FOLLOWS
1295813,1257107,FOLLOWS
1296705,500180,FOLLOWS
1297161,382888,FOLLOWS
1297161,1184079,FOLLOWS
1297163,382888,FOLLOWS
1297366,62036,FOLLOWS
1297586,866251,FOLLOWS
1297729,571063,FOLLOWS
1297826,383366,FOLLOWS
1297988,117787,FOLLOWS
1298685,1037172,FOLLOWS
1298855,254120,FOLLOWS
1299041,384672,FOLLOWS
1299100,384672,FOLLOWS
1299123,735924,FOLLOWS
1299618,1427797,FOLLOWS
1299794,182133,FOLLOWS
1299881,819321,FOLLOWS
1300042,884958,FOLLOWS
1300042,974304,FOLLOWS
1301128,1181881,FOLLOWS
1301315,392268,FOLLOWS
1301315,655088,FOLLOWS
1301373,1356834,FOLLOWS
1301373,179597,FOLLOWS
1301374,282774,FOLLOWS
1301390,648908,FOLLOWS
1301536,368319,FOLLOWS
1301558,475328,FOLLOWS
1301895,469455,FOLLOWS
1302065,535165,FOLLOWS
1302316,389866,FOLLOWS
1302699,390844,FOLLOWS
1302709,347684,FOLLOWS
1303608,1427245,FOLLOWS
1303692,407138,FOLLOWS
1304685,804023,FOLLOWS
1304685,853844,FOLLOWS
1304685,823482,FOLLOWS
1304900,1389898,FOLLOWS
1305456,775623,FOLLOWS
1305710,397540,FOLLOWS
1305843,779934,FOLLOWS
1305843,1029450,FOLLOWS
1306051,1391865,FOLLOWS
1306252,452453,FOLLOWS
1306397,1010438,FOLLOWS
1306635,533179,FOLLOWS
1306798,395952,FOLLOWS
1307067,396116,FOLLOWS
1308042,510784,FOLLOWS
1308695,1315435,FOLLOWS
1308736,117101,FOLLOWS
1308753,398041,FOLLOWS
1308753,504582,FOLLOWS
1308753,940302,FOLLOWS
1309079,690841,FOLLOWS
1309426,530480,FOLLOWS
1310759,1457865,FOLLOWS
1310919,400977,FOLLOWS
1311045,401343,FOLLOWS
1311287,401396,FOLLOWS
1311287,54709,FOLLOWS
1311287,610266,FOLLOWS
1311287,1599921,FOLLOWS
1312045,1592769,FOLLOWS
1312166,640264,FOLLOWS
1312211,1456693,FOLLOWS
1312211,949912,FOLLOWS
1312464,732430,FOLLOWS
1312516,860713,FOLLOWS
1312676,758590,FOLLOWS
1312793,403590,FOLLOWS
1313051,1285850,FOLLOWS
1313519,1191479,FOLLOWS
1313891,634000,FOLLOWS
1314099,692439,FOLLOWS
1314555,1279034,FOLLOWS
1315106,709141,FOLLOWS
1315132,710178,FOLLOWS
1315151,1088884,FOLLOWS
1315169,559281,FOLLOWS
1315435,1308695,FOLLOWS
1316269,1030299,FOLLOWS
1316565,718609,FOLLOWS
1316636,699755,FOLLOWS
1317454,536871,FOLLOWS
1317672,1093773,FOLLOWS
1317748,1186211,FOLLOWS
1317896,899242,FOLLOWS
1318066,1003686,FOLLOWS
1318086,770633,FOLLOWS
1318525,412998,FOLLOWS
1319623,603257,FOLLOWS
1319646,414595,FOLLOWS
1319826,1434952,FOLLOWS
1319929,415265,FOLLOWS
1320585,419720,FOLLOWS
1320834,1601138,FOLLOWS
1320998,416847,FOLLOWS
1321104,829725,FOLLOWS
1321166,530970,FOLLOWS
1321498,186386,FOLLOWS
1322108,736261,FOLLOWS
1322380,1573573,FOLLOWS
1322380,868704,FOLLOWS
1322763,419534,FOLLOWS
1322785,1444551,FOLLOWS
1323363,1564206,FOLLOWS
1323629,1323664,FOLLOWS
1323664,1323629,FOLLOWS
1323802,28856,FOLLOWS
1325172,434536,FOLLOWS
1325244,1299290,FOLLOWS
1325656,309786,FOLLOWS
1326153,463331,FOLLOWS
1326310,623804,FOLLOWS
1326423,848716,FOLLOWS
1328236,1597292,FOLLOWS
1328236,1602120,FOLLOWS
1328764,1159080,FOLLOWS
1328764,1234926,FOLLOWS
1328781,929911,FOLLOWS
1329720,431088,FOLLOWS
1329770,430965,FOLLOWS
1329854,431088,FOLLOWS
1330225,1351707,FOLLOWS
1330235,1241707,FOLLOWS
1331065,740198,FOLLOWS
1331358,940550,FOLLOWS
1331412,1524478,FOLLOWS
1331555,861956,FOLLOWS
1332354,546469,FOLLOWS
1332530,1384759,FOLLOWS
1332984,435217,FOLLOWS
1333069,932680,FOLLOWS
1333329,1108776,FOLLOWS
1333440,527792,FOLLOWS
1333804,977105,FOLLOWS
1334324,767668,FOLLOWS
1334789,763221,FOLLOWS
1334837,663937,FOLLOWS
1335076,916555,FOLLOWS
1335111,1376498,FOLLOWS
1335266,523505,FOLLOWS
1335768,564470,FOLLOWS
1335769,749077,FOLLOWS
1335893,1380174,FOLLOWS
1335983,440435,FOLLOWS
1336036,966110,FOLLOWS
1336760,1172743,FOLLOWS
1337438,1415387,FOLLOWS
1337555,1354766,FOLLOWS
1337718,581635,FOLLOWS
1337836,830474,FOLLOWS
1338027,704061,FOLLOWS
1338063,1152542,FOLLOWS
1338152,720268,FOLLOWS
1338775,834284,FOLLOWS
1338818,592605,FOLLOWS
1338846,1027245,FOLLOWS
1339571,1183042,FOLLOWS
1339742,1444891,FOLLOWS
1339827,790599,FOLLOWS
1340306,1022643,FOLLOWS
1340611,1152542,FOLLOWS
1340611,1122995,FOLLOWS
1340898,1056945,FOLLOWS
1340925,448703,FOLLOWS
1341322,1046524,FOLLOWS
1341413,918361,FOLLOWS
1341413,1452594,FOLLOWS
1341534,990586,FOLLOWS
1341556,907152,FOLLOWS
1341594,1325147,FOLLOWS
1341594,769919,FOLLOWS
1342558,1170571,FOLLOWS
1342819,510457,FOLLOWS
1342979,452072,FOLLOWS
1343125,778626,FOLLOWS
1343756,723515,FOLLOWS
1344034,1001555,FOLLOWS
1344259,1017341,FOLLOWS
1344325,1255097,FOLLOWS
1345427,196935,FOLLOWS
1345599,456664,FOLLOWS
1345735,456136,FOLLOWS
1346145,457279,FOLLOWS
1346149,1225684,FOLLOWS
1346149,745643,FOLLOWS
1346256,457841,FOLLOWS
1346470,522943,FOLLOWS
1346899,1425964,FOLLOWS
1347311,770633,FOLLOWS
1347367,762495,FOLLOWS
1347513,635939,FOLLOWS
1347637,285526,FOLLOWS
1347746,1105971,FOLLOWS
1347877,622177,FOLLOWS
1348193,711613,FOLLOWS
1348844,976337,FOLLOWS
1349102,330414,FOLLOWS
1349235,463526,FOLLOWS
1349402,464194,FOLLOWS
1349501,463977,FOLLOWS
1349603,1243314,FOLLOWS
1349877,825226,FOLLOWS
1349985,1014564,FOLLOWS
1350548,1604019,FOLLOWS
1350647,1364140,FOLLOWS
1350757,716805,FOLLOWS
1351016,986077,FOLLOWS
1351128,1510137,FOLLOWS
1351128,1470773,FOLLOWS
1351182,466888,FOLLOWS
1351240,1550096,FOLLOWS
1351575,894479,FOLLOWS
1351575,1358556,FOLLOWS
1351781,702895,FOLLOWS
1352075,673264,FOLLOWS
1352454,486142,FOLLOWS
1353625,615086,FOLLOWS
1354378,810365,FOLLOWS
1354465,787362,FOLLOWS
1354585,782347,FOLLOWS
1354754,451077,FOLLOWS
1354853,348101,FOLLOWS
1354853,422853,FOLLOWS
1354853,1605332,FOLLOWS
1354853,1605418,FOLLOWS
1354853,1605419,FOLLOWS
1354867,1271630,FOLLOWS
1354930,43784,FOLLOWS
1354940,1605361,FOLLOWS
1355466,472944,FOLLOWS
1355942,473094,FOLLOWS
1356834,1301373,FOLLOWS
1356958,1358316,FOLLOWS
1357187,1131310,FOLLOWS
1357324,657390,FOLLOWS
1358255,1095782,FOLLOWS
1358556,1351575,FOLLOWS
1358720,576370,FOLLOWS
1358915,852701,FOLLOWS
1359455,479101,FOLLOWS
1359545,33033,FOLLOWS
1359676,479630,FOLLOWS
1359723,1554239,FOLLOWS
1359801,479577,FOLLOWS
1360174,614163,FOLLOWS
1360636,1406172,FOLLOWS
1360864,1155641,FOLLOWS
1361017,1361065,FOLLOWS
1361065,1361017,FOLLOWS
1361154,923190,FOLLOWS
1361393,170027,FOLLOWS
1361732,610943,FOLLOWS
1362905,781841,FOLLOWS
1363155,733806,FOLLOWS
1363353,485717,FOLLOWS
1363680,1277723,FOLLOWS
1364005,628440,FOLLOWS
1364007,196391,FOLLOWS
1364140,1170865,FOLLOWS
1364281,1118712,FOLLOWS
1364290,1259449,FOLLOWS
1364988,94222,FOLLOWS
1365004,1193647,FOLLOWS
1365004,595538,FOLLOWS
1365041,890058,FOLLOWS
1365524,175264,FOLLOWS
1365789,584751,FOLLOWS
1366101,1200124,FOLLOWS
1366119,1068991,FOLLOWS
1366119,781311,FOLLOWS
1366131,860639,FOLLOWS
1367066,706459,FOLLOWS
1367593,1606958,FOLLOWS
1367628,920140,FOLLOWS
1367733,1549025,FOLLOWS
1368453,495081,FOLLOWS
1368499,1118482,FOLLOWS
1368749,1438473,FOLLOWS
1369828,1390454,FOLLOWS
1369910,513278,FOLLOWS
1369952,40868,FOLLOWS
1370023,498090,FOLLOWS
1370168,498948,FOLLOWS
1370469,496840,FOLLOWS
1371127,1047268,FOLLOWS
1371472,540356,FOLLOWS
1371516,453086,FOLLOWS
1371928,806641,FOLLOWS
1372042,502338,FOLLOWS
1372064,502338,FOLLOWS
1372811,878244,FOLLOWS
1373191,1224179,FOLLOWS
1373229,255252,FOLLOWS
1373328,685508,FOLLOWS
1373414,1264238,FOLLOWS
1373648,930687,FOLLOWS
1373898,664581,FOLLOWS
1374092,505577,FOLLOWS
1374151,952964,FOLLOWS
1374807,1201652,FOLLOWS
1375190,507122,FOLLOWS
1375804,661954,FOLLOWS
1375892,507953,FOLLOWS
1376018,951397,FOLLOWS
1376085,158822,FOLLOWS
1377045,1180070,FOLLOWS
1377783,208039,FOLLOWS
1378090,511197,FOLLOWS
1378353,144296,FOLLOWS
1378536,146921,FOLLOWS
1378751,272087,FOLLOWS
1379202,512738,FOLLOWS
1379389,966693,FOLLOWS
1379853,513278,FOLLOWS
1380034,289128,FOLLOWS
1380274,514758,FOLLOWS
1380327,808574,FOLLOWS
1380403,514638,FOLLOWS
1380769,952764,FOLLOWS
1381228,1134459,FOLLOWS
1381286,1483178,FOLLOWS
1381376,516513,FOLLOWS
1381441,1259408,FOLLOWS
1381705,1608449,FOLLOWS
1383037,942174,FOLLOWS
1383576,519836,FOLLOWS
1385454,1608936,FOLLOWS
1386429,524103,FOLLOWS
1387078,980454,FOLLOWS
1387078,766724,FOLLOWS
1387410,526113,FOLLOWS
1388672,1609229,FOLLOWS
1388845,811191,FOLLOWS
1388895,1024463,FOLLOWS
1389278,783088,FOLLOWS
1389762,1389761,FOLLOWS
1390454,1369828,FOLLOWS
1390669,886492,FOLLOWS
1391023,925333,FOLLOWS
1391220,928286,FOLLOWS
1391239,304093,FOLLOWS
1392961,1298255,FOLLOWS
1393580,1491527,FOLLOWS
1393596,759965,FOLLOWS
1393776,1548433,FOLLOWS
1393776,1609734,FOLLOWS
1393792,1113923,FOLLOWS
1394077,538855,FOLLOWS
1394516,700781,FOLLOWS
1395309,541834,FOLLOWS
1395844,1140433,FOLLOWS
1395844,742272,FOLLOWS
1397372,1565461,FOLLOWS
1398234,762907,FOLLOWS
1398525,1398526,FOLLOWS
1398526,1398525,FOLLOWS
1399953,686222,FOLLOWS
1401174,1139061,FOLLOWS
1401174,1416423,FOLLOWS
1401513,556222,FOLLOWS
1401733,624424,FOLLOWS
1402678,855564,FOLLOWS
1402709,1501245,FOLLOWS
1403854,1571070,FOLLOWS
1405225,989438,FOLLOWS
1406172,1360636,FOLLOWS
1406326,825161,FOLLOWS
1406364,1185249,FOLLOWS
1407132,1094197,FOLLOWS
1407256,667054,FOLLOWS
1409081,1137145,FOLLOWS
1409081,680310,FOLLOWS
1409154,282623,FOLLOWS
1409462,1272488,FOLLOWS
1409877,1525077,FOLLOWS
1410366,575426,FOLLOWS
1410456,574795,FOLLOWS
1411896,1507548,FOLLOWS
1411925,577634,FOLLOWS
1411925,803814,FOLLOWS
1411995,577899,FOLLOWS
1412054,577366,FOLLOWS
1412174,1019922,FOLLOWS
1413006,891304,FOLLOWS
1413793,58615,FOLLOWS
1414070,1612175,FOLLOWS
1414409,730210,FOLLOWS
1415015,1055523,FOLLOWS
1415387,1337438,FOLLOWS
1416423,1401174,FOLLOWS
1416579,586913,FOLLOWS
1416928,1612502,FOLLOWS
1417164,1109318,FOLLOWS
1417770,1503326,FOLLOWS
1417872,1427245,FOLLOWS
1418259,10251,FOLLOWS
1418816,550560,FOLLOWS
1421217,595783,FOLLOWS
1421431,1519393,FOLLOWS
1422909,849983,FOLLOWS
1423402,1209872,FOLLOWS
1423555,190013,FOLLOWS
1423598,1113923,FOLLOWS
1423836,859311,FOLLOWS
1423877,1043352,FOLLOWS
1424670,609454,FOLLOWS
1425184,1191951,FOLLOWS
1425836,1041480,FOLLOWS
1425933,885957,FOLLOWS
1425933,1613535,FOLLOWS
1425964,1346899,FOLLOWS
1426138,606981,FOLLOWS
1426156,607067,FOLLOWS
1426281,1108219,FOLLOWS
1426780,167594,FOLLOWS
1427013,1283244,FOLLOWS
1427146,806158,FOLLOWS
1427146,1099412,FOLLOWS
1427619,582289,FOLLOWS
1427621,774828,FOLLOWS
1427859,444301,FOLLOWS
1427875,1613837,FOLLOWS
1427947,1156449,FOLLOWS
1427956,736261,FOLLOWS
1428511,1481664,FOLLOWS
1428678,713094,FOLLOWS
1429460,613080,FOLLOWS
1429999,685913,FOLLOWS
1430147,1391658,FOLLOWS
1430245,1142637,FOLLOWS
1430848,802866,FOLLOWS
1431165,1614161,FOLLOWS
1431565,1193626,FOLLOWS
1432478,1185249,FOLLOWS
1432657,387763,FOLLOWS
1433619,1035178,FOLLOWS
1434400,625241,FOLLOWS
1434952,1319826,FOLLOWS
1435079,626653,FOLLOWS
1435704,758930,FOLLOWS
1436299,1162006,FOLLOWS
1436696,10679,FOLLOWS
1436705,631661,FOLLOWS
1436812,1073333,FOLLOWS
1436852,1257059,FOLLOWS
1437316,660481,FOLLOWS
1437712,1033853,FOLLOWS
1438057,1615051,FOLLOWS
1438473,1368749,FOLLOWS
1438473,1105128,FOLLOWS
1438724,324399,FOLLOWS
1439151,1281450,FOLLOWS
1439192,1499818,FOLLOWS
1439199,1118649,FOLLOWS
1439654,639377,FOLLOWS
1439853,899740,FOLLOWS
1439873,639377,FOLLOWS
1439915,640248,FOLLOWS
1440640,784644,FOLLOWS
1441109,783576,FOLLOWS
1441372,642727,FOLLOWS
1442227,1543767,FOLLOWS
1442516,645904,FOLLOWS
1443283,190667,FOLLOWS
1443513,205182,FOLLOWS
1443653,1552482,FOLLOWS
1443820,809428,FOLLOWS
1443850,218068,FOLLOWS
1444441,702824,FOLLOWS
1444458,1011233,FOLLOWS
1444551,662211,FOLLOWS
1444891,1339742,FOLLOWS
1447138,1574035,FOLLOWS
1447152,657909,FOLLOWS
1448578,661577,FOLLOWS
1448640,661540,FOLLOWS
1449403,663208,FOLLOWS
1450087,516270,FOLLOWS
1450492,833043,FOLLOWS
1450557,1013629,FOLLOWS
1451076,755289,FOLLOWS
1451754,1616355,FOLLOWS
1452044,677998,FOLLOWS
1452594,1341413,FOLLOWS
1453822,1251532,FOLLOWS
1454767,681136,FOLLOWS
1454957,1455864,FOLLOWS
1455594,1255807,FOLLOWS
1455594,1256927,FOLLOWS
1455864,1454957,FOLLOWS
1456960,916265,FOLLOWS
1457865,1310759,FOLLOWS
1458011,785962,FOLLOWS
1458497,698863,FOLLOWS
1459532,620324,FOLLOWS
1460034,299486,FOLLOWS
1460366,704582,FOLLOWS
1461364,803597,FOLLOWS
1462996,795000,FOLLOWS
1463005,1195881,FOLLOWS
1463117,696390,FOLLOWS
1463816,718513,FOLLOWS
1463842,1141902,FOLLOWS
1464150,720260,FOLLOWS
1464661,70128,FOLLOWS
1464896,225992,FOLLOWS
1465111,688795,FOLLOWS
1465292,780324,FOLLOWS
1465292,608643,FOLLOWS
1465396,1262632,FOLLOWS
1465907,732071,FOLLOWS
1467069,741961,FOLLOWS
1467360,301000,FOLLOWS
1467422,1448514,FOLLOWS
1467422,1408216,FOLLOWS
1467942,723361,FOLLOWS
1468380,738969,FOLLOWS
1469418,1309080,FOLLOWS
1469538,163213,FOLLOWS
1471498,744297,FOLLOWS
1471819,984501,FOLLOWS
1472363,41047,FOLLOWS
1472387,1075189,FOLLOWS
1472702,758512,FOLLOWS
1472796,851025,FOLLOWS
1473099,1602196,FOLLOWS
1473219,670744,FOLLOWS
1474207,667213,FOLLOWS
1475128,679421,FOLLOWS
1475153,1034178,FOLLOWS
1476275,696162,FOLLOWS
1476641,696235,FOLLOWS
1476682,700608,FOLLOWS
1477062,337010,FOLLOWS
1477062,264522,FOLLOWS
1477190,702237,FOLLOWS
1477240,1421618,FOLLOWS
1477682,1493496,FOLLOWS
1477860,1051359,FOLLOWS
1478835,1569779,FOLLOWS
1479195,1312776,FOLLOWS
1479237,802866,FOLLOWS
1480144,735651,FOLLOWS
1480328,1619332,FOLLOWS
1480925,1561296,FOLLOWS
1481633,754754,FOLLOWS
1481845,753575,FOLLOWS
1481947,1098862,FOLLOWS
1482251,893399,FOLLOWS
1483057,68619,FOLLOWS
1483251,858560,FOLLOWS
1483583,1602945,FOLLOWS
1484007,763961,FOLLOWS
1484594,34275,FOLLOWS
1486976,871319,FOLLOWS
1489119,848931,FOLLOWS
1489353,781841,FOLLOWS
1489720,1106503,FOLLOWS
1489908,783861,FOLLOWS
1490288,1024820,FOLLOWS
1490528,785545,FOLLOWS
1491152,707585,FOLLOWS
1491314,1105532,FOLLOWS
1491730,1521435,FOLLOWS
1492062,280768,FOLLOWS
1492869,1159636,FOLLOWS
1493153,794403,FOLLOWS
1493496,1477682,FOLLOWS
1494211,764415,FOLLOWS
1497860,871909,FOLLOWS
1498564,1621056,FOLLOWS
1499555,818271,FOLLOWS
1499585,818271,FOLLOWS
1499818,1439192,FOLLOWS
1501300,893029,FOLLOWS
1501721,929362,FOLLOWS
1502668,828558,FOLLOWS
1502716,828752,FOLLOWS
1503326,1417770,FOLLOWS
1504663,836512,FOLLOWS
1506312,704781,FOLLOWS
1506335,99537,FOLLOWS
1506505,843710,FOLLOWS
1507928,971425,FOLLOWS
1508168,1515033,FOLLOWS
1508888,884838,FOLLOWS
1509594,984750,FOLLOWS
1509803,913331,FOLLOWS
1510137,1351128,FOLLOWS
1510364,882422,FOLLOWS
1511770,893813,FOLLOWS
1511859,934881,FOLLOWS
1512336,485934,FOLLOWS
1513696,871167,FOLLOWS
1513813,871658,FOLLOWS
1514498,873960,FOLLOWS
1514991,681137,FOLLOWS
1516194,878383,FOLLOWS
1516229,1271540,FOLLOWS
1516653,1622171,FOLLOWS
1516653,1622614,FOLLOWS
1516653,1622595,FOLLOWS
1516783,443046,FOLLOWS
1516862,1231398,FOLLOWS
1519205,991931,FOLLOWS
1519455,988148,FOLLOWS
1519970,896223,FOLLOWS
1520712,1522096,FOLLOWS
1521636,902813,FOLLOWS
1521656,902686,FOLLOWS
1522068,915201,FOLLOWS
1522846,1622864,FOLLOWS
1524478,1331412,FOLLOWS
1525251,917961,FOLLOWS
1526643,1389898,FOLLOWS
1527291,269506,FOLLOWS
1527488,926875,FOLLOWS
1527952,927983,FOLLOWS
1528563,704027,FOLLOWS
1528737,796044,FOLLOWS
1529179,934156,FOLLOWS
1529222,682472,FOLLOWS
1529247,1529289,FOLLOWS
1529437,816359,FOLLOWS
1529555,727239,FOLLOWS
1529673,1593512,FOLLOWS
1529772,1002637,FOLLOWS
1533125,950717,FOLLOWS
1534233,975165,FOLLOWS
1535264,1535238,FOLLOWS
1538354,380848,FOLLOWS
1538874,1345105,FOLLOWS
1538894,109340,FOLLOWS
1539658,789669,FOLLOWS
1540157,806550,FOLLOWS
1540572,984264,FOLLOWS
1540572,575217,FOLLOWS
1540709,1251038,FOLLOWS
1542386,992738,FOLLOWS
1542933,1556238,FOLLOWS
1543698,970720,FOLLOWS
1544157,1000756,FOLLOWS
1544432,306130,FOLLOWS
1544727,1244821,FOLLOWS
1544727,627384,FOLLOWS
1544968,1264163,FOLLOWS
1546285,1009397,FOLLOWS
1546590,1010748,FOLLOWS
1548422,681497,FOLLOWS
1548433,1393776,FOLLOWS
1548929,794307,FOLLOWS
1549196,1205766,FOLLOWS
1550096,1351240,FOLLOWS
1550499,1097795,FOLLOWS
1550642,491618,FOLLOWS
1551363,1160257,FOLLOWS
1551363,387121,FOLLOWS
1551784,1033057,FOLLOWS
1552482,1443653,FOLLOWS
1552809,207478,FOLLOWS
1553889,1625916,FOLLOWS
1555708,1424670,FOLLOWS
1556591,1055374,FOLLOWS
1558597,232692,FOLLOWS
1561379,1078215,FOLLOWS
1561662,1261729,FOLLOWS
1561742,1080342,FOLLOWS
1561994,308563,FOLLOWS
1562900,1204135,FOLLOWS
1563343,226194,FOLLOWS
1563832,31310,FOLLOWS
1564206,780445,FOLLOWS
1564248,714067,FOLLOWS
1565082,1096094,FOLLOWS
1565885,165795,FOLLOWS
1565901,1100035,FOLLOWS
1566850,438813,FOLLOWS
1566880,1104367,FOLLOWS
1567723,1107613,FOLLOWS
1569779,1478835,FOLLOWS
1570582,1125042,FOLLOWS
1571070,1127175,FOLLOWS
1571088,1127316,FOLLOWS
1571299,418550,FOLLOWS
1573898,1143343,FOLLOWS
1573946,1288359,FOLLOWS
1578076,1167232,FOLLOWS
1579206,1172743,FOLLOWS
1579973,1192943,FOLLOWS
1581925,1189285,FOLLOWS
1581982,437360,FOLLOWS
1582637,1370913,FOLLOWS
1583339,513675,FOLLOWS
1583340,298876,FOLLOWS
1583493,1198332,FOLLOWS
1583932,1099723,FOLLOWS
1587209,1222977,FOLLOWS
1587209,1628786,FOLLOWS
1587388,87937,FOLLOWS
1587425,1224146,FOLLOWS
1587588,1224972,FOLLOWS
1588690,1233120,FOLLOWS
1590038,587813,FOLLOWS
1591802,1251640,FOLLOWS
1592647,1257539,FOLLOWS
1592649,1438988,FOLLOWS
1595735,1278584,FOLLOWS
1596627,1285325,FOLLOWS
1597292,1328236,FOLLOWS
1598419,387121,FOLLOWS
1599921,1311287,FOLLOWS
1601360,1322393,FOLLOWS
1602637,199846,FOLLOWS
1602945,1483583,FOLLOWS
1603933,1343576,FOLLOWS
1604116,1343756,FOLLOWS
1604891,1630267,FOLLOWS
1605629,1630299,FOLLOWS
1605710,1630321,FOLLOWS
1606164,1616796,FOLLOWS
1607479,228939,FOLLOWS
1608832,1107172,FOLLOWS
1609229,1388672,FOLLOWS
1609581,1630679,FOLLOWS
1609734,1393776,FOLLOWS
1611421,1615240,FOLLOWS
1611516,859936,FOLLOWS
1611726,1410234,FOLLOWS
1612175,1414070,FOLLOWS
1613280,1488261,FOLLOWS
1614240,1432022,FOLLOWS
1615003,1438896,FOLLOWS
1616131,1592415,FOLLOWS
1616215,1449847,FOLLOWS
1616796,1606164,FOLLOWS
1618118,510976,FOLLOWS
1618118,239856,FOLLOWS
1618166,1054536,FOLLOWS
1620647,1338345,FOLLOWS
1621056,1498564,FOLLOWS
1622148,1511490,FOLLOWS
1622171,1516653,FOLLOWS
1622614,1516653,FOLLOWS
1624407,951589,FOLLOWS
1625732,829192,FOLLOWS
1628786,1587209,FOLLOWS
1629241,257871,FOLLOWS
1629814,1599743,FOLLOWS
1630321,1605710,FOLLOWS
1630600,1630483,FOLLOWS
1630600,1632525,FOLLOWS
