id:ID,age:INT,gender:INT,:LABEL
25,74,0,User
81,21,1,User
171,24,0,User
172,59,1,User
58,34,0,User
244,53,0,User
258,59,1,User
205,50,1,User
337,29,1,User
291,12,0,User
295,12,0,User
300,69,1,User
363,48,1,User
522,69,0,User
371,12,0,User
603,12,0,User
389,12,0,User
592,62,1,User
614,12,0,User
753,33,1,User
755,69,0,User
789,69,0,User
728,69,1,User
737,67,0,User
798,55,0,User
920,53,0,User
938,19,0,User
985,74,1,User
989,47,1,User
1039,52,0,User
1028,34,1,User
929,62,1,User
1219,66,0,User
1094,76,1,User
1222,12,0,User
1310,78,0,User
1339,14,0,User
1314,12,1,User
1317,79,0,User
1478,69,1,User
1346,40,0,User
1408,34,0,User
1514,17,1,User
1572,47,1,User
1623,12,0,User
1682,72,0,User
1699,74,1,User
1662,16,0,User
1633,17,0,User
1691,66,1,User
1694,64,1,User
1789,31,0,User
1952,19,0,User
1811,14,0,User
1997,45,0,User
1986,38,1,User
2014,71,1,User
2008,12,1,User
1958,36,0,User
2111,71,0,User
2157,69,0,User
2224,64,1,User
2253,71,0,User
2372,12,1,User
2266,12,0,User
2446,72,0,User
2371,81,0,User
2582,50,0,User
2616,62,1,User
2619,71,0,User
2813,69,1,User
2827,53,0,User
2787,19,1,User
2814,79,0,User
2868,36,0,User
2678,55,1,User
2898,76,1,User
2976,12,0,User
3006,41,0,User
2890,66,0,User
3011,74,1,User
3123,12,0,User
3023,78,0,User
3183,52,1,User
3030,60,0,User
3287,26,0,User
3338,33,1,User
3354,12,0,User
3343,17,1,User
3440,36,0,User
3061,21,1,User
3557,40,0,User
3286,64,0,User
3459,12,0,User
3435,71,1,User
3539,26,0,User
3420,67,1,User
3406,12,1,User
3618,12,0,User
3683,12,1,User
3698,12,1,User
3700,69,0,User
3782,12,1,User
3799,19,0,User
3646,22,0,User
3921,72,1,User
3966,83,1,User
4022,60,1,User
4059,66,0,User
4086,55,0,User
4064,36,0,User
4025,43,0,User
4173,12,1,User
4150,19,0,User
4032,12,1,User
4002,72,0,User
4247,34,1,User
4211,69,1,User
4251,76,0,User
4360,33,1,User
4349,57,1,User
4429,38,1,User
4392,64,0,User
4566,74,1,User
4511,69,0,User
4556,43,1,User
4558,33,0,User
4667,16,0,User
4661,53,1,User
4425,57,1,User
4734,71,0,User
4648,12,1,User
4649,67,1,User
4819,67,1,User
4680,45,0,User
4878,64,0,User
4939,16,1,User
4834,12,1,User
4900,48,1,User
4982,66,0,User
5046,45,0,User
4980,66,1,User
5162,62,0,User
5024,12,0,User
5101,41,0,User
5283,78,1,User
5298,12,1,User
5276,12,0,User
5372,57,0,User
5188,60,0,User
5346,50,1,User
5462,45,0,User
5486,12,0,User
5508,34,1,User
5525,59,1,User
5376,71,0,User
5519,12,0,User
5702,38,1,User
5656,12,0,User
5556,64,1,User
5596,62,1,User
5731,47,1,User
5888,67,0,User
5866,12,0,User
5927,16,0,User
5889,67,0,User
6003,60,0,User
5991,50,0,User
6048,78,1,User
5981,67,1,User
6042,69,1,User
6126,62,1,User
6175,66,1,User
6203,57,1,User
6242,19,0,User
6150,86,0,User
6236,64,1,User
6237,64,0,User
6238,31,0,User
6136,33,0,User
6410,71,1,User
6497,31,0,User
6500,21,0,User
6450,12,1,User
6400,19,1,User
6486,69,0,User
6597,55,0,User
6539,62,1,User
6405,71,1,User
6688,50,0,User
6725,45,0,User
6664,17,0,User
6832,14,1,User
6671,14,1,User
6675,14,0,User
6792,55,1,User
6910,69,1,User
6939,69,1,User
6927,43,1,User
6866,71,1,User
7066,26,0,User
7133,64,1,User
7202,45,1,User
7193,71,1,User
7204,14,1,User
7252,72,1,User
7152,12,1,User
7267,12,1,User
7269,17,0,User
7215,55,0,User
7338,78,0,User
7305,67,1,User
7402,14,0,User
7417,26,1,User
7389,67,0,User
7437,60,1,User
7491,60,0,User
7504,55,0,User
7335,17,0,User
7536,60,1,User
7548,41,1,User
7611,72,0,User
7684,12,0,User
7759,21,0,User
7650,69,1,User
7762,14,0,User
7531,74,0,User
7754,45,0,User
7807,12,1,User
7908,12,1,User
7910,62,1,User
7938,62,1,User
7926,17,0,User
7853,14,0,User
7886,74,0,User
7932,91,0,User
7891,83,0,User
8002,12,1,User
8025,28,1,User
8043,38,1,User
8084,78,0,User
7981,71,1,User
8190,50,1,User
8255,79,0,User
8197,33,0,User
8200,17,1,User
8376,31,1,User
8295,67,0,User
8378,12,1,User
8326,64,1,User
8421,24,0,User
8422,76,0,User
8366,17,1,User
8429,12,0,User
8510,69,0,User
8626,53,1,User
8594,67,1,User
8656,12,0,User
8658,66,0,User
8701,12,1,User
8696,47,1,User
8623,53,1,User
8679,88,0,User
8854,79,0,User
8927,19,1,User
8942,64,0,User
8966,59,1,User
9000,78,0,User
8924,84,1,User
9155,72,0,User
9070,12,0,User
9137,74,0,User
9142,22,0,User
9272,29,0,User
9262,59,1,User
9331,12,0,User
9279,53,0,User
9244,69,0,User
9324,28,0,User
9329,12,0,User
9393,45,1,User
9366,12,0,User
9384,24,0,User
9375,59,0,User
9419,66,1,User
9295,67,1,User
9545,60,0,User
9646,64,0,User
9566,71,0,User
9591,52,0,User
9665,62,0,User
9593,64,0,User
9596,12,0,User
9696,64,1,User
9611,64,0,User
9656,60,0,User
9731,22,0,User
9703,55,0,User
9797,29,0,User
9802,66,1,User
9816,76,1,User
9688,55,1,User
9871,66,0,User
9852,64,0,User
9640,71,1,User
10022,62,0,User
9838,40,1,User
9989,72,1,User
10090,71,1,User
10129,59,0,User
10179,12,1,User
10215,36,0,User
10192,31,0,User
10242,66,1,User
10280,22,0,User
10309,19,1,User
10370,19,0,User
10302,67,1,User
10251,24,0,User
10486,60,0,User
10487,29,0,User
10448,66,0,User
10561,12,0,User
10410,72,0,User
10592,43,0,User
10552,72,0,User
10616,12,0,User
10577,29,0,User
10644,66,0,User
10789,69,0,User
10679,21,1,User
10933,60,0,User
11003,69,0,User
11162,71,0,User
11165,38,1,User
11195,33,0,User
11141,53,0,User
11282,34,0,User
11255,69,1,User
11247,76,0,User
11212,31,1,User
11175,84,0,User
11250,79,1,User
11446,100,0,User
11461,72,1,User
11335,24,0,User
11445,12,0,User
11276,52,0,User
11497,62,0,User
11539,90,0,User
11627,40,1,User
11644,38,0,User
11645,28,0,User
11672,67,1,User
11710,71,1,User
11695,17,1,User
11696,50,0,User
11609,62,1,User
11698,66,1,User
11855,33,0,User
11774,12,0,User
11800,17,0,User
11842,81,0,User
11726,62,0,User
11957,16,0,User
11653,71,0,User
11815,36,0,User
11965,19,0,User
12141,12,0,User
12065,69,0,User
12129,57,1,User
12187,12,0,User
12163,84,0,User
11923,40,0,User
12318,50,1,User
12293,72,0,User
12090,69,0,User
12322,45,0,User
12298,12,0,User
12299,12,0,User
12232,12,0,User
12312,60,1,User
12574,64,1,User
12570,12,0,User
12622,60,0,User
12667,43,1,User
12640,66,1,User
12583,55,0,User
12738,12,0,User
12705,12,1,User
12772,34,1,User
12659,24,1,User
12950,72,1,User
12837,67,0,User
12862,52,1,User
12911,55,0,User
12987,48,1,User
13042,12,0,User
13043,55,1,User
13189,59,1,User
13212,52,1,User
13346,62,0,User
13245,43,1,User
13359,64,0,User
13363,69,0,User
13491,72,0,User
13508,60,1,User
13493,66,0,User
13481,53,0,User
13594,67,1,User
13568,14,1,User
13756,67,0,User
13620,62,0,User
13725,81,0,User
13820,60,0,User
13802,24,0,User
13906,71,0,User
13921,22,1,User
13882,71,1,User
13824,66,0,User
13784,74,1,User
13830,12,0,User
14054,53,0,User
14090,64,0,User
14224,66,1,User
14214,62,0,User
14298,17,1,User
14328,72,0,User
14330,74,1,User
14185,62,0,User
14241,57,1,User
14361,64,1,User
14274,24,0,User
14276,78,0,User
14286,55,1,User
14346,69,1,User
14516,72,0,User
14616,21,1,User
14620,29,1,User
14651,86,1,User
14550,24,0,User
14590,71,0,User
14810,24,0,User
14901,67,1,User
14885,64,0,User
14685,59,1,User
14927,12,1,User
14815,83,0,User
14887,72,1,User
14787,53,1,User
14788,66,1,User
15144,67,0,User
15086,79,1,User
15146,67,0,User
15009,12,0,User
15110,26,0,User
15054,12,0,User
15162,74,0,User
15214,81,1,User
15271,50,0,User
15147,67,0,User
15148,66,0,User
15362,71,0,User
15260,72,0,User
15149,76,0,User
15195,76,1,User
15264,14,1,User
15368,71,0,User
15369,69,0,User
15370,36,0,User
15483,79,0,User
15396,72,1,User
15478,19,1,User
15416,71,1,User
15590,67,1,User
15610,74,0,User
15706,17,1,User
15721,33,1,User
15736,76,1,User
15685,14,1,User
15771,71,0,User
15843,72,1,User
15732,76,1,User
15845,72,0,User
15887,72,1,User
15906,57,0,User
15823,55,1,User
15869,60,0,User
15882,71,0,User
15924,64,1,User
16071,12,1,User
16158,47,1,User
16028,76,1,User
16029,69,0,User
16128,45,1,User
16279,71,1,User
16109,66,1,User
16239,17,0,User
16166,12,1,User
16428,72,0,User
16429,12,0,User
16254,66,1,User
16392,12,1,User
16447,74,0,User
16517,12,0,User
16462,67,1,User
16425,71,0,User
16433,72,1,User
16451,66,1,User
16570,45,1,User
16529,12,1,User
16530,69,1,User
16701,76,1,User
16631,66,1,User
16582,52,0,User
16690,64,1,User
16816,67,0,User
16694,12,1,User
16762,48,0,User
16752,29,1,User
16882,72,0,User
16851,55,1,User
16739,67,0,User
16844,12,0,User
16921,43,1,User
16676,12,0,User
16814,79,1,User
16896,47,0,User
17004,57,0,User
16965,67,0,User
17195,16,1,User
17221,67,1,User
17097,81,1,User
17316,69,1,User
17301,55,1,User
17332,12,1,User
17142,14,1,User
17143,12,1,User
17145,21,1,User
17402,12,1,User
17337,69,1,User
17506,12,1,User
17466,50,1,User
17456,24,1,User
17513,41,1,User
17432,64,1,User
17411,71,0,User
17441,33,0,User
17629,12,1,User
17544,62,0,User
17563,76,1,User
17742,38,0,User
17801,71,1,User
17907,59,0,User
17978,69,1,User
17933,12,0,User
18017,71,1,User
18079,34,1,User
18094,69,1,User
17847,67,1,User
18124,40,0,User
18139,60,0,User
18201,48,0,User
18111,64,1,User
18144,69,0,User
18259,31,1,User
18176,78,1,User
18262,71,1,User
18336,16,1,User
18361,62,1,User
18237,12,0,User
18320,60,1,User
18157,48,1,User
18407,14,1,User
18438,53,0,User
18534,47,0,User
18445,60,0,User
18538,12,0,User
18433,12,1,User
18510,67,1,User
18563,47,0,User
18596,60,0,User
18480,52,1,User
18724,59,0,User
18738,72,1,User
18770,55,1,User
18641,79,0,User
18714,47,0,User
18932,71,1,User
18934,22,1,User
19053,12,0,User
18995,21,1,User
18999,76,0,User
19078,72,0,User
19190,67,1,User
19222,21,0,User
19294,12,1,User
19256,64,1,User
19288,21,1,User
19268,72,0,User
19435,71,1,User
19479,21,1,User
19400,59,1,User
19527,64,1,User
19591,24,0,User
19578,60,1,User
19567,45,0,User
19622,52,0,User
19612,69,0,User
19613,55,0,User
19529,52,0,User
19468,69,0,User
19643,72,1,User
19620,66,1,User
19792,67,0,User
19832,66,1,User
19716,50,0,User
19864,66,1,User
19854,14,1,User
19830,22,0,User
19896,12,1,User
19951,71,1,User
19901,34,1,User
19987,76,1,User
20137,28,0,User
20144,38,1,User
20054,62,1,User
20244,67,1,User
20230,62,0,User
20215,41,1,User
20299,64,0,User
20358,72,1,User
20340,16,0,User
20350,83,1,User
20403,41,0,User
20352,60,1,User
20522,95,0,User
20408,67,0,User
20421,33,0,User
20544,38,0,User
20600,36,0,User
20603,17,1,User
20560,12,1,User
20660,12,1,User
20443,57,0,User
20731,34,0,User
20549,26,0,User
20732,26,1,User
20747,60,1,User
20726,33,1,User
20640,62,1,User
20623,33,0,User
20752,60,0,User
20756,74,0,User
20578,69,1,User
20651,62,1,User
20882,71,1,User
20794,67,0,User
20880,45,0,User
20987,78,0,User
20805,59,1,User
20970,71,1,User
20849,12,0,User
20850,12,0,User
20985,12,1,User
20997,16,0,User
20932,12,1,User
21042,62,1,User
21124,66,1,User
21068,34,0,User
21098,59,1,User
21072,72,1,User
21209,64,0,User
21301,12,0,User
21254,62,1,User
21451,31,1,User
21429,74,1,User
21327,67,1,User
21457,67,1,User
21329,60,1,User
21397,12,0,User
21398,81,1,User
21590,64,1,User
21536,62,1,User
21537,66,0,User
21416,17,1,User
21569,67,0,User
21667,12,1,User
21710,12,0,User
21652,14,0,User
21785,14,1,User
21655,55,0,User
21860,64,0,User
21812,31,0,User
21807,14,1,User
21791,31,0,User
21953,12,1,User
21825,72,0,User
21867,41,0,User
21929,72,1,User
22054,57,0,User
21915,33,0,User
22083,64,1,User
21794,53,0,User
21975,55,1,User
22147,14,0,User
22115,59,0,User
22155,71,0,User
22238,45,1,User
22103,26,0,User
22140,55,1,User
22429,14,0,User
22471,14,0,User
22531,33,1,User
22465,52,0,User
22498,60,1,User
22578,16,0,User
22666,69,0,User
22539,81,1,User
22608,26,1,User
22500,66,1,User
22542,19,0,User
22707,48,1,User
22663,21,0,User
22831,69,0,User
22793,12,1,User
22795,12,1,User
23041,72,1,User
22965,12,1,User
23056,62,1,User
23059,12,1,User
22916,62,0,User
23034,33,0,User
23136,12,1,User
23035,71,0,User
23085,69,1,User
23053,22,1,User
23169,66,1,User
23269,34,0,User
23307,76,1,User
23333,16,0,User
23348,19,1,User
23376,12,1,User
23480,22,1,User
23437,60,1,User
23543,67,0,User
23645,60,1,User
23602,60,1,User
23490,66,1,User
23608,50,0,User
23711,29,0,User
23798,62,0,User
23592,12,1,User
23861,12,1,User
23929,66,0,User
23903,83,1,User
23935,31,0,User
23992,40,0,User
23945,66,1,User
24092,34,1,User
24081,12,1,User
24111,66,0,User
24112,12,1,User
24028,12,0,User
24074,71,1,User
24231,12,0,User
24221,57,1,User
24141,14,0,User
24244,67,0,User
24202,60,0,User
24273,12,1,User
24379,48,0,User
24298,66,0,User
24421,31,1,User
24528,86,1,User
24490,17,0,User
24638,78,0,User
24676,66,1,User
24687,69,1,User
24798,69,1,User
24623,17,1,User
24668,47,0,User
24670,66,0,User
24688,12,1,User
24600,53,1,User
24713,69,1,User
24826,81,0,User
24704,12,0,User
24801,50,1,User
24840,81,0,User
24746,84,1,User
24890,12,0,User
25021,33,1,User
24923,57,1,User
24944,64,1,User
24852,14,0,User
24983,76,0,User
24953,52,1,User
24970,24,0,User
24972,33,0,User
25087,74,1,User
24915,12,1,User
25003,64,1,User
25076,50,0,User
24960,64,0,User
25130,12,0,User
25118,81,0,User
24880,66,0,User
25062,72,1,User
25178,48,0,User
25225,69,1,User
24884,33,1,User
25382,41,0,User
25316,60,1,User
25301,12,1,User
25338,79,0,User
25486,52,0,User
25406,81,1,User
25437,52,1,User
25360,12,1,User
25517,67,0,User
25531,52,1,User
25524,14,1,User
25582,62,1,User
25455,12,1,User
25587,69,1,User
25616,69,0,User
25756,52,0,User
25760,67,1,User
25836,57,0,User
25725,12,0,User
25906,47,0,User
25892,55,0,User
25822,12,0,User
25869,45,1,User
25904,78,1,User
25942,38,1,User
26131,12,0,User
26136,12,0,User
26093,50,0,User
26192,57,0,User
26110,14,1,User
26150,79,0,User
26293,78,1,User
26393,12,1,User
26310,48,1,User
26476,26,0,User
26506,29,0,User
26377,29,1,User
26339,12,0,User
26512,53,0,User
26498,19,0,User
26526,62,1,User
26499,71,0,User
26381,14,1,User
26458,60,1,User
26545,81,0,User
26487,67,0,User
26641,50,0,User
26556,50,1,User
26644,83,0,User
26658,33,0,User
26701,74,0,User
26691,67,1,User
26637,45,1,User
26678,60,0,User
26818,17,1,User
26902,40,0,User
26890,62,1,User
26978,36,0,User
27051,12,1,User
26922,78,0,User
27092,52,1,User
26923,31,0,User
27057,57,0,User
27187,57,0,User
27259,48,0,User
27274,81,0,User
27308,72,0,User
27309,43,0,User
27234,14,0,User
27336,81,0,User
27393,72,0,User
27397,31,1,User
27496,69,1,User
27526,12,1,User
27540,67,0,User
27635,59,0,User
27767,71,1,User
27753,79,1,User
27796,71,0,User
27641,29,0,User
27644,78,0,User
27826,47,0,User
27890,12,0,User
27891,69,0,User
27935,33,1,User
27941,71,0,User
27868,50,1,User
28014,12,0,User
28112,84,0,User
28141,69,1,User
28075,12,0,User
28143,71,0,User
28034,17,1,User
28204,12,1,User
28210,50,1,User
28264,69,0,User
28219,59,0,User
28296,45,0,User
28354,62,1,User
28257,22,0,User
28275,83,1,User
28330,34,0,User
28184,14,0,User
28348,79,1,User
28468,62,1,User
28643,84,1,User
28798,62,0,User
28811,12,0,User
28739,62,1,User
28910,31,0,User
28966,12,1,User
28968,66,0,User
28856,14,0,User
28999,72,0,User
28904,12,0,User
28944,66,0,User
29007,12,0,User
29094,79,0,User
29059,71,0,User
29108,12,0,User
29066,69,0,User
29279,14,0,User
29544,60,1,User
29531,31,1,User
29498,50,1,User
29589,59,1,User
29658,47,1,User
29520,76,0,User
29766,14,1,User
29739,67,0,User
29852,71,1,User
29972,53,1,User
29844,66,0,User
29951,19,0,User
30020,24,1,User
30008,43,1,User
29850,14,0,User
29968,55,1,User
29939,55,1,User
30080,12,0,User
30271,50,1,User
30217,59,1,User
30221,71,1,User
30337,69,1,User
30361,12,1,User
30391,66,0,User
30419,53,1,User
30534,62,1,User
30491,59,0,User
30574,90,1,User
30480,71,1,User
30566,19,1,User
30549,55,1,User
30696,66,1,User
30614,12,1,User
30615,24,0,User
30675,41,1,User
30733,57,0,User
30911,48,0,User
31008,60,0,User
30958,60,1,User
31044,72,1,User
31099,86,0,User
31127,40,0,User
31128,84,1,User
31159,12,0,User
31146,71,1,User
31193,71,1,User
31167,57,1,User
31310,76,1,User
31169,28,1,User
31300,19,1,User
31326,78,0,User
31330,57,0,User
31286,47,0,User
31108,28,1,User
31384,62,1,User
31356,55,1,User
31416,22,1,User
31509,24,0,User
31593,74,0,User
31542,47,1,User
31570,38,1,User
31610,67,1,User
31684,74,0,User
31834,64,1,User
31864,26,1,User
31708,71,1,User
31969,47,0,User
31869,12,1,User
31971,60,1,User
31989,12,0,User
31960,69,1,User
32042,12,0,User
31943,71,1,User
31965,12,0,User
31930,71,1,User
32149,43,1,User
31993,12,0,User
32079,53,0,User
32280,14,1,User
32205,60,1,User
32235,12,0,User
32391,53,1,User
32411,12,1,User
32567,72,1,User
32542,62,1,User
32628,12,0,User
32650,62,1,User
32792,36,1,User
32636,72,1,User
32823,52,0,User
32856,12,0,User
32828,69,0,User
32698,66,1,User
32831,52,1,User
32820,59,1,User
32972,64,1,User
33033,90,0,User
33050,71,1,User
33062,59,0,User
32998,12,1,User
33106,79,1,User
33010,71,1,User
33096,48,1,User
33154,60,1,User
33140,74,0,User
33241,14,1,User
33130,78,1,User
33160,71,0,User
33209,52,1,User
33325,83,1,User
33377,12,1,User
33352,57,0,User
33330,53,1,User
33411,67,1,User
33466,69,1,User
33268,12,0,User
33461,62,0,User
33508,12,1,User
33594,12,1,User
33650,24,0,User
33595,72,0,User
33490,78,1,User
33563,41,0,User
33493,55,0,User
33685,40,0,User
33695,22,1,User
33700,52,1,User
33829,12,0,User
33831,57,0,User
33845,53,1,User
33871,74,1,User
33855,67,1,User
33924,79,1,User
33836,62,1,User
33913,24,1,User
33929,59,1,User
33964,24,0,User
34066,66,1,User
34031,16,1,User
34012,12,0,User
34060,74,1,User
34186,52,0,User
34252,62,1,User
34137,12,1,User
34275,48,0,User
34387,12,1,User
34597,67,0,User
34466,40,0,User
34685,62,1,User
34762,12,0,User
34803,69,0,User
34702,81,0,User
34716,67,1,User
34791,50,0,User
34735,16,1,User
34907,53,1,User
34868,67,0,User
34944,71,1,User
34979,60,1,User
35014,12,0,User
34955,14,0,User
35026,50,0,User
34956,76,1,User
35006,33,0,User
35131,81,0,User
35022,69,0,User
34916,33,1,User
34917,33,1,User
35066,66,1,User
35008,53,1,User
35051,43,1,User
35241,64,0,User
35097,69,0,User
35234,12,0,User
35199,48,1,User
35409,55,1,User
35497,81,1,User
35599,31,0,User
35559,84,1,User
35459,12,0,User
35515,57,0,User
35676,71,1,User
35519,53,1,User
35776,36,0,User
35664,33,0,User
35666,29,1,User
35667,64,1,User
35778,26,0,User
35852,47,1,User
35738,60,0,User
35620,47,1,User
35928,53,1,User
35745,66,0,User
35887,31,1,User
35944,12,1,User
35919,29,1,User
36042,24,1,User
35964,12,1,User
36167,12,0,User
36143,76,1,User
36126,57,1,User
36133,62,0,User
36286,12,0,User
36203,62,1,User
36177,67,1,User
36318,21,1,User
36377,41,0,User
36320,67,0,User
36332,12,0,User
36379,48,1,User
36411,59,0,User
36387,67,1,User
36375,67,1,User
36618,16,1,User
36655,33,1,User
36593,64,0,User
36753,40,1,User
36712,66,0,User
36554,31,1,User
36871,67,1,User
36873,64,1,User
36599,12,1,User
36994,12,0,User
37096,67,1,User
37011,29,1,User
36960,69,1,User
37019,86,0,User
37133,26,1,User
37263,14,0,User
37166,60,1,User
37444,33,0,User
37477,62,1,User
37470,74,1,User
37610,66,0,User
37570,71,0,User
37686,62,1,User
37528,71,0,User
37585,66,1,User
37659,22,1,User
37788,52,1,User
37733,66,0,User
37705,33,1,User
37692,55,1,User
37800,71,0,User
37765,66,1,User
37843,72,0,User
37768,22,0,User
37881,62,1,User
37900,53,1,User
37887,41,1,User
37888,57,1,User
38002,64,1,User
37916,69,1,User
38029,64,1,User
37931,64,1,User
38094,62,1,User
38267,55,0,User
38256,21,0,User
38099,69,0,User
38263,59,0,User
38248,71,0,User
38341,67,1,User
38386,17,1,User
38175,72,1,User
38407,57,0,User
38438,66,0,User
38506,81,1,User
38398,24,1,User
38559,45,1,User
38617,64,1,User
38569,67,1,User
38666,78,1,User
38519,67,1,User
38635,84,0,User
38621,53,1,User
38768,57,0,User
38854,71,0,User
38900,17,1,User
38975,76,1,User
38918,64,1,User
39038,12,1,User
39025,24,0,User
39094,17,1,User
38954,12,0,User
39089,16,1,User
39074,14,0,User
39150,60,0,User
39192,16,0,User
39429,12,1,User
39456,74,0,User
39513,60,0,User
39435,67,1,User
39606,33,0,User
39479,41,0,User
39694,74,0,User
39671,64,0,User
39756,12,1,User
39773,47,1,User
39952,67,1,User
39991,91,0,User
39924,69,1,User
39958,12,0,User
39915,55,0,User
40054,76,0,User
40014,33,0,User
40128,53,1,User
40027,71,0,User
40118,67,0,User
40149,12,0,User
40030,59,0,User
40151,28,0,User
40139,71,1,User
40273,69,0,User
40300,12,0,User
40260,28,1,User
40396,66,0,User
40361,67,1,User
40413,12,0,User
40504,24,0,User
40421,69,0,User
40378,67,0,User
40652,12,1,User
40638,22,0,User
40696,72,1,User
40463,43,1,User
40752,59,0,User
40635,31,0,User
40788,12,0,User
40846,71,1,User
40738,62,0,User
40862,21,1,User
40722,57,1,User
40896,67,1,User
40954,47,0,User
40868,98,1,User
40842,91,0,User
41047,14,0,User
41065,69,0,User
41213,79,0,User
41281,40,0,User
41113,60,1,User
41160,26,1,User
41240,12,0,User
41305,64,0,User
41348,59,0,User
41295,78,0,User
41451,52,1,User
41476,14,1,User
41480,12,0,User
41497,72,1,User
41499,33,0,User
41582,29,1,User
41472,47,0,User
41688,12,1,User
41732,76,1,User
41636,67,1,User
41637,64,1,User
41867,74,0,User
41837,90,0,User
41754,76,1,User
41858,69,1,User
41758,72,1,User
41847,57,1,User
41976,55,0,User
41850,91,0,User
42029,53,0,User
42075,72,1,User
42137,52,1,User
42140,40,1,User
42148,64,1,User
42229,76,0,User
42242,12,0,User
42115,50,0,User
42339,45,1,User
42235,76,1,User
42348,59,0,User
42385,12,1,User
42415,12,0,User
42550,59,1,User
42476,53,0,User
42477,83,1,User
42450,33,0,User
42578,67,1,User
42628,19,1,User
42592,55,0,User
42738,36,0,User
42772,55,0,User
42797,72,1,User
42672,91,0,User
42789,74,0,User
42857,69,0,User
42887,47,0,User
42872,14,0,User
42846,50,0,User
42729,53,0,User
42838,71,0,User
42864,59,0,User
42911,71,1,User
43028,67,0,User
43009,74,1,User
42988,59,1,User
43084,72,0,User
43125,66,0,User
43276,50,1,User
43271,33,0,User
43315,62,0,User
43384,55,1,User
43443,72,0,User
43445,83,0,User
43450,67,0,User
43452,40,1,User
43490,12,0,User
43518,81,0,User
43552,78,0,User
43460,83,0,User
43556,21,0,User
43580,62,0,User
43558,55,1,User
43681,52,1,User
43649,14,1,User
43714,59,1,User
43618,59,0,User
43747,66,0,User
43764,50,1,User
43882,72,0,User
43784,41,0,User
43968,90,0,User
43956,12,1,User
44047,16,0,User
44051,26,1,User
44136,14,0,User
44084,33,1,User
44094,76,0,User
44210,69,0,User
44343,12,0,User
44301,64,0,User
44309,26,1,User
44381,67,0,User
44462,29,0,User
44354,62,0,User
44478,59,1,User
44434,57,1,User
44570,74,0,User
44494,55,0,User
44532,72,0,User
44589,67,1,User
44631,52,1,User
44474,19,0,User
44663,19,1,User
44723,76,0,User
44610,52,0,User
44697,64,1,User
44839,71,0,User
44757,64,0,User
44759,17,0,User
44827,59,0,User
44903,60,1,User
44859,67,1,User
44820,66,0,User
44801,72,0,User
44768,71,0,User
45093,29,1,User
45141,59,1,User
45131,69,1,User
45144,41,1,User
45276,72,0,User
45148,57,0,User
45200,28,1,User
45306,52,1,User
45210,12,1,User
45338,76,1,User
45368,67,1,User
45434,53,0,User
45443,72,0,User
45571,66,0,User
45446,52,0,User
45561,14,1,User
45547,59,0,User
45649,62,0,User
45554,14,1,User
45666,71,0,User
45653,69,1,User
45671,43,0,User
45856,59,1,User
45860,12,0,User
45931,12,1,User
45918,55,0,User
45883,55,1,User
45852,50,0,User
46126,59,0,User
46031,12,0,User
45913,16,1,User
45914,60,1,User
46193,26,0,User
46238,57,0,User
46278,14,0,User
46338,14,0,User
46249,60,0,User
46250,40,0,User
46382,31,0,User
46259,60,0,User
46426,66,1,User
46361,19,1,User
46331,12,0,User
46335,12,0,User
46419,72,1,User
46488,60,0,User
46534,33,1,User
46376,59,1,User
46637,86,0,User
46569,12,1,User
46742,84,0,User
46786,83,1,User
46816,79,1,User
46802,53,0,User
46821,19,1,User
46822,74,1,User
46797,17,1,User
46775,71,0,User
46941,78,0,User
46924,64,1,User
46882,50,1,User
46931,52,0,User
47014,43,0,User
47059,86,1,User
46885,79,0,User
47095,31,0,User
47005,47,0,User
47096,64,1,User
47178,59,0,User
47050,57,0,User
47184,67,1,User
47052,74,0,User
47224,93,0,User
47239,48,1,User
47240,48,1,User
47175,55,0,User
47386,76,1,User
47318,55,1,User
47374,71,1,User
47376,36,1,User
47353,57,1,User
47478,52,1,User
47430,24,1,User
47601,71,1,User
47618,12,0,User
47559,14,0,User
47505,40,0,User
47882,60,0,User
47714,57,1,User
47932,12,0,User
48033,52,0,User
47893,66,1,User
48076,12,0,User
48068,72,0,User
48124,69,1,User
48196,88,1,User
48056,66,1,User
48232,14,0,User
48140,69,0,User
48025,50,0,User
48267,24,0,User
48522,62,0,User
48578,60,0,User
48579,14,1,User
48648,21,0,User
48691,16,1,User
48694,76,1,User
48680,86,0,User
48686,28,0,User
48701,71,1,User
48797,41,0,User
48595,12,1,User
48893,52,1,User
48674,36,0,User
48847,76,1,User
48944,43,0,User
49022,69,0,User
49038,31,1,User
49084,21,0,User
49086,71,1,User
48986,72,0,User
49101,71,0,User
49102,12,0,User
49202,84,0,User
49203,17,1,User
49146,12,0,User
49133,76,0,User
49191,74,0,User
49296,52,0,User
49351,12,1,User
49412,72,1,User
49286,57,0,User
49402,52,1,User
49359,28,1,User
49493,86,0,User
49425,26,1,User
49536,12,1,User
49509,62,1,User
49713,14,0,User
49595,33,1,User
49673,12,0,User
49742,12,1,User
49743,86,1,User
49731,40,1,User
49790,69,0,User
49678,64,1,User
49680,14,0,User
49839,52,1,User
49852,91,0,User
49958,81,0,User
50004,12,1,User
49754,66,0,User
50035,28,0,User
50079,71,0,User
50046,28,1,User
50196,66,0,User
50230,59,0,User
50198,67,1,User
50282,62,1,User
50215,24,0,User
50329,12,1,User
50334,12,1,User
50250,12,1,User
50432,93,0,User
50422,52,0,User
50493,12,0,User
50399,67,0,User
50466,57,0,User
50551,62,1,User
50484,71,0,User
50567,12,0,User
50569,69,0,User
50443,60,0,User
50605,78,0,User
50621,81,1,User
50674,16,1,User
50717,66,0,User
50746,53,0,User
50748,66,0,User
50587,14,1,User
50806,59,0,User
50756,71,0,User
50888,12,1,User
50902,55,1,User
50849,53,0,User
50785,31,0,User
51068,43,1,User
50862,12,0,User
51114,69,0,User
51130,60,0,User
51133,17,1,User
51206,29,0,User
51247,12,1,User
51303,48,0,User
51349,12,1,User
51264,67,1,User
51298,55,0,User
51311,48,0,User
51381,38,0,User
51465,12,0,User
51544,66,0,User
51618,21,0,User
51754,64,0,User
51782,66,1,User
51727,14,0,User
51659,52,0,User
51798,64,1,User
51769,64,1,User
51863,41,0,User
51931,55,1,User
51775,91,0,User
51936,31,1,User
51852,53,1,User
52007,74,1,User
52066,60,0,User
52055,67,0,User
52041,69,0,User
51965,67,1,User
52005,64,0,User
52075,50,0,User
52113,45,0,User
52105,67,0,User
52117,14,0,User
52203,57,1,User
52246,48,0,User
52095,71,1,User
52282,78,0,User
52308,57,0,User
52124,52,0,User
52272,16,0,User
52287,76,1,User
52362,26,0,User
52417,45,0,User
52488,12,0,User
52518,67,1,User
52550,66,0,User
52494,34,0,User
52669,66,0,User
52727,76,1,User
52672,48,0,User
52657,57,0,User
52710,12,0,User
52955,67,0,User
52946,74,1,User
52961,50,1,User
53131,76,1,User
53125,59,0,User
53083,57,1,User
53066,48,0,User
53207,62,0,User
53239,72,0,User
53287,40,0,User
53248,60,1,User
53265,48,0,User
53363,12,0,User
53331,62,1,User
53446,19,1,User
53411,45,0,User
53375,26,0,User
53521,64,0,User
53325,12,1,User
53543,71,1,User
53611,71,1,User
53671,60,0,User
53556,79,0,User
53683,91,0,User
53652,66,1,User
53841,72,0,User
53699,62,0,User
53834,67,1,User
53729,66,1,User
53730,67,0,User
54005,26,0,User
54097,26,1,User
54142,12,0,User
54143,45,0,User
54158,48,1,User
54226,12,1,User
54242,71,1,User
54027,69,0,User
54202,67,0,User
54178,57,1,User
54377,12,1,User
54381,48,0,User
54224,67,0,User
54225,29,0,User
54343,53,0,User
54436,50,0,User
54462,60,1,User
54571,24,1,User
54502,67,1,User
54631,43,0,User
54563,16,1,User
54639,69,0,User
54737,22,0,User
54591,74,0,User
54739,41,1,User
54754,12,0,User
54641,72,0,User
54709,60,1,User
54772,21,0,User
54857,19,0,User
54809,28,1,User
54823,17,0,User
54876,41,1,User
54957,62,1,User
55012,48,0,User
55086,66,0,User
55192,12,0,User
55235,26,0,User
55384,74,1,User
55373,62,1,User
55534,78,1,User
55507,52,0,User
55547,64,0,User
55548,12,0,User
55406,72,1,User
55492,78,1,User
55539,60,1,User
55557,67,0,User
55637,64,0,User
55571,71,0,User
55641,86,0,User
55696,45,1,User
55758,41,0,User
55690,88,1,User
55659,67,1,User
55838,55,0,User
55840,40,0,User
55723,12,0,User
55854,69,0,User
55921,55,0,User
55867,43,1,User
55967,67,0,User
55905,74,1,User
55886,14,1,User
55949,12,0,User
56111,69,0,User
56113,66,1,User
55965,38,0,User
56240,12,0,User
56130,57,1,User
56235,57,0,User
56154,53,0,User
56459,48,0,User
56629,69,1,User
56577,50,1,User
56530,33,1,User
56693,34,0,User
56717,34,1,User
56718,12,0,User
56647,74,1,User
56721,14,0,User
56781,71,0,User
56654,47,0,User
56897,14,1,User
56740,62,1,User
56913,12,0,User
56887,67,1,User
56902,26,0,User
56757,57,0,User
56945,72,0,User
56962,64,1,User
56964,69,1,User
56966,57,0,User
56908,71,0,User
57069,59,0,User
56920,12,1,User
56925,21,0,User
56997,72,1,User
57197,36,0,User
57085,28,0,User
57219,50,1,User
57409,59,0,User
57254,40,0,User
57336,12,1,User
57481,72,0,User
57366,66,1,User
57456,57,1,User
57496,31,0,User
57497,72,0,User
57461,43,1,User
57541,47,1,User
57543,48,0,User
57555,48,1,User
57578,12,0,User
57692,12,1,User
57737,50,1,User
57639,66,0,User
57723,16,0,User
57701,64,1,User
57615,71,0,User
57813,26,0,User
57675,67,0,User
57747,60,0,User
57878,28,0,User
57809,81,0,User
57949,12,1,User
57966,43,0,User
57993,59,1,User
57940,93,0,User
57959,14,0,User
58050,34,1,User
58064,62,1,User
58110,21,1,User
58123,52,0,User
58252,62,1,User
58225,59,1,User
58238,29,0,User
58170,57,1,User
58229,12,0,User
58369,72,0,User
58365,62,1,User
58445,59,0,User
58402,66,1,User
58403,12,0,User
58385,67,0,User
58561,12,0,User
58410,38,0,User
58435,28,0,User
58568,47,1,User
58555,12,0,User
58666,84,0,User
58615,12,0,User
58497,69,0,User
58673,64,1,User
58657,36,0,User
58678,81,0,User
58773,67,0,User
58747,21,0,User
58605,12,1,User
58936,50,0,User
58952,29,0,User
58939,59,1,User
58971,69,1,User
59006,69,1,User
59122,12,1,User
59150,47,0,User
59098,12,0,User
59206,31,1,User
59126,95,1,User
59079,19,0,User
59218,64,0,User
59388,79,0,User
59409,72,0,User
59451,48,0,User
59554,55,1,User
59370,57,0,User
59487,12,1,User
59562,29,0,User
59629,48,0,User
59584,41,0,User
59666,72,0,User
59592,62,0,User
59809,71,0,User
59781,64,0,User
59795,60,1,User
59816,14,0,User
59995,40,0,User
59906,64,0,User
59934,71,0,User
60091,34,1,User
59760,45,1,User
59954,16,1,User
60142,55,1,User
60206,36,1,User
60248,14,0,User
60324,62,1,User
60410,71,1,User
60342,14,0,User
60419,12,1,User
60486,59,0,User
60518,38,0,User
60529,12,1,User
60546,62,1,User
60547,62,1,User
60506,57,0,User
60561,12,0,User
60539,55,1,User
60474,55,1,User
60682,12,1,User
60894,12,0,User
60913,12,0,User
61069,67,0,User
61039,14,1,User
61103,40,1,User
61145,12,1,User
61077,45,0,User
61109,52,0,User
61148,16,0,User
61231,62,1,User
61161,71,0,User
61263,55,0,User
61238,16,0,User
61185,69,1,User
61266,74,0,User
61241,74,1,User
61309,12,0,User
61268,14,0,User
61257,74,0,User
61442,12,0,User
61223,64,1,User
61424,12,0,User
61517,67,0,User
61362,72,1,User
61533,67,0,User
61547,45,1,User
61549,52,0,User
61621,62,1,User
61567,12,0,User
61666,16,1,User
61614,12,1,User
61542,33,1,User
61730,59,0,User
61665,59,0,User
61842,84,0,User
61858,12,0,User
61907,26,0,User
61966,90,1,User
62015,62,0,User
61990,14,0,User
62089,66,0,User
61960,71,0,User
62116,14,0,User
62148,22,1,User
62152,59,0,User
62036,69,1,User
62037,62,1,User
62068,69,0,User
62205,59,1,User
62311,62,1,User
62287,48,1,User
62235,12,0,User
62291,52,1,User
62315,14,0,User
62350,55,0,User
62389,84,1,User
62461,72,0,User
62407,12,1,User
62391,71,0,User
62523,12,0,User
62368,69,1,User
62475,71,1,User
62564,53,0,User
62626,71,0,User
62526,60,0,User
62533,71,1,User
62577,71,1,User
62650,12,1,User
62516,78,1,User
62621,84,0,User
62821,59,0,User
62799,12,0,User
62829,90,1,User
62726,52,0,User
62874,24,0,User
63032,72,1,User
62964,71,1,User
62843,64,1,User
63153,12,1,User
63228,45,0,User
62849,21,0,User
63161,16,1,User
63149,69,0,User
63302,12,1,User
63117,69,1,User
63380,71,0,User
63393,66,1,User
63270,21,1,User
63387,16,0,User
63434,72,1,User
63511,34,1,User
63528,52,0,User
63412,22,1,User
63460,88,1,User
63443,12,1,User
63561,84,0,User
63580,64,1,User
63505,60,1,User
63585,33,1,User
63491,31,1,User
63669,47,0,User
63688,12,0,User
63744,53,0,User
63874,21,0,User
63818,62,1,User
63771,74,0,User
63890,60,0,User
63884,12,0,User
63912,72,1,User
64051,53,0,User
64066,48,0,User
64072,52,1,User
63955,71,1,User
64128,91,0,User
64018,12,1,User
64043,84,0,User
64216,16,0,User
64177,21,0,User
64184,64,1,User
64416,69,1,User
64520,69,1,User
64536,53,0,User
64329,71,0,User
64538,14,0,User
64684,60,0,User
64741,64,1,User
64634,24,1,User
64672,71,1,User
64691,33,0,User
64664,74,1,User
64747,45,0,User
64709,55,1,User
64762,66,1,User
64850,66,1,User
64898,12,1,User
64908,66,1,User
65058,14,1,User
64975,69,1,User
65021,16,0,User
65080,12,1,User
65081,12,0,User
65125,64,1,User
65167,62,0,User
65269,67,0,User
65144,26,1,User
65145,45,0,User
65359,84,1,User
65476,59,1,User
65411,71,1,User
65394,69,1,User
65566,69,0,User
65687,98,0,User
65545,26,1,User
65615,43,0,User
65665,14,0,User
65691,59,0,User
65565,59,0,User
65610,71,1,User
65722,59,1,User
65835,34,0,User
65838,33,0,User
66020,76,1,User
65891,79,1,User
65895,38,1,User
66091,33,0,User
65983,69,1,User
66094,71,1,User
66014,83,0,User
66126,66,1,User
66183,19,1,User
66214,31,1,User
66274,29,0,User
66257,14,0,User
66263,59,0,User
66351,12,0,User
66313,36,0,User
66397,60,1,User
66413,53,1,User
66424,67,1,User
66449,64,0,User
66504,74,0,User
66420,71,1,User
66631,60,0,User
66691,78,0,User
66565,71,1,User
66670,12,1,User
66766,69,0,User
66760,69,0,User
66761,72,1,User
66842,67,0,User
66793,72,0,User
66805,16,1,User
66981,71,1,User
67117,53,0,User
67131,71,0,User
67108,60,0,User
67123,12,0,User
67124,14,0,User
67356,66,0,User
67413,33,0,User
67429,57,0,User
67417,12,0,User
67303,66,0,User
67437,84,0,User
67511,36,1,User
67499,12,1,User
67586,17,1,User
67476,66,0,User
67710,67,1,User
67851,74,0,User
67879,12,1,User
67836,12,1,User
67915,28,1,User
67809,47,1,User
67785,74,0,User
67956,64,1,User
67996,60,1,User
68012,69,0,User
68025,67,0,User
68136,47,0,User
68211,57,0,User
68254,66,1,User
68256,19,1,User
68219,14,0,User
68272,71,1,User
68308,41,0,User
68294,12,1,User
68337,93,0,User
68432,67,0,User
68385,69,1,User
68452,66,1,User
68530,12,1,User
68619,95,0,User
68731,74,1,User
68732,64,1,User
68625,16,1,User
68811,24,1,User
68700,16,1,User
68728,74,0,User
68784,69,0,User
68736,14,0,User
68860,12,1,User
68805,12,1,User
69003,64,1,User
68974,72,0,User
69106,22,0,User
69108,72,0,User
69009,12,1,User
69149,36,1,User
69114,69,0,User
69120,71,0,User
69303,74,1,User
69206,79,0,User
69335,14,1,User
69328,12,0,User
69556,47,1,User
69588,31,0,User
69593,17,0,User
69487,28,1,User
69635,47,1,User
69706,88,1,User
69694,72,0,User
69721,57,1,User
69645,62,0,User
69733,71,0,User
69872,62,1,User
69773,81,0,User
69840,29,1,User
69927,79,0,User
70008,22,1,User
69968,52,1,User
70128,67,1,User
69942,64,0,User
70145,67,1,User
70034,79,0,User
70075,12,1,User
70090,81,1,User
70206,12,1,User
70336,55,0,User
70323,57,0,User
70245,64,0,User
70289,62,0,User
70320,26,0,User
70583,66,1,User
70670,22,0,User
70816,26,0,User
70747,59,0,User
70749,12,0,User
70835,100,0,User
70849,67,1,User
70779,57,0,User
70906,71,1,User
70725,60,1,User
70929,40,1,User
71013,28,0,User
70905,24,1,User
70918,60,0,User
70980,78,0,User
71009,36,1,User
71184,55,1,User
71140,52,0,User
71156,76,1,User
71327,72,0,User
71477,59,0,User
71471,12,1,User
71475,91,0,User
71383,64,1,User
71384,83,1,User
71583,12,1,User
71587,69,1,User
71513,50,1,User
71659,21,0,User
71519,71,1,User
71609,69,0,User
71635,45,0,User
71579,57,0,User
71749,97,0,User
71668,12,0,User
71763,12,1,User
71712,72,0,User
71821,14,0,User
71855,69,1,User
71856,66,0,User
71834,17,1,User
71773,12,1,User
71898,60,1,User
71874,60,0,User
71901,83,1,User
71875,40,1,User
72114,48,1,User
72154,55,0,User
72216,66,1,User
72217,55,0,User
72221,45,1,User
72030,72,1,User
72248,62,1,User
72188,69,1,User
72346,86,1,User
72234,12,0,User
72193,72,1,User
72392,50,1,User
72240,14,1,User
72473,81,1,User
72545,53,1,User
72428,90,1,User
72476,12,1,User
72485,62,0,User
72577,24,1,User
72399,88,1,User
72612,98,0,User
72593,62,1,User
72815,12,1,User
72754,83,0,User
72918,84,1,User
72946,71,0,User
72854,100,1,User
72905,53,1,User
72980,31,1,User
73053,88,1,User
72986,66,1,User
73038,76,1,User
73086,72,1,User
73179,69,0,User
73218,12,0,User
73262,12,1,User
73263,12,1,User
73291,90,0,User
73155,29,1,User
73323,72,1,User
73257,12,0,User
73328,60,0,User
73170,21,1,User
73395,43,0,User
73418,40,0,User
73464,59,0,User
73577,36,0,User
73624,47,0,User
73666,14,1,User
73610,69,1,User
73544,81,1,User
73747,52,1,User
73733,74,0,User
73792,90,1,User
73892,31,0,User
73906,83,0,User
74038,69,1,User
74061,78,1,User
74003,14,1,User
74146,12,1,User
74112,12,0,User
74166,66,0,User
74154,12,1,User
74156,62,0,User
74238,53,1,User
74244,52,0,User
74387,64,0,User
74295,12,0,User
74436,72,1,User
74412,90,1,User
74201,38,0,User
74521,74,1,User
74430,22,1,User
74610,79,0,User
74623,12,0,User
74713,14,1,User
74699,40,0,User
74959,55,1,User
74869,67,0,User
74820,43,0,User
74889,29,0,User
75033,72,1,User
75055,72,1,User
75127,72,1,User
75218,38,0,User
75135,66,0,User
75177,12,1,User
75248,67,0,User
75395,71,1,User
75283,59,1,User
75300,24,1,User
75442,12,1,User
75417,62,1,User
75473,71,1,User
75557,59,1,User
75449,26,0,User
75430,43,1,User
75572,67,0,User
75580,83,1,User
75639,74,1,User
75671,79,0,User
75588,64,1,User
75655,43,1,User
75860,19,0,User
75978,62,1,User
75806,74,1,User
75989,12,0,User
75990,53,1,User
76070,69,1,User
76172,21,0,User
76160,53,1,User
76056,28,1,User
76057,67,1,User
76050,78,0,User
76149,60,1,User
76200,60,0,User
76211,67,1,User
76135,62,1,User
76264,16,1,User
76277,24,0,User
76371,81,1,User
76390,69,0,User
76284,62,1,User
76425,60,0,User
76561,24,0,User
76553,22,1,User
76407,12,1,User
76408,12,1,User
76534,74,1,User
76539,71,1,User
76652,45,1,User
76693,29,1,User
76694,66,0,User
76807,67,0,User
76836,71,0,User
76922,16,0,User
76873,64,1,User
76944,53,1,User
77027,47,1,User
76785,57,1,User
76899,14,1,User
77019,67,1,User
77035,22,1,User
77177,57,1,User
77210,55,1,User
77170,12,1,User
77128,28,1,User
77229,71,1,User
77314,76,0,User
77291,67,0,User
77306,71,1,User
77447,50,0,User
77424,12,0,User
77439,62,0,User
77370,60,1,User
77581,72,1,User
77584,71,0,User
77531,60,0,User
77576,64,0,User
77675,40,1,User
77355,26,0,User
77812,12,1,User
77881,14,0,User
77912,74,1,User
77845,64,0,User
77941,66,1,User
77903,12,1,User
77889,62,0,User
77872,64,1,User
77978,67,0,User
78092,12,0,User
78069,71,1,User
78070,21,0,User
78129,62,1,User
78131,69,0,User
78043,64,0,User
78158,47,1,User
78168,12,1,User
78147,66,1,User
78248,26,0,User
78297,57,1,User
78298,24,1,User
78400,90,0,User
78408,60,1,User
78542,62,0,User
78530,69,1,User
78453,69,0,User
78587,71,1,User
78447,50,1,User
78624,66,1,User
78464,86,0,User
78725,69,1,User
78800,14,1,User
78690,67,1,User
78844,12,1,User
78730,69,0,User
78874,55,1,User
78847,71,1,User
78836,83,1,User
78838,67,1,User
78849,66,1,User
78946,67,1,User
78979,59,0,User
78956,74,1,User
78966,48,1,User
78969,12,1,User
78999,14,1,User
79130,71,1,User
79146,78,0,User
79195,52,1,User
79209,78,1,User
79197,12,1,User
79092,76,1,User
79341,17,0,User
79326,14,0,User
79254,40,0,User
79256,74,0,User
79361,55,0,User
79439,60,1,User
79473,72,1,User
79313,14,1,User
79314,67,1,User
79482,57,0,User
79579,21,0,User
79580,41,0,User
79741,14,0,User
79643,79,1,User
79727,53,1,User
79557,60,1,User
79663,53,0,User
79769,16,0,User
79862,19,1,User
79678,50,0,User
79795,47,1,User
79783,40,1,User
79871,81,0,User
80012,36,1,User
80027,19,0,User
79830,57,1,User
80088,12,0,User
79990,12,0,User
79934,62,1,User
80108,62,1,User
80279,83,1,User
80316,34,0,User
80112,40,1,User
80431,64,1,User
80345,12,1,User
80445,53,1,User
80495,86,1,User
80502,66,1,User
80635,60,0,User
80688,83,0,User
80679,43,0,User
80640,48,1,User
80766,53,1,User
80725,71,1,User
80823,12,0,User
80711,71,1,User
80790,21,1,User
80842,24,0,User
80853,12,1,User
80855,78,1,User
80869,60,0,User
80817,55,0,User
81003,66,0,User
80773,72,1,User
80991,12,0,User
81020,29,0,User
80923,69,1,User
80948,66,1,User
81000,81,0,User
80953,74,0,User
81013,45,1,User
81127,66,1,User
81169,72,0,User
81243,69,0,User
81265,81,0,User
81308,41,0,User
81349,71,0,User
81452,12,1,User
81438,74,1,User
81508,12,1,User
81403,66,1,User
81404,26,1,User
81411,64,0,User
81588,72,1,User
81531,81,1,User
81519,12,0,User
81622,41,0,User
81612,60,1,User
81653,90,1,User
81725,66,1,User
81728,55,1,User
81682,79,0,User
81658,66,1,User
81812,62,0,User
81872,64,0,User
81875,12,0,User
82009,66,1,User
81982,12,0,User
81988,69,1,User
82203,28,1,User
82119,41,1,User
82199,69,1,User
82292,12,1,User
82278,64,1,User
82309,16,1,User
82312,12,1,User
82209,16,0,User
82398,81,1,User
82305,71,1,User
82272,67,0,User
82340,67,1,User
82315,22,1,User
82317,12,1,User
82471,12,0,User
82228,90,1,User
82491,72,0,User
82524,12,0,User
82653,57,1,User
82644,62,1,User
82710,12,0,User
82831,14,1,User
82792,62,1,User
82750,78,0,User
82952,62,0,User
82955,66,1,User
82911,19,0,User
82944,67,0,User
82903,76,1,User
83058,29,0,User
82920,55,1,User
83108,69,1,User
83206,74,1,User
83141,48,1,User
83182,74,1,User
83171,76,0,User
83150,60,0,User
83154,69,0,User
83360,62,1,User
83158,57,1,User
83342,67,0,User
83203,28,1,User
83420,66,0,User
83320,83,1,User
83524,64,1,User
83454,34,0,User
83436,53,1,User
83460,45,0,User
83598,69,1,User
83545,28,0,User
83646,59,1,User
83704,60,1,User
83562,53,0,User
83699,31,1,User
83748,74,1,User
83749,50,0,User
83663,28,1,User
83870,55,1,User
83873,14,0,User
84002,38,0,User
83833,57,0,User
83975,12,1,User
84084,83,0,User
84086,28,0,User
83995,57,0,User
84059,74,0,User
84188,69,1,User
84172,21,1,User
84141,17,0,User
84098,55,1,User
84312,64,0,User
84282,76,1,User
84357,78,1,User
84285,55,1,User
84497,81,0,User
84512,16,1,User
84602,52,0,User
84562,62,0,User
84539,12,0,User
84628,12,1,User
84658,71,1,User
84789,12,1,User
84816,69,1,User
84905,66,1,User
84900,74,1,User
84930,74,0,User
84999,59,1,User
85041,19,1,User
84986,67,1,User
84914,59,1,User
84869,36,1,User
85207,48,0,User
85249,45,1,User
85176,22,1,User
85179,12,0,User
85258,72,1,User
85284,74,1,User
85288,22,0,User
85395,69,0,User
85512,62,1,User
85700,71,0,User
85672,47,0,User
85756,31,0,User
85657,24,0,User
85658,17,1,User
85692,72,0,User
85805,71,0,User
85785,48,1,User
85717,62,0,User
85927,72,0,User
86044,28,0,User
86048,40,1,User
86091,69,1,User
86036,71,1,User
86053,64,1,User
86007,17,0,User
86010,69,1,User
85980,55,0,User
86138,62,0,User
86186,45,0,User
86141,60,1,User
86155,36,0,User
86158,45,0,User
86287,74,1,User
86292,69,1,User
86334,52,0,User
86394,12,1,User
86364,81,1,User
86218,31,0,User
86507,53,0,User
86496,72,0,User
86540,53,1,User
86555,69,0,User
86513,71,0,User
86501,79,0,User
86612,17,0,User
86602,41,0,User
86657,59,0,User
86565,34,1,User
86672,79,1,User
86705,14,1,User
86662,26,0,User
86755,17,0,User
86824,64,0,User
86908,21,1,User
86909,16,0,User
87018,67,1,User
86874,66,1,User
86940,21,1,User
87109,74,1,User
87166,31,0,User
87060,60,1,User
87098,12,1,User
87100,22,0,User
86880,64,1,User
87208,79,0,User
87287,19,0,User
87297,22,0,User
87298,69,0,User
87135,66,0,User
87466,62,1,User
87527,66,1,User
87520,41,1,User
87544,48,1,User
87415,72,1,User
87417,71,0,User
87459,62,0,User
87678,12,0,User
87722,78,1,User
87695,31,0,User
87739,69,0,User
87614,71,0,User
87812,14,0,User
87731,71,1,User
87800,12,0,User
87801,12,1,User
87795,47,1,User
87916,43,0,User
87847,57,0,User
87808,16,1,User
87809,24,0,User
87881,40,1,User
87994,14,1,User
88007,74,1,User
87825,71,1,User
87905,69,1,User
88069,78,0,User
88083,52,0,User
88012,71,1,User
87937,84,0,User
88073,40,1,User
88167,14,0,User
88035,14,1,User
88294,59,1,User
88351,62,0,User
88354,59,0,User
88273,12,0,User
88319,26,0,User
88442,69,0,User
88241,86,0,User
88489,17,1,User
88448,60,0,User
88508,14,0,User
88636,22,0,User
88434,78,0,User
88617,12,0,User
88604,14,1,User
88670,59,1,User
88659,19,1,User
88676,67,1,User
88788,52,1,User
88725,12,1,User
88798,76,1,User
88984,40,1,User
88905,67,0,User
89080,55,0,User
89228,79,0,User
89238,60,1,User
89154,55,1,User
89085,81,0,User
89189,59,1,User
89215,76,1,User
89202,21,0,User
89328,38,0,User
89380,14,0,User
89438,67,0,User
89336,64,0,User
89400,69,1,User
89445,34,1,User
89555,62,0,User
89630,17,0,User
89562,66,0,User
89580,12,1,User
89807,74,1,User
89842,60,0,User
89860,52,0,User
89989,14,1,User
89905,74,0,User
89878,74,0,User
90050,55,0,User
90054,22,1,User
90024,36,0,User
90094,81,1,User
90140,14,1,User
90182,12,0,User
90226,71,0,User
90258,74,1,User
90173,71,0,User
90178,50,1,User
90119,66,1,User
90396,69,1,User
90382,14,0,User
90368,62,0,User
90443,72,1,User
90355,71,1,User
90447,22,1,User
90281,31,1,User
90400,12,0,User
90401,19,1,User
90403,67,0,User
90472,64,0,User
90474,86,1,User
90490,12,1,User
90328,29,0,User
90518,67,1,User
90594,71,1,User
90595,76,1,User
90781,52,0,User
90610,72,0,User
90641,74,1,User
90822,43,0,User
90964,81,0,User
90952,74,0,User
91009,19,1,User
90983,48,1,User
91081,67,1,User
91119,14,0,User
91088,22,0,User
91162,79,0,User
91134,57,0,User
91140,52,1,User
91217,52,1,User
91122,50,0,User
91273,12,0,User
91366,72,1,User
91260,69,1,User
91487,69,0,User
91430,24,1,User
91393,21,0,User
91394,33,0,User
91465,22,1,User
91534,29,0,User
91496,69,1,User
91622,31,0,User
91673,22,0,User
91732,83,1,User
91748,86,1,User
91786,45,0,User
91675,71,0,User
91780,60,1,User
91662,16,0,User
91718,52,0,User
91789,12,0,User
91876,41,1,User
91723,24,0,User
91820,67,1,User
91865,36,0,User
91804,12,0,User
91924,14,0,User
91937,66,0,User
91941,64,0,User
91982,69,1,User
92003,60,0,User
91973,45,1,User
92120,59,0,User
92025,12,0,User
92113,57,0,User
92132,53,1,User
92211,71,1,User
92270,78,0,User
92243,71,1,User
92277,21,1,User
92317,66,1,User
92292,83,0,User
92187,64,1,User
92402,67,0,User
92340,71,1,User
92310,26,0,User
92458,79,0,User
92568,12,0,User
92581,34,0,User
92553,64,1,User
92473,19,0,User
92599,12,0,User
92766,16,0,User
92867,40,0,User
92972,17,0,User
92986,57,0,User
92948,66,0,User
92918,41,0,User
92894,69,1,User
93069,76,0,User
93136,12,1,User
93045,12,0,User
93131,91,1,User
93287,67,1,User
93333,16,1,User
93195,34,0,User
93393,12,0,User
93254,28,0,User
93255,74,1,User
93499,48,1,User
93327,60,0,User
93414,72,1,User
93488,74,0,User
93476,48,1,User
93329,12,0,User
93572,60,1,User
93578,66,0,User
93614,45,0,User
93666,12,1,User
93723,48,1,User
93770,72,1,User
93771,28,1,User
93831,66,1,User
93832,12,1,User
94006,45,1,User
93996,78,0,User
94059,60,1,User
94072,78,0,User
94130,91,1,User
94160,69,1,User
93974,52,1,User
94132,12,1,User
94118,40,0,User
94110,53,1,User
94148,60,0,User
94222,79,0,User
94139,62,0,User
94443,66,0,User
94431,76,0,User
94461,12,0,User
94474,74,1,User
94478,19,0,User
94518,81,0,User
94496,67,1,User
94271,12,1,User
94272,72,0,User
94349,78,1,User
94274,62,0,User
94611,16,0,User
94689,59,0,User
94704,34,0,User
94746,48,1,User
94748,41,0,User
94730,62,1,User
94803,72,0,User
94776,67,1,User
94846,22,0,User
94850,22,1,User
94930,36,0,User
94898,84,0,User
94912,45,1,User
94935,83,0,User
95103,28,1,User
95055,29,0,User
95062,48,0,User
95063,12,0,User
95092,69,0,User
95115,14,0,User
95130,57,0,User
95274,12,1,User
95213,59,0,User
95160,52,1,User
95169,43,0,User
95316,14,0,User
95184,12,0,User
95254,28,0,User
95174,12,0,User
95347,59,1,User
95189,78,1,User
95231,64,1,User
95380,14,1,User
95433,81,0,User
95492,79,0,User
95551,76,0,User
95538,64,1,User
95524,43,0,User
95501,22,0,User
95473,12,1,User
95571,69,0,User
95578,55,0,User
95532,64,0,User
95703,71,1,User
95704,60,0,User
95591,67,1,User
95768,29,0,User
95649,12,1,User
95836,50,1,User
95759,71,1,User
95833,71,0,User
95736,12,0,User
95957,16,0,User
95891,84,0,User
95744,29,1,User
95819,52,1,User
96005,60,0,User
96009,41,1,User
96011,52,1,User
96023,72,0,User
95997,47,1,User
96182,66,1,User
96090,71,1,User
96276,71,0,User
96255,45,1,User
96216,62,0,User
96356,62,1,User
96329,55,1,User
96149,12,0,User
96416,62,1,User
96499,62,1,User
96541,31,0,User
96445,14,1,User
96483,84,0,User
96560,88,0,User
96390,78,0,User
96510,17,0,User
96635,43,0,User
96575,66,0,User
96724,66,0,User
96739,60,1,User
96777,19,0,User
96687,12,0,User
96765,12,1,User
96904,12,0,User
96937,86,0,User
96952,19,0,User
97067,72,0,User
97055,24,0,User
96928,84,1,User
96984,16,0,User
97191,66,1,User
97228,55,1,User
97108,28,0,User
97251,12,0,User
97322,14,1,User
97369,43,1,User
97385,41,1,User
97313,69,1,User
97488,67,1,User
97421,47,0,User
97589,29,1,User
97711,12,1,User
97633,17,1,User
97720,69,1,User
97677,66,1,User
97745,19,0,User
97817,12,1,User
97782,69,1,User
97737,12,1,User
97842,69,0,User
97925,16,0,User
97929,64,0,User
97944,22,1,User
98005,79,1,User
98088,76,0,User
97976,76,0,User
97889,14,1,User
98075,12,0,User
98136,93,0,User
98025,12,0,User
98258,50,0,User
98329,52,0,User
98173,72,1,User
98378,67,0,User
98433,72,0,User
98407,62,0,User
98366,66,1,User
98477,71,0,User
98492,24,1,User
98513,48,0,User
98501,88,0,User
98293,17,0,User
98505,12,0,User
98611,64,1,User
98574,29,1,User
98623,78,1,User
98839,28,1,User
98852,31,0,User
98753,14,1,User
98977,12,0,User
99047,48,1,User
99023,55,0,User
99037,67,0,User
99168,19,0,User
99143,71,1,User
99333,53,1,User
99297,83,1,User
99366,62,0,User
99414,71,1,User
99473,12,1,User
99458,66,1,User
99420,66,1,User
99537,14,1,User
99613,66,1,User
99757,16,0,User
99829,12,0,User
99821,62,1,User
99874,12,0,User
99889,12,1,User
99743,74,0,User
99906,21,0,User
99943,12,0,User
100038,12,0,User
99989,52,1,User
100054,12,1,User
100017,79,1,User
100308,74,0,User
100299,72,1,User
100184,59,1,User
100341,12,1,User
100342,22,1,User
100109,43,0,User
100442,29,0,User
100416,31,0,User
100495,69,0,User
100477,55,1,User
100577,48,1,User
100511,60,1,User
100621,59,0,User
100518,59,0,User
100583,14,0,User
100659,83,0,User
100589,21,0,User
100726,21,0,User
100601,76,0,User
100639,76,0,User
100801,12,1,User
100784,55,0,User
100706,55,0,User
100878,78,0,User
100936,12,0,User
100854,64,0,User
100943,64,1,User
100928,69,1,User
100827,72,0,User
101029,60,0,User
101030,50,1,User
101116,67,1,User
101062,14,0,User
101153,62,0,User
101124,40,1,User
101156,36,0,User
101082,93,1,User
101185,12,1,User
101199,72,0,User
101216,28,0,User
101328,72,0,User
101336,74,0,User
101294,59,1,User
101380,50,0,User
101418,60,1,User
101496,52,1,User
101415,66,1,User
101599,12,0,User
101602,69,1,User
101671,57,0,User
101702,55,1,User
101853,12,1,User
101859,60,1,User
101811,12,1,User
101817,12,0,User
101920,12,1,User
101891,83,0,User
102021,36,1,User
102102,71,1,User
102218,64,0,User
102192,17,0,User
102258,12,1,User
102261,69,1,User
102380,12,1,User
102384,52,0,User
102386,43,0,User
102248,62,0,User
102375,69,0,User
102250,12,0,User
102360,47,0,User
102444,57,1,User
102485,66,0,User
102515,66,1,User
102448,31,0,User
102516,78,1,User
102557,52,1,User
102503,57,1,User
102588,19,1,User
102524,48,1,User
102525,66,0,User
102608,62,1,User
102710,66,1,User
102686,12,0,User
102644,74,0,User
102690,71,0,User
102816,72,1,User
102872,12,1,User
102947,55,0,User
102954,12,0,User
103105,12,0,User
103172,22,0,User
103131,45,1,User
103079,67,0,User
103366,72,1,User
103368,55,1,User
103271,41,0,User
103370,74,0,User
103428,53,1,User
103418,12,1,User
103431,12,0,User
103317,76,0,User
103394,43,0,User
103568,33,0,User
103554,66,0,User
103642,67,1,User
103629,47,1,User
103675,62,1,User
103772,67,0,User
103733,36,0,User
103801,48,1,User
103746,67,1,User
103661,26,0,User
103861,43,0,User
103776,14,0,User
103877,47,1,User
103793,64,1,User
103828,22,0,User
103899,71,1,User
103890,64,0,User
103951,86,0,User
103984,12,0,User
104012,14,1,User
104030,52,0,User
104086,78,0,User
104047,66,1,User
104002,67,1,User
104134,53,1,User
104051,64,0,User
103993,34,0,User
103994,62,1,User
104231,72,0,User
104269,17,1,User
104403,64,0,User
104418,76,1,User
104292,69,0,User
104464,21,1,User
104457,83,0,User
104439,71,1,User
104542,60,0,User
104543,76,0,User
104471,26,0,User
104604,62,0,User
104606,47,1,User
104484,59,0,User
104623,55,1,User
104694,43,1,User
104725,45,0,User
104779,45,1,User
104755,64,1,User
104855,66,0,User
104793,50,1,User
104768,53,1,User
104858,12,1,User
104941,14,0,User
104895,59,0,User
104957,79,0,User
104931,53,0,User
104976,60,1,User
104978,50,1,User
104862,33,1,User
105008,72,0,User
104970,66,1,User
105096,16,1,User
104955,69,1,User
105015,57,1,User
105242,12,0,User
105209,47,1,User
105228,12,1,User
105268,62,0,User
105363,36,1,User
105295,74,0,User
105308,12,1,User
105277,12,1,User
105237,12,0,User
105329,69,0,User
105284,33,0,User
105556,67,0,User
105492,64,0,User
105696,14,1,User
105775,62,1,User
105682,12,1,User
105735,69,0,User
105794,57,0,User
105831,12,1,User
105861,21,1,User
105995,59,0,User
105865,64,0,User
105949,43,1,User
106069,21,1,User
106071,57,1,User
105882,12,1,User
106016,12,0,User
106115,64,1,User
106143,57,1,User
105960,64,0,User
106101,14,1,User
106123,59,0,User
106240,12,1,User
106309,50,1,User
106323,36,0,User
106224,66,0,User
106294,47,0,User
106286,38,1,User
106457,36,1,User
106275,60,1,User
106517,50,1,User
106568,74,0,User
106542,86,0,User
106690,12,0,User
106575,12,1,User
106772,57,0,User
106743,21,1,User
106808,43,0,User
106851,48,0,User
106893,86,0,User
106867,72,0,User
106840,59,1,User
106950,12,0,User
106955,40,0,User
107177,16,0,User
107195,31,0,User
107223,67,1,User
106964,12,1,User
107298,14,0,User
107311,59,1,User
107371,36,0,User
107362,12,1,User
107159,59,0,User
107262,50,1,User
107307,53,1,User
107426,59,0,User
107353,74,0,User
107473,74,0,User
107502,26,0,User
107503,62,0,User
107659,64,1,User
107545,74,0,User
107762,88,1,User
107764,64,1,User
107738,84,0,User
107816,12,0,User
107757,59,0,User
107905,69,1,User
107918,72,0,User
108093,12,0,User
108107,16,1,User
108095,69,1,User
108111,59,0,User
108068,71,1,User
108118,16,0,User
108263,12,0,User
108265,40,0,User
108222,66,0,User
108346,88,1,User
108288,62,1,User
108304,79,0,User
108409,69,1,User
108299,36,0,User
108424,60,1,User
108470,12,0,User
108498,72,0,User
108444,62,1,User
108541,14,1,User
108433,66,1,User
108403,60,1,User
108572,57,1,User
108588,14,1,User
108492,43,1,User
108494,71,0,User
108603,52,0,User
108480,12,0,User
108564,60,1,User
108727,33,0,User
108786,66,1,User
108672,12,0,User
108776,17,0,User
108875,16,1,User
108952,26,0,User
108837,31,1,User
108847,86,1,User
109006,24,1,User
108953,60,0,User
109145,67,0,User
109324,48,0,User
109210,83,1,User
109340,76,0,User
109386,59,1,User
109432,50,0,User
109348,31,0,User
109438,59,0,User
109563,55,0,User
109651,43,0,User
109600,28,0,User
109630,71,1,User
109620,12,0,User
109876,12,1,User
109721,45,1,User
109909,48,0,User
109798,16,1,User
109945,76,1,User
109970,36,1,User
110025,17,1,User
110034,64,0,User
110059,22,1,User
109979,59,1,User
110067,71,1,User
110178,17,0,User
110193,60,1,User
110170,59,0,User
110236,71,1,User
110268,53,1,User
110269,69,1,User
110270,48,1,User
110190,83,1,User
110257,34,1,User
110220,66,1,User
110307,59,1,User
110275,36,1,User
110277,60,1,User
110316,72,0,User
110438,76,1,User
110385,76,0,User
110337,52,1,User
110467,60,1,User
110498,59,1,User
110441,67,1,User
110558,22,0,User
110571,38,0,User
110629,67,1,User
110765,66,1,User
110648,16,0,User
110754,17,0,User
110653,67,1,User
110885,12,1,User
110819,62,1,User
110843,17,0,User
110844,71,0,User
111018,12,1,User
110978,57,0,User
110948,28,0,User
111053,69,1,User
111039,19,0,User
111139,69,1,User
111286,47,0,User
111171,64,0,User
111288,64,0,User
111175,79,0,User
111322,81,1,User
111294,67,1,User
111282,81,0,User
111338,22,0,User
111343,79,0,User
111543,71,1,User
111545,72,1,User
111595,36,0,User
111679,12,1,User
111649,74,1,User
111650,41,0,User
111708,67,1,User
111682,67,1,User
111893,33,0,User
111948,72,1,User
111761,67,1,User
112037,47,0,User
111943,67,1,User
112010,66,0,User
112015,62,1,User
112004,29,0,User
112142,78,0,User
112016,67,1,User
112236,16,0,User
112340,12,1,User
112315,67,0,User
112370,69,0,User
112446,67,1,User
112450,38,1,User
112380,33,0,User
112464,12,1,User
112509,53,1,User
112564,38,0,User
112775,38,1,User
112853,78,1,User
112907,31,0,User
112939,71,1,User
112951,43,0,User
112842,78,0,User
112986,60,1,User
113014,16,1,User
112903,14,0,User
112977,62,1,User
113018,69,0,User
113029,67,1,User
113036,48,1,User
113044,66,0,User
113152,12,0,User
113209,12,1,User
113188,31,1,User
113145,12,1,User
113259,33,1,User
113115,40,0,User
113371,12,1,User
113387,64,0,User
113401,12,1,User
113435,12,0,User
113426,36,1,User
113381,78,1,User
113437,83,1,User
113465,69,0,User
113526,16,1,User
113585,12,1,User
113622,43,1,User
113702,66,1,User
113750,62,1,User
113666,59,0,User
113706,12,1,User
113851,12,0,User
113866,57,1,User
113843,41,0,User
113700,88,1,User
113861,12,0,User
113930,76,0,User
113862,74,0,User
113800,22,0,User
114067,67,0,User
113966,69,1,User
114152,26,1,User
114165,62,0,User
114100,12,0,User
114346,16,0,User
114193,43,1,User
114392,79,0,User
114436,71,1,User
114441,41,0,User
114454,12,1,User
114468,40,0,User
114483,81,0,User
114486,43,0,User
114478,12,0,User
114503,12,1,User
114618,34,0,User
114419,26,0,User
114676,71,0,User
114708,36,0,User
114565,28,0,User
114687,16,1,User
114906,12,0,User
114979,57,0,User
114833,12,0,User
115015,31,1,User
114926,50,1,User
114839,12,0,User
115053,55,0,User
115054,66,1,User
114956,57,0,User
115042,81,0,User
115093,43,0,User
115152,69,1,User
115323,71,1,User
115326,45,1,User
115327,62,1,User
115329,64,0,User
115270,12,0,User
115256,12,0,User
115383,50,1,User
115365,66,0,User
115345,78,0,User
115476,12,1,User
115394,14,0,User
115547,72,1,User
115421,59,0,User
115455,31,1,User
115610,33,1,User
115497,55,0,User
115640,71,1,User
115513,14,0,User
115714,14,1,User
115528,21,1,User
115812,12,0,User
115680,81,1,User
115861,71,1,User
115864,12,1,User
115850,55,0,User
115966,52,0,User
115993,38,0,User
116176,50,0,User
116039,81,1,User
116196,29,0,User
116178,12,1,User
116127,40,1,User
116301,14,0,User
116068,71,1,User
116333,55,0,User
116069,12,1,User
116233,60,0,User
116446,50,0,User
116247,76,0,User
116250,66,1,User
116439,45,1,User
116498,14,0,User
116626,14,1,User
116778,53,1,User
116722,59,1,User
116798,71,0,User
116823,21,1,User
116787,16,1,User
116828,12,0,User
116889,47,1,User
116877,29,1,User
117034,26,0,User
117036,12,0,User
117101,21,0,User
116980,53,0,User
117186,78,1,User
117150,21,1,User
117075,57,0,User
117407,21,1,User
117246,12,1,User
117417,74,0,User
117323,83,1,User
117485,72,0,User
117469,12,1,User
117420,19,1,User
117563,41,1,User
117589,71,1,User
117661,62,1,User
117570,52,0,User
117653,64,1,User
117606,12,1,User
117667,64,0,User
117782,14,1,User
117654,12,0,User
117783,64,0,User
117829,62,0,User
117673,69,1,User
117787,34,0,User
117866,22,0,User
117992,19,0,User
117883,71,0,User
117825,48,0,User
118040,12,0,User
118083,67,0,User
118041,14,0,User
118109,29,0,User
118156,24,1,User
118069,59,0,User
118070,52,1,User
118163,69,0,User
118091,14,0,User
118280,12,0,User
118283,64,0,User
118293,60,0,User
118254,52,0,User
118414,14,0,User
118405,17,1,User
118578,62,0,User
118565,12,1,User
118526,67,0,User
118589,48,1,User
118662,31,0,User
118724,41,1,User
118778,36,0,User
118925,52,1,User
118926,60,1,User
118981,55,0,User
119018,69,0,User
119177,71,1,User
119225,12,0,User
119069,62,1,User
119112,16,0,User
119183,66,0,User
119365,57,0,User
119234,64,1,User
119421,72,0,User
119368,36,0,User
119470,57,0,User
119504,67,0,User
119581,66,0,User
119556,62,1,User
119528,16,1,User
119588,38,1,User
119606,69,1,User
119685,93,0,User
119791,64,1,User
119784,71,0,User
119818,14,0,User
119729,74,1,User
119873,60,0,User
119743,72,0,User
119888,62,0,User
119843,12,1,User
119935,71,0,User
119991,19,0,User
120023,66,1,User
120091,29,1,User
119984,67,1,User
120105,12,0,User
120051,28,0,User
120256,50,0,User
120189,66,1,User
120143,71,1,User
120302,53,0,User
120318,55,1,User
120207,59,1,User
120194,91,1,User
120354,60,0,User
120355,60,0,User
120460,71,0,User
120404,38,1,User
120586,12,0,User
120448,14,0,User
120577,52,0,User
120495,31,1,User
120507,16,1,User
120623,48,0,User
120751,47,0,User
120555,12,1,User
120753,50,0,User
120701,14,1,User
120764,88,1,User
120686,67,1,User
120778,67,0,User
120917,45,0,User
120932,67,0,User
120908,45,0,User
120894,41,0,User
120855,26,0,User
120967,12,1,User
120995,52,0,User
120950,84,0,User
121012,83,0,User
121085,14,0,User
121092,83,0,User
121105,64,0,User
121163,14,0,User
121046,31,1,User
121108,67,0,User
121151,78,1,User
121123,21,0,User
121154,57,1,User
121293,14,1,User
121295,43,0,User
121263,76,1,User
121390,66,1,User
121443,64,1,User
121476,66,1,User
121341,66,0,User
121421,43,0,User
121454,88,0,User
121455,67,0,User
121529,50,0,User
121530,62,0,User
121636,69,1,User
121566,16,0,User
121548,67,1,User
121696,59,1,User
121697,72,0,User
121654,60,1,User
121736,28,0,User
121837,50,0,User
121826,57,0,User
121750,59,0,User
121872,24,1,User
121889,67,1,User
122011,14,0,User
121903,57,0,User
121971,76,1,User
122073,12,0,User
122016,24,1,User
122131,14,0,User
121976,53,0,User
122139,12,0,User
122152,12,1,User
122282,55,1,User
122268,31,1,User
122341,53,0,User
122307,16,1,User
122423,33,1,User
122385,52,1,User
122508,47,0,User
122538,79,1,User
122539,60,0,User
122599,16,0,User
122677,60,1,User
122734,16,0,User
122806,41,0,User
122801,14,1,User
122745,53,0,User
122759,16,1,User
122961,67,0,User
122948,55,1,User
123028,60,1,User
123168,71,1,User
123198,36,0,User
123254,66,0,User
123270,22,0,User
123175,12,0,User
123392,14,1,User
123364,14,0,User
123389,38,0,User
123541,16,1,User
123458,50,0,User
123459,14,0,User
123360,33,0,User
123433,29,0,User
123558,69,0,User
123559,34,1,User
123588,29,1,User
123561,53,0,User
123646,62,1,User
123494,62,1,User
123633,64,0,User
123651,26,0,User
123699,64,1,User
123509,14,1,User
123705,12,1,User
123749,74,0,User
123841,19,0,User
123856,29,1,User
123871,12,0,User
123783,12,0,User
123902,52,0,User
123905,60,0,User
123851,50,0,User
123987,67,1,User
124111,71,1,User
124232,12,1,User
124194,79,1,User
124203,41,0,User
124196,67,1,User
124208,47,0,User
124357,12,1,User
124382,14,0,User
124340,76,0,User
124474,12,1,User
124531,12,0,User
124497,71,1,User
124435,12,0,User
124586,12,1,User
124589,59,0,User
124742,60,0,User
124618,45,1,User
124773,64,0,User
124760,41,0,User
124861,62,0,User
124765,28,1,User
124736,59,0,User
124898,60,0,User
124886,36,0,User
124993,60,1,User
125179,17,1,User
125061,12,0,User
125208,62,1,User
125120,66,0,User
125125,40,0,User
125341,12,1,User
125226,12,0,User
125403,74,0,User
125262,12,0,User
125506,19,1,User
125408,12,0,User
125429,71,1,User
125471,48,0,User
125612,12,0,User
125630,12,0,User
125608,74,1,User
125616,78,1,User
125748,62,1,User
125741,72,0,User
125807,60,0,User
125682,74,0,User
125794,67,0,User
125977,66,1,User
126056,12,0,User
126039,12,1,User
126062,69,0,User
126143,66,0,User
126169,21,1,User
126172,67,0,User
126173,67,0,User
126346,12,1,User
126251,12,0,User
126382,78,0,User
126384,47,0,User
126322,53,0,User
126451,12,0,User
126453,52,1,User
126412,60,1,User
126487,34,0,User
126573,57,1,User
126509,47,1,User
126606,86,1,User
126448,71,1,User
126621,43,1,User
126450,47,1,User
126654,88,1,User
126655,86,0,User
126675,64,1,User
126752,17,0,User
126766,16,0,User
126769,21,0,User
126863,57,0,User
126906,24,1,User
126705,43,0,User
126900,64,0,User
126930,66,0,User
127073,67,0,User
127168,71,1,User
127239,62,0,User
127325,66,0,User
127431,64,0,User
127362,12,1,User
127406,93,0,User
127502,12,1,User
127470,71,0,User
127298,12,0,User
127563,12,1,User
127564,17,1,User
127589,59,0,User
127617,59,0,User
127597,14,0,User
127685,66,1,User
127575,53,0,User
127747,62,0,User
127649,14,1,User
127690,12,1,User
127957,12,0,User
127969,83,1,User
127998,53,1,User
128027,34,1,User
127889,33,1,User
127822,57,1,User
128210,47,1,User
128211,14,0,User
128216,60,1,User
128190,16,1,User
128264,38,1,User
128307,12,1,User
128378,19,1,User
128479,64,0,User
128355,50,0,User
128588,36,1,User
128615,74,1,User
128663,64,0,User
128580,12,0,User
128669,26,0,User
128763,28,1,User
128946,71,0,User
128949,41,1,User
128978,69,0,User
128683,76,1,User
129151,57,1,User
129141,12,1,User
129099,45,0,User
129178,41,0,User
129299,57,1,User
129409,57,1,User
129454,69,1,User
129401,47,0,User
129485,12,0,User
129487,57,0,User
129589,64,0,User
129607,14,0,User
129535,71,0,User
129539,43,0,User
129553,64,1,User
129661,40,0,User
129509,72,1,User
129524,57,1,User
129479,12,0,User
129620,17,1,User
129480,71,0,User
129688,34,0,User
129731,14,1,User
129714,17,0,User
129716,12,0,User
129917,47,1,User
129720,66,1,User
129834,67,1,User
130129,12,0,User
129955,60,1,User
130157,67,0,User
130131,12,0,User
130173,62,1,User
130204,12,1,User
130101,55,0,User
130248,29,1,User
130193,64,1,User
130219,86,0,User
130167,72,0,User
130295,74,0,User
130297,59,1,User
130215,53,1,User
130433,67,1,User
130608,34,1,User
130602,40,0,User
130654,52,1,User
130675,36,1,User
130699,71,0,User
130756,14,1,User
130732,19,0,User
130943,12,1,User
131014,60,1,User
131028,12,0,User
131002,12,1,User
131032,53,0,User
130890,72,1,User
130991,66,0,User
131061,74,0,User
131136,69,1,User
131065,45,1,User
131193,12,0,User
130785,53,0,User
131252,64,0,User
131092,12,1,User
131231,12,0,User
131210,45,0,User
131128,12,1,User
131298,64,1,User
131310,21,0,User
131422,57,0,User
131553,71,0,User
131644,76,0,User
131425,12,0,User
131654,60,0,User
131733,74,0,User
131427,12,1,User
131723,67,1,User
131675,60,1,User
131711,69,0,User
131854,81,0,User
131870,71,0,User
131972,52,1,User
131936,12,1,User
131960,66,0,User
131948,45,1,User
132006,64,1,User
131756,78,0,User
131879,69,1,User
131988,60,0,User
132138,69,0,User
131994,41,0,User
131964,12,0,User
132141,64,1,User
132155,62,0,User
132040,12,0,User
132042,62,1,User
132146,66,1,User
132242,28,0,User
132261,41,0,User
132378,53,0,User
132324,12,0,User
132344,67,0,User
132444,88,1,User
132652,71,0,User
132653,14,0,User
132655,86,0,User
132699,57,1,User
132774,67,0,User
132857,66,0,User
132825,12,0,User
132964,64,1,User
132974,69,1,User
133047,74,0,User
133114,12,0,User
133188,12,0,User
133125,12,0,User
133269,12,0,User
133140,72,0,User
133229,69,1,User
133287,12,0,User
133399,69,0,User
133385,76,1,User
133335,52,0,User
133651,19,1,User
133496,83,0,User
133629,64,1,User
133630,67,1,User
133593,17,0,User
133788,83,1,User
133584,69,0,User
133734,62,0,User
133805,74,1,User
133923,66,0,User
133983,71,1,User
134131,83,0,User
134120,74,1,User
134020,64,1,User
134130,12,0,User
134137,28,0,User
134283,76,0,User
134286,12,0,User
134299,29,0,User
134348,26,1,User
134437,29,0,User
134389,67,1,User
134393,81,0,User
134483,34,0,User
134538,71,1,User
134469,22,1,User
134566,79,0,User
134626,12,0,User
134631,62,1,User
134687,93,0,User
134676,12,0,User
134719,67,1,User
134731,36,0,User
134779,26,0,User
134851,41,0,User
134820,90,0,User
134738,67,1,User
134862,31,0,User
134867,12,1,User
134863,84,0,User
134805,12,0,User
134873,12,0,User
135007,47,0,User
134938,71,0,User
135057,53,0,User
135101,66,1,User
135155,12,0,User
135247,64,0,User
135357,43,0,User
135359,60,1,User
135383,50,1,User
135529,64,0,User
135616,64,1,User
135416,67,0,User
135514,33,1,User
135494,67,1,User
135582,67,0,User
135723,55,0,User
135695,31,0,User
135521,67,0,User
135636,16,0,User
135640,55,1,User
135718,52,0,User
135720,48,1,User
135812,12,0,User
135759,48,0,User
135841,34,0,User
135931,43,1,User
135991,14,1,User
135992,57,1,User
135938,66,1,User
135909,74,1,User
136040,76,1,User
136031,47,1,User
135983,78,0,User
136099,67,1,User
135997,50,1,User
135957,83,0,User
135998,16,1,User
136232,50,1,User
136154,74,0,User
136303,66,1,User
136318,67,1,User
136441,52,1,User
136496,55,0,User
136463,28,0,User
136610,14,1,User
136573,71,0,User
136644,43,0,User
136645,64,1,User
136617,55,1,User
136525,36,0,User
136700,66,0,User
136581,62,1,User
136469,71,0,User
136634,64,0,User
136818,29,1,User
136825,52,1,User
136680,57,1,User
136807,19,1,User
136795,79,1,User
136848,12,0,User
136964,62,1,User
136970,29,1,User
137020,53,1,User
136886,59,1,User
137194,67,0,User
137252,71,0,User
137203,72,0,User
137179,12,1,User
137314,81,0,User
137306,12,1,User
137294,76,1,User
137482,71,1,User
137425,78,1,User
137437,59,0,User
137456,76,1,User
137495,16,0,User
137633,57,0,User
137618,64,0,User
137731,57,1,User
137778,33,0,User
137694,67,1,User
137697,12,1,User
137545,53,1,User
137866,83,1,User
137797,66,1,User
137744,40,0,User
137905,62,1,User
137956,38,1,User
137958,14,1,User
137909,55,0,User
138035,31,1,User
138098,14,0,User
138015,43,0,User
138166,66,1,User
138117,57,1,User
138168,66,1,User
138199,66,0,User
138206,59,0,User
138272,78,1,User
138260,12,0,User
138266,12,1,User
138194,79,1,User
138232,53,1,User
138245,66,0,User
138341,33,1,User
138342,79,1,User
138378,36,1,User
138381,60,1,User
138386,71,1,User
138375,60,1,User
138512,55,0,User
138544,66,1,User
138616,66,1,User
138547,55,1,User
138603,41,0,User
138605,16,0,User
138516,64,1,User
138625,52,0,User
138626,69,1,User
138758,29,0,User
138773,19,1,User
138777,57,1,User
138829,66,0,User
138886,64,1,User
138875,41,0,User
138750,71,1,User
138892,53,1,User
138939,50,0,User
138868,45,0,User
138913,50,1,User
138970,69,0,User
138810,78,1,User
139023,72,0,User
139025,62,1,User
139111,71,1,User
139087,12,1,User
139205,66,1,User
139140,69,1,User
139047,57,0,User
139321,24,0,User
139213,38,0,User
139230,67,1,User
139355,64,0,User
139327,16,0,User
139125,78,1,User
139369,71,1,User
139349,59,0,User
139385,81,1,User
139375,41,0,User
139331,59,1,User
139305,38,1,User
139464,67,1,User
139466,16,0,User
139410,66,1,User
139579,33,1,User
139683,88,0,User
139741,26,1,User
139817,76,0,User
139951,12,0,User
139875,43,1,User
139960,69,0,User
140057,66,0,User
140060,22,0,User
139986,12,1,User
139974,41,1,User
140001,12,0,User
140095,28,1,User
140121,71,0,User
140174,78,1,User
140188,28,1,User
140202,67,1,User
140315,69,0,User
140316,34,0,User
140409,12,1,User
140365,64,0,User
140459,12,0,User
140499,28,1,User
140515,34,1,User
140604,67,1,User
140572,64,1,User
140636,31,0,User
140575,72,1,User
140546,66,0,User
140624,55,1,User
140853,62,1,User
140867,66,0,User
140856,83,0,User
140808,41,0,User
140822,66,1,User
140799,52,1,User
140976,66,0,User
140953,79,1,User
141093,69,0,User
141043,26,0,User
140994,78,1,User
141257,66,0,User
141287,60,1,User
141281,55,0,User
141381,14,0,User
141342,17,1,User
141374,28,0,User
141486,71,1,User
141195,16,1,User
141447,12,0,User
141707,76,1,User
141596,57,0,User
141635,66,0,User
141738,59,0,User
141655,28,0,User
141755,12,0,User
141746,48,1,User
141787,67,0,User
141832,74,1,User
141834,41,1,User
141964,12,1,User
141863,66,0,User
142083,69,1,User
142130,12,0,User
141979,14,0,User
142175,62,0,User
142065,55,0,User
142186,12,1,User
142194,67,0,User
142232,97,0,User
142273,12,1,User
142411,81,0,User
142457,16,1,User
142458,57,1,User
142401,36,0,User
142285,64,1,User
142462,59,1,User
142501,62,1,User
142410,66,0,User
142503,55,1,User
142536,36,0,User
142453,14,1,User
142601,22,0,User
142506,62,1,User
142424,40,0,User
142626,76,0,User
142530,60,1,User
142763,12,1,User
142672,81,1,User
142647,57,1,User
142848,86,0,User
142876,24,1,User
142877,69,1,User
142769,36,0,User
142896,17,0,User
142922,60,1,User
142915,12,1,User
142931,69,0,User
142933,60,0,User
142972,33,0,User
142843,22,0,User
143060,62,0,User
143116,33,1,User
142992,55,0,User
143194,41,1,User
143236,71,1,User
143036,21,0,User
143039,52,1,User
143213,36,1,User
143296,71,0,User
143126,12,1,User
143204,59,1,User
143279,62,0,User
143224,12,1,User
143308,84,0,User
143340,67,1,User
143449,74,1,User
143290,64,1,User
143292,64,1,User
143497,97,0,User
143536,72,1,User
143443,81,0,User
143523,12,1,User
143662,53,1,User
143605,57,1,User
143617,34,0,User
143769,12,1,User
143826,36,1,User
143843,14,1,User
143778,52,1,User
143898,64,0,User
143913,40,1,User
143830,74,1,User
143921,14,0,User
143987,12,1,User
143967,12,0,User
144140,12,0,User
144148,12,1,User
144301,12,0,User
144191,66,0,User
144044,12,0,User
144335,12,0,User
144161,28,1,User
144296,33,1,User
144511,12,0,User
144386,60,1,User
144284,74,1,User
144417,12,0,User
144543,74,1,User
144398,33,0,User
144477,60,1,User
144488,66,1,User
144598,38,1,User
144669,34,0,User
144770,17,0,User
144611,69,1,User
144717,12,0,User
144614,12,1,User
144734,29,0,User
144643,12,0,User
144778,67,1,User
144853,72,0,User
144992,67,1,User
144937,43,0,User
144971,12,0,User
144998,14,1,User
145028,66,0,User
145042,12,0,User
145193,36,1,User
145010,48,1,User
145416,78,0,User
145386,60,1,User
145222,12,0,User
145465,71,0,User
145477,76,1,User
145229,26,1,User
145579,43,0,User
145376,48,0,User
145485,79,1,User
145666,12,0,User
145662,12,0,User
145771,81,1,User
145746,14,1,User
145716,47,1,User
145675,50,0,User
145678,69,0,User
145895,22,0,User
145897,71,0,User
145823,40,0,User
146000,66,1,User
146013,57,0,User
145874,71,1,User
145945,60,1,User
146044,90,0,User
146020,53,0,User
146046,12,0,User
146021,69,0,User
145986,76,0,User
146023,71,1,User
146135,71,1,User
145993,43,1,User
146032,12,1,User
146150,12,1,User
146267,55,1,User
146113,62,0,User
146114,12,1,User
146240,81,0,User
146145,12,0,User
146314,12,1,User
146340,64,1,User
146482,45,0,User
146523,76,0,User
146538,48,0,User
146525,66,0,User
146351,17,0,User
146458,69,1,User
146498,53,1,User
146519,79,0,User
146627,64,1,User
146534,62,0,User
146505,31,1,User
146562,71,1,User
146608,66,0,User
146580,62,1,User
146821,60,0,User
146793,59,0,User
146620,12,1,User
146796,69,1,User
146782,90,1,User
146914,64,1,User
146775,14,0,User
146871,76,1,User
146873,76,1,User
146890,12,0,User
146980,67,0,User
147121,59,1,User
147051,71,1,User
146921,29,0,User
147094,72,1,User
147125,31,0,User
147075,59,0,User
147269,55,1,User
147280,60,1,User
147392,67,0,User
147448,69,0,User
147464,83,0,User
147330,66,1,User
147648,43,1,User
147597,33,0,User
147707,12,0,User
147652,24,0,User
147637,34,1,User
147709,74,0,User
147655,12,0,User
147674,40,0,User
147702,50,0,User
147827,12,0,User
147800,76,1,User
147629,69,1,User
147720,69,0,User
147933,36,1,User
147913,67,1,User
147926,40,1,User
148010,24,0,User
148030,48,0,User
148175,12,0,User
148131,60,0,User
148456,78,1,User
148405,67,1,User
148314,12,1,User
148463,12,1,User
148452,14,1,User
148479,47,1,User
148592,12,0,User
148423,24,1,User
148569,71,1,User
148541,12,1,User
148559,19,1,User
148528,33,0,User
148644,64,0,User
148435,12,1,User
148439,31,1,User
148804,64,0,User
148837,53,1,User
148877,16,1,User
148654,66,0,User
148982,14,1,User
148871,66,0,User
149027,21,0,User
148907,26,0,User
148889,66,0,User
149036,59,1,User
149116,12,0,User
149131,79,0,User
149207,60,1,User
149136,67,0,User
149200,66,1,User
149141,14,1,User
149319,55,1,User
149245,62,1,User
149337,62,1,User
149436,55,0,User
149396,64,0,User
149481,28,0,User
149495,69,1,User
149614,62,0,User
149549,60,1,User
149591,14,0,User
149517,69,1,User
149600,72,1,User
149731,12,1,User
149677,34,0,User
149609,69,0,User
149767,12,1,User
149773,31,1,User
149855,57,1,User
149858,53,0,User
149635,78,1,User
149927,29,1,User
149942,57,0,User
149835,60,1,User
149905,59,0,User
149964,93,1,User
150082,74,1,User
150152,52,1,User
149970,79,0,User
150013,74,1,User
150015,12,0,User
150165,62,0,User
150116,12,0,User
150261,12,0,User
150285,21,0,User
150254,50,1,User
150239,12,0,User
150175,62,1,User
150410,12,0,User
150454,14,0,User
150459,52,1,User
150516,34,1,User
150518,55,1,User
150573,62,1,User
150508,59,0,User
150401,64,1,User
150462,62,1,User
150632,52,0,User
150620,47,1,User
150766,28,0,User
150811,52,1,User
150553,62,0,User
150799,12,0,User
150629,62,1,User
150814,12,1,User
150857,12,0,User
150818,74,1,User
150889,64,0,User
150805,57,1,User
150820,84,1,User
150701,14,0,User
150824,71,1,User
150939,16,0,User
151056,14,1,User
151099,12,0,User
151019,64,1,User
151127,74,0,User
151062,83,0,User
151233,66,0,User
151221,72,1,User
151175,12,1,User
151227,16,1,User
151242,12,0,User
151255,14,0,User
151287,59,0,User
151324,24,0,User
151462,29,0,User
151348,64,1,User
151385,53,1,User
151390,64,0,User
151275,12,1,User
151580,57,0,User
151595,72,0,User
151487,14,0,User
151596,12,1,User
151613,52,0,User
151507,52,0,User
151705,69,1,User
151760,55,0,User
151771,78,0,User
151603,38,0,User
151647,76,1,User
151752,52,0,User
151876,72,0,User
151708,24,0,User
151884,88,0,User
151839,22,0,User
151887,78,1,User
151991,21,0,User
151963,16,1,User
152056,67,0,User
151785,17,1,User
152074,31,1,User
152077,60,1,User
152095,12,0,User
152113,76,1,User
152164,76,1,User
152199,69,0,User
152173,17,1,User
152220,71,0,User
152357,84,1,User
152306,34,1,User
152349,71,1,User
152382,41,0,User
152351,64,0,User
152384,12,0,User
152353,78,1,User
152551,21,0,User
152496,21,0,User
152500,71,1,User
152449,12,0,User
152656,12,0,User
152535,57,0,User
152748,41,0,User
152711,64,0,User
152714,66,0,User
152683,12,0,User
152805,28,0,User
152927,52,1,User
152826,34,0,User
152834,12,0,User
152835,47,1,User
152940,71,0,User
153048,12,0,User
153020,67,1,User
153101,62,0,User
153045,52,1,User
153012,67,0,User
153129,57,1,User
153197,12,0,User
153069,34,0,User
153201,12,0,User
153231,69,1,User
153267,76,0,User
153175,57,1,User
153218,19,1,User
153206,62,0,User
153239,59,0,User
153179,12,1,User
153162,52,1,User
153279,69,0,User
153417,12,0,User
153283,69,0,User
153519,19,1,User
153590,57,0,User
153580,59,1,User
153605,45,1,User
153723,84,1,User
153789,88,0,User
153694,24,0,User
153916,71,0,User
153819,60,1,User
153939,69,0,User
153955,69,0,User
154134,14,0,User
154000,43,0,User
154177,24,1,User
154044,53,1,User
154191,86,1,User
154151,34,0,User
154198,43,0,User
154244,64,1,User
154321,12,0,User
154342,22,0,User
154212,62,0,User
154434,72,1,User
154452,78,0,User
154268,62,1,User
154335,72,1,User
154624,62,1,User
154551,14,1,User
154728,52,0,User
154759,12,0,User
154664,69,0,User
154821,12,0,User
154882,53,0,User
154883,55,1,User
155001,78,0,User
154932,12,0,User
155006,38,0,User
155091,76,1,User
155135,64,0,User
155150,17,0,User
155208,34,1,User
155144,12,0,User
155234,14,0,User
155198,14,1,User
155199,47,1,User
155249,12,0,User
155356,14,1,User
155264,12,0,User
155330,12,0,User
155375,12,0,User
155349,71,0,User
155555,12,0,User
155613,12,1,User
155627,33,0,User
155671,66,0,User
155646,76,1,User
155624,71,1,User
155665,43,0,User
155778,12,0,User
155639,48,0,User
155743,21,0,User
155766,57,1,User
155804,67,0,User
155986,14,0,User
156006,14,1,User
156137,64,1,User
156072,12,0,User
156142,12,0,User
156014,50,1,User
156178,60,0,User
156190,45,0,User
156231,64,0,User
156276,34,0,User
156102,71,0,User
156320,17,0,User
156161,81,1,User
156385,90,0,User
156541,34,0,User
156440,12,0,User
156604,16,1,User
156787,64,0,User
156888,57,1,User
156758,26,0,User
156935,71,1,User
156949,69,1,User
156885,69,1,User
156981,83,0,User
157014,50,1,User
157068,62,1,User
157111,86,0,User
156953,64,0,User
157084,79,0,User
157232,12,0,User
157235,12,1,User
157236,33,0,User
157293,34,0,User
157210,71,0,User
157308,69,0,User
157225,14,0,User
157324,45,0,User
157342,66,1,User
157335,12,1,User
157284,64,0,User
157243,47,1,User
157533,69,1,User
157535,72,0,User
157518,12,0,User
157571,64,0,User
157681,43,1,User
157662,57,0,User
157699,50,1,User
157559,66,1,User
157707,69,1,User
157674,84,1,User
157759,33,0,User
157822,12,0,User
157879,48,0,User
157829,59,0,User
157895,72,1,User
157838,66,0,User
157799,62,0,User
157911,59,0,User
157931,62,1,User
157917,67,0,User
158082,60,1,User
158050,53,0,User
158215,12,0,User
158204,69,1,User
158143,12,1,User
158232,60,1,User
158272,69,1,User
158294,66,0,User
158395,84,0,User
158462,76,1,User
158452,57,1,User
158476,14,0,User
158478,71,1,User
158349,59,1,User
158429,69,0,User
158480,12,0,User
158403,22,1,User
158483,83,1,User
158246,59,0,User
158496,60,0,User
158400,14,0,User
158528,50,1,User
158583,66,0,User
158791,66,0,User
158781,16,0,User
158763,12,1,User
158822,57,1,User
158787,79,0,User
158637,67,1,User
158815,29,1,User
158639,67,1,User
158825,12,1,User
158685,88,1,User
158726,26,0,User
158728,12,0,User
158876,48,0,User
158959,66,1,User
158917,12,1,User
159062,76,1,User
159094,40,1,User
159082,12,0,User
159114,48,0,User
159201,66,0,User
159242,12,0,User
159271,52,0,User
159157,55,0,User
159262,55,0,User
159288,59,1,User
159219,14,1,User
159160,76,0,User
159223,76,0,User
159191,12,1,User
159225,69,0,User
159209,26,0,User
159310,60,1,User
159383,19,0,User
159340,50,0,User
159490,72,0,User
159431,66,1,User
159574,55,1,User
159434,72,1,User
159678,52,0,User
159636,34,0,User
159623,69,0,User
159624,12,0,User
159722,62,0,User
159769,26,0,User
159675,31,1,User
159748,55,0,User
159911,22,0,User
159980,76,0,User
159894,83,1,User
159820,14,1,User
159925,76,1,User
159898,14,0,User
159822,62,1,User
160055,69,1,User
160101,41,1,User
160075,71,1,User
160171,69,1,User
160217,12,0,User
160222,60,1,User
160181,78,1,User
160154,69,1,User
160378,14,0,User
160460,72,0,User
160576,41,1,User
160579,28,1,User
160525,50,1,User
160498,21,0,User
160563,67,1,User
160541,62,0,User
160470,72,0,User
160614,12,0,User
160730,57,0,User
160678,12,1,User
160807,64,1,User
160858,62,1,User
160986,62,1,User
160841,62,0,User
161011,57,1,User
160990,69,0,User
161034,72,1,User
161048,62,0,User
161161,59,1,User
161128,64,0,User
160977,14,1,User
160980,57,0,User
161259,64,0,User
161438,74,1,User
161477,43,1,User
161494,71,0,User
161510,60,0,User
161399,29,0,User
161514,12,1,User
161368,33,1,User
161583,76,0,User
161661,97,1,User
161631,66,0,User
161717,16,0,User
161778,22,0,User
161838,72,1,User
161624,43,0,User
161639,12,0,User
161889,59,0,User
161804,57,1,User
162077,19,1,User
162055,72,0,User
161910,12,0,User
161978,47,1,User
162122,14,1,User
161980,48,0,User
162213,74,1,User
162178,52,0,User
162244,17,1,User
162245,38,1,User
162277,60,0,User
162203,66,1,User
162279,67,1,User
162012,29,1,User
162333,69,1,User
162267,66,1,User
162320,57,1,User
162220,67,1,User
162339,45,0,User
162422,28,1,User
162342,72,1,User
162437,62,0,User
162433,66,0,User
162497,71,1,User
162464,67,0,User
162707,57,0,User
162611,64,1,User
162591,17,1,User
162786,12,1,User
162789,53,1,User
162746,55,1,User
162918,67,1,User
162777,62,0,User
162792,67,0,User
162950,12,0,User
162967,66,1,User
162839,40,0,User
163036,47,0,User
162820,69,0,User
162936,57,1,User
163142,66,1,User
163213,64,1,User
163261,67,0,User
163120,53,0,User
163137,71,0,User
163306,69,1,User
163151,71,1,User
163329,95,0,User
163335,12,0,User
163442,76,1,User
163593,33,1,User
163611,71,1,User
163612,60,1,User
163556,67,0,User
163619,21,1,User
163649,45,0,User
163819,12,1,User
163823,74,1,User
163906,74,1,User
163795,12,1,User
163938,69,0,User
163874,74,0,User
163859,12,0,User
164005,14,1,User
164062,57,0,User
164088,29,1,User
163994,12,0,User
164181,16,1,User
164253,71,1,User
164226,88,0,User
164227,72,1,User
164166,60,0,User
164269,79,0,User
164141,43,1,User
164228,74,0,User
164189,12,1,User
164317,72,0,User
164202,48,0,User
164374,69,0,User
164348,66,0,User
164360,67,0,User
164264,12,0,User
164331,67,1,User
164392,12,0,User
164307,24,1,User
164448,71,1,User
164396,34,1,User
164468,64,0,User
164472,31,1,User
164559,12,0,User
164586,66,1,User
164533,12,1,User
164594,16,1,User
164648,88,1,User
164607,60,0,User
164608,14,0,User
164653,14,1,User
164685,12,1,User
164756,16,1,User
164889,57,1,User
164700,55,0,User
164957,55,0,User
164943,64,0,User
165017,59,0,User
164769,83,0,User
164933,95,0,User
165046,36,0,User
165008,57,1,User
164946,48,1,User
164773,79,0,User
165072,24,1,User
164978,12,0,User
165080,66,0,User
165097,72,1,User
165138,12,1,User
165140,62,0,User
165030,86,1,User
165132,14,1,User
165160,60,1,User
165278,14,1,User
165325,14,1,User
165391,69,0,User
165453,26,1,User
165401,64,1,User
165367,36,0,User
165526,38,0,User
165375,12,1,User
165434,40,1,User
165435,17,1,User
165573,69,1,User
165558,74,0,User
165355,67,1,User
165547,12,0,User
165610,53,0,User
165691,47,0,User
165650,67,1,User
165685,74,0,User
165635,47,1,User
165811,47,1,User
165786,12,1,User
165787,66,1,User
165712,12,0,User
165762,14,1,User
165643,19,1,User
165714,67,0,User
165830,59,0,User
165795,69,0,User
165863,71,1,User
165719,60,1,User
165981,71,0,User
165851,60,0,User
165954,69,1,User
165996,60,0,User
166014,60,0,User
166076,17,0,User
166050,41,0,User
166079,60,0,User
166140,36,1,User
166248,12,1,User
166234,69,0,User
166063,55,0,User
166064,84,0,User
166323,60,0,User
166310,33,0,User
166352,69,1,User
166299,66,0,User
166412,26,1,User
166476,12,1,User
166438,72,1,User
166541,12,1,User
166646,62,1,User
166629,83,0,User
166685,24,1,User
166675,79,0,User
166730,26,0,User
166620,16,0,User
166802,74,1,User
166698,88,0,User
166775,29,0,User
167014,71,0,User
166946,14,0,User
166960,83,0,User
166993,66,1,User
166950,16,1,User
167074,29,1,User
167131,64,1,User
167078,41,1,User
167120,14,1,User
166845,71,1,User
167005,67,1,User
167152,14,0,User
167177,66,0,User
167326,12,0,User
167068,71,1,User
167256,12,0,User
167229,71,1,User
167259,60,1,User
167371,67,1,User
167294,79,1,User
167407,74,0,User
167320,86,0,User
167395,76,0,User
167479,72,0,User
167352,45,1,User
167527,79,0,User
167514,59,1,User
167518,52,0,User
167616,12,0,User
167555,12,1,User
167605,74,1,User
167575,12,1,User
167703,17,0,User
167594,67,1,User
167692,64,1,User
167695,50,0,User
167766,71,1,User
167699,67,0,User
167794,12,0,User
167811,29,1,User
167913,48,1,User
167849,64,0,User
167873,52,0,User
167784,62,1,User
167884,14,1,User
167955,60,0,User
167993,48,1,User
168027,19,0,User
168199,71,0,User
168246,12,1,User
168193,72,0,User
168337,57,1,User
168307,12,0,User
168405,74,0,User
168297,71,1,User
168300,14,0,User
168531,79,0,User
168581,14,1,User
168608,67,1,User
168609,36,1,User
168721,69,1,User
168584,66,1,User
168737,69,0,User
168700,72,0,User
168890,62,1,User
168795,12,1,User
168949,12,1,User
168952,71,1,User
168876,62,0,User
168850,45,0,User
168977,26,0,User
169006,66,0,User
168972,48,0,User
168944,19,1,User
169061,12,1,User
169160,50,0,User
169218,17,1,User
169120,62,1,User
169233,93,0,User
169167,88,0,User
169279,69,1,User
169441,71,1,User
169412,57,1,User
169377,48,0,User
169533,59,1,User
169462,57,1,User
169530,17,1,User
169667,14,1,User
169599,59,0,User
169612,12,1,User
169742,26,0,User
169678,12,0,User
169813,74,0,User
169765,26,1,User
169770,81,1,User
169926,72,0,User
169747,76,0,User
169951,78,0,User
169928,71,0,User
170027,55,0,User
170050,64,0,User
169752,74,0,User
170089,17,1,User
170109,52,1,User
170163,50,1,User
170024,71,0,User
170171,67,1,User
170253,74,0,User
170287,16,1,User
170521,60,0,User
170483,71,0,User
170522,67,1,User
170566,57,0,User
170544,57,0,User
170556,72,0,User
170577,76,0,User
170427,71,0,User
170628,66,1,User
170630,62,1,User
170674,78,1,User
170677,53,0,User
170776,53,0,User
170836,62,0,User
170900,83,0,User
171091,66,1,User
171109,60,1,User
171083,52,0,User
171111,69,1,User
171067,71,0,User
171099,62,1,User
171274,12,1,User
171302,71,0,User
171361,72,1,User
171251,59,0,User
171376,12,1,User
171422,69,0,User
171423,67,0,User
171468,74,0,User
171447,60,1,User
171494,81,1,User
171559,40,0,User
171646,71,1,User
171661,34,0,User
171524,78,0,User
171609,62,1,User
171726,22,0,User
171829,74,1,User
171719,69,0,User
171886,62,0,User
171845,71,0,User
171862,24,0,User
171917,81,1,User
172002,47,1,User
172060,66,1,User
172012,72,1,User
172165,67,1,User
172277,95,0,User
172288,72,0,User
172329,59,0,User
172121,69,1,User
172244,12,0,User
172348,84,0,User
172444,79,0,User
172552,12,1,User
172579,69,1,User
172569,67,1,User
172666,81,1,User
172586,24,0,User
172670,36,1,User
172748,83,0,User
172738,74,0,User
172777,12,0,User
172908,12,0,User
172856,66,1,User
172916,53,1,User
172955,79,1,User
172998,16,1,User
173042,95,1,User
172962,62,0,User
172799,66,1,User
172905,33,1,User
173133,59,1,User
173067,60,0,User
173055,22,0,User
173145,74,1,User
173227,57,1,User
173271,84,0,User
173247,62,0,User
173278,79,1,User
173248,67,0,User
173336,12,0,User
173540,28,0,User
173571,52,0,User
173626,52,0,User
173633,86,0,User
173502,69,1,User
173635,86,0,User
173666,69,1,User
173838,69,1,User
173814,79,0,User
173803,48,0,User
173887,12,0,User
173833,50,0,User
173934,22,1,User
173895,79,0,User
173925,16,1,User
173878,12,0,User
174107,59,1,User
174045,22,1,User
174101,60,1,User
174090,78,1,User
174158,67,0,User
174216,12,1,User
174253,36,1,User
174194,71,1,User
174396,34,1,User
174407,21,1,User
174371,83,0,User
174268,83,1,User
174384,78,0,User
174408,50,1,User
174423,71,1,User
174458,84,1,User
174497,36,1,User
174327,28,0,User
174411,62,0,User
174495,19,1,User
174420,52,1,User
174677,12,0,User
174653,90,1,User
174551,14,1,User
174536,71,1,User
174480,69,1,User
174751,12,1,User
174757,67,0,User
174784,12,0,User
174799,53,1,User
174856,74,1,User
174510,16,0,User
174933,28,0,User
175051,71,0,User
175038,31,1,User
175042,12,0,User
174834,83,0,User
175188,53,0,User
175062,67,0,User
175167,71,0,User
175123,12,0,User
175264,12,1,User
175183,71,0,User
175326,57,1,User
175302,72,0,User
175457,84,0,User
175343,66,1,User
175372,40,1,User
175447,60,1,User
175636,57,1,User
175639,50,1,User
175610,62,1,User
175570,76,1,User
175571,71,1,User
175559,12,1,User
176012,72,1,User
175957,64,1,User
175947,64,1,User
176191,12,1,User
176136,66,1,User
176171,71,0,User
176269,12,1,User
176199,72,1,User
176246,43,0,User
176274,12,1,User
176262,16,0,User
176431,17,1,User
176523,38,0,User
176422,76,1,User
176601,69,1,User
176425,36,1,User
176777,14,0,User
176781,90,0,User
176755,64,0,User
176714,40,0,User
176792,69,0,User
176638,24,0,User
176816,40,0,User
176986,43,0,User
176916,86,0,User
176861,12,0,User
176864,48,1,User
176910,72,1,User
176968,71,1,User
177038,78,0,User
177052,74,0,User
177024,67,1,User
176979,48,0,User
177059,81,1,User
177170,67,0,User
177242,12,1,User
177218,67,0,User
177246,52,1,User
177288,74,1,User
177219,47,1,User
177322,14,1,User
177135,16,0,User
177180,74,0,User
177276,31,0,User
177416,78,1,User
177499,57,0,User
177368,66,0,User
177556,16,1,User
177562,14,0,User
177479,74,0,User
177584,55,1,User
177565,53,1,User
177785,45,1,User
177752,14,1,User
177796,71,0,User
177595,53,1,User
177719,66,1,User
177599,78,1,User
177819,71,0,User
177806,24,0,User
177762,29,0,User
177918,88,0,User
177763,76,1,User
177889,76,0,User
177980,47,0,User
178007,64,1,User
177985,22,0,User
177956,67,0,User
178033,67,1,User
178062,53,1,User
178095,29,0,User
178159,76,1,User
178161,34,1,User
178234,28,1,User
178167,53,0,User
178251,41,1,User
178310,76,1,User
178284,33,0,User
178414,62,0,User
178387,55,0,User
178380,12,1,User
178330,17,1,User
178398,59,0,User
178482,59,0,User
178506,12,1,User
178524,14,1,User
178562,47,1,User
178593,72,1,User
178500,81,0,User
178743,62,1,User
178865,33,0,User
178853,62,1,User
178752,24,1,User
178868,45,0,User
178910,60,0,User
178784,48,1,User
178982,43,0,User
178914,74,0,User
178984,69,0,User
178973,62,0,User
179057,55,0,User
179053,12,1,User
179107,50,0,User
179268,50,0,User
179356,12,0,User
179373,41,1,User
179317,64,1,User
179204,34,1,User
179390,12,0,User
179407,86,1,User
179465,14,1,User
179477,60,0,User
179493,12,1,User
179522,78,0,User
179516,79,0,User
179581,12,0,User
179469,12,1,User
179597,64,0,User
179615,12,0,User
179546,12,1,User
179576,16,1,User
179606,12,0,User
179738,67,1,User
179623,74,0,User
179823,67,1,User
179852,83,0,User
179885,69,0,User
179759,69,1,User
179990,47,1,User
180031,64,0,User
179889,74,0,User
180028,60,0,User
180129,12,1,User
179985,67,0,User
180257,22,1,User
180180,62,0,User
180279,16,0,User
180283,40,0,User
180314,55,1,User
180165,59,0,User
180437,48,0,User
180451,67,0,User
180481,74,0,User
180468,71,1,User
180390,66,1,User
180500,79,1,User
180328,16,1,User
180394,69,1,User
180442,66,1,User
180397,72,0,User
180435,76,0,User
180560,22,0,User
180549,55,0,User
180577,38,1,User
180562,48,1,User
180565,71,0,User
180684,12,1,User
180471,40,0,User
180626,81,1,User
180552,52,0,User
180649,12,0,User
180478,64,1,User
180747,66,1,User
180904,45,0,User
180895,19,1,User
180809,69,0,User
180855,62,1,User
180791,69,1,User
180945,31,1,User
180956,12,0,User
181068,72,0,User
180910,17,0,User
181062,45,0,User
181063,12,0,User
181147,72,0,User
181132,62,0,User
181177,64,1,User
181188,43,1,User
181167,60,0,User
181192,66,0,User
181232,71,0,User
181031,53,0,User
181117,57,0,User
181305,76,1,User
181279,43,1,User
181393,22,0,User
181259,19,1,User
181448,16,0,User
181282,50,0,User
181567,64,1,User
181540,34,0,User
181520,66,1,User
181640,48,0,User
181666,28,1,User
181557,98,0,User
181485,59,1,User
181728,24,1,User
181791,33,1,User
181722,67,0,User
181877,12,0,User
181770,50,1,User
181829,12,0,User
181914,12,0,User
182058,69,0,User
182018,66,1,User
181995,67,0,User
182133,40,1,User
182105,83,1,User
182177,83,0,User
182222,41,0,User
182237,67,1,User
182214,84,0,User
182270,12,1,User
182129,12,0,User
182305,12,1,User
182374,55,0,User
182310,45,0,User
182261,55,0,User
182413,12,0,User
182522,34,1,User
182535,64,0,User
182624,12,1,User
182732,76,0,User
182684,14,1,User
182474,74,1,User
182821,66,1,User
182808,79,1,User
182742,95,0,User
182638,17,0,User
182866,71,1,User
182794,57,0,User
182757,45,1,User
182695,29,1,User
182915,12,0,User
182865,12,0,User
182899,12,1,User
182802,79,0,User
182700,67,0,User
182973,50,0,User
182789,71,0,User
183048,76,1,User
182985,62,0,User
183083,45,0,User
183095,66,0,User
183084,19,1,User
183152,57,1,User
183129,53,0,User
183141,43,1,User
183201,88,0,User
183164,57,0,User
183254,12,0,User
183306,62,0,User
183394,78,1,User
183441,67,0,User
183372,55,1,User
183546,12,1,User
183573,81,0,User
183589,14,1,User
183540,64,1,User
183646,16,1,User
183648,59,1,User
183766,69,1,User
183784,14,0,User
183685,52,1,User
183903,62,0,User
183748,26,0,User
183731,69,0,User
183952,45,0,User
183735,72,1,User
183930,52,0,User
184037,12,0,User
183990,31,0,User
184040,16,0,User
184087,40,0,User
184001,50,0,User
183943,69,1,User
184058,64,1,User
183975,12,1,User
184205,40,1,User
184139,14,1,User
184265,62,1,User
184183,69,1,User
184315,67,0,User
184366,12,1,User
184340,64,0,User
184347,71,1,User
184365,64,1,User
184583,28,0,User
184483,14,0,User
184422,12,0,User
184657,71,0,User
184630,64,1,User
184713,67,0,User
184714,55,1,User
184644,71,1,User
184802,48,0,User
184887,22,1,User
184910,72,0,User
184918,69,1,User
184919,67,0,User
184946,67,1,User
184947,60,1,User
185085,36,0,User
185017,64,1,User
185224,67,0,User
185240,62,1,User
185175,34,1,User
185270,21,1,User
185263,19,0,User
185371,48,0,User
185249,76,0,User
185336,67,0,User
185355,12,0,User
185317,48,1,User
185526,69,1,User
185747,60,1,User
185621,62,1,User
185714,60,0,User
185851,71,1,User
185852,12,1,User
185700,34,1,User
185885,36,1,User
185904,69,1,User
185908,33,1,User
186010,83,0,User
186021,48,0,User
185802,55,1,User
186026,19,0,User
186109,17,1,User
186117,67,1,User
186215,55,1,User
186301,29,1,User
186302,69,1,User
186105,12,0,User
186265,72,0,User
186453,72,1,User
186513,50,0,User
186386,72,1,User
186631,19,0,User
186619,38,0,User
186551,66,1,User
186600,67,1,User
186554,34,0,User
186666,72,1,User
186725,26,1,User
186762,12,1,User
186701,69,1,User
186680,12,0,User
186826,14,0,User
186828,71,1,User
186716,95,0,User
186843,12,1,User
186862,21,0,User
186805,59,0,User
186867,33,0,User
186920,22,0,User
186967,55,1,User
187000,57,1,User
186837,34,0,User
186989,31,0,User
186913,69,1,User
187149,38,0,User
187137,62,1,User
187179,16,1,User
187049,59,0,User
187287,62,0,User
187340,64,1,User
187399,38,0,User
187460,69,1,User
187363,48,1,User
187320,33,0,User
187478,34,1,User
187581,84,1,User
187622,19,0,User
187490,12,1,User
187596,78,1,User
187686,12,1,User
187673,12,0,User
187644,17,0,User
187771,72,0,User
187764,64,1,User
187788,29,0,User
187789,34,0,User
187891,67,0,User
187798,47,0,User
187865,47,1,User
187866,72,0,User
187917,55,0,User
188072,60,1,User
187985,50,1,User
188089,50,1,User
187825,21,0,User
188131,62,1,User
188004,62,0,User
188009,71,1,User
188150,83,1,User
188254,47,0,User
188247,12,0,User
188141,69,1,User
188213,55,1,User
188351,22,0,User
188448,62,1,User
188434,12,1,User
188497,55,1,User
188527,66,0,User
188557,60,0,User
188687,64,0,User
188500,81,0,User
188706,52,1,User
188672,59,1,User
188608,62,1,User
188800,50,1,User
188802,78,1,User
188912,76,0,User
188974,29,0,User
188893,66,0,User
188980,29,0,User
189136,90,0,User
189026,40,1,User
189053,17,1,User
189141,52,0,User
189189,72,0,User
189203,41,1,User
189132,69,1,User
189104,72,0,User
189276,71,1,User
189280,60,0,User
189293,67,0,User
189304,33,0,User
189328,45,1,User
189262,19,0,User
189453,21,1,User
189476,19,0,User
189549,76,0,User
189583,17,1,User
189648,60,1,User
189568,14,1,User
189644,14,1,User
189677,64,0,User
189782,67,1,User
189714,36,0,User
189778,16,0,User
189779,69,0,User
189762,14,1,User
189916,12,0,User
189917,12,0,User
189966,12,0,User
190023,64,0,User
190013,12,0,User
189949,62,0,User
189906,71,1,User
189792,28,0,User
190041,76,1,User
190001,55,0,User
190042,12,1,User
190070,52,0,User
190107,72,1,User
190187,12,1,User
190219,79,0,User
190209,12,1,User
190117,12,1,User
190251,34,1,User
190311,71,0,User
190182,62,1,User
190351,41,0,User
190269,86,0,User
190381,36,1,User
190339,62,1,User
190317,62,0,User
190458,60,0,User
190472,72,0,User
190547,69,0,User
190550,62,0,User
190593,12,1,User
190667,40,0,User
190685,71,1,User
190573,60,0,User
190495,64,0,User
190756,22,0,User
190690,50,1,User
190739,69,0,User
190846,69,0,User
190861,59,0,User
190785,90,1,User
190952,69,0,User
190895,72,1,User
190888,74,1,User
191031,66,0,User
190975,67,1,User
191045,33,0,User
191178,12,0,User
191236,12,0,User
191098,17,0,User
191205,64,1,User
191358,74,1,User
191417,12,1,User
191310,22,0,User
191494,78,1,User
191466,90,0,User
191523,64,0,User
191505,72,0,User
191520,74,0,User
191531,71,0,User
191609,12,0,User
191660,66,1,User
191690,72,1,User
191624,41,0,User
191749,43,0,User
191793,62,0,User
191853,55,0,User
191787,22,0,User
191772,57,0,User
191866,24,1,User
191887,66,1,User
191918,12,0,User
191920,71,0,User
191891,60,0,User
191986,29,0,User
191953,64,0,User
192027,55,1,User
191924,12,1,User
191835,74,1,User
192057,59,0,User
192093,14,0,User
192212,16,1,User
192120,55,0,User
192272,53,0,User
192104,76,1,User
192348,36,0,User
192379,69,1,User
192193,66,0,User
192368,72,1,User
192418,69,0,User
192512,69,0,User
192400,72,0,User
192517,72,1,User
192598,67,0,User
192757,64,1,User
192509,72,1,User
192796,47,0,User
192931,72,0,User
192891,12,0,User
192961,71,1,User
192949,62,0,User
192867,60,1,User
192993,67,0,User
192941,62,1,User
193037,67,1,User
193128,79,0,User
193120,12,0,User
193049,69,1,User
193220,53,1,User
193277,19,0,User
193241,53,1,User
193268,90,0,User
193342,71,1,User
193242,74,0,User
193385,47,1,User
193302,12,0,User
193259,71,1,User
193389,50,1,User
193487,12,0,User
193362,72,0,User
193363,79,0,User
193549,71,1,User
193459,66,1,User
193510,69,1,User
193621,12,0,User
193536,71,1,User
193684,12,0,User
193568,57,1,User
193570,17,1,User
193721,71,0,User
193629,66,0,User
193620,81,1,User
193789,67,0,User
193870,14,0,User
193987,66,0,User
194012,36,0,User
193964,12,1,User
194118,67,0,User
194010,41,0,User
194120,12,0,User
194183,72,0,User
194111,59,1,User
194054,66,0,User
194258,72,0,User
194262,64,0,User
194292,71,1,User
194353,69,1,User
194381,12,0,User
194384,12,0,User
194454,14,1,User
194567,66,0,User
194459,55,0,User
194687,12,1,User
194717,71,0,User
194763,19,0,User
194791,79,0,User
194740,43,1,User
194853,86,1,User
194815,90,0,User
194890,88,1,User
194921,62,0,User
195032,47,0,User
194928,50,0,User
195004,12,0,User
195048,57,0,User
194802,28,0,User
194981,12,0,User
195040,66,0,User
195151,22,0,User
195154,43,1,User
195188,38,0,User
195248,67,0,User
195282,76,0,User
195174,62,0,User
195310,19,0,User
195328,26,0,User
195329,62,0,User
195451,72,0,User
195453,21,0,User
195454,71,0,User
195403,64,0,User
195371,69,1,User
195074,28,0,User
195420,86,0,User
195544,53,0,User
195495,21,0,User
195603,45,0,User
195647,12,0,User
195465,16,0,User
195695,38,1,User
195754,76,1,User
195768,26,0,User
195755,62,1,User
195771,72,1,User
195760,38,1,User
195762,48,1,User
195806,71,1,User
195776,16,0,User
195938,67,0,User
196024,64,0,User
195924,40,0,User
195960,62,0,User
196058,59,0,User
196069,12,1,User
196130,64,0,User
195971,76,1,User
196123,71,1,User
196262,14,0,User
196291,41,0,User
196292,12,1,User
196293,12,1,User
196193,34,0,User
196321,21,0,User
196200,12,0,User
196397,53,0,User
196316,62,0,User
196391,12,0,User
196516,52,0,User
196432,21,0,User
196371,12,1,User
196450,62,0,User
196523,67,0,User
196553,12,0,User
196555,59,1,User
196716,62,0,User
196700,12,1,User
196545,16,0,User
196802,12,1,User
196604,22,1,User
196665,38,0,User
196878,12,1,User
196840,12,1,User
196981,57,0,User
196956,69,1,User
196958,14,0,User
197042,62,1,User
196935,55,0,User
197207,72,0,User
197199,72,1,User
197226,72,0,User
197156,12,1,User
197279,16,0,User
197403,66,0,User
197377,67,0,User
197384,33,0,User
197443,12,1,User
197457,53,1,User
197611,93,0,User
197587,60,1,User
197549,74,0,User
197589,52,1,User
197520,59,0,User
197621,60,0,User
197607,86,0,User
197780,40,0,User
197783,53,0,User
197726,12,1,User
197760,47,0,User
197699,78,0,User
197897,38,1,User
197845,12,0,User
197887,16,1,User
197744,66,1,User
198066,43,1,User
197940,86,0,User
197954,69,1,User
198214,14,0,User
198174,62,1,User
198118,59,1,User
198194,67,1,User
198277,74,1,User
198266,60,1,User
198364,66,0,User
198248,60,0,User
198353,59,0,User
198415,12,1,User
198416,59,0,User
198589,17,0,User
198564,52,1,User
198634,60,1,User
198668,45,1,User
198642,21,1,User
198814,43,1,User
198716,84,1,User
198858,67,1,User
198823,59,1,User
198630,31,0,User
198917,62,1,User
199007,24,1,User
198883,26,1,User
198765,72,1,User
199114,12,0,User
199117,62,1,User
199013,14,0,User
199217,60,0,User
199206,50,1,User
199207,21,0,User
199179,71,1,User
199101,67,0,User
199168,72,0,User
199293,12,1,User
199243,66,0,User
199332,55,1,User
199771,66,1,User
199735,40,0,User
199698,12,1,User
199846,41,0,User
199840,76,1,User
199686,74,1,User
199750,59,0,User
199687,14,1,User
199690,59,1,User
199892,66,1,User
199795,12,1,User
199694,38,1,User
199976,79,0,User
199960,76,0,User
200077,28,1,User
200036,53,0,User
200105,41,0,User
200214,67,1,User
200061,74,0,User
200230,66,0,User
200321,71,1,User
200451,14,0,User
200476,12,1,User
200511,16,0,User
200567,16,1,User
200598,62,0,User
200604,69,0,User
200565,12,1,User
200608,72,1,User
200720,69,1,User
200640,55,1,User
200735,52,1,User
200779,79,1,User
200669,62,1,User
200803,12,1,User
200714,14,0,User
200887,12,1,User
200909,47,0,User
201034,69,0,User
201008,12,0,User
201087,12,1,User
201074,59,0,User
201146,16,1,User
201195,28,0,User
201332,64,1,User
201220,12,1,User
201335,67,0,User
201586,48,1,User
201479,62,1,User
201654,52,0,User
201656,78,0,User
201669,12,1,User
201772,59,1,User
201936,36,0,User
201919,71,1,User
201930,66,0,User
201882,36,0,User
202074,60,0,User
201884,12,0,User
202188,67,0,User
202076,12,0,User
202382,12,0,User
202288,71,0,User
202392,64,0,User
202273,16,1,User
202475,12,1,User
202480,14,0,User
202570,12,1,User
202589,86,0,User
202470,52,1,User
202612,55,0,User
202704,59,1,User
202757,40,1,User
202862,62,1,User
202799,41,0,User
202821,21,0,User
202848,76,1,User
202909,67,1,User
202940,12,0,User
202875,79,0,User
203027,69,0,User
202976,21,1,User
203075,45,0,User
203076,67,0,User
203117,71,0,User
203024,74,0,User
203141,52,1,User
203211,12,0,User
203169,62,1,User
203357,62,0,User
203345,52,1,User
203171,62,1,User
203370,48,1,User
203375,12,0,User
203354,57,1,User
203403,14,1,User
203526,14,1,User
203598,12,0,User
203616,34,0,User
203665,52,0,User
203620,67,1,User
203715,12,0,User
203777,24,0,User
203781,12,1,User
203869,12,0,User
203854,53,1,User
203850,48,0,User
203880,12,1,User
203938,21,0,User
204023,79,1,User
203894,28,0,User
204181,67,1,User
204127,12,0,User
204087,74,0,User
204133,72,0,User
204271,66,1,User
204252,71,1,User
204310,71,0,User
204409,64,0,User
204324,59,1,User
204526,52,1,User
204557,59,0,User
204589,45,0,User
204523,26,0,User
204637,12,1,User
204767,12,1,User
204688,67,0,User
204494,55,0,User
204702,14,1,User
204916,57,0,User
204922,12,0,User
204670,59,1,User
204984,66,0,User
205074,12,1,User
205077,59,1,User
205201,12,0,User
205033,66,0,User
205222,12,0,User
205004,84,1,User
205199,36,0,User
205279,12,1,User
205253,12,1,User
205182,74,0,User
205340,79,0,User
205318,12,1,User
205423,66,1,User
205360,12,0,User
205408,53,0,User
205578,67,0,User
205467,81,1,User
205496,57,0,User
205589,47,1,User
205590,74,1,User
205654,67,0,User
205703,12,1,User
205645,69,1,User
205817,69,1,User
205794,72,0,User
205864,55,0,User
205906,12,0,User
205924,67,0,User
205963,45,1,User
205828,31,1,User
206029,69,0,User
206056,66,0,User
206081,48,0,User
206131,12,1,User
206002,45,0,User
206150,14,0,User
206063,83,1,User
206237,38,0,User
206268,62,0,User
206127,66,0,User
206360,17,0,User
206308,66,0,User
206340,66,0,User
206506,12,0,User
206374,45,0,User
206521,59,0,User
206492,69,1,User
206451,69,0,User
206426,76,1,User
206532,72,1,User
206395,84,0,User
206553,71,1,User
206549,74,1,User
206668,69,1,User
206717,69,0,User
206752,22,1,User
206654,62,0,User
206857,71,1,User
206760,52,0,User
206833,12,0,User
206874,29,1,User
206969,67,1,User
207076,55,0,User
207035,45,0,User
207036,76,0,User
207012,26,1,User
206895,29,1,User
207151,67,1,User
207060,12,0,User
206999,16,0,User
207214,14,0,User
207174,12,1,User
207244,57,1,User
207295,12,0,User
207334,34,1,User
207373,76,0,User
207498,40,0,User
207478,28,0,User
207485,36,1,User
207430,26,1,User
207590,57,1,User
207706,12,0,User
207741,26,0,User
207615,12,0,User
207746,69,0,User
207859,47,0,User
207875,60,1,User
207877,74,0,User
207776,72,0,User
208006,17,1,User
208008,22,0,User
207979,76,0,User
207996,53,0,User
207912,45,0,User
207983,79,0,User
208039,76,0,User
208113,72,1,User
208041,12,0,User
208078,12,1,User
208002,43,1,User
208108,24,1,User
208252,69,1,User
208227,53,0,User
208384,69,0,User
208274,78,1,User
208275,24,1,User
208395,55,1,User
208494,67,1,User
208671,83,1,User
208717,48,0,User
208757,26,1,User
208603,52,1,User
208788,12,1,User
208544,21,1,User
208775,45,0,User
208695,66,1,User
208805,22,0,User
208766,12,1,User
208850,16,0,User
208809,14,1,User
208874,79,0,User
208957,64,1,User
208972,76,1,User
208964,59,1,User
209105,45,1,User
209107,79,0,User
209237,55,1,User
208943,16,0,User
209216,71,1,User
209264,26,0,User
209328,67,0,User
209294,62,1,User
209319,69,0,User
209434,12,1,User
209509,55,1,User
209537,14,0,User
209408,67,0,User
209488,50,0,User
209410,69,0,User
209573,81,1,User
209612,72,1,User
209369,71,1,User
209614,53,0,User
209588,72,1,User
209542,41,0,User
209460,53,0,User
209873,24,1,User
209900,66,0,User
209942,12,0,User
209891,62,0,User
209815,52,1,User
209959,69,1,User
209805,66,0,User
210048,12,0,User
210026,64,0,User
210085,52,0,User
210052,40,0,User
210114,83,0,User
210157,76,1,User
210040,69,1,User
210316,14,1,User
210279,64,1,User
210457,86,0,User
210399,14,0,User
210459,12,0,User
210461,64,1,User
210515,12,1,User
210576,76,1,User
210631,59,0,User
210493,60,1,User
210709,64,1,User
210607,19,0,User
210737,22,1,User
210610,21,1,User
210789,60,0,User
210628,66,0,User
210553,14,1,User
210875,48,0,User
210836,14,0,User
210893,71,1,User
211069,78,0,User
211071,60,1,User
211060,69,0,User
210915,79,1,User
211118,78,1,User
211127,53,1,User
210974,41,1,User
211147,76,0,User
211033,53,1,User
211075,12,0,User
211205,29,0,User
211261,66,1,User
211134,93,0,User
211220,60,1,User
211256,76,1,User
211230,57,1,User
211327,81,1,User
211403,72,0,User
211486,12,1,User
211341,62,0,User
211587,57,0,User
211498,60,0,User
211669,62,0,User
211545,12,0,User
211425,36,0,User
211514,26,0,User
211646,33,0,User
211729,36,1,User
211833,64,1,User
211574,60,1,User
211735,72,1,User
211951,55,1,User
211959,64,1,User
212088,12,0,User
212022,34,1,User
212063,93,1,User
211886,41,0,User
211904,84,0,User
212141,12,0,User
212236,16,1,User
212189,76,1,User
212215,71,1,User
212125,12,1,User
212296,69,0,User
212314,33,1,User
212302,14,0,User
212389,57,1,User
212295,33,0,User
212423,12,1,User
212465,16,1,User
212496,17,0,User
212574,76,0,User
212601,14,0,User
212612,81,0,User
212671,12,1,User
212553,12,1,User
212679,17,1,User
212719,64,1,User
212638,69,1,User
212696,14,1,User
212697,12,1,User
212602,47,0,User
212604,12,0,User
212837,29,0,User
212851,41,0,User
212654,12,1,User
212898,21,1,User
212871,69,1,User
212929,69,1,User
212790,66,0,User
212844,66,1,User
212915,64,1,User
212945,12,0,User
212936,40,1,User
213037,53,1,User
212921,22,1,User
212950,31,0,User
213121,74,1,User
213105,67,0,User
213114,66,1,User
213119,40,0,User
213090,55,1,User
213165,12,1,User
213132,74,1,User
213320,67,1,User
213299,17,0,User
213392,34,0,User
213437,12,1,User
213541,64,0,User
213442,59,1,User
213529,21,0,User
213693,52,1,User
213711,14,0,User
213622,64,1,User
213723,12,0,User
213890,29,1,User
213906,60,1,User
213732,81,0,User
213898,83,1,User
213924,57,1,User
213810,95,1,User
213940,43,1,User
213942,12,0,User
213969,69,1,User
214046,40,0,User
214132,12,0,User
214206,74,0,User
214225,16,1,User
214214,74,1,User
214228,53,0,User
214338,86,0,User
214351,48,1,User
214383,62,1,User
214294,69,1,User
214192,36,0,User
214402,71,0,User
214419,14,0,User
214408,69,1,User
214362,12,0,User
214528,64,1,User
214581,40,1,User
214470,67,1,User
214637,16,0,User
214669,31,0,User
214589,55,1,User
214648,76,1,User
214664,66,1,User
214715,67,0,User
214709,36,0,User
214865,31,1,User
214723,69,0,User
214691,64,1,User
214815,64,1,User
214941,12,1,User
214976,43,0,User
214855,72,0,User
214993,12,1,User
215162,47,0,User
215149,74,0,User
215123,62,1,User
215009,66,0,User
215301,12,1,User
215342,71,0,User
215416,28,1,User
215210,76,0,User
215318,55,1,User
215432,72,1,User
215264,34,1,User
215352,67,1,User
215407,40,1,User
215525,47,1,User
215528,53,1,User
215235,67,1,User
215370,41,0,User
215455,47,0,User
215473,12,1,User
215591,12,0,User
215659,74,1,User
215576,76,0,User
215767,84,0,User
215819,66,0,User
215742,59,0,User
215843,45,0,User
215848,48,1,User
215966,67,0,User
216091,83,0,User
216067,74,1,User
215849,14,0,User
216082,78,0,User
216088,57,0,User
216153,74,1,User
216246,84,0,User
216277,71,0,User
216318,12,1,User
216349,69,0,User
216341,33,1,User
216363,71,1,User
216366,12,0,User
216421,67,1,User
216428,66,0,User
216225,90,1,User
216455,74,1,User
216456,91,0,User
216435,33,0,User
216413,52,0,User
216478,14,0,User
216416,26,0,User
216608,64,1,User
216642,12,0,User
216716,17,0,User
216811,66,0,User
216772,38,0,User
216980,79,0,User
217058,28,0,User
217084,69,0,User
217030,45,0,User
216988,29,0,User
217113,55,0,User
217048,12,0,User
217137,71,0,User
217262,50,0,User
217239,47,1,User
217184,69,1,User
216959,12,1,User
217207,12,1,User
217214,79,0,User
217215,52,0,User
217457,12,1,User
217404,72,0,User
217410,12,0,User
217350,60,0,User
217316,69,0,User
217623,60,1,User
217575,12,0,User
217539,60,1,User
217743,69,1,User
217729,14,0,User
217707,43,0,User
217937,60,1,User
217943,43,0,User
218017,69,1,User
218071,14,0,User
217989,59,1,User
218068,66,0,User
218208,12,1,User
218224,72,1,User
218129,69,1,User
218273,69,1,User
218295,62,0,User
218373,69,0,User
218449,71,1,User
218395,72,0,User
218353,93,0,User
218396,33,0,User
218338,12,1,User
218410,67,1,User
218307,62,0,User
218657,64,1,User
218659,69,1,User
218637,50,1,User
218673,55,0,User
218719,64,1,User
218777,60,1,User
218705,40,1,User
218688,16,1,User
218784,31,0,User
218711,72,0,User
218786,34,0,User
218788,22,1,User
218774,12,1,User
218858,48,1,User
218833,62,0,User
218834,12,0,User
218877,53,1,User
218847,74,0,User
219092,19,0,User
218992,14,0,User
218954,12,0,User
219166,48,0,User
219167,12,1,User
219281,36,0,User
219400,52,1,User
219476,62,0,User
219418,45,1,User
219558,88,0,User
219598,47,0,User
219615,53,0,User
219798,52,1,User
219917,67,0,User
220011,66,0,User
220053,55,0,User
220043,67,0,User
219942,76,0,User
220115,71,0,User
220108,12,0,User
220110,57,1,User
220125,40,0,User
220202,86,0,User
220134,60,0,User
220219,71,1,User
220342,36,0,User
220411,16,0,User
220460,62,1,User
220392,36,0,User
220466,41,0,User
220497,55,1,User
220608,72,0,User
220568,41,0,User
220724,48,0,User
220817,90,0,User
220706,14,1,User
220824,74,1,User
220747,72,1,User
220853,52,1,User
220765,66,0,User
220894,38,1,User
220940,12,1,User
220944,43,0,User
220827,41,0,User
220958,62,1,User
220880,24,1,User
220920,64,1,User
221147,12,0,User
221180,66,1,User
221255,24,1,User
221169,48,0,User
221129,69,0,User
221281,60,0,User
221339,52,1,User
221250,60,0,User
221494,21,0,User
221393,24,1,User
221454,83,1,User
221590,57,0,User
221430,53,0,User
221644,22,0,User
221750,26,0,User
221733,66,0,User
221777,64,0,User
221697,12,1,User
221766,45,0,User
221705,76,1,User
221664,71,0,User
221666,64,1,User
221636,12,1,User
221785,45,0,User
221853,59,0,User
221870,52,1,User
221871,12,1,User
221913,71,1,User
221926,74,0,User
221915,24,0,User
221802,50,0,User
221831,64,0,User
221978,12,1,User
222061,29,0,User
222034,12,1,User
222039,79,0,User
221998,14,0,User
222199,69,1,User
222211,24,1,User
222208,71,1,User
222365,66,1,User
222379,24,1,User
222496,53,1,User
222371,62,0,User
222519,71,0,User
222573,71,1,User
222691,57,0,User
222721,88,0,User
222657,57,0,User
222765,72,1,User
222905,67,0,User
222719,48,0,User
222967,60,1,User
223163,71,1,User
223069,47,0,User
223232,57,1,User
223238,43,1,User
223219,14,0,User
223241,57,1,User
223307,48,0,User
223228,26,0,User
223357,83,0,User
223319,67,0,User
223431,81,1,User
223341,62,1,User
223347,28,1,User
223546,24,1,User
223549,66,1,User
223425,14,1,User
223698,21,1,User
223539,12,1,User
223764,48,0,User
223834,14,1,User
223836,71,1,User
223881,78,0,User
223823,31,0,User
223813,81,0,User
223906,57,1,User
223769,66,0,User
223937,88,0,User
223938,34,0,User
223985,52,1,User
224253,69,0,User
224243,52,0,User
224298,33,0,User
224217,69,0,User
224313,12,1,User
224301,55,1,User
224276,31,0,User
224331,69,1,User
224154,66,1,User
224410,50,0,User
224491,12,0,User
224499,62,1,User
224367,64,1,User
224349,12,0,User
224630,84,0,User
224516,69,0,User
224355,60,1,User
224718,34,1,User
224761,71,0,User
224809,21,1,User
224589,71,1,User
224884,21,1,User
224900,62,1,User
224888,59,0,User
224944,29,0,User
225001,53,0,User
224991,50,0,User
225031,16,1,User
225107,74,1,User
225109,12,1,User
225293,76,0,User
225117,62,0,User
225451,43,1,User
225499,57,0,User
225494,62,1,User
225601,53,1,User
225619,12,0,User
225457,69,0,User
225663,31,1,User
225653,12,1,User
225723,14,0,User
225568,26,1,User
225700,67,0,User
225533,60,0,User
225758,57,0,User
225539,12,0,User
225779,19,0,User
225886,66,0,User
225861,62,1,User
225850,69,0,User
225795,67,0,User
225808,38,1,User
225992,66,0,User
226022,48,1,User
226052,81,0,User
226160,14,0,User
226188,16,0,User
226030,26,1,User
226194,45,0,User
226235,62,0,User
226225,43,0,User
226101,76,0,User
226352,72,0,User
226354,12,0,User
226360,22,0,User
226284,67,0,User
226439,69,0,User
226399,69,1,User
226415,31,0,User
226593,59,0,User
226550,14,0,User
226584,69,1,User
226661,72,0,User
226617,47,0,User
226662,12,0,User
226575,60,1,User
226633,40,1,User
226863,60,0,User
226827,36,1,User
226873,55,1,User
226886,64,0,User
226981,79,0,User
226997,12,1,User
226907,16,0,User
227086,28,1,User
226961,45,0,User
227140,57,1,User
227192,71,1,User
227067,45,0,User
227120,79,0,User
227107,12,1,User
227288,66,0,User
227317,79,0,User
227341,41,1,User
227356,60,0,User
227417,69,0,User
227478,71,1,User
227492,69,0,User
227453,38,1,User
227205,76,1,User
227456,12,1,User
227539,14,0,User
227555,52,0,User
227584,67,1,User
227642,67,1,User
227502,38,1,User
227503,60,1,User
227692,69,0,User
227731,31,1,User
227674,81,0,User
227659,52,0,User
227519,48,0,User
227739,64,0,User
227839,12,1,User
227853,48,0,User
227885,16,0,User
227835,14,0,User
227819,62,0,User
227958,55,0,User
228080,64,1,User
227936,91,0,User
228037,12,0,User
228257,47,0,User
228143,69,0,User
228177,45,1,User
228264,12,1,User
228291,17,0,User
228268,67,1,User
228279,12,0,User
228438,57,0,User
228486,12,0,User
228510,29,0,User
228631,69,0,User
228591,43,0,User
228535,88,0,User
228721,66,1,User
228708,48,1,User
228491,12,0,User
228583,81,0,User
228758,28,0,User
228774,17,1,User
228901,16,1,User
228932,47,1,User
228939,29,1,User
229028,78,0,User
229055,59,1,User
228957,12,0,User
229158,69,1,User
229144,12,0,User
229247,81,1,User
229222,67,1,User
229306,24,0,User
229241,64,0,User
229403,62,1,User
229378,71,0,User
229395,26,1,User
229438,33,0,User
229490,59,0,User
229667,64,1,User
229627,60,1,User
229629,69,0,User
229616,57,0,User
229620,79,0,User
229793,69,1,User
229862,17,0,User
229870,64,0,User
229856,12,1,User
229570,79,0,User
229875,66,0,User
229968,67,1,User
229910,12,0,User
230007,36,0,User
230013,55,0,User
230038,59,1,User
230020,69,0,User
230139,66,0,User
230142,69,0,User
230236,45,1,User
230256,62,1,User
230303,12,1,User
230447,76,1,User
230450,71,1,User
230459,79,0,User
230470,41,0,User
230536,67,0,User
230505,66,1,User
230443,16,1,User
230559,76,1,User
230560,14,0,User
230588,12,0,User
230591,57,0,User
230631,12,0,User
230755,72,1,User
230739,64,1,User
230883,53,0,User
230926,60,0,User
230774,52,1,User
230986,29,0,User
230987,12,0,User
230844,62,0,User
230973,17,0,User
230991,12,0,User
230966,78,0,User
230910,60,0,User
231176,69,0,User
231164,57,0,User
231256,22,0,User
231310,12,1,User
231312,16,1,User
231299,40,0,User
231192,64,0,User
231220,12,0,User
231352,71,1,User
231403,29,0,User
231382,38,0,User
231447,78,1,User
231385,16,1,User
231390,48,1,User
231563,12,0,User
231576,55,0,User
231638,53,0,User
231585,71,0,User
231798,59,0,User
231669,17,0,User
231628,66,1,User
231860,66,1,User
231730,16,0,User
231953,48,1,User
231929,55,1,User
231850,14,1,User
231836,17,1,User
232082,53,1,User
232011,16,0,User
231914,81,1,User
232073,66,1,User
232147,59,0,User
232253,12,0,User
232351,19,1,User
232369,66,0,User
232386,24,1,User
232402,43,0,User
232486,33,1,User
232408,48,1,User
232567,60,0,User
232606,12,0,User
232538,50,1,User
232542,12,0,User
232626,29,0,User
232627,12,1,User
232550,33,1,User
232620,59,0,User
232553,24,0,User
232758,12,1,User
232732,50,1,User
232645,12,0,User
232765,47,0,User
232847,12,1,User
232692,16,1,User
232755,38,0,User
232815,66,1,User
232904,71,1,User
232920,12,0,User
233027,66,0,User
232885,48,1,User
232994,74,0,User
232889,71,1,User
233117,52,1,User
233132,26,1,User
233182,64,0,User
233141,45,1,User
233055,28,1,User
233199,72,1,User
233227,71,0,User
233283,12,0,User
233341,29,1,User
233328,69,1,User
233279,69,1,User
233360,14,0,User
233346,72,1,User
233426,72,0,User
233157,69,0,User
233507,81,0,User
233552,12,1,User
233310,33,1,User
233457,66,0,User
233495,60,1,User
233480,72,1,User
233471,67,1,User
233505,43,1,User
233702,12,1,User
233765,52,0,User
233767,69,1,User
233772,69,0,User
233847,76,1,User
233919,12,0,User
234016,50,0,User
234035,69,0,User
233951,50,0,User
234108,55,0,User
234183,52,1,User
234148,53,0,User
234239,60,1,User
234295,71,1,User
234352,21,1,User
234365,12,1,User
234425,71,1,User
234440,12,0,User
234357,66,0,User
234529,62,1,User
234586,62,1,User
234312,72,0,User
234591,33,0,User
234458,62,0,User
234671,71,0,User
234742,40,0,User
234809,53,0,User
234759,29,0,User
234910,67,0,User
234865,57,0,User
234947,64,0,User
234964,71,0,User
234853,40,0,User
234995,67,0,User
234894,43,0,User
235032,72,1,User
235057,67,0,User
235050,28,1,User
235306,43,0,User
235189,71,0,User
235254,71,1,User
235338,62,0,User
235257,66,1,User
235364,12,1,User
235465,74,0,User
235451,67,0,User
235546,62,1,User
235349,14,1,User
235622,36,1,User
235499,12,1,User
235656,67,1,User
235558,69,0,User
235700,67,1,User
235633,45,0,User
235789,66,0,User
235745,72,1,User
235749,28,1,User
235847,53,1,User
235906,50,1,User
235765,60,0,User
235938,12,0,User
235940,71,0,User
235925,26,0,User
235982,69,1,User
235913,36,1,User
236042,71,1,User
236059,31,0,User
235972,12,0,User
236036,76,1,User
236060,50,1,User
236006,41,1,User
236089,52,0,User
236007,76,1,User
235947,12,0,User
235949,50,0,User
236124,50,1,User
236195,36,1,User
236258,84,0,User
236232,12,0,User
236401,69,0,User
236347,57,1,User
236461,21,0,User
236463,47,1,User
236202,14,1,User
236203,40,1,User
236409,43,0,User
236568,43,1,User
236598,43,1,User
236615,69,1,User
236646,60,1,User
236621,67,1,User
236665,52,0,User
236666,48,1,User
236706,12,1,User
236669,22,0,User
236601,19,0,User
236835,74,0,User
236951,34,1,User
236893,53,1,User
236744,12,1,User
237007,52,0,User
236983,29,0,User
237020,62,1,User
236968,12,1,User
237025,81,0,User
237160,66,1,User
237293,53,0,User
237295,12,1,User
237190,53,0,User
237333,38,1,User
237133,71,0,User
237466,50,1,User
237452,45,1,User
237447,12,1,User
237253,55,1,User
237365,17,0,User
237424,64,1,User
237547,71,1,User
237384,43,0,User
237610,81,0,User
237517,12,0,User
237534,86,1,User
237723,24,0,User
237744,12,1,User
237672,71,0,User
237814,67,1,User
237716,95,0,User
237686,60,0,User
237858,62,1,User
237884,59,1,User
237793,67,0,User
237896,67,0,User
237795,67,1,User
237992,55,1,User
237981,12,1,User
237915,69,0,User
238012,57,1,User
238042,66,1,User
238111,14,0,User
238201,74,0,User
238217,12,0,User
238206,29,0,User
238249,66,0,User
238292,66,0,User
238285,50,0,User
238149,12,0,User
238153,12,0,User
238360,64,0,User
238445,67,1,User
238272,47,0,User
238477,57,1,User
238460,12,1,User
238833,12,1,User
238879,59,1,User
238881,17,1,User
238740,67,1,User
239012,71,1,User
239059,64,1,User
239116,19,1,User
239009,62,1,User
239063,64,0,User
239149,76,0,User
239035,67,1,User
239143,67,0,User
239251,60,0,User
239175,12,0,User
238980,29,0,User
239254,19,0,User
239233,33,0,User
239388,14,1,User
239245,62,0,User
239261,45,1,User
239250,67,1,User
239382,69,0,User
239508,12,1,User
239543,74,1,User
239548,12,1,User
239584,74,1,User
239414,26,1,User
239747,66,1,User
239826,71,1,User
239733,67,0,User
239856,21,1,User
239788,67,1,User
239847,12,1,User
239961,38,1,User
240016,40,1,User
239978,12,1,User
239981,59,0,User
239906,33,0,User
239890,12,1,User
239907,12,1,User
240046,12,0,User
240034,16,0,User
240076,12,1,User
240109,16,0,User
240081,52,1,User
239968,60,1,User
240142,24,1,User
240211,12,0,User
240172,43,1,User
240174,19,1,User
240087,17,1,User
240377,19,1,User
240359,14,0,User
240209,19,0,User
240468,60,1,User
240520,60,1,User
240488,72,0,User
240315,34,0,User
240595,19,1,User
240375,45,0,User
240632,12,1,User
240684,12,1,User
240714,79,0,User
240480,53,1,User
240674,74,0,User
240742,71,1,User
240842,60,1,User
240734,53,1,User
240779,67,1,User
240873,67,1,User
240825,69,0,User
240968,60,1,User
241056,81,1,User
241100,57,0,User
241016,38,0,User
241060,69,1,User
241167,55,1,User
241184,12,1,User
241221,28,0,User
241294,66,0,User
241303,12,1,User
241319,24,1,User
241330,62,1,User
241360,59,1,User
241458,71,0,User
241447,67,0,User
241450,64,1,User
241516,17,1,User
241380,41,1,User
241500,78,0,User
241598,41,1,User
241657,12,0,User
241554,66,1,User
241672,12,0,User
241560,62,1,User
241893,53,0,User
241755,60,1,User
241927,69,1,User
241955,78,1,User
241721,62,1,User
241948,12,0,User
242125,66,0,User
242077,69,0,User
241986,53,1,User
242151,59,1,User
242271,64,1,User
242160,12,1,User
242322,22,1,User
242113,38,1,User
242218,12,0,User
242507,14,0,User
242408,64,1,User
242477,38,0,User
242456,57,1,User
242489,52,1,User
242534,55,0,User
242688,67,0,User
242662,16,0,User
242548,12,1,User
242619,71,1,User
242752,24,1,User
242697,12,1,User
242821,60,0,User
242797,29,1,User
242900,66,0,User
242892,41,0,User
242987,45,0,User
242932,12,1,User
243047,12,0,User
242968,67,0,User
243010,72,0,User
243068,26,0,User
243079,12,1,User
243106,60,1,User
242998,90,1,User
243285,67,1,User
243195,34,0,User
243367,72,0,User
243371,60,1,User
243326,67,1,User
243466,16,0,User
243330,59,1,User
243456,62,0,User
243397,64,0,User
243500,95,0,User
243572,72,0,User
243483,66,0,User
243450,14,1,User
243478,66,0,User
243548,14,0,User
243552,71,0,User
243709,67,1,User
243756,19,0,User
243523,12,0,User
243731,34,0,User
243832,12,0,User
243719,64,1,User
243899,66,1,User
243949,55,1,User
243964,36,0,User
243972,52,1,User
244044,24,1,User
244118,16,1,User
244204,28,1,User
244277,14,1,User
244237,14,0,User
244267,14,0,User
244326,24,0,User
244280,12,0,User
244302,71,1,User
244472,67,0,User
244638,21,0,User
244523,71,0,User
244627,57,0,User
244693,67,1,User
244615,69,1,User
244833,71,0,User
244836,79,0,User
244634,34,0,User
244635,14,1,User
244866,69,0,User
244844,78,0,User
244793,41,1,User
244883,50,1,User
244709,71,1,User
244988,64,1,User
245026,69,0,User
245042,76,0,User
245101,12,0,User
245007,71,1,User
245094,12,0,User
245129,60,0,User
245229,86,0,User
245106,41,1,User
245108,64,1,User
245345,67,1,User
245323,60,0,User
245175,59,1,User
245334,24,1,User
245419,29,0,User
245435,57,0,User
245437,57,0,User
245439,12,0,User
245463,69,1,User
245464,12,0,User
245515,12,1,User
245484,12,0,User
245571,57,0,User
245559,67,1,User
245562,64,1,User
245699,16,1,User
245854,64,1,User
245770,55,1,User
245803,36,1,User
245756,57,0,User
245931,21,1,User
245876,67,0,User
245934,12,1,User
245831,64,1,User
246066,67,0,User
245907,71,1,User
246143,14,0,User
246189,62,0,User
246164,12,0,User
246294,45,1,User
246305,71,1,User
246218,67,1,User
246394,14,0,User
246408,66,0,User
246410,14,1,User
246472,34,0,User
246373,60,1,User
246559,59,0,User
246414,72,0,User
246574,12,1,User
246534,12,0,User
246650,59,0,User
246582,64,0,User
246449,79,0,User
246678,41,0,User
246594,48,1,User
246525,67,0,User
246696,48,0,User
246714,40,0,User
246740,12,0,User
246891,12,0,User
246732,62,1,User
246954,66,1,User
246985,12,1,User
247171,69,1,User
247114,48,0,User
247247,59,1,User
247291,66,1,User
247251,74,0,User
247355,22,0,User
247356,26,0,User
247357,62,1,User
247372,52,0,User
247374,48,1,User
247429,71,1,User
247301,71,1,User
247358,14,0,User
247478,12,0,User
247674,19,1,User
247683,72,0,User
247786,12,0,User
247678,62,0,User
247833,74,1,User
247690,59,1,User
247863,78,1,User
247748,36,1,User
247877,12,0,User
247762,62,1,User
247880,17,0,User
247752,72,0,User
247753,67,0,User
247852,12,0,User
247724,69,0,User
248057,72,0,User
247854,12,1,User
248064,69,0,User
247860,12,1,User
248127,66,0,User
248236,59,1,User
248204,12,1,User
248174,22,1,User
248216,34,0,User
248575,71,1,User
248588,74,0,User
248500,40,0,User
248504,38,1,User
248648,47,0,User
248746,34,0,User
248790,36,0,User
248876,71,1,User
249010,21,1,User
248917,40,0,User
248952,72,0,User
249110,12,0,User
249112,12,0,User
249143,12,1,User
249199,64,0,User
249205,69,1,User
249162,12,1,User
249133,12,0,User
249251,12,0,User
249302,57,0,User
249276,12,1,User
249283,12,0,User
249412,57,0,User
249400,52,1,User
249345,50,0,User
249424,64,1,User
249479,22,0,User
249445,79,0,User
249390,40,0,User
249435,50,1,User
249595,12,0,User
249524,57,1,User
249554,34,1,User
249638,74,0,User
249641,17,0,User
249569,62,1,User
249789,12,0,User
249806,55,0,User
249808,67,0,User
249795,33,0,User
249882,84,0,User
250040,52,0,User
249956,24,1,User
250047,12,1,User
250048,14,1,User
250105,34,0,User
250031,12,0,User
250179,40,1,User
249958,12,1,User
250059,29,1,User
250061,45,0,User
250219,47,0,User
250243,69,1,User
250326,41,1,User
250304,41,0,User
250411,12,1,User
250271,17,1,User
250272,74,1,User
250426,67,1,User
250456,74,0,User
250353,14,0,User
250444,12,1,User
250452,21,0,User
250395,71,1,User
250593,36,0,User
250594,53,0,User
250589,69,0,User
250643,14,0,User
250662,12,0,User
250786,50,0,User
250692,33,0,User
250749,74,0,User
250834,60,1,User
250855,71,0,User
250914,14,1,User
250873,21,1,User
251090,12,1,User
250990,62,1,User
250994,40,1,User
251176,69,1,User
251164,38,0,User
251297,12,0,User
251301,12,0,User
251232,64,1,User
251240,74,0,User
251426,71,1,User
251464,62,0,User
251506,12,1,User
251521,14,1,User
251482,12,0,User
251554,12,1,User
251621,41,1,User
251851,64,0,User
251844,22,0,User
251879,52,1,User
251906,14,1,User
252001,67,1,User
251950,59,1,User
252038,48,0,User
252082,74,0,User
252153,66,1,User
252127,72,1,User
252198,66,1,User
252159,55,1,User
252334,38,1,User
252292,59,0,User
252222,55,1,User
252338,53,1,User
252254,12,1,User
252473,17,0,User
252487,67,1,User
252343,21,0,User
252556,22,0,User
252446,74,0,User
252662,57,0,User
252553,33,1,User
252555,59,0,User
252652,45,1,User
252565,14,0,User
252711,67,1,User
252826,81,0,User
252702,66,0,User
252748,48,0,User
252749,67,1,User
252775,67,1,User
252763,50,0,User
252765,14,0,User
252986,74,1,User
253015,28,0,User
252865,12,1,User
253001,47,1,User
253057,45,0,User
253131,59,1,User
253184,64,1,User
253196,12,1,User
253200,12,0,User
253412,71,1,User
253328,71,1,User
253330,67,0,User
253390,66,1,User
253449,66,0,User
253565,69,0,User
253510,14,0,User
253636,24,1,User
253580,21,0,User
253698,29,1,User
253617,74,0,User
253787,64,0,User
253803,59,1,User
253773,66,1,User
253774,12,1,User
253752,26,0,User
253776,31,0,User
253795,12,0,User
253738,67,0,User
253865,36,1,User
253878,64,0,User
253695,71,1,User
253634,40,0,User
253870,62,0,User
253933,59,1,User
253917,53,0,User
254057,31,0,User
253991,71,0,User
253887,66,0,User
253942,71,1,User
253959,36,1,User
254040,59,0,User
254120,90,0,User
254161,12,0,User
254098,69,1,User
254155,66,1,User
254020,50,0,User
254288,12,1,User
254344,14,0,User
254390,12,0,User
254319,12,0,User
254398,79,0,User
254280,48,1,User
254615,59,1,User
254658,28,1,User
254674,50,1,User
254704,19,0,User
254761,81,1,User
254666,12,0,User
254825,57,0,User
254763,14,0,User
254758,12,0,User
254900,60,1,User
255016,69,1,User
255087,83,0,User
255154,12,0,User
255301,74,0,User
255331,72,0,User
255252,14,0,User
255442,72,0,User
255400,14,0,User
255616,81,1,User
255631,69,1,User
255615,69,1,User
255691,14,0,User
255682,52,0,User
255752,59,1,User
255744,69,1,User
255837,12,0,User
255839,12,1,User
255880,12,1,User
255917,62,0,User
255881,36,0,User
255976,43,0,User
255948,78,0,User
255759,12,0,User
255870,60,0,User
256021,62,0,User
255969,71,1,User
256000,22,0,User
256029,66,0,User
256143,79,0,User
256171,55,1,User
256231,79,0,User
256276,69,0,User
256121,48,0,User
256398,71,0,User
256377,12,0,User
256443,64,0,User
256384,69,1,User
256363,86,0,User
256468,12,0,User
256550,79,0,User
256580,12,0,User
256587,50,0,User
256726,71,0,User
256728,12,0,User
256742,81,0,User
256751,67,0,User
256823,50,0,User
256837,12,1,User
256882,12,1,User
256924,60,0,User
256942,34,0,User
257020,62,0,User
257063,24,0,User
257162,53,1,User
256994,66,0,User
257153,69,1,User
257154,45,0,User
257182,66,0,User
257239,12,0,User
257055,53,1,User
257249,62,0,User
257327,72,0,User
257139,24,1,User
257446,66,1,User
257434,74,0,User
257463,47,0,User
257452,69,1,User
257480,52,1,User
257460,33,0,User
257321,60,0,User
257539,47,0,User
257394,67,1,User
257615,47,1,User
257674,71,1,User
257709,53,1,User
257775,78,0,User
257896,12,1,User
257871,52,1,User
257956,50,1,User
257973,60,0,User
257962,66,0,User
257849,60,1,User
257932,40,0,User
257934,57,1,User
257939,88,0,User
257984,53,0,User
258076,78,0,User
258035,17,0,User
258132,64,1,User
258169,67,1,User
258157,71,1,User
258140,12,1,User
258218,12,0,User
258290,59,0,User
258303,14,0,User
258439,66,0,User
258452,53,0,User
258394,12,1,User
258471,64,0,User
258458,41,0,User
258459,67,1,User
258401,55,0,User
258344,53,1,User
258420,71,0,User
258573,71,0,User
258687,36,1,User
258979,67,0,User
258921,29,0,User
258914,57,0,User
259023,76,0,User
259007,12,0,User
258995,12,0,User
258893,59,0,User
258836,64,1,User
258837,12,1,User
258839,12,0,User
259053,60,0,User
259014,67,1,User
259054,71,0,User
258987,14,0,User
258960,31,0,User
259131,66,0,User
259004,71,0,User
259097,53,1,User
259104,60,0,User
259249,67,1,User
259329,64,1,User
259347,22,1,User
259358,55,0,User
259445,76,1,User
259542,62,1,User
259681,67,0,User
259439,71,0,User
259632,69,1,User
259731,86,0,User
259717,12,1,User
259694,21,0,User
260001,60,0,User
259766,72,1,User
259992,66,1,User
259919,71,0,User
259920,72,1,User
259961,57,0,User
259977,26,0,User
260089,69,1,User
260103,52,1,User
260063,59,0,User
260154,59,1,User
259949,62,0,User
260039,69,0,User
260296,33,1,User
260099,33,1,User
260401,53,1,User
260374,52,0,User
260260,71,1,User
260406,67,0,User
260324,67,1,User
260512,55,0,User
260553,66,0,User
260444,12,0,User
260557,21,0,User
260459,67,1,User
260564,71,1,User
260776,12,1,User
260751,57,0,User
260719,69,0,User
260827,26,1,User
260838,36,1,User
260830,28,1,User
260851,67,1,User
260835,67,1,User
260775,71,0,User
260858,74,0,User
260930,62,0,User
260812,53,0,User
260966,64,0,User
261122,52,0,User
261166,72,1,User
261162,74,1,User
261163,71,0,User
261147,17,0,User
261293,33,0,User
261415,62,0,User
261481,62,0,User
261484,64,0,User
261485,36,0,User
261526,66,0,User
261571,59,1,User
261545,59,1,User
261546,50,1,User
261344,48,1,User
261461,79,0,User
261618,12,1,User
261691,72,0,User
261539,31,1,User
261667,31,1,User
261653,19,0,User
261769,66,1,User
261824,52,1,User
262055,24,0,User
262071,36,1,User
261996,48,0,User
262002,59,1,User
262102,48,0,User
262117,52,0,User
262077,72,1,User
262089,21,0,User
262166,47,0,User
262227,66,0,User
262254,12,1,User
262367,12,0,User
262401,67,1,User
262417,67,1,User
262272,26,1,User
262330,12,0,User
262445,12,1,User
262458,45,0,User
262200,14,0,User
262450,59,1,User
262492,12,1,User
262479,52,0,User
262567,57,0,User
262726,12,1,User
262656,14,0,User
262732,28,0,User
262801,43,0,User
262823,67,1,User
262782,79,0,User
262783,19,1,User
262877,67,0,User
262922,71,1,User
262760,66,1,User
262912,71,1,User
262926,50,1,User
262807,22,0,User
262951,12,0,User
262856,24,1,User
263029,28,0,User
262997,12,0,User
263046,57,1,User
262978,55,1,User
263076,66,0,User
263091,12,1,User
263113,74,1,User
263211,12,0,User
263070,14,0,User
263151,29,0,User
263240,34,1,User
263124,33,0,User
263174,81,1,User
263204,12,0,User
263246,67,1,User
263288,12,0,User
263538,69,0,User
263599,60,0,User
263575,12,1,User
263603,12,0,User
263704,28,0,User
263799,69,0,User
263781,66,0,User
263740,16,1,User
263741,12,0,User
263848,66,0,User
263974,12,0,User
264042,64,1,User
264014,79,0,User
264171,50,1,User
264175,72,1,User
264082,71,1,User
264191,16,0,User
264195,14,1,User
264252,14,0,User
264231,12,1,User
264179,67,1,User
264307,14,0,User
264348,16,1,User
264350,60,1,User
264376,48,1,User
264322,12,1,User
264379,53,1,User
264485,21,0,User
264486,59,0,User
264528,26,0,User
264360,69,0,User
264573,64,0,User
264522,59,1,User
264600,14,0,User
264736,19,0,User
264615,71,0,User
264740,12,1,User
264796,60,1,User
264774,17,0,User
264934,59,1,User
264922,12,0,User
264977,14,0,User
264978,69,0,User
264926,69,1,User
265027,60,1,User
265037,72,1,User
265046,48,1,User
265061,53,0,User
265019,53,1,User
265089,64,0,User
265150,59,1,User
265249,71,0,User
265209,72,0,User
265255,64,0,User
265382,14,0,User
265294,74,1,User
265194,66,1,User
265503,69,1,User
265496,62,1,User
265460,40,0,User
265437,53,1,User
265525,12,0,User
265552,12,1,User
265316,55,1,User
265557,33,0,User
265711,14,1,User
265707,43,1,User
265709,66,1,User
265776,64,0,User
265853,66,0,User
265810,12,1,User
266002,14,1,User
265962,14,1,User
266052,40,0,User
266079,34,0,User
266140,67,1,User
266269,60,0,User
266331,12,0,User
266357,33,0,User
266204,64,1,User
266354,12,0,User
266435,53,0,User
266489,53,1,User
266439,86,0,User
266560,78,1,User
266456,64,0,User
266413,33,1,User
266689,12,1,User
266634,14,0,User
266751,93,0,User
266726,66,1,User
266839,62,1,User
266842,64,1,User
266790,53,1,User
266884,12,0,User
266863,72,0,User
266913,12,1,User
266992,12,1,User
266996,53,0,User
266921,66,1,User
266940,21,0,User
267041,71,1,User
267121,66,1,User
266983,57,0,User
267130,36,0,User
267246,57,1,User
267114,12,1,User
267288,66,1,User
267362,29,1,User
267363,53,1,User
267382,57,1,User
267321,57,0,User
267526,60,1,User
267527,79,0,User
267390,71,0,User
267268,22,0,User
267605,28,0,User
267459,36,1,User
267546,64,0,User
267463,64,1,User
267688,66,1,User
267770,41,1,User
267826,71,0,User
267856,64,1,User
267894,88,0,User
267839,69,1,User
268008,57,0,User
267981,16,0,User
268001,55,1,User
267882,71,0,User
268130,12,0,User
268142,64,0,User
268049,29,1,User
268161,52,0,User
268146,16,1,User
268247,60,1,User
268065,28,0,User
268191,62,0,User
268167,12,0,User
268278,55,0,User
268256,43,1,User
268270,66,0,User
268337,38,0,User
268297,71,0,User
268562,55,0,User
268543,57,0,User
268545,12,0,User
268519,57,0,User
268658,12,1,User
268727,72,1,User
268627,71,0,User
268733,71,1,User
268633,83,0,User
268496,62,0,User
268786,81,0,User
268791,71,1,User
268805,57,1,User
268765,29,0,User
268841,48,0,User
268783,71,1,User
268886,34,0,User
268963,14,0,User
269072,67,0,User
269109,12,1,User
269039,22,0,User
269040,67,0,User
269205,28,0,User
269327,36,0,User
269373,86,0,User
269310,62,0,User
269410,71,1,User
269186,24,0,User
269492,31,0,User
269506,40,1,User
269552,12,0,User
269554,12,1,User
269541,57,1,User
269440,52,1,User
269529,28,1,User
269716,19,1,User
269697,64,0,User
269741,62,0,User
269827,12,0,User
269881,14,0,User
269899,24,0,User
269927,45,0,User
269757,53,0,User
269888,12,1,User
269891,55,0,User
269949,47,0,User
270005,53,1,User
270006,55,1,User
270139,59,0,User
270014,74,1,User
270196,72,0,User
270169,72,1,User
270211,14,1,User
270201,72,1,User
270115,59,0,User
270223,12,1,User
270291,28,1,User
270346,24,1,User
270361,45,0,User
270278,62,1,User
270240,33,0,User
270325,29,1,User
270338,12,1,User
270496,55,1,User
270454,74,1,User
270492,28,1,User
270574,74,0,User
270575,57,1,User
270532,36,1,User
270637,12,0,User
270648,62,1,User
270440,67,1,User
270642,57,1,User
270599,38,0,User
270736,84,0,User
270705,66,1,User
270790,72,1,User
270933,60,0,User
270965,12,0,User
270821,12,1,User
271045,67,1,User
270883,55,0,User
271077,69,0,User
271143,66,1,User
271019,78,0,User
271276,29,1,User
271277,66,0,User
271255,47,0,User
271256,60,1,User
271351,88,0,User
271210,14,0,User
271230,29,0,User
271403,12,0,User
271379,67,1,User
271546,41,1,User
271334,71,0,User
271540,76,1,User
271364,14,0,User
271666,71,1,User
271635,14,1,User
271688,36,0,User
271596,28,1,User
271611,33,1,User
271680,12,1,User
271694,72,0,User
271543,19,1,User
271783,17,0,User
271879,60,1,User
271940,12,0,User
271854,83,1,User
271955,50,0,User
271917,45,1,User
272018,33,0,User
271905,66,0,User
272087,90,0,User
272044,84,1,User
272060,38,0,User
272143,33,0,User
272192,31,0,User
272076,50,1,User
272242,69,1,User
272070,52,0,User
272286,57,1,User
272128,50,0,User
272036,14,1,User
272279,55,1,User
272289,12,0,User
272421,91,0,User
272450,71,1,User
272399,24,0,User
272476,69,0,User
272369,55,0,User
272474,12,0,User
272591,71,0,User
272675,12,1,User
272731,64,0,User
272733,69,1,User
272547,12,1,User
272619,12,0,User
272724,78,0,User
272620,67,1,User
272621,78,1,User
272823,62,0,User
272927,34,0,User
272951,14,0,User
272953,66,0,User
272935,71,1,User
273059,83,0,User
273111,59,0,User
273256,34,1,User
273228,29,0,User
273102,12,0,User
273221,14,0,User
273300,12,1,User
273413,12,1,User
273342,21,0,User
273267,40,0,User
273529,41,1,User
273490,12,0,User
273535,62,1,User
273430,34,1,User
273737,69,0,User
273785,12,1,User
273832,91,1,User
273779,48,1,User
273790,33,0,User
273907,69,1,User
273840,12,0,User
273924,12,0,User
274008,67,0,User
273986,12,0,User
274070,41,1,User
274031,12,0,User
274202,40,1,User
274249,74,0,User
274236,53,1,User
274311,12,0,User
274320,60,0,User
274428,64,0,User
274270,57,0,User
274376,12,1,User
274331,52,1,User
274357,52,0,User
274257,47,0,User
274488,67,1,User
274519,38,1,User
274434,12,0,User
274392,47,1,User
274609,60,0,User
274394,40,1,User
274640,60,0,User
274684,62,0,User
274727,55,0,User
274758,12,1,User
274631,55,1,User
274709,64,1,User
274873,14,1,User
274970,62,1,User
275029,67,0,User
274843,69,1,User
274954,66,1,User
274982,34,1,User
275178,41,0,User
275055,66,0,User
275179,81,1,User
275222,22,0,User
275224,33,1,User
275163,67,0,User
275098,62,1,User
275212,69,0,User
275342,60,0,User
275371,59,1,User
275421,41,1,User
275477,55,0,User
275521,12,1,User
275470,34,0,User
275481,26,0,User
275603,12,0,User
275541,69,1,User
275501,50,1,User
275660,12,1,User
275702,72,0,User
275504,12,0,User
275716,21,0,User
275677,26,0,User
275806,55,0,User
275548,26,1,User
275868,36,0,User
275815,60,0,User
275941,72,0,User
275863,29,0,User
275865,67,0,User
275947,84,0,User
275917,64,1,User
275744,62,0,User
275964,79,0,User
276111,50,1,User
276126,69,1,User
276153,60,0,User
276157,71,0,User
276196,38,0,User
276198,17,0,User
276015,14,0,User
276229,59,0,User
276236,41,0,User
276295,17,1,User
276163,12,0,User
276164,38,0,User
276222,72,0,User
276394,33,0,User
276307,71,1,User
276356,12,0,User
276312,50,0,User
276343,12,0,User
276345,12,0,User
276390,71,1,User
276485,45,0,User
276661,14,1,User
276519,62,0,User
276568,12,1,User
276652,16,1,User
276707,21,0,User
276708,12,0,User
276506,50,0,User
276723,67,0,User
276716,71,1,User
276826,40,0,User
276835,71,1,User
276907,71,1,User
276908,59,1,User
276981,78,1,User
276810,47,0,User
277141,66,1,User
277087,24,0,User
277046,12,0,User
276924,66,1,User
277075,33,1,User
277144,72,0,User
277157,67,1,User
277010,14,0,User
277163,43,0,User
277190,57,1,User
277322,14,1,User
277366,72,1,User
277317,71,0,User
277359,67,0,User
277416,69,0,User
277404,64,1,User
277517,41,0,User
277368,53,1,User
277409,57,1,User
277579,16,0,User
277580,38,0,User
277378,33,0,User
277496,60,1,User
277554,19,0,User
277611,62,0,User
277697,64,0,User
277602,64,0,User
277721,21,0,User
277749,60,1,User
277395,55,1,User
277753,64,0,User
277810,12,1,User
277822,64,1,User
277921,71,0,User
277894,12,0,User
277895,33,1,User
277925,50,0,User
277796,12,0,User
278008,67,1,User
278073,72,0,User
278101,67,0,User
278047,64,0,User
278100,66,0,User
278106,12,0,User
278328,60,1,User
278233,62,0,User
278235,28,0,User
278321,38,0,User
278359,12,0,User
278360,33,0,User
278393,71,0,User
278309,12,0,User
278348,57,0,User
278596,78,0,User
278545,14,0,User
278559,74,1,User
278603,40,0,User
278636,12,1,User
278637,57,0,User
278747,34,0,User
278720,79,0,User
278569,67,1,User
278751,14,0,User
278842,38,0,User
278915,34,0,User
278989,79,0,User
279107,16,0,User
279039,17,0,User
278968,14,1,User
279102,72,1,User
279172,28,1,User
279133,43,1,User
279147,64,0,User
279206,67,1,User
279180,12,1,User
279248,55,0,User
279260,36,0,User
279322,12,1,User
279349,12,1,User
279376,79,0,User
279527,59,1,User
279446,74,0,User
279575,76,0,User
279589,12,0,User
279618,52,1,User
279428,64,1,User
279646,69,1,User
279649,67,1,User
279672,72,0,User
279654,64,0,User
279495,62,1,User
279813,22,0,User
279774,12,0,User
279689,66,1,User
279717,31,1,User
279916,79,0,User
279932,19,0,User
279868,69,0,User
279961,64,1,User
279936,45,1,User
279991,69,0,User
279898,12,0,User
280081,74,1,User
280082,50,1,User
280098,64,0,User
280133,53,0,User
280161,76,1,User
280179,81,0,User
280094,12,0,User
280262,12,0,User
280255,67,0,User
280301,12,1,User
280385,62,0,User
280269,76,0,User
280348,12,0,User
280478,52,0,User
280591,78,0,User
280681,34,0,User
280470,12,1,User
280619,71,0,User
280686,34,0,User
280649,12,0,User
280729,12,1,User
280706,59,1,User
280719,64,0,User
280740,71,1,User
280840,22,1,User
280784,57,1,User
280796,59,1,User
280932,12,0,User
280870,34,1,User
280984,60,1,User
280768,47,0,User
280999,59,0,User
280960,21,1,User
280975,60,1,User
280948,64,1,User
281075,62,1,User
281009,12,1,User
281134,12,1,User
281194,50,0,User
281212,64,1,User
281198,60,1,User
281168,71,1,User
281199,67,1,User
281234,12,0,User
281351,12,1,User
281368,31,0,User
281259,47,0,User
281499,57,0,User
281541,72,1,User
281721,12,0,User
281765,69,0,User
281766,59,1,User
281706,86,0,User
281855,66,1,User
282002,71,1,User
281804,24,0,User
281917,55,0,User
281919,52,1,User
282031,69,1,User
281996,41,1,User
282201,83,1,User
282243,55,0,User
282319,12,1,User
282347,41,0,User
282130,78,0,User
282270,74,0,User
282454,36,0,User
282384,12,1,User
282458,64,0,User
282413,57,0,User
282485,45,0,User
282460,67,0,User
282431,24,0,User
282541,12,0,User
282433,47,0,User
282445,62,0,User
282449,22,0,User
282694,43,1,User
282623,79,0,User
282580,26,1,User
282627,12,0,User
282609,50,0,User
282774,60,0,User
282595,57,0,User
282916,64,0,User
282716,88,0,User
282892,12,0,User
282950,69,0,User
282912,12,0,User
282958,12,1,User
283016,12,1,User
283158,88,0,User
282804,69,0,User
283169,71,0,User
283196,60,0,User
283276,69,1,User
283294,66,0,User
283254,76,0,User
283301,12,1,User
283337,66,0,User
283244,64,0,User
283260,78,0,User
283443,57,0,User
283462,12,1,User
283490,55,0,User
283518,62,0,User
283421,64,0,User
283550,16,1,User
283716,76,0,User
283740,71,1,User
283813,67,0,User
283678,36,0,User
283941,36,1,User
284086,67,0,User
284092,74,0,User
284146,57,0,User
284237,22,1,User
283992,50,1,User
284186,66,1,User
284285,60,0,User
284348,38,1,User
284329,50,1,User
284433,12,1,User
284367,64,1,User
284407,62,0,User
284412,16,0,User
284538,52,0,User
284512,12,1,User
284279,24,0,User
284514,12,0,User
284534,24,0,User
284516,17,0,User
284661,14,0,User
284649,67,0,User
284634,52,0,User
284693,78,0,User
284722,64,0,User
284684,12,0,User
284740,52,0,User
284790,33,0,User
284775,12,0,User
284887,47,0,User
284976,48,0,User
284931,62,1,User
284902,59,0,User
284933,79,0,User
284848,67,1,User
284994,12,1,User
285023,40,0,User
285084,81,1,User
285147,67,0,User
285323,48,0,User
285425,19,0,User
285526,90,1,User
285473,31,0,User
285442,12,0,User
285281,47,0,User
285461,88,0,User
285370,52,1,User
285711,64,1,User
285746,64,0,User
285748,45,0,User
285625,60,1,User
285684,14,0,User
285597,12,1,User
285820,19,0,User
285902,78,0,User
285808,45,0,User
285839,71,0,User
285912,14,1,User
286066,41,0,User
286032,57,0,User
286046,12,0,User
286222,55,1,User
286224,34,0,User
286108,12,1,User
286336,45,1,User
286300,12,0,User
286383,91,0,User
286284,57,0,User
286275,84,1,User
286305,50,0,User
286442,60,1,User
286459,48,0,User
286508,36,0,User
286455,71,1,User
286525,66,1,User
286624,33,0,User
286568,28,0,User
286320,62,0,User
286632,40,0,User
286439,71,0,User
286657,66,0,User
286604,26,0,User
286484,60,1,User
286716,28,0,User
286704,52,1,User
286746,12,0,User
286776,69,0,User
286750,12,0,User
286822,81,0,User
286784,86,0,User
286993,76,1,User
287034,71,1,User
287162,19,1,User
287109,12,0,User
287064,12,0,User
287124,33,0,User
287253,84,0,User
287129,12,0,User
287230,24,0,User
287407,12,1,User
287424,72,0,User
287437,60,0,User
287344,81,0,User
287554,43,1,User
287599,60,1,User
287703,38,0,User
287606,24,0,User
287697,12,0,User
287794,59,0,User
287673,57,0,User
287816,48,0,User
287819,57,0,User
287543,12,0,User
287549,66,0,User
287973,53,0,User
287950,55,0,User
287913,62,0,User
288031,52,1,User
287895,14,0,User
288040,12,1,User
288066,40,1,User
288084,47,0,User
288069,12,1,User
288102,83,0,User
288232,41,1,User
288271,36,0,User
288273,66,0,User
288246,64,1,User
288292,26,0,User
288112,12,0,User
288326,33,1,User
288379,12,0,User
288453,16,0,User
288454,52,1,User
288433,17,1,User
288528,60,0,User
288490,72,0,User
288412,24,0,User
288465,53,0,User
288620,57,1,User
288606,55,1,User
288661,64,1,User
288693,59,0,User
288667,12,1,User
288736,62,0,User
288741,28,0,User
288811,76,0,User
288774,64,1,User
288776,50,0,User
288780,19,1,User
288884,34,1,User
288885,24,0,User
288806,34,0,User
289013,50,1,User
288928,12,1,User
289056,90,1,User
289112,47,0,User
289016,71,1,User
289127,67,1,User
289128,52,1,User
289132,12,0,User
289160,50,0,User
289070,33,0,User
289151,48,0,User
289221,62,0,User
289074,66,0,User
289180,69,1,User
289306,55,0,User
289091,64,1,User
289399,69,0,User
289316,40,0,User
289346,64,0,User
289442,59,0,User
289333,19,0,User
289451,60,1,User
289577,52,0,User
289651,47,0,User
289543,12,0,User
289687,67,0,User
289718,74,0,User
289772,47,1,User
289635,43,0,User
289822,12,0,User
289853,66,1,User
289828,14,0,User
289860,28,0,User
289981,67,1,User
289954,41,1,User
289997,12,0,User
289806,12,0,User
289863,53,0,User
289867,14,0,User
289988,71,0,User
289992,60,0,User
290046,62,0,User
289979,60,0,User
290049,84,0,User
290138,28,1,User
290167,66,1,User
290070,12,0,User
290168,29,0,User
290300,55,0,User
290316,16,0,User
290317,81,0,User
290100,16,0,User
290289,57,1,User
290371,12,0,User
290386,43,1,User
290388,12,0,User
290039,62,1,User
290106,71,0,User
290214,72,0,User
290233,50,1,User
290114,31,0,User
290484,55,1,User
290570,78,0,User
290453,57,1,User
290614,71,0,User
290686,26,0,User
290662,12,1,User
290585,53,0,User
290664,74,0,User
290711,71,1,User
290682,17,1,User
290780,17,0,User
290784,12,0,User
290831,31,0,User
290884,71,0,User
290916,12,0,User
290669,47,0,User
290773,64,1,User
290846,12,1,User
291065,14,1,User
291143,34,0,User
291226,62,0,User
291309,50,0,User
291266,53,0,User
291150,12,0,User
291366,81,1,User
291451,16,1,User
291410,83,0,User
291504,16,1,User
291546,16,0,User
291521,12,0,User
291484,50,1,User
291603,40,1,User
291570,79,0,User
291450,84,1,User
291829,12,0,User
291779,41,0,User
291838,55,0,User
291765,21,1,User
291810,67,1,User
291924,47,0,User
291980,17,0,User
291981,14,0,User
291983,60,0,User
292081,16,1,User
291867,67,0,User
292050,66,0,User
292116,14,0,User
292098,67,0,User
292190,12,0,User
292218,62,1,User
292057,31,1,User
292059,72,0,User
292091,34,0,User
292063,14,1,User
292265,66,0,User
292239,12,0,User
292322,84,1,User
292149,72,1,User
292215,74,0,User
292288,66,0,User
292407,59,0,User
292408,71,1,User
292446,34,0,User
292409,52,1,User
292362,40,0,User
292465,12,1,User
292496,12,0,User
292480,48,0,User
292610,22,0,User
292613,12,1,User
292742,12,0,User
292759,12,1,User
292671,12,0,User
292821,33,1,User
292794,14,0,User
292675,53,0,User
292695,12,0,User
292892,40,0,User
292859,62,1,User
292664,29,0,User
292740,12,0,User
292977,14,1,User
293072,66,1,User
293060,14,0,User
293078,22,0,User
293093,34,0,User
293253,38,1,User
293255,12,0,User
293297,12,0,User
293244,12,1,User
293141,71,1,User
293375,86,0,User
293344,66,0,User
293420,62,1,User
293293,55,1,User
293352,66,1,User
293359,69,0,User
293361,74,1,User
293541,38,0,User
293367,60,0,User
293590,72,1,User
293428,17,1,User
293686,12,1,User
293633,12,0,User
293550,34,1,User
293800,45,1,User
293783,64,0,User
293867,60,0,User
293727,50,0,User
293941,64,0,User
293959,12,0,User
293931,72,0,User
293907,59,0,User
293835,53,0,User
294032,12,0,User
294046,29,0,User
294038,74,1,User
294050,69,0,User
294212,45,0,User
294229,38,0,User
294132,69,0,User
294244,67,1,User
294210,69,0,User
294348,14,0,User
294320,17,0,User
294266,53,0,User
294371,64,0,User
294390,71,0,User
294413,50,1,User
294521,72,0,User
294579,66,1,User
294631,66,1,User
294550,47,0,User
294661,74,1,User
294680,60,0,User
294600,52,0,User
294770,12,1,User
294786,16,1,User
294843,57,0,User
294788,69,1,User
294859,64,1,User
294948,47,1,User
294957,62,1,User
294935,71,1,User
294835,71,1,User
295022,67,1,User
294824,60,0,User
294942,71,0,User
294990,28,1,User
295126,66,0,User
295050,48,0,User
294996,66,1,User
295180,53,1,User
294999,12,0,User
295086,43,1,User
295222,64,1,User
295224,12,1,User
295235,67,0,User
295325,71,1,User
295354,67,1,User
295341,52,1,User
295425,14,0,User
295522,24,0,User
295554,12,0,User
295726,57,1,User
295716,52,0,User
295759,29,0,User
295773,66,0,User
295850,12,0,User
295797,34,0,User
295780,19,1,User
295806,12,0,User
295825,40,1,User
295961,33,0,User
295945,64,0,User
296090,69,1,User
295935,34,0,User
296108,41,0,User
296068,12,0,User
296020,91,1,User
296080,43,0,User
296296,16,0,User
296300,12,0,User
296270,17,0,User
296401,28,0,User
296229,74,0,User
296352,19,0,User
296407,72,0,User
296339,76,0,User
296455,55,1,User
296422,53,0,User
296457,59,0,User
296531,71,0,User
296510,12,1,User
296569,71,0,User
296630,59,1,User
296606,24,1,User
296562,12,0,User
296694,69,1,User
296676,26,0,User
296878,60,1,User
296920,12,0,User
297070,67,1,User
297186,12,0,User
297101,12,0,User
296993,50,0,User
296999,67,0,User
297376,62,1,User
297335,14,0,User
297381,57,0,User
297437,67,1,User
297269,21,0,User
297413,12,0,User
297417,71,0,User
297535,69,0,User
297478,71,1,User
297449,98,0,User
297538,14,0,User
297619,67,0,User
297479,52,1,User
297653,76,0,User
297722,76,0,User
297598,12,0,User
297510,19,0,User
297600,14,0,User
297752,52,0,User
297770,72,0,User
297835,57,1,User
297606,22,0,User
297803,71,1,User
297951,14,1,User
297643,67,0,User
297991,12,0,User
297891,17,1,User
298100,71,0,User
298142,66,0,User
297997,67,1,User
298060,50,0,User
298002,64,1,User
298138,47,0,User
298281,12,0,User
298338,14,0,User
298193,69,0,User
298352,12,1,User
298366,53,1,User
298210,14,1,User
298304,67,0,User
298423,14,0,User
298493,21,1,User
298496,12,1,User
298498,22,0,User
298454,88,0,User
298531,71,0,User
298561,50,0,User
298438,72,1,User
298566,66,0,User
298404,12,1,User
298520,64,0,User
298409,57,0,User
298689,76,1,User
298550,38,0,User
298552,12,0,User
298556,88,0,User
298786,79,0,User
298787,12,1,User
298710,59,0,User
298876,74,0,User
298878,66,1,User
298778,64,1,User
298875,12,0,User
298975,12,1,User
298955,66,0,User
299103,26,0,User
299046,12,0,User
299110,12,0,User
299111,28,1,User
299151,28,1,User
299177,74,0,User
299284,59,0,User
299273,79,0,User
299328,57,1,User
299286,66,0,User
299348,60,0,User
299340,47,0,User
299433,59,0,User
299451,60,0,User
299486,26,0,User
299488,53,0,User
299496,71,1,User
299570,38,0,User
299589,12,1,User
299559,29,1,User
299605,71,0,User
299716,12,0,User
299708,12,1,User
299560,69,1,User
299683,12,0,User
299608,12,0,User
299771,64,0,User
299944,45,1,User
299973,53,0,User
300061,67,1,User
299918,66,0,User
299907,74,1,User
300005,12,1,User
299953,60,0,User
300058,83,0,User
300212,69,1,User
300044,12,1,User
300173,66,0,User
300347,31,1,User
300318,45,0,User
300332,45,1,User
300282,50,0,User
300542,71,1,User
300492,84,0,User
300547,12,0,User
300480,28,0,User
300575,64,0,User
300432,12,0,User
300649,57,0,User
300666,12,0,User
300675,67,0,User
300843,67,0,User
300858,14,0,User
300932,60,0,User
300934,62,0,User
300760,71,0,User
300938,57,0,User
301051,81,0,User
301052,12,0,User
301000,24,0,User
301015,55,0,User
301005,74,0,User
300952,12,0,User
301207,12,0,User
301471,72,0,User
301432,12,0,User
301447,43,0,User
301643,50,1,User
301675,19,0,User
301876,72,0,User
301850,12,0,User
301808,64,0,User
301880,64,0,User
301827,59,1,User
301913,62,0,User
302022,28,1,User
302254,67,0,User
302255,31,1,User
302144,41,1,User
302158,62,0,User
302215,88,0,User
302327,16,0,User
302232,41,1,User
302319,62,1,User
302374,12,0,User
302323,57,0,User
302391,71,1,User
302416,66,1,User
302465,12,0,User
302347,17,0,User
302406,45,0,User
302505,83,1,User
302706,38,1,User
302808,52,0,User
302811,24,1,User
302742,24,1,User
302969,66,1,User
303153,64,1,User
303117,17,1,User
303289,55,1,User
303237,12,0,User
303284,14,1,User
303359,47,0,User
303305,14,0,User
303397,67,0,User
303543,62,1,User
303566,41,1,User
303539,41,1,User
303736,69,0,User
303715,14,1,User
303719,71,1,User
303845,64,0,User
303790,67,0,User
303821,64,1,User
303945,60,1,User
304058,48,1,User
303979,12,0,User
304032,41,1,User
304063,33,1,User
304093,57,0,User
304249,55,0,User
304237,17,0,User
304292,52,1,User
304188,52,0,User
304405,64,0,User
304430,14,1,User
304460,12,0,User
304391,71,0,User
304139,12,1,User
304547,12,1,User
304670,66,0,User
304677,79,1,User
304761,84,1,User
304738,59,0,User
304605,62,0,User
304823,93,0,User
304908,71,1,User
304924,38,0,User
304897,31,0,User
304798,53,1,User
304987,57,0,User
304962,71,0,User
304963,17,0,User
304934,14,1,User
305064,12,0,User
305101,62,0,User
304999,71,0,User
305126,14,0,User
305137,62,0,User
305049,40,0,User
305128,14,0,User
305199,69,1,User
305298,64,0,User
305157,67,1,User
305168,14,0,User
305224,12,1,User
305244,64,0,User
305202,69,1,User
305246,12,1,User
305232,57,0,User
305143,69,1,User
305278,55,1,User
305419,74,0,User
305216,64,1,User
305287,12,1,User
305452,12,0,User
305507,41,0,User
305483,19,0,User
305501,31,0,User
305567,55,0,User
305424,12,0,User
305555,52,0,User
305614,67,0,User
305659,19,0,User
305602,66,0,User
305527,12,0,User
305633,12,1,User
305736,16,1,User
305898,67,1,User
305872,62,1,User
305873,41,1,User
305943,29,1,User
305946,33,0,User
305879,53,0,User
305948,12,0,User
305930,64,0,User
305843,14,1,User
306227,12,1,User
306193,64,1,User
306116,34,1,User
306130,12,1,User
306335,12,1,User
306311,17,1,User
306382,60,0,User
306028,66,1,User
306437,74,0,User
306409,47,0,User
306443,55,1,User
306513,41,0,User
306616,12,1,User
306603,55,0,User
306585,57,0,User
306624,21,1,User
306680,12,0,User
306595,12,1,User
306639,48,1,User
306508,14,1,User
306673,33,0,User
306815,84,1,User
306901,12,1,User
306847,12,0,User
306920,26,0,User
306963,17,0,User
306979,12,0,User
307098,31,0,User
306868,64,1,User
307145,59,0,User
307090,69,0,User
307279,31,0,User
307366,60,0,User
307297,71,0,User
307331,62,0,User
307464,12,0,User
307382,31,1,User
307546,12,0,User
307445,47,0,User
307438,52,1,User
307512,12,1,User
307530,71,1,User
307536,66,0,User
307629,67,1,User
307614,52,1,User
307586,55,0,User
307639,34,1,User
307575,52,1,User
307668,12,0,User
307730,84,1,User
307859,12,0,User
307813,19,0,User
307973,72,0,User
307904,60,0,User
308089,60,1,User
308039,12,0,User
308119,79,1,User
308167,60,0,User
308185,22,0,User
308200,86,1,User
308111,71,0,User
308264,84,1,User
308352,81,1,User
308391,84,0,User
308393,78,0,User
308494,86,1,User
308495,12,1,User
308319,86,0,User
308524,64,1,User
308322,22,1,User
308555,66,1,User
308518,24,0,User
308534,29,0,User
308559,48,1,User
308563,26,0,User
308618,12,1,User
308587,67,1,User
308630,52,1,User
308791,19,0,User
308821,71,0,User
308811,24,0,User
308844,79,1,User
308750,69,1,User
308753,14,1,User
308870,12,1,User
308858,64,1,User
308769,71,0,User
308772,88,0,User
309002,40,0,User
309095,14,1,User
309153,57,0,User
309204,78,0,User
309105,64,0,User
309170,74,1,User
309346,62,1,User
309292,14,0,User
309337,66,0,User
309393,45,0,User
309440,71,0,User
309501,66,0,User
309550,83,0,User
309523,14,1,User
309660,47,1,User
309740,57,0,User
309555,52,1,User
309711,76,0,User
309786,86,0,User
309826,12,0,User
309731,47,0,User
309732,12,0,User
309891,72,1,User
309877,67,1,User
309765,59,0,User
309896,71,1,User
310038,71,0,User
310068,14,1,User
310097,12,1,User
310113,81,0,User
310133,47,0,User
310144,60,1,User
310246,69,1,User
310140,69,1,User
310121,64,1,User
310296,12,0,User
310326,62,1,User
310298,72,0,User
310446,12,0,User
310318,64,0,User
310332,12,1,User
310388,14,1,User
310477,78,0,User
310524,69,0,User
310563,14,1,User
310467,62,0,User
310567,24,1,User
310573,12,0,User
310493,12,1,User
310588,24,1,User
310681,55,1,User
310726,34,1,User
310596,60,1,User
310772,62,0,User
310692,28,1,User
310656,12,0,User
310642,69,1,User
310803,48,1,User
310787,69,1,User
310907,41,0,User
310852,12,0,User
310868,57,0,User
310789,24,0,User
310941,16,0,User
310782,83,0,User
311014,59,1,User
311177,64,1,User
311223,72,1,User
311236,50,0,User
311172,22,0,User
311241,72,0,User
311154,16,0,User
311341,12,0,User
311347,74,0,User
311338,12,0,User
311349,14,0,User
311447,12,1,User
311466,86,0,User
311382,12,1,User
311512,72,1,User
311529,93,1,User
311531,43,1,User
311691,48,1,User
311573,74,1,User
311711,16,0,User
311723,12,0,User
311779,17,1,User
311897,59,0,User
311865,14,1,User
311772,59,1,User
311941,17,0,User
311950,45,0,User
311743,12,1,User
312067,40,1,User
311933,67,0,User
312024,59,0,User
312152,71,1,User
312142,66,0,User
312170,52,0,User
312085,72,0,User
312173,26,0,User
312213,57,0,User
312301,22,0,User
312224,60,1,User
312237,64,0,User
312325,66,0,User
312442,78,0,User
312485,72,1,User
312486,33,1,User
312372,72,1,User
312373,71,0,User
312398,14,1,User
312505,52,0,User
312430,41,0,User
312517,47,0,User
312677,69,0,User
312641,36,0,User
312782,53,0,User
312744,88,1,User
312758,84,1,User
312857,52,0,User
312763,29,0,User
312673,12,1,User
312888,81,0,User
312903,17,1,User
312977,90,0,User
312937,31,0,User
312701,48,1,User
312939,19,0,User
313051,12,0,User
313014,57,1,User
313171,69,0,User
313175,76,0,User
313223,28,0,User
313117,66,1,User
313237,64,0,User
313238,71,0,User
313002,16,1,User
313273,71,1,User
313302,57,1,User
313456,24,0,User
313435,12,0,User
313418,60,0,User
313462,64,1,User
313473,47,0,User
313488,64,1,User
313506,50,1,User
313621,52,0,User
313688,12,0,User
313495,43,0,User
313497,12,0,User
313644,12,0,User
313661,12,0,User
313727,16,1,User
313732,55,0,User
313816,52,0,User
313803,59,0,User
313777,66,1,User
313709,12,0,User
313881,17,0,User
313891,12,0,User
313792,66,1,User
313843,24,1,User
313912,12,0,User
314037,69,1,User
313963,12,0,User
314047,71,1,User
314100,50,1,User
314232,55,1,User
314113,60,0,User
314073,14,1,User
314265,67,0,User
314359,60,1,User
314078,38,1,User
314361,64,0,User
314416,66,1,User
314338,14,0,User
314435,60,0,User
314381,64,1,User
314442,67,0,User
314531,74,0,User
314415,52,0,User
314554,50,0,User
314545,14,1,User
314586,83,0,User
314558,12,0,User
314603,64,1,User
314587,28,0,User
314657,67,1,User
314678,81,0,User
314830,69,1,User
314742,66,0,User
314986,52,0,User
314872,41,0,User
314875,12,0,User
315037,74,0,User
315027,53,1,User
315067,67,0,User
314965,59,1,User
315084,57,0,User
315153,21,0,User
315214,41,0,User
315272,55,0,User
315319,74,1,User
315339,14,0,User
315290,12,0,User
315437,38,0,User
315268,24,0,User
315304,81,1,User
315461,60,1,User
315574,64,1,User
315535,52,1,User
315619,14,0,User
315503,40,1,User
315614,69,0,User
315660,69,1,User
315671,72,0,User
315812,81,0,User
315683,36,0,User
315793,50,1,User
315777,71,0,User
316020,12,1,User
315894,67,0,User
316069,64,1,User
316143,62,0,User
316205,67,0,User
316179,57,1,User
316237,71,0,User
316306,12,0,User
316195,64,1,User
316197,78,1,User
316341,41,0,User
316366,52,1,User
316229,22,0,User
316486,12,0,User
316463,97,1,User
316440,22,1,User
316518,57,1,User
316470,28,0,User
316552,60,1,User
316606,72,0,User
316577,12,0,User
316415,52,0,User
316522,81,0,User
316744,40,1,User
316805,71,0,User
316647,71,0,User
316729,90,0,User
316695,62,1,User
316892,81,0,User
316885,16,0,User
316959,34,0,User
316857,12,0,User
316968,71,0,User
316905,57,0,User
317005,12,0,User
317095,79,0,User
317082,78,0,User
317162,12,0,User
317128,59,1,User
317153,19,0,User
317130,57,1,User
317039,69,0,User
317342,71,1,User
317304,71,0,User
317264,72,0,User
317536,71,0,User
317442,60,1,User
317581,83,0,User
317354,59,0,User
317530,21,1,User
317656,71,1,User
317618,83,1,User
317490,28,0,User
317721,29,0,User
317677,72,1,User
317738,66,0,User
317902,81,0,User
317915,43,0,User
318007,64,0,User
317907,69,0,User
318023,52,1,User
317924,55,1,User
318029,62,0,User
318082,48,0,User
318044,62,0,User
318201,74,0,User
318216,12,0,User
318138,86,1,User
318118,71,1,User
318286,62,1,User
318303,64,1,User
318347,76,0,User
318406,69,0,User
318424,76,1,User
318548,17,0,User
318405,83,0,User
318551,57,0,User
318677,64,1,User
318389,38,0,User
318776,12,0,User
318719,47,1,User
318725,45,0,User
318891,50,1,User
318966,16,0,User
318918,17,1,User
319039,41,1,User
319089,67,1,User
319091,66,0,User
319042,12,1,User
319161,24,1,User
319206,12,1,User
319263,29,0,User
319185,67,1,User
319253,69,1,User
319300,53,1,User
319398,24,0,User
319404,33,0,User
319350,66,1,User
319405,26,0,User
319487,26,0,User
319489,72,0,User
319533,43,0,User
319491,53,1,User
319576,64,0,User
319608,72,1,User
319500,72,0,User
319651,60,0,User
319653,14,0,User
319365,64,1,User
319485,52,1,User
319545,60,0,User
319715,74,1,User
319470,47,0,User
319730,21,1,User
319513,38,0,User
319704,12,0,User
319832,12,0,User
319821,52,0,User
319859,48,0,User
319952,71,0,User
319971,69,0,User
319985,67,0,User
319912,12,0,User
320005,59,1,User
320016,12,1,User
320056,71,0,User
320072,72,1,User
320089,55,1,User
320063,74,0,User
320236,45,0,User
320251,78,1,User
320172,12,1,User
320174,69,1,User
320120,66,0,User
320248,72,1,User
320130,16,0,User
320356,83,1,User
320340,12,0,User
320359,67,1,User
320508,64,0,User
320513,66,1,User
320504,81,0,User
320400,71,1,User
320604,66,1,User
320630,14,0,User
320590,74,1,User
320751,79,0,User
320594,67,1,User
320562,71,1,User
320825,48,0,User
320884,12,1,User
320744,74,0,User
320794,50,1,User
320983,76,1,User
320969,12,0,User
321245,67,0,User
321198,12,0,User
321292,76,0,User
321177,12,1,User
321424,17,0,User
321253,71,0,User
321255,14,0,User
321387,72,0,User
321419,83,0,User
321354,36,0,User
321500,52,1,User
321528,60,1,User
321587,53,1,User
321615,64,1,User
321750,67,1,User
321725,71,1,User
321790,14,1,User
321846,12,0,User
321822,52,0,User
321823,78,0,User
321950,64,0,User
321877,57,1,User
322001,69,0,User
322005,12,1,User
321883,71,0,User
322111,14,1,User
322246,69,1,User
322291,67,0,User
322219,21,0,User
322194,66,0,User
322297,45,1,User
322274,14,0,User
322319,14,0,User
322224,76,0,User
322413,47,1,User
322228,16,0,User
322531,57,0,User
322424,64,0,User
322462,59,1,User
322541,41,1,User
322594,16,0,User
322380,12,0,User
322712,12,1,User
322433,69,1,User
322526,66,1,User
322628,83,1,User
322710,16,0,User
322773,62,0,User
322923,12,0,User
322910,48,0,User
322944,12,1,User
322918,12,0,User
322959,78,0,User
323146,67,1,User
323104,40,1,User
323114,62,1,User
323085,62,0,User
323281,43,0,User
323326,12,0,User
323188,45,1,User
323262,12,0,User
323402,19,1,User
323470,66,0,User
323458,55,0,User
323600,72,0,User
323590,59,0,User
323687,62,0,User
323620,22,1,User
323761,71,0,User
323694,60,1,User
323791,72,1,User
323736,53,1,User
323730,59,1,User
323853,66,0,User
323892,12,0,User
323966,64,0,User
324039,17,0,User
323876,59,0,User
324053,31,0,User
324070,62,1,User
324176,74,1,User
324317,72,1,User
324377,31,0,User
324253,36,0,User
324468,47,0,User
324399,97,1,User
324426,76,1,User
324443,19,0,User
324528,12,0,User
324534,64,1,User
324574,12,0,User
324586,12,1,User
324562,60,1,User
324602,71,1,User
324635,50,0,User
324623,16,1,User
324643,67,0,User
324549,55,1,User
324667,12,1,User
324668,69,1,User
324673,67,1,User
324781,12,1,User
324731,57,0,User
324600,12,1,User
324745,12,0,User
324849,66,1,User
324825,62,1,User
324810,60,0,User
324991,33,1,User
324964,12,1,User
324941,12,1,User
325001,19,1,User
324794,71,0,User
325017,57,1,User
325168,12,0,User
325282,57,0,User
325426,55,1,User
325431,66,0,User
325516,64,0,User
325274,71,0,User
325553,71,1,User
325591,69,0,User
325607,72,0,User
325449,47,0,User
325520,34,0,User
325637,69,0,User
325569,12,0,User
325575,91,1,User
325559,24,0,User
325726,22,1,User
325641,69,0,User
325786,17,1,User
325663,67,0,User
325736,47,0,User
325647,78,1,User
325818,69,1,User
325850,74,0,User
325632,67,0,User
325790,24,0,User
325799,83,0,User
325898,16,1,User
325977,24,0,User
325815,12,0,User
326007,14,1,User
326105,12,0,User
325871,16,0,User
326147,64,0,User
325949,12,1,User
326106,12,0,User
326181,62,0,User
326344,12,0,User
326224,69,1,User
326234,36,1,User
326321,66,0,User
326499,36,1,User
326455,59,0,User
326369,83,0,User
326421,79,1,User
326469,66,1,User
326674,31,0,User
326694,12,1,User
326700,64,1,User
326621,71,0,User
326807,55,1,User
326705,66,1,User
326839,53,0,User
326670,45,1,User
326843,53,1,User
326846,76,0,User
326884,16,0,User
326945,26,1,User
327048,34,0,User
326892,67,1,User
326970,52,0,User
327067,60,0,User
326950,12,0,User
327144,45,0,User
327180,69,1,User
327209,69,0,User
327134,79,1,User
327311,52,0,User
327237,52,1,User
327423,69,0,User
327452,16,0,User
327388,57,1,User
327430,69,0,User
327542,66,0,User
327529,83,0,User
327544,66,1,User
327576,64,0,User
327721,12,0,User
327598,29,0,User
327449,59,0,User
327716,12,1,User
327727,12,1,User
327796,12,0,User
327886,60,0,User
327876,67,0,User
327913,69,0,User
328037,57,0,User
328072,41,1,User
327838,12,1,User
327853,34,1,User
327854,12,0,User
328025,12,1,User
328102,12,1,User
328193,12,1,User
328205,64,0,User
328322,62,1,User
328194,57,1,User
328281,17,1,User
328327,67,1,User
328295,66,1,User
328152,67,0,User
328379,31,0,User
328532,52,1,User
328461,67,1,User
328548,34,0,User
328500,53,1,User
328621,14,1,User
328318,12,1,User
328646,19,0,User
328685,72,0,User
328626,78,0,User
328612,26,0,User
328775,45,1,User
328724,74,1,User
328630,62,0,User
328665,16,0,User
328634,53,1,User
328767,64,1,User
328751,12,1,User
328880,12,0,User
328827,12,0,User
329011,47,0,User
329026,62,0,User
328864,60,1,User
328945,12,0,User
328869,14,0,User
329060,67,0,User
328871,12,0,User
328872,12,1,User
329008,62,1,User
329077,45,1,User
329200,71,1,User
329204,19,0,User
329275,88,0,User
329381,67,1,User
329448,64,0,User
329382,29,0,User
329420,12,1,User
329469,67,1,User
329566,78,0,User
329444,59,0,User
329445,69,1,User
329582,71,1,User
329572,12,0,User
329565,19,0,User
329593,59,1,User
329677,64,1,User
329808,71,1,User
329827,72,0,User
329793,93,1,User
329879,14,0,User
329850,57,1,User
329724,12,0,User
330036,60,0,User
330121,67,1,User
330138,48,0,User
330125,12,0,User
330055,19,1,User
330258,78,0,User
330192,59,1,User
330453,60,0,User
330413,24,0,User
330414,60,0,User
330458,84,1,User
330606,16,1,User
330631,12,1,User
330633,53,1,User
330569,60,0,User
330503,69,0,User
330600,36,0,User
330522,12,0,User
330788,26,0,User
330789,12,0,User
330902,14,0,User
330885,69,0,User
330965,45,0,User
330967,86,0,User
330806,12,1,User
330998,52,0,User
330972,71,1,User
330821,26,1,User
330825,81,0,User
331075,48,0,User
331213,52,1,User
331214,71,1,User
331279,71,1,User
331140,26,0,User
331339,71,1,User
331227,12,0,User
331245,71,0,User
331429,12,0,User
331562,19,0,User
331566,55,0,User
331610,60,1,User
331653,24,0,User
331656,69,0,User
331646,62,0,User
331683,71,0,User
331754,21,0,User
331930,72,1,User
332080,72,0,User
332103,74,0,User
332038,12,1,User
331917,12,1,User
331919,22,1,User
332313,53,1,User
332172,34,0,User
332412,60,1,User
332596,57,0,User
332582,40,1,User
332543,28,0,User
332676,16,1,User
332579,12,1,User
332653,64,0,User
332724,72,0,User
332744,69,0,User
332768,12,0,User
332874,69,0,User
332750,72,1,User
332927,34,0,User
332850,17,0,User
333039,17,0,User
332961,12,1,User
333069,79,0,User
333043,52,0,User
333111,69,1,User
333169,71,0,User
333116,71,0,User
333098,16,0,User
333072,64,0,User
333125,16,1,User
333301,28,0,User
333346,64,1,User
333328,62,0,User
333399,45,0,User
333444,17,1,User
333494,14,1,User
333573,12,1,User
333546,12,0,User
333631,14,1,User
333696,22,1,User
333563,12,0,User
333826,71,1,User
333844,62,1,User
333734,12,1,User
333775,26,0,User
333804,12,1,User
333955,36,0,User
334126,21,1,User
334151,50,1,User
334249,12,1,User
334237,69,0,User
334266,53,0,User
334282,31,0,User
334200,43,1,User
334359,34,1,User
334418,55,0,User
334313,29,1,User
334423,12,0,User
334448,12,0,User
334550,60,1,User
334395,71,1,User
334591,12,1,User
334607,66,0,User
334470,12,0,User
334623,52,0,User
334651,64,0,User
334639,67,0,User
334455,21,1,User
334630,24,0,User
334719,16,0,User
334724,69,0,User
334687,38,1,User
334703,81,1,User
334709,12,1,User
334892,12,1,User
334855,71,1,User
334951,84,1,User
334967,81,0,User
334940,60,1,User
335056,45,0,User
335071,12,1,User
334962,47,0,User
335035,12,1,User
335051,12,0,User
334885,40,1,User
335127,40,1,User
335240,55,1,User
335242,26,0,User
335168,12,1,User
335232,12,0,User
335172,72,0,User
335290,57,0,User
335345,12,1,User
335331,66,0,User
335375,16,1,User
335417,24,0,User
335187,12,1,User
335277,64,1,User
335420,47,0,User
335413,60,0,User
335557,59,1,User
335482,12,0,User
335576,64,1,User
335634,60,1,User
335657,53,1,User
335488,78,1,User
335708,40,0,User
335547,14,0,User
335777,76,0,User
335809,12,0,User
335836,71,1,User
335781,72,1,User
335589,72,0,User
335723,53,1,User
335876,81,1,User
335917,12,0,User
336064,47,0,User
336035,12,1,User
335983,12,1,User
336232,72,0,User
336175,57,1,User
336284,53,0,User
336209,55,1,User
336337,14,0,User
336340,17,1,User
336423,71,0,User
336398,66,1,User
336412,69,0,User
336511,12,0,User
336459,66,1,User
336532,67,0,User
336510,60,1,User
336390,66,1,User
336691,66,1,User
336688,28,1,User
336552,12,0,User
336715,47,1,User
336727,12,1,User
336886,47,1,User
336904,17,0,User
336806,76,0,User
336947,14,0,User
336864,69,1,User
336885,64,0,User
336940,66,1,User
337043,71,1,User
337067,66,1,User
336912,14,0,User
337010,57,1,User
337187,50,1,User
337018,40,1,User
337034,60,1,User
337103,52,0,User
337367,69,0,User
337225,55,1,User
337382,78,1,User
337271,71,1,User
337404,62,0,User
337454,62,1,User
337519,12,0,User
337499,76,1,User
337549,72,1,User
337627,26,1,User
337580,76,0,User
337542,21,1,User
337759,69,0,User
337717,69,0,User
337617,12,1,User
337848,12,0,User
337767,71,0,User
337903,12,1,User
337905,62,0,User
338019,12,0,User
337990,52,1,User
338071,59,1,User
338086,12,1,User
338029,14,1,User
338002,71,1,User
338123,60,1,User
338154,62,0,User
338109,60,1,User
338254,52,1,User
338229,43,1,User
338204,40,0,User
338341,55,0,User
338330,43,1,User
338373,47,1,User
338374,52,1,User
338402,59,1,User
338319,67,1,User
338378,90,0,User
338482,59,1,User
338554,52,1,User
338486,71,1,User
338587,14,0,User
338575,19,0,User
338702,60,1,User
338677,52,1,User
338622,59,0,User
338664,69,1,User
338852,48,1,User
338757,17,0,User
338875,21,1,User
338725,60,0,User
338835,50,0,User
339061,69,1,User
339066,62,0,User
339139,71,1,User
338995,12,0,User
339056,12,1,User
339166,31,1,User
339184,67,0,User
339126,50,0,User
339194,48,1,User
339175,62,0,User
339176,69,1,User
339333,72,1,User
339339,55,1,User
339407,67,1,User
339238,19,0,User
339307,62,1,User
339254,31,1,User
339311,67,0,User
339400,62,1,User
339418,14,1,User
339506,69,1,User
339447,12,0,User
339661,59,1,User
339523,66,0,User
339510,33,0,User
339621,12,0,User
339626,69,1,User
339723,66,0,User
339754,84,0,User
339799,53,1,User
339800,12,1,User
339764,28,0,User
339823,59,0,User
339850,66,0,User
339806,43,1,User
339982,24,0,User
339881,21,1,User
339734,64,1,User
339910,12,1,User
340069,66,1,User
340096,24,0,User
339944,26,0,User
340100,29,1,User
340134,16,1,User
340103,50,0,User
340153,16,0,User
340352,50,1,User
340353,55,0,User
340369,76,0,User
340349,69,1,User
340399,78,0,User
340456,67,1,User
340360,64,0,User
340443,53,0,User
340362,55,1,User
340473,12,0,User
340415,66,1,User
340478,50,0,User
340331,14,0,User
340421,22,1,User
340555,45,0,User
340538,53,0,User
340437,12,0,User
340577,71,0,User
340600,41,1,User
340587,76,1,User
340705,69,1,User
340762,12,0,User
340617,50,1,User
340747,29,0,User
340787,79,0,User
340765,12,0,User
340802,16,0,User
340770,47,0,User
340877,45,0,User
340863,12,0,User
341030,67,0,User
340829,12,0,User
341019,67,0,User
340991,43,0,User
341047,69,1,User
341147,62,1,User
341114,71,0,User
341201,17,0,User
341185,64,0,User
341204,78,1,User
341268,66,0,User
341150,14,1,User
341314,57,0,User
341327,72,1,User
341257,72,0,User
341259,38,1,User
341260,71,1,User
341363,50,0,User
341404,12,1,User
341295,59,1,User
341478,12,0,User
341494,72,0,User
341347,19,1,User
341485,59,1,User
341570,12,0,User
341621,12,0,User
341766,47,0,User
341795,57,0,User
341796,38,0,User
341670,69,1,User
341867,62,0,User
341873,71,0,User
341932,12,1,User
341858,24,0,User
341880,53,0,User
342036,12,0,User
342077,59,0,User
341892,62,1,User
342022,67,1,User
342064,60,0,User
342090,55,1,User
341983,12,0,User
342067,59,0,User
342145,12,1,User
342039,19,0,User
342178,12,0,User
342299,71,0,User
342334,12,0,User
342457,72,0,User
342461,74,0,User
342591,52,1,User
342662,72,1,User
342679,66,1,User
342504,62,0,User
342634,69,1,User
342554,14,0,User
342736,79,1,User
342768,69,1,User
342796,16,1,User
342775,55,0,User
342817,12,0,User
342847,14,1,User
342789,14,0,User
342828,67,1,User
342875,12,0,User
342803,88,0,User
342859,24,0,User
342792,67,1,User
342924,62,1,User
342947,67,1,User
342957,53,0,User
343017,71,0,User
342975,59,1,User
342747,12,0,User
342930,12,0,User
343127,57,0,User
342984,59,0,User
343246,64,1,User
343146,12,0,User
343147,59,0,User
343005,17,0,User
343323,60,0,User
343329,47,0,User
343290,55,0,User
343366,69,0,User
343370,17,0,User
343443,64,0,User
343256,36,1,User
343434,22,0,User
343424,48,0,User
343393,16,0,User
343470,57,0,User
343534,41,0,User
343527,41,0,User
343700,12,0,User
343652,55,1,User
343723,12,0,User
343773,52,0,User
343786,76,0,User
343761,55,0,User
343620,69,1,User
343819,41,1,User
343584,41,1,User
343894,69,1,User
343694,66,0,User
343815,38,1,User
343908,55,1,User
343951,55,0,User
343956,52,1,User
343871,57,1,User
343945,12,1,User
343946,76,0,User
343949,62,0,User
343915,67,1,User
344075,12,0,User
344104,59,0,User
344109,12,0,User
344039,16,0,User
343973,55,1,User
343974,34,1,User
344200,74,0,User
344022,12,0,User
344311,36,0,User
344159,26,0,User
344316,41,0,User
344362,57,0,User
344337,50,0,User
344438,66,1,User
344455,52,0,User
344550,43,0,User
344525,48,1,User
344662,62,0,User
344692,62,1,User
344754,59,1,User
344609,69,0,User
344825,12,0,User
344826,34,1,User
344785,47,1,User
345062,12,1,User
345077,12,1,User
345065,81,0,User
345173,14,0,User
344970,31,0,User
345294,47,0,User
345296,60,0,User
345466,64,0,User
345427,59,0,User
345557,12,1,User
345545,67,1,User
345441,59,0,User
345606,36,0,User
345579,31,1,User
345609,12,0,User
345618,36,0,User
345592,67,0,User
345634,64,1,User
345678,12,0,User
345762,12,1,User
345702,17,1,User
345801,66,1,User
345894,12,1,User
345794,22,1,User
345920,31,0,User
345958,74,1,User
346032,33,0,User
346070,24,1,User
345850,64,0,User
346116,59,1,User
346005,60,1,User
346218,29,0,User
346326,12,1,User
346412,78,1,User
346340,67,0,User
346402,36,0,User
346308,12,1,User
346275,71,0,User
346561,29,1,User
346652,45,1,User
346572,71,1,User
346762,71,1,User
346650,36,0,User
346719,69,0,User
346784,67,0,User
346882,45,1,User
346997,72,0,User
346983,59,1,User
346932,76,1,User
346838,12,1,User
346911,62,0,User
346843,50,1,User
346946,12,0,User
347008,64,1,User
347009,67,1,User
347057,79,1,User
347153,12,0,User
347036,62,1,User
347156,71,1,User
347129,12,1,User
347256,64,0,User
347220,17,0,User
347067,12,1,User
347189,16,1,User
347402,62,1,User
347321,45,0,User
347417,17,1,User
347376,72,1,User
347273,19,1,User
347421,19,1,User
347304,34,1,User
347585,88,0,User
347627,59,1,User
347617,36,0,User
347474,17,0,User
347684,57,0,User
347726,88,0,User
347699,26,1,User
347886,40,0,User
347944,12,0,User
347927,12,0,User
347835,16,0,User
347868,72,0,User
347871,67,0,User
347819,66,0,User
347992,14,1,User
347909,66,1,User
348065,91,0,User
348007,69,1,User
348039,19,0,User
348101,53,0,User
348137,60,1,User
347968,78,1,User
348071,53,1,User
348143,45,1,User
348232,12,0,User
348259,12,0,User
348421,43,0,User
348483,55,1,User
348485,12,0,User
348329,41,0,User
348263,29,1,User
348371,55,0,User
348601,71,1,User
348461,38,0,User
348630,21,1,User
348671,16,0,User
348813,76,0,User
348786,57,0,User
348901,43,1,User
348853,71,1,User
348966,12,1,User
348896,22,1,User
349055,53,0,User
348881,33,0,User
349064,71,0,User
349019,48,1,User
349190,12,1,User
349234,12,0,User
349074,34,1,User
349162,52,1,User
349079,69,0,User
349381,12,1,User
349399,17,0,User
349311,69,0,User
349314,78,0,User
349434,62,1,User
349371,12,1,User
349394,43,1,User
349529,40,1,User
349484,71,1,User
349515,67,1,User
349599,41,1,User
349565,66,0,User
349801,14,1,User
349642,12,1,User
349613,60,1,User
349850,69,1,User
349843,79,0,User
349875,57,1,User
349937,33,0,User
349886,12,1,User
349923,12,1,User
349782,12,1,User
350015,12,1,User
350029,81,0,User
349960,67,0,User
349858,12,1,User
350181,48,0,User
350185,12,0,User
350242,34,1,User
350319,66,1,User
350405,60,1,User
350453,12,0,User
350427,69,0,User
350543,12,1,User
350394,72,0,User
350307,83,1,User
350500,71,0,User
350557,34,0,User
350475,67,0,User
350485,69,1,User
350565,12,0,User
350610,69,1,User
350851,33,0,User
350839,38,0,User
350815,57,0,User
350831,21,0,User
350902,41,0,User
350870,43,0,User
350957,71,0,User
351032,81,1,User
351008,14,1,User
351065,14,0,User
350923,53,1,User
351092,62,0,User
351105,64,0,User
351271,36,0,User
351180,76,0,User
351274,14,0,User
351234,12,0,User
351267,55,0,User
351392,14,1,User
351335,12,0,User
351483,53,0,User
351343,48,1,User
351427,71,0,User
351445,21,0,User
351390,47,1,User
351543,67,0,User
351459,59,0,User
351505,62,1,User
351506,53,1,User
351739,38,0,User
351753,88,0,User
351642,16,0,User
351644,64,1,User
351605,26,0,User
351607,17,0,User
351814,41,0,User
351907,55,0,User
351942,76,1,User
351964,14,0,User
352000,66,0,User
352087,34,0,User
352092,50,1,User
352017,55,1,User
352140,14,1,User
352123,12,0,User
352076,12,0,User
352162,55,1,User
352229,60,1,User
352315,59,0,User
352167,71,0,User
352319,12,0,User
352169,12,1,User
352320,62,1,User
352401,12,0,User
352274,48,0,User
352350,62,0,User
352417,59,0,User
352283,50,0,User
352256,48,0,User
352180,12,0,User
352432,71,0,User
352464,22,0,User
352469,12,1,User
352470,60,1,User
352482,60,0,User
352696,16,1,User
352632,36,0,User
352669,72,0,User
352676,71,1,User
352716,67,1,User
352680,22,1,User
352756,12,0,User
352599,12,1,User
352540,29,0,User
352589,36,0,User
352849,16,0,User
352572,14,0,User
352792,78,1,User
352861,74,1,User
352794,38,0,User
352896,12,0,User
352923,59,1,User
352932,12,1,User
352813,69,0,User
353013,57,0,User
353009,17,1,User
353032,12,0,User
353206,12,0,User
353140,48,0,User
353142,12,0,User
353419,53,0,User
353367,17,0,User
353431,12,0,User
353412,55,1,User
353413,40,1,User
353370,34,1,User
353305,57,1,User
353265,12,0,User
353292,53,1,User
353521,69,0,User
353522,64,1,User
353228,71,1,User
353527,78,0,User
353490,52,1,User
353472,74,0,User
353599,53,1,User
353659,95,0,User
353621,67,0,User
353721,59,0,User
353565,66,0,User
353545,60,0,User
353694,66,0,User
353697,19,1,User
353768,66,0,User
353892,67,0,User
353876,17,0,User
353973,14,0,User
353983,12,1,User
354051,69,0,User
353995,12,0,User
354074,29,0,User
354075,74,1,User
354097,69,0,User
353998,71,0,User
354110,71,0,User
354125,53,1,User
354155,69,1,User
353804,60,0,User
354058,69,1,User
354126,43,0,User
354290,71,1,User
354130,14,1,User
353970,62,0,User
354179,53,0,User
354235,29,0,User
354193,66,1,User
354370,59,0,User
354432,71,1,User
354532,66,1,User
354678,76,1,User
354583,69,0,User
354785,59,0,User
354639,67,0,User
354644,33,0,User
354656,17,1,User
354675,50,0,User
354733,31,0,User
354820,59,0,User
354789,71,0,User
354947,33,0,User
354793,81,0,User
354965,62,0,User
354925,60,0,User
354912,12,1,User
355008,64,0,User
354969,47,0,User
354980,12,0,User
355066,14,0,User
355053,12,1,User
355046,12,1,User
355115,47,0,User
355193,57,1,User
355353,12,1,User
355121,12,0,User
355383,17,0,User
355396,79,1,User
355313,81,0,User
355441,59,0,User
355228,48,0,User
355329,12,1,User
355486,12,1,User
355561,71,0,User
355523,48,0,User
355593,64,1,User
355607,34,0,User
355580,19,0,User
355540,76,0,User
355440,78,1,User
355636,76,1,User
355549,76,1,User
355653,72,0,User
355484,16,0,User
355558,71,0,User
355727,71,1,User
355603,12,0,User
355774,66,0,User
355831,55,0,User
355809,48,1,User
355662,67,0,User
355788,31,0,User
355869,67,0,User
355860,12,1,User
355918,12,0,User
356000,55,0,User
356074,28,0,User
356037,41,0,User
356076,21,1,User
355975,12,1,User
356117,36,1,User
356085,12,0,User
356150,74,1,User
356151,12,0,User
356225,78,1,User
356055,66,0,User
356236,12,1,User
356203,12,1,User
356274,74,1,User
356174,41,0,User
356099,12,1,User
356234,50,0,User
356403,29,0,User
356322,36,1,User
356447,69,0,User
356422,45,1,User
356436,66,0,User
356367,33,0,User
356369,17,1,User
356509,71,1,User
356385,24,1,User
356566,81,0,User
356568,12,1,User
356559,93,1,User
356573,40,0,User
356487,64,0,User
356615,72,1,User
356565,67,0,User
356776,47,1,User
356579,57,1,User
356884,59,0,User
356815,12,1,User
356924,12,0,User
356964,72,0,User
357031,71,0,User
357091,74,0,User
356970,12,0,User
357097,40,1,User
357088,16,0,User
357212,72,0,User
357161,12,0,User
357216,52,1,User
357272,16,0,User
357198,71,0,User
357199,59,0,User
357340,66,1,User
357270,62,0,User
357411,48,1,User
357329,14,1,User
357459,86,0,User
357543,64,1,User
357520,62,0,User
357622,17,0,User
357563,71,1,User
357645,38,0,User
357510,21,1,User
357755,69,1,User
357555,21,0,User
357696,12,0,User
357763,24,0,User
357717,50,0,User
357840,72,0,User
358150,53,0,User
358269,50,0,User
358418,26,0,User
358406,34,0,User
358483,45,0,User
358421,62,1,User
358583,16,0,User
358462,12,0,User
358514,66,1,User
358660,14,0,User
358631,12,1,User
358849,62,1,User
358851,69,0,User
358858,16,0,User
358860,84,1,User
358874,79,0,User
358984,90,0,User
359049,12,1,User
359099,66,1,User
359341,78,1,User
359300,64,1,User
359348,45,1,User
359175,45,0,User
359226,21,0,User
359407,12,0,User
359554,74,1,User
359443,12,0,User
359611,59,1,User
359621,57,1,User
359549,69,1,User
359716,41,0,User
359590,81,1,User
359790,26,1,User
359820,64,0,User
359952,47,0,User
360082,12,1,User
360094,64,0,User
360103,12,1,User
360158,29,0,User
360289,45,0,User
360264,12,0,User
360276,36,1,User
360266,22,0,User
360321,12,0,User
360221,67,0,User
360424,72,0,User
360381,26,0,User
360513,86,0,User
360414,84,0,User
360373,64,1,User
360465,40,0,User
360478,57,1,User
360595,62,0,User
360598,59,0,User
360737,55,0,User
360615,55,0,User
360948,57,0,User
360933,55,0,User
360949,45,1,User
361069,62,0,User
361083,62,1,User
361058,88,0,User
360921,69,0,User
360923,76,1,User
361012,64,1,User
361005,47,0,User
361034,60,1,User
361266,48,0,User
361341,12,0,User
361285,43,0,User
361396,79,1,User
361403,55,1,User
361379,74,1,User
361433,66,1,User
361434,12,0,User
361456,26,0,User
361478,86,1,User
361553,24,0,User
361587,41,0,User
361616,36,0,User
361735,69,1,User
361601,64,0,User
361831,71,0,User
361753,60,0,User
361892,12,1,User
361868,66,0,User
361936,66,0,User
361937,72,0,User
361938,12,0,User
361843,64,1,User
361999,67,0,User
362003,64,1,User
361952,14,1,User
362019,76,0,User
362078,74,1,User
362070,57,1,User
362183,31,1,User
362228,14,0,User
362342,57,0,User
362234,57,0,User
362199,59,0,User
362303,40,0,User
362334,12,0,User
362393,62,0,User
362373,40,0,User
362422,12,0,User
362435,90,0,User
362398,17,1,User
362536,50,1,User
362384,31,1,User
362445,24,1,User
362657,12,1,User
362676,59,1,User
362622,40,0,User
362690,69,1,User
362473,33,1,User
362768,12,0,User
362794,12,1,User
362771,55,1,User
362785,41,1,User
362664,21,0,User
362804,76,0,User
362958,12,1,User
362890,66,1,User
363033,60,1,User
363108,34,0,User
363123,33,1,User
363104,17,0,User
363196,31,0,User
363260,40,1,User
363347,71,1,User
363267,69,0,User
363268,62,1,User
363308,60,0,User
363397,24,0,User
363497,67,0,User
363314,12,1,User
363476,53,0,User
363648,66,0,User
363581,52,0,User
363741,72,1,User
363754,79,1,User
363784,57,1,User
363611,53,0,User
363814,60,0,User
363822,88,1,User
363795,64,0,User
363840,12,0,User
363903,22,0,User
363957,12,0,User
364001,12,0,User
364056,36,0,User
363922,67,1,User
363924,69,0,User
364085,22,1,User
363942,64,0,User
364211,60,1,User
364228,53,1,User
364312,60,0,User
364140,17,0,User
364407,78,1,User
364414,12,1,User
364333,48,0,User
364492,71,0,User
364394,66,0,User
364495,69,0,User
364563,12,1,User
364526,12,0,User
364349,64,0,User
364431,12,1,User
364636,71,0,User
364544,40,1,User
364602,16,0,User
364481,12,0,User
364656,69,0,User
364696,31,0,User
364569,60,1,User
364708,12,1,User
364758,17,1,User
364926,53,0,User
364981,47,0,User
364958,14,0,User
365015,24,1,User
365073,67,0,User
365036,78,0,User
365165,14,0,User
365226,53,1,User
365135,16,0,User
365220,21,0,User
365360,79,0,User
365335,69,1,User
365349,64,1,User
365494,66,0,User
365302,12,0,User
365537,72,0,User
365307,12,1,User
365555,12,0,User
365503,72,0,User
365642,12,0,User
365686,74,0,User
365661,71,0,User
365668,57,0,User
365776,50,1,User
365815,47,0,User
365871,14,0,User
365928,48,0,User
365957,12,1,User
365973,66,1,User
365954,62,1,User
366055,12,1,User
366045,12,1,User
366212,69,1,User
366025,69,0,User
366057,67,1,User
366218,71,0,User
366206,12,0,User
366288,12,0,User
366194,69,1,User
366380,38,0,User
366355,29,0,User
366359,72,1,User
366414,67,0,User
366482,72,1,User
366369,67,0,User
366443,64,1,User
366517,59,0,User
366493,66,0,User
366707,67,0,User
366723,53,0,User
366725,16,0,User
366551,40,0,User
366798,47,0,User
366774,52,0,User
366710,55,1,User
366654,67,0,User
366841,45,0,User
366838,14,0,User
366905,74,0,User
366922,36,0,User
366804,48,1,User
366790,72,0,User
366930,47,1,User
366955,74,1,User
367000,59,1,User
367008,12,0,User
367047,12,1,User
367117,71,1,User
367035,72,1,User
366984,45,1,User
367124,40,1,User
366960,66,0,User
367306,62,1,User
367351,12,0,User
367300,14,0,User
367309,12,1,User
367179,62,0,User
367429,66,0,User
367472,60,0,User
367501,12,0,User
367459,67,1,User
367406,79,1,User
367408,78,1,User
367198,48,0,User
367508,74,0,User
367593,41,0,User
367609,12,1,User
367461,12,0,User
367534,19,0,User
367698,78,0,User
367720,71,1,User
367791,12,1,User
367780,12,0,User
367834,12,1,User
367813,62,1,User
367973,57,0,User
367869,12,0,User
367975,67,0,User
367931,67,1,User
367978,31,0,User
367994,24,1,User
368061,12,1,User
368063,76,1,User
368107,12,1,User
368096,55,1,User
367943,66,1,User
368115,57,0,User
368207,60,1,User
367950,67,0,User
368170,55,1,User
368241,74,1,User
368160,34,1,User
368319,31,0,User
368333,78,0,User
368390,57,1,User
368422,31,1,User
368442,67,0,User
368540,69,0,User
368582,55,0,User
368587,12,0,User
368623,12,0,User
368674,66,1,User
368625,48,1,User
368692,60,0,User
368763,64,1,User
368748,67,1,User
368655,16,0,User
368719,12,1,User
368837,55,1,User
368578,12,0,User
368869,52,0,User
368912,60,0,User
368915,19,1,User
368685,45,0,User
368876,71,1,User
368958,14,0,User
368921,24,0,User
368828,60,1,User
369106,66,1,User
368976,16,1,User
369141,69,1,User
369205,71,1,User
369189,12,0,User
369164,16,0,User
369210,57,0,User
369391,66,1,User
369130,50,0,User
369383,69,0,User
369452,86,1,User
369326,59,1,User
369327,62,1,User
369574,71,1,User
369549,50,1,User
369638,64,0,User
369538,12,0,User
369503,12,1,User
369650,41,0,User
369690,60,1,User
369785,71,1,User
369730,36,0,User
369750,72,1,User
369673,26,0,User
369758,12,1,User
369939,67,1,User
369913,12,0,User
370036,12,1,User
370023,12,1,User
369996,12,0,User
369885,29,1,User
370015,34,0,User
370110,12,0,User
370248,31,0,User
370250,12,0,User
370198,41,1,User
370288,72,1,User
370167,66,0,User
370168,69,0,User
370317,52,1,User
370267,60,0,User
370215,34,1,User
370477,34,0,User
370666,16,1,User
370646,71,1,User
370706,55,0,User
370695,74,0,User
370759,24,1,User
370837,14,1,User
370828,71,0,User
370782,12,1,User
370921,14,0,User
370907,40,0,User
370899,34,1,User
370830,12,0,User
370798,34,0,User
370799,40,0,User
370920,50,0,User
371050,69,1,User
370975,45,0,User
371155,12,0,User
371242,14,0,User
371163,17,1,User
371281,33,0,User
371108,14,0,User
371112,47,0,User
371212,71,1,User
371301,50,1,User
371451,59,1,User
371454,12,0,User
371310,69,1,User
371523,69,0,User
371428,50,0,User
371539,16,0,User
371510,76,1,User
371570,78,0,User
371721,52,1,User
371723,57,0,User
371535,64,0,User
371654,66,1,User
371842,12,0,User
371927,69,0,User
371889,53,0,User
371891,40,0,User
371946,24,0,User
371847,67,0,User
371986,69,0,User
371849,60,0,User
371819,62,1,User
372020,31,0,User
372037,67,1,User
371981,24,0,User
372139,64,1,User
372226,62,1,User
372171,71,0,User
372202,71,1,User
372180,12,0,User
372287,72,1,User
372208,74,1,User
372272,43,0,User
372293,19,0,User
372337,59,0,User
372254,69,1,User
372343,60,0,User
372406,69,1,User
372284,59,0,User
372412,19,0,User
372456,83,0,User
372462,50,0,User
372571,84,1,User
372521,62,0,User
372472,57,0,User
372646,43,0,User
372752,53,0,User
372728,14,1,User
372820,64,1,User
372842,40,0,User
372976,62,0,User
372881,66,0,User
373047,55,0,User
373100,66,0,User
373019,76,0,User
373189,47,1,User
373169,64,0,User
373239,12,1,User
373252,60,0,User
373244,12,0,User
373387,69,1,User
373398,45,0,User
373399,22,1,User
373342,66,0,User
373402,78,1,User
373376,12,1,User
373666,72,1,User
373642,74,0,User
373727,12,1,User
373787,72,1,User
373818,45,0,User
373832,55,0,User
373834,36,0,User
373739,12,1,User
373748,36,0,User
373750,66,1,User
373857,38,0,User
373966,52,1,User
373968,40,1,User
373997,12,0,User
373866,45,0,User
374082,59,1,User
374182,57,0,User
374142,69,0,User
374172,55,1,User
374305,36,0,User
374218,36,0,User
374339,69,0,User
374423,67,0,User
374411,71,1,User
374467,21,1,User
374616,16,1,User
374591,72,0,User
374515,19,1,User
374543,22,1,User
374694,16,1,User
374676,16,0,User
374505,29,0,User
374667,69,1,User
374723,26,0,User
374822,57,1,User
374580,71,1,User
374853,12,1,User
374858,14,1,User
374752,14,0,User
374927,66,0,User
374932,48,0,User
374971,24,0,User
374987,60,1,User
374815,24,0,User
374816,57,1,User
375033,12,1,User
374937,12,1,User
375022,72,1,User
375093,55,1,User
375095,69,1,User
375121,33,1,User
375226,62,1,User
375245,91,1,User
375129,55,0,User
375233,12,1,User
375266,59,1,User
375279,53,0,User
375421,72,0,User
375368,12,1,User
375451,62,1,User
375515,12,0,User
375446,12,1,User
375447,12,0,User
375460,12,1,User
375477,72,1,User
375587,72,1,User
375328,12,1,User
375604,12,0,User
375545,12,1,User
375404,12,0,User
375678,55,0,User
375553,12,0,User
375630,43,1,User
375774,53,1,User
375830,12,1,User
375857,72,1,User
375832,31,1,User
375833,76,1,User
375713,31,1,User
375962,12,1,User
375908,19,1,User
375884,72,1,User
375981,52,1,User
376028,81,0,User
376064,50,1,User
376146,64,0,User
376147,17,1,User
376090,57,1,User
376016,64,1,User
376195,50,1,User
376239,67,1,User
376208,24,1,User
376223,12,1,User
376003,53,0,User
376298,26,1,User
376415,67,0,User
376308,60,0,User
376339,78,1,User
376384,12,0,User
376274,12,1,User
376363,62,1,User
376502,29,1,User
376507,22,1,User
376478,12,0,User
376480,62,0,User
376540,48,1,User
376636,12,1,User
376500,59,0,User
376682,48,1,User
376611,21,1,User
376712,86,1,User
376757,12,0,User
376574,12,1,User
376575,14,1,User
376721,12,1,User
376879,67,0,User
376708,19,0,User
376893,12,1,User
376870,69,0,User
376932,67,0,User
377029,71,0,User
377006,71,1,User
377035,12,1,User
377131,12,0,User
377108,47,1,User
377110,12,1,User
377162,14,0,User
377125,66,0,User
377212,66,1,User
377082,64,1,User
377169,50,0,User
377239,72,1,User
377314,57,0,User
377332,55,0,User
377194,40,0,User
377275,29,0,User
377231,41,0,User
377305,71,0,User
377292,72,1,User
377345,76,1,User
377361,67,1,User
377401,12,0,User
377417,69,1,User
377464,67,1,User
377436,24,1,User
377339,69,1,User
377566,12,0,User
377493,69,0,User
377526,12,0,User
377531,67,0,User
377577,19,1,User
377512,67,1,User
377656,52,1,User
377585,36,1,User
377747,72,1,User
377776,12,0,User
377771,52,0,User
377841,62,0,User
377655,66,1,User
377739,16,1,User
377902,53,1,User
378136,74,1,User
378151,12,0,User
378083,69,1,User
378168,12,0,User
378169,71,1,User
378053,14,1,User
378188,64,1,User
378100,12,1,User
378258,69,1,User
378204,71,0,User
378279,67,1,User
378395,81,0,User
378358,67,1,User
378401,62,0,User
378327,12,1,User
378359,14,0,User
378485,62,1,User
378285,64,0,User
378425,57,1,User
378556,67,1,User
378533,47,1,User
378547,55,0,User
378631,55,1,User
378633,12,0,User
378723,33,1,User
378681,76,1,User
378771,41,1,User
378803,43,1,User
378817,52,0,User
378874,81,0,User
378795,52,1,User
378840,12,1,User
379026,53,0,User
378959,16,1,User
379000,36,1,User
379043,12,0,User
379109,66,1,User
379004,72,0,User
379121,48,1,User
379049,12,0,User
379201,12,1,User
379034,79,1,User
379176,14,0,User
379204,12,1,User
379291,45,1,User
379293,62,1,User
379232,59,1,User
379288,66,0,User
379234,19,1,User
379402,66,0,User
379446,33,1,User
379488,17,1,User
379349,57,1,User
379476,43,0,User
379548,19,1,User
379477,60,0,User
379480,40,0,User
379579,41,0,User
379568,12,0,User
379612,12,1,User
379506,66,1,User
379696,12,0,User
379497,67,0,User
379555,60,0,User
379771,53,1,User
379742,57,1,User
379758,12,1,User
379747,12,0,User
379588,12,1,User
379662,72,0,User
379704,55,1,User
379811,12,1,User
380042,12,0,User
380038,40,1,User
380045,53,0,User
380171,29,1,User
380172,62,0,User
379989,69,1,User
380186,60,1,User
380144,60,0,User
380151,36,0,User
380107,62,1,User
380264,12,0,User
380333,76,0,User
380369,28,0,User
380522,12,0,User
380444,21,1,User
380353,12,0,User
380614,12,1,User
380576,62,0,User
380666,66,0,User
380589,62,1,User
380681,69,0,User
380602,67,1,User
380603,72,0,User
380848,59,1,User
380915,12,1,User
380756,64,0,User
380803,67,1,User
381068,53,0,User
381028,71,1,User
381199,12,1,User
381163,64,1,User
381216,12,1,User
381074,12,1,User
381291,43,0,User
381255,29,0,User
381364,12,1,User
381498,12,1,User
381515,12,1,User
381632,66,0,User
381537,62,0,User
381570,53,1,User
381540,67,1,User
381678,62,1,User
381706,14,0,User
381549,69,1,User
381694,62,1,User
381724,22,1,User
381554,62,0,User
381600,12,1,User
381781,47,1,User
381675,48,1,User
381688,69,1,User
381897,12,0,User
381956,12,1,User
381959,43,1,User
382118,60,0,User
382141,69,1,User
382186,64,0,User
382166,67,1,User
382135,57,1,User
382264,12,0,User
382213,62,0,User
382182,45,1,User
382048,57,1,User
382323,12,1,User
382374,93,0,User
382282,12,0,User
382362,60,1,User
382334,71,1,User
382714,64,0,User
382674,71,1,User
382545,16,1,User
382586,45,0,User
382718,14,1,User
382837,34,0,User
382782,66,0,User
382921,12,1,User
382888,55,1,User
382865,71,1,User
383010,36,0,User
382974,76,1,User
382979,72,0,User
383022,50,1,User
383115,62,1,User
383221,67,1,User
383023,60,0,User
383284,16,1,User
383238,59,1,User
383343,50,0,User
383431,69,0,User
383392,12,0,User
383366,84,1,User
383438,69,0,User
383355,74,1,User
383656,52,1,User
383589,66,1,User
383716,55,1,User
383710,16,0,User
383776,69,0,User
383897,59,1,User
383802,60,0,User
383973,66,0,User
383849,71,1,User
383960,71,1,User
384030,60,0,User
384105,22,0,User
384155,72,1,User
384169,12,0,User
384235,28,0,User
384158,12,1,User
384327,28,1,User
384161,12,0,User
384179,22,0,User
384375,64,1,User
384499,55,1,User
384519,19,0,User
384503,14,1,User
384663,91,0,User
384652,59,1,User
384711,50,0,User
384715,52,1,User
384657,60,1,User
384781,12,1,User
384762,69,0,User
384774,79,0,User
384856,14,0,User
384857,67,1,User
384817,16,0,User
384865,62,0,User
384742,71,1,User
384672,78,0,User
384645,62,0,User
384982,71,0,User
384984,71,1,User
385074,59,0,User
385076,48,1,User
385035,55,0,User
385192,0,,User
385224,88,0,User
385241,71,0,User
385399,60,1,User
385122,17,0,User
385305,69,0,User
385419,38,1,User
385443,22,1,User
385502,91,0,User
385347,26,1,User
385555,57,0,User
385616,12,1,User
385833,71,0,User
385827,69,0,User
385767,17,0,User
385839,66,0,User
385778,22,0,User
385926,12,0,User
385959,19,0,User
386069,74,1,User
386165,16,0,User
386266,14,0,User
386272,79,0,User
386299,34,0,User
386372,60,1,User
386379,79,1,User
386289,48,1,User
386422,60,1,User
386437,62,0,User
386464,16,0,User
386539,36,1,User
386469,12,0,User
386517,69,0,User
386594,62,1,User
386697,71,0,User
386810,21,0,User
386854,71,0,User
386770,53,0,User
386816,59,1,User
386873,79,1,User
386922,72,1,User
386964,12,1,User
386903,48,0,User
386966,81,0,User
387121,12,0,User
387070,74,1,User
387041,36,0,User
387139,60,1,User
387160,74,0,User
387215,12,0,User
387291,72,0,User
387239,16,0,User
387305,29,0,User
387325,12,0,User
387451,71,0,User
387412,12,0,User
387457,72,1,User
387313,12,0,User
387528,55,1,User
387608,31,0,User
387610,48,0,User
387728,12,0,User
387719,12,1,User
387685,79,1,User
387763,36,0,User
387831,60,1,User
387523,53,0,User
387524,41,1,User
387790,12,1,User
387967,12,0,User
387994,41,0,User
387960,12,0,User
388071,21,0,User
387840,81,0,User
387923,26,1,User
387925,16,1,User
388101,26,1,User
388103,64,1,User
388005,12,1,User
388160,12,1,User
388259,47,1,User
388397,71,0,User
388326,93,0,User
388284,17,0,User
388461,76,0,User
388438,64,1,User
388479,12,1,User
388482,38,1,User
388591,40,1,User
388451,72,1,User
388560,12,1,User
388719,66,0,User
388720,26,0,User
388769,72,1,User
388911,12,0,User
388887,47,1,User
388888,81,1,User
388917,69,0,User
388975,52,0,User
389047,71,0,User
389191,84,0,User
389169,66,0,User
389229,62,0,User
389281,38,1,User
389091,48,0,User
389342,12,1,User
389357,62,0,User
389303,38,0,User
389387,76,1,User
389395,14,1,User
389438,22,1,User
389425,79,0,User
389569,66,1,User
389487,52,1,User
389561,62,0,User
389703,22,0,User
389706,71,1,User
389663,45,0,User
389650,38,0,User
389822,88,0,User
389809,38,1,User
389681,14,1,User
389739,81,0,User
389798,66,1,User
389720,59,1,User
389866,71,0,User
389813,69,0,User
389800,64,0,User
389883,59,0,User
389829,71,0,User
389843,12,0,User
389885,57,0,User
389899,31,0,User
390046,12,0,User
389730,69,0,User
390022,45,1,User
390052,12,0,User
390140,17,0,User
390170,17,0,User
390131,55,1,User
390150,84,0,User
390186,12,1,User
390244,67,1,User
390222,21,1,User
390223,66,1,User
390105,81,1,User
390194,12,0,User
390421,12,1,User
390468,52,0,User
390528,12,1,User
390548,21,0,User
390459,12,1,User
390580,12,1,User
390584,60,0,User
390493,74,0,User
390638,12,0,User
390739,12,0,User
390641,64,0,User
390775,62,0,User
390844,69,0,User
390761,78,0,User
390805,43,1,User
390657,55,0,User
390791,84,0,User
390792,67,0,User
390876,60,0,User
391118,12,0,User
390944,71,0,User
391159,66,1,User
391063,57,0,User
391065,12,1,User
391178,12,1,User
391224,83,1,User
391381,57,0,User
391427,66,0,User
391349,24,0,User
391471,60,0,User
391379,14,0,User
391458,72,0,User
391475,47,0,User
391438,59,1,User
391516,66,0,User
391520,12,0,User
391622,69,0,User
391469,48,0,User
391525,28,0,User
391514,67,0,User
391574,57,0,User
391682,12,1,User
391702,64,0,User
391743,67,0,User
391749,76,1,User
391836,66,0,User
391853,57,1,User
391855,67,0,User
391897,72,0,User
391858,14,1,User
391860,45,1,User
391817,16,0,User
391946,74,1,User
391976,64,0,User
392044,12,1,User
392040,36,0,User
392075,74,1,User
392052,71,1,User
392122,60,0,User
392002,66,1,User
392206,71,1,User
392156,52,1,User
392010,79,0,User
392268,72,0,User
392103,40,0,User
392245,28,0,User
392259,71,1,User
392342,12,0,User
392388,12,1,User
392362,67,1,User
392418,71,0,User
392380,60,1,User
392492,71,1,User
392485,69,0,User
392521,45,0,User
392566,78,1,User
392510,69,0,User
392512,67,0,User
392472,38,0,User
392513,50,1,User
392528,59,1,User
392381,64,1,User
392454,22,0,User
392631,12,1,User
392497,64,0,User
392621,12,0,User
392739,43,1,User
392677,71,1,User
392911,66,1,User
392831,76,1,User
392957,16,1,User
393048,12,0,User
393007,62,1,User
392975,12,1,User
393086,12,0,User
393263,67,0,User
393221,67,0,User
393319,59,1,User
393378,69,0,User
393288,66,1,User
393308,83,1,User
393458,12,0,User
393505,21,1,User
393387,17,0,User
393560,12,0,User
393693,12,1,User
393683,16,0,User
393697,76,1,User
393736,17,0,User
393752,55,1,User
393753,12,0,User
393627,52,1,User
393815,66,0,User
393818,67,1,User
393906,57,1,User
393912,62,1,User
393926,53,1,User
394013,12,1,User
394052,45,1,User
394068,57,1,User
394112,12,1,User
394073,72,1,User
394179,12,1,User
394292,71,1,User
394306,60,0,User
394322,45,1,User
394283,69,1,User
394352,62,1,User
394367,28,0,User
394382,12,1,User
394185,52,1,User
394372,36,0,User
394428,64,1,User
394285,48,1,User
394286,12,1,User
394423,62,1,User
394480,12,1,User
394537,16,1,User
394583,12,1,User
394543,12,1,User
394693,12,0,User
394744,26,1,User
394776,69,1,User
394739,67,1,User
394891,55,0,User
394665,12,1,User
394919,67,1,User
394935,12,1,User
395003,71,0,User
395009,14,0,User
395110,12,0,User
395085,14,0,User
395180,59,0,User
395253,71,1,User
395298,12,0,User
395196,71,0,User
395412,69,0,User
395376,57,0,User
395427,71,0,User
395340,48,1,User
395537,36,0,User
395568,41,1,User
395672,12,0,User
395514,86,0,User
395731,53,1,User
395623,14,1,User
395782,62,1,User
395896,67,1,User
395972,72,1,User
395973,66,1,User
395946,21,0,User
395952,60,0,User
396063,59,0,User
396116,76,0,User
396118,43,0,User
396174,14,1,User
396212,38,1,User
396127,67,1,User
396202,71,0,User
396099,57,1,User
396218,12,0,User
396281,19,1,User
396312,12,0,User
396470,12,1,User
396418,26,1,User
396335,52,1,User
396472,41,0,User
396284,74,1,User
396556,40,1,User
396603,29,0,User
396520,12,1,User
396723,81,0,User
396669,14,0,User
396577,71,1,User
396704,55,1,User
396796,36,0,User
396856,57,0,User
396874,64,0,User
396904,48,1,User
396916,62,0,User
396819,66,1,User
396914,26,0,User
396978,76,1,User
396980,19,1,User
397036,45,1,User
397090,12,1,User
396929,24,1,User
397171,67,0,User
396986,43,0,User
397178,19,0,User
397293,76,1,User
397369,16,0,User
397345,12,0,User
397283,83,0,User
397523,60,1,User
397422,38,0,User
397539,67,0,User
397540,38,0,User
397551,14,0,User
397630,72,1,User
397499,19,0,User
397730,71,0,User
397734,59,1,User
397804,62,0,User
397831,67,1,User
397704,74,1,User
397708,50,0,User
397842,12,1,User
397908,52,1,User
397996,59,0,User
398041,86,1,User
397956,38,0,User
398073,12,0,User
398005,12,0,User
397868,66,1,User
398132,12,0,User
398181,64,0,User
398155,12,1,User
398171,12,0,User
398159,19,1,User
398124,86,0,User
398082,52,0,User
398100,34,0,User
398245,14,0,User
398372,12,1,User
398374,14,1,User
398390,29,1,User
398402,67,1,User
398404,64,1,User
398423,72,1,User
398531,12,1,User
398474,48,0,User
398503,12,0,User
398604,14,0,User
398719,21,0,User
398620,16,1,User
398665,55,0,User
398683,16,0,User
398806,71,1,User
398728,12,0,User
398700,12,1,User
398855,50,1,User
398845,16,0,User
398875,14,0,User
398891,41,0,User
398895,12,0,User
399092,67,1,User
399011,38,1,User
399058,12,1,User
399108,14,0,User
399109,66,0,User
399197,66,0,User
399155,43,0,User
399119,72,0,User
399346,71,0,User
399179,72,1,User
399183,66,1,User
399189,67,1,User
399466,71,1,User
399425,59,0,User
399465,53,0,User
399300,64,0,User
399426,12,1,User
399531,50,0,User
399635,78,1,User
399691,12,1,User
399638,57,0,User
399519,64,0,User
399534,67,0,User
399641,41,0,User
399754,12,1,User
399701,12,1,User
399816,64,1,User
399846,48,0,User
399946,12,1,User
399964,12,0,User
399987,48,0,User
400047,12,1,User
400005,33,1,User
399990,12,0,User
400160,67,1,User
400057,71,1,User
400189,12,1,User
400220,59,0,User
400214,72,0,User
400472,76,1,User
400517,21,1,User
400348,76,0,User
400357,12,1,User
400530,71,1,User
400560,21,1,User
400702,14,1,User
400705,12,0,User
400707,62,1,User
400788,66,1,User
400796,12,1,User
400807,12,0,User
400798,12,1,User
400716,60,1,User
400908,62,1,User
400693,31,1,User
400853,67,1,User
400982,12,1,User
400983,17,1,User
400844,71,1,User
401066,64,1,User
400977,71,1,User
401081,60,1,User
401206,69,1,User
401195,66,1,User
401124,48,1,User
401285,67,1,User
401343,53,1,User
401332,66,0,User
401323,78,1,User
401361,57,1,User
401418,71,0,User
401024,12,1,User
401306,17,0,User
401506,19,0,User
401596,12,1,User
401611,59,1,User
401396,71,0,User
401535,60,1,User
401575,12,1,User
401621,71,1,User
401821,33,0,User
401807,69,1,User
401734,14,0,User
401922,60,1,User
402031,67,1,User
402011,40,0,User
401871,14,1,User
402026,78,0,User
402052,12,0,User
401745,64,1,User
402097,57,0,User
402071,64,1,User
402117,12,1,User
402138,67,1,User
402141,12,1,User
402143,12,0,User
402290,41,1,User
402391,50,1,User
402279,71,1,User
402397,71,1,User
402208,12,1,User
402401,67,0,User
402485,62,1,User
402520,12,0,User
402711,59,1,User
402724,43,0,User
402796,59,1,User
402773,40,1,User
402865,62,1,User
402966,16,1,User
402940,78,1,User
402973,41,1,User
402823,17,1,User
403141,64,0,User
402885,60,1,User
403201,14,1,User
403203,64,0,User
403162,71,1,User
403194,40,1,User
403154,12,0,User
403381,64,1,User
403353,14,1,User
403308,67,0,User
403390,48,1,User
403170,64,1,User
403413,48,0,User
403199,12,1,User
403408,14,0,User
403326,71,1,User
403506,21,1,User
403548,55,1,User
403640,57,1,User
403666,76,0,User
403566,83,0,User
403682,24,1,User
403620,59,1,User
403717,62,1,User
403588,14,0,User
403590,71,0,User
403863,12,1,User
403798,24,0,User
404063,66,1,User
403960,62,0,User
404091,74,1,User
404095,12,1,User
404082,79,1,User
404279,78,1,User
404376,14,1,User
404433,66,1,User
404415,12,1,User
404445,45,0,User
404424,79,0,User
404561,69,1,User
404645,64,1,User
404690,64,1,User
404695,22,0,User
404625,48,1,User
404762,74,0,User
404768,33,0,User
404751,72,1,User
404897,12,0,User
404892,55,0,User
405031,12,0,User
405017,14,1,User
404952,31,1,User
405039,26,0,User
404998,72,0,User
404999,83,1,User
405013,62,1,User
405085,62,0,User
405171,12,1,User
405150,62,1,User
405406,67,0,User
405369,90,1,User
405436,72,1,User
405439,48,0,User
405389,12,1,User
405511,55,1,User
405446,71,1,User
405314,74,0,User
405520,83,1,User
405679,12,1,User
405681,14,1,User
405872,12,0,User
405893,69,0,User
405910,12,0,User
405847,64,0,User
406069,62,1,User
406107,71,0,User
406148,53,0,User
406086,59,1,User
406087,71,1,User
406139,78,0,User
406265,47,0,User
406274,14,1,User
406180,17,0,User
406442,71,1,User
406517,12,0,User
406477,50,0,User
406493,74,0,User
406531,57,1,User
406533,69,1,User
406466,64,0,User
406715,12,1,User
406823,81,0,User
406937,12,1,User
407030,81,1,User
407033,12,1,User
407138,50,1,User
407151,64,1,User
407093,45,0,User
407174,34,1,User
407199,64,0,User
407202,12,1,User
407440,64,1,User
407508,55,1,User
407582,67,0,User
407643,24,0,User
407649,14,1,User
407710,47,0,User
407535,59,1,User
407796,12,1,User
407828,14,0,User
407787,52,1,User
407759,50,1,User
407915,38,0,User
407699,36,1,User
407920,62,0,User
408019,52,1,User
407978,55,1,User
408078,24,0,User
408089,16,0,User
408120,60,1,User
408212,12,1,User
408174,69,1,User
408322,16,0,User
408327,71,0,User
408371,17,1,User
408339,53,1,User
408443,43,0,User
408619,67,1,User
408625,78,1,User
408639,69,1,User
408699,66,0,User
408784,33,1,User
408583,64,1,User
408756,71,1,User
408804,29,1,User
408761,50,1,User
408809,66,1,User
408887,72,1,User
408946,64,0,User
408902,16,0,User
408763,64,1,User
408935,12,0,User
408748,12,0,User
408750,12,0,User
408907,72,1,User
408969,64,0,User
408910,76,1,User
409014,67,0,User
409127,14,1,User
409119,57,1,User
409216,43,1,User
409149,60,1,User
409155,62,1,User
409340,81,0,User
409375,62,0,User
409441,45,1,User
409460,38,1,User
409490,12,0,User
409464,28,1,User
409348,12,0,User
409578,69,1,User
409451,71,1,User
409534,43,0,User
409657,59,1,User
409619,71,1,User
409662,12,1,User
409600,43,1,User
409722,12,1,User
409762,50,1,User
409839,71,1,User
410027,67,1,User
409944,62,1,User
410297,67,0,User
410249,14,1,User
410213,69,1,User
410308,60,0,User
410230,71,1,User
410494,16,0,User
410320,29,1,User
410456,16,0,User
410597,24,0,User
410645,52,1,User
410705,12,0,User
410589,91,1,User
410807,22,0,User
410836,45,1,User
410595,55,0,User
410830,71,1,User
410943,12,0,User
410858,16,0,User
410976,12,1,User
410879,64,0,User
411196,31,0,User
411228,55,1,User
410967,12,0,User
411230,29,1,User
411148,76,1,User
411322,78,0,User
411333,59,0,User
411225,74,1,User
411255,71,1,User
411417,74,0,User
411436,38,1,User
411425,38,0,User
411620,14,1,User
411570,12,0,User
411677,53,1,User
411692,16,0,User
411623,69,1,User
411704,12,0,User
411680,12,1,User
411599,16,1,User
411833,72,0,User
411834,72,1,User
411818,67,1,User
411750,71,0,User
411671,88,1,User
411937,67,1,User
411993,62,1,User
412025,62,0,User
412071,12,1,User
412111,47,1,User
411954,72,1,User
411955,12,0,User
412187,12,1,User
412203,48,0,User
411925,71,1,User
412153,19,1,User
412324,12,0,User
412328,12,1,User
412383,66,0,User
412399,12,0,User
412239,66,0,User
412318,59,0,User
412361,59,1,User
412375,62,0,User
412376,71,1,User
412610,55,0,User
412512,62,1,User
412553,71,0,User
412612,14,0,User
412742,72,1,User
412744,62,1,User
412758,64,0,User
412737,12,0,User
412851,69,1,User
412842,17,1,User
412924,67,1,User
412998,72,1,User
413026,69,1,User
413018,57,0,User
413058,19,1,User
413060,66,1,User
412964,64,0,User
413064,71,1,User
413221,59,1,User
413212,12,1,User
413180,55,1,User
413165,12,1,User
413274,71,1,User
413109,34,0,User
413327,67,1,User
413113,71,0,User
413333,59,0,User
413362,21,1,User
413401,52,0,User
413355,57,0,User
413277,72,0,User
413417,72,1,User
413243,60,1,User
413390,28,0,User
413409,53,1,User
413456,12,1,User
413439,19,0,User
413487,69,1,User
413583,17,0,User
413673,60,1,User
413589,14,0,User
413717,12,0,User
413668,66,1,User
413836,69,1,User
413710,76,0,User
413728,79,0,User
413684,47,0,User
413896,12,0,User
413817,66,0,User
413941,67,1,User
413798,29,0,User
414062,72,1,User
414091,71,1,User
414079,43,0,User
413920,62,0,User
414152,31,1,User
414015,12,0,User
414131,40,0,User
414263,48,1,User
414212,43,1,User
414317,62,1,User
414434,71,0,User
414476,43,1,User
414380,31,0,User
414541,12,0,User
414382,53,1,User
414542,64,0,User
414532,69,0,User
414595,36,0,User
414650,19,1,User
414651,64,1,User
414491,17,0,User
414736,55,1,User
414742,16,0,User
414625,71,1,User
414776,66,0,User
414841,12,0,User
414581,19,0,User
414856,38,0,User
414762,67,1,User
414818,12,1,User
414890,67,1,User
414799,78,0,User
414865,21,0,User
414822,69,1,User
414805,66,1,User
414911,60,1,User
414973,69,0,User
415090,12,1,User
415156,38,1,User
415064,83,1,User
415158,76,1,User
415029,22,1,User
415148,83,0,User
415239,62,1,User
415324,76,1,User
415243,53,1,User
415382,71,1,User
415396,57,1,User
415265,12,0,User
415288,21,1,User
415289,12,1,User
415267,12,0,User
415257,52,1,User
415517,12,1,User
415518,28,1,User
415520,28,1,User
415548,76,0,User
415458,16,1,User
415464,48,1,User
415560,41,1,User
415656,71,1,User
415712,12,0,User
415717,52,1,User
415809,50,1,User
415749,62,0,User
415865,14,1,User
415824,21,0,User
415800,60,1,User
415928,12,1,User
415954,28,0,User
415981,12,0,User
416003,84,0,User
416007,21,1,User
415958,16,1,User
416029,72,0,User
416093,16,1,User
416167,71,1,User
416084,69,1,User
416085,74,1,User
416115,64,1,User
416232,71,0,User
416211,12,1,User
416246,29,1,User
416293,66,1,User
416368,12,0,User
416187,66,0,User
416250,17,1,User
416496,33,0,User
416459,86,1,User
416596,83,0,User
416488,47,0,User
416659,12,1,User
416648,55,1,User
416501,48,0,User
416661,55,1,User
416595,71,1,User
416504,74,0,User
416704,67,1,User
416351,76,1,User
416669,45,1,User
416734,79,0,User
416791,33,0,User
416608,33,0,User
416610,28,0,User
416837,31,0,User
416867,12,0,User
416801,12,1,User
416682,84,1,User
416847,12,0,User
416996,66,1,User
417010,36,0,User
417050,62,0,User
416878,22,0,User
416967,53,0,User
417201,74,0,User
417058,66,1,User
417044,60,0,User
417231,90,0,User
417080,33,0,User
417393,69,1,User
417383,71,1,User
417387,33,0,User
417285,45,1,User
417633,69,0,User
417537,57,1,User
417597,52,0,User
417609,47,1,User
417652,67,1,User
417766,67,0,User
417770,67,0,User
417671,67,1,User
417797,62,0,User
417553,12,0,User
417756,71,1,User
417877,26,1,User
417823,12,0,User
417920,33,0,User
417923,60,0,User
417982,14,0,User
417899,12,1,User
418045,12,1,User
418182,14,1,User
418205,52,1,User
418170,71,0,User
418250,69,1,User
418453,28,0,User
418378,64,0,User
418563,34,1,User
418550,41,1,User
418623,67,1,User
418713,69,0,User
418661,12,1,User
418688,78,0,User
418649,50,0,User
418832,62,1,User
418861,66,0,User
418778,71,1,User
418767,12,1,User
418858,12,0,User
418951,21,0,User
418930,69,1,User
418986,31,1,User
418808,55,1,User
418920,12,1,User
419092,79,1,User
419162,12,1,User
419065,16,1,User
419110,12,0,User
419169,52,0,User
419223,21,1,User
419183,52,1,User
419252,64,0,User
419114,40,0,User
419142,41,0,User
419373,33,0,User
419347,29,0,User
419280,69,1,User
419329,12,0,User
419449,62,0,User
419507,47,1,User
419444,14,1,User
419534,64,0,User
419430,12,0,User
419608,67,0,User
419720,24,1,User
419664,64,0,User
419827,47,1,User
419804,48,0,User
419834,57,1,User
419696,64,1,User
419956,78,1,User
420108,12,0,User
419876,57,1,User
419996,31,1,User
419997,14,1,User
420141,66,0,User
420144,16,1,User
420044,12,0,User
420072,12,1,User
420203,91,0,User
420224,12,1,User
420183,17,1,User
420262,57,0,User
420275,12,1,User
420132,72,1,User
420249,16,0,User
420357,59,1,User
420255,66,1,User
420369,38,1,User
420404,67,1,User
420693,12,1,User
420680,52,1,User
420735,55,0,User
420772,71,1,User
420777,83,0,User
420806,14,0,User
420748,69,0,User
420978,72,0,User
420993,34,1,User
420902,74,1,User
421084,64,1,User
421085,71,1,User
420879,19,1,User
420870,24,0,User
421114,12,1,User
421132,83,0,User
421263,67,0,User
421278,72,0,User
421140,53,1,User
421316,71,0,User
421268,12,1,User
421373,57,1,User
421400,14,1,User
421417,40,1,User
421532,67,0,User
421563,71,1,User
421651,12,0,User
421558,26,0,User
421572,95,1,User
421848,72,0,User
421751,55,0,User
421753,60,1,User
421896,52,1,User
421874,84,0,User
421930,69,1,User
421948,90,0,User
421853,12,1,User
421949,67,0,User
422001,69,0,User
422044,34,1,User
422016,48,0,User
422102,12,1,User
422100,17,1,User
422051,57,1,User
422037,53,1,User
422186,59,0,User
422296,12,1,User
422200,19,0,User
422215,64,1,User
422289,12,1,User
422329,84,1,User
422170,12,1,User
422371,21,1,User
422344,59,0,User
422305,12,0,User
422361,31,1,User
422446,76,1,User
422432,64,0,User
422382,64,0,User
422320,12,0,User
422476,55,0,User
422354,66,1,User
422540,69,1,User
422541,69,1,User
422530,53,1,User
422732,55,0,User
422676,12,0,User
422742,48,1,User
422683,31,0,User
422654,64,0,User
422824,41,0,User
422809,69,0,User
422755,12,1,User
422841,53,1,User
422730,47,0,User
422853,12,0,User
422877,16,0,User
423024,71,1,User
422905,67,0,User
422906,66,1,User
422887,12,1,User
422992,60,0,User
423094,12,0,User
423053,64,1,User
423183,83,0,User
423209,34,1,User
423045,59,1,User
423338,31,0,User
423354,12,0,User
423378,50,0,User
423164,67,1,User
423385,59,1,User
423522,26,1,User
423297,79,1,User
423486,36,1,User
423574,12,1,User
423369,29,0,User
423374,12,0,User
423610,64,0,User
423509,12,1,User
423581,71,0,User
423599,52,0,User
423737,55,1,User
423757,66,1,User
423814,69,0,User
423885,67,1,User
423966,71,0,User
424029,81,0,User
424114,12,1,User
424203,59,0,User
424265,60,0,User
424239,69,0,User
424294,66,1,User
424400,55,0,User
424414,48,1,User
424272,74,1,User
424473,66,0,User
424453,76,1,User
424605,64,0,User
424676,60,0,User
424513,76,1,User
424728,41,0,User
424746,50,1,User
424803,81,1,User
424818,34,1,User
424837,47,1,User
424824,81,1,User
425042,12,0,User
424722,69,1,User
424904,12,0,User
424990,78,0,User
424935,12,0,User
425176,60,0,User
425084,55,1,User
425175,38,0,User
425281,67,1,User
425299,55,1,User
425248,62,1,User
425343,66,0,User
425377,12,0,User
425351,28,0,User
425466,41,0,User
425507,16,1,User
425515,45,1,User
425517,29,0,User
425568,60,0,User
425586,14,1,User
425641,60,1,User
425474,12,1,User
425594,66,1,User
425519,64,1,User
425717,72,0,User
425638,12,0,User
425735,71,1,User
425624,12,1,User
425823,59,0,User
425859,17,0,User
425862,74,1,User
425958,81,0,User
425994,12,0,User
425845,72,1,User
426050,43,1,User
426014,66,0,User
425894,64,0,User
426000,45,0,User
426170,12,0,User
426177,45,0,User
426318,79,0,User
426266,14,0,User
426398,14,0,User
426439,47,0,User
426340,19,1,User
426417,69,0,User
426434,28,0,User
426526,36,0,User
426487,12,1,User
426546,62,0,User
426605,12,1,User
426618,45,0,User
426492,26,0,User
426632,71,1,User
426678,16,1,User
426813,50,1,User
426720,62,0,User
426780,57,0,User
426745,48,1,User
426948,50,0,User
426934,26,0,User
426912,71,0,User
426731,74,0,User
427022,12,1,User
426958,53,1,User
427128,66,1,User
427152,71,0,User
427056,66,1,User
427204,59,0,User
427265,62,1,User
427210,78,0,User
427320,52,1,User
427260,14,0,User
427456,72,1,User
427222,12,1,User
427444,33,1,User
427223,53,1,User
427393,33,0,User
427298,12,1,User
427510,12,1,User
427436,74,1,User
427514,71,0,User
427522,69,1,User
427560,14,1,User
427697,81,1,User
427730,71,0,User
427793,12,1,User
427695,26,1,User
427766,71,0,User
427740,24,0,User
427884,60,0,User
427869,22,0,User
427969,57,0,User
427886,88,0,User
428001,71,0,User
428015,12,1,User
428072,12,1,User
428164,12,1,User
428165,45,1,User
428254,53,1,User
428138,16,1,User
428255,41,0,User
428284,38,1,User
428240,57,0,User
428203,28,1,User
428269,84,0,User
428272,50,1,User
428405,12,1,User
428427,47,0,User
428552,52,1,User
428584,12,0,User
428504,21,0,User
428400,12,0,User
428689,64,1,User
428534,29,1,User
428956,50,0,User
428757,74,0,User
428785,12,1,User
428977,66,0,User
429046,53,1,User
429003,57,1,User
428980,14,0,User
428831,62,1,User
428991,69,1,User
428992,12,0,User
428970,12,0,User
429074,59,0,User
429153,64,1,User
429168,84,1,User
429155,66,1,User
429187,71,0,User
429243,69,1,User
429201,71,0,User
429191,24,0,User
429225,48,0,User
429309,48,1,User
429427,55,0,User
429513,45,1,User
429531,72,1,User
429517,69,1,User
429622,47,1,User
429600,69,0,User
429723,67,1,User
429744,59,1,User
429788,71,1,User
429827,14,1,User
429675,60,0,User
429858,60,1,User
429808,66,1,User
429874,60,0,User
429850,76,0,User
429870,64,0,User
429977,88,0,User
429838,78,0,User
429981,12,0,User
429915,12,1,User
429750,55,1,User
430016,55,1,User
430180,62,1,User
430214,12,0,User
430269,78,0,User
430323,62,0,User
430164,12,1,User
430199,12,0,User
430318,12,1,User
430563,81,0,User
430582,12,0,User
430638,55,0,User
430506,71,1,User
430523,71,0,User
430657,67,0,User
430818,12,1,User
430754,17,1,User
430864,66,1,User
430882,62,0,User
430913,64,0,User
430968,52,0,User
431088,29,1,User
430965,90,1,User
431098,64,1,User
430988,40,1,User
431077,50,1,User
431176,71,1,User
431080,38,1,User
431122,72,1,User
431172,14,0,User
430991,78,0,User
431144,12,0,User
431296,62,1,User
431267,12,0,User
431229,12,1,User
430995,53,1,User
431358,48,1,User
431261,45,0,User
431437,76,0,User
431494,74,1,User
431413,66,1,User
431481,71,0,User
431421,12,1,User
431335,66,0,User
431337,66,1,User
431503,12,0,User
431613,79,0,User
431589,12,0,User
431573,12,0,User
431687,12,0,User
431726,36,1,User
431694,14,0,User
431823,12,0,User
431778,12,1,User
431867,53,0,User
431912,17,1,User
431862,79,0,User
431863,66,1,User
431910,69,0,User
431969,17,0,User
431990,45,0,User
432167,67,0,User
432196,17,1,User
432073,12,1,User
432074,43,1,User
432163,84,0,User
432148,72,1,User
432319,14,0,User
432305,14,0,User
432331,60,1,User
432323,69,0,User
432422,38,1,User
432468,71,1,User
432310,57,0,User
432458,12,0,User
432311,71,0,User
432416,64,1,User
432516,43,1,User
432531,36,0,User
432549,21,1,User
432388,12,1,User
432552,72,0,User
432619,66,1,User
432570,59,0,User
432741,72,1,User
432766,12,0,User
432505,17,0,User
432733,71,1,User
432783,34,1,User
432683,12,1,User
432887,84,0,User
432862,12,0,User
432645,17,0,User
432964,91,0,User
432992,33,0,User
432937,64,0,User
432883,72,0,User
433022,38,1,User
432804,59,0,User
433011,64,0,User
432807,59,1,User
432911,69,0,User
432912,71,1,User
433067,26,1,User
432810,40,1,User
433139,81,0,User
433172,34,0,User
433074,28,1,User
433146,66,1,User
433207,57,0,User
433213,14,1,User
433185,12,1,User
433308,26,1,User
433196,24,0,User
433382,69,0,User
433361,12,1,User
433301,90,1,User
433343,74,1,User
433260,71,1,User
433304,48,1,User
433431,66,0,User
433462,67,0,User
433625,48,0,User
433515,12,0,User
433816,72,1,User
433866,64,0,User
433897,64,1,User
433899,31,0,User
433859,31,0,User
433981,59,0,User
433984,14,0,User
434034,48,0,User
434161,55,1,User
434040,93,0,User
434172,69,1,User
434282,69,0,User
434111,78,0,User
434342,74,1,User
434356,71,1,User
434287,71,0,User
434436,14,1,User
434536,12,1,User
434511,47,1,User
434492,71,1,User
434444,69,1,User
434603,48,1,User
434687,66,1,User
434590,69,1,User
434725,12,1,User
434880,60,0,User
435031,40,0,User
434916,64,0,User
434817,29,0,User
435080,57,0,User
435090,71,0,User
435004,83,1,User
435186,60,1,User
435217,21,1,User
435011,14,1,User
435210,12,0,User
435275,59,0,User
435177,69,1,User
435467,26,1,User
435387,50,1,User
435618,22,1,User
435676,62,1,User
435678,64,1,User
435802,62,0,User
435730,74,0,User
435821,78,1,User
435734,12,1,User
435876,64,1,User
435764,12,1,User
435964,81,1,User
436053,12,1,User
435979,83,1,User
436129,52,0,User
436103,79,1,User
435990,60,1,User
436039,64,1,User
436149,64,1,User
436187,55,1,User
436072,76,1,User
436235,74,0,User
436307,69,1,User
436121,12,0,User
436250,12,1,User
436214,55,1,User
436415,81,0,User
436456,67,1,User
436395,12,1,User
436501,21,0,User
436420,29,0,User
436547,50,1,User
436169,72,1,User
436527,67,1,User
436594,81,0,User
436500,69,1,User
436581,16,0,User
436556,12,1,User
436558,71,1,User
436683,16,0,User
436763,67,1,User
436910,26,0,User
436839,52,1,User
436765,17,1,User
436826,12,1,User
437041,28,0,User
437089,31,0,User
437147,67,0,User
436975,67,0,User
437050,71,1,User
437112,12,1,User
437218,60,0,User
437226,17,0,User
437229,12,0,User
437360,12,0,User
437417,59,1,User
437409,66,0,User
437463,38,0,User
437445,12,0,User
437562,67,0,User
437532,52,0,User
437608,76,0,User
437777,81,1,User
437809,12,1,User
437780,12,1,User
437941,62,0,User
437899,71,0,User
437844,12,1,User
438024,66,0,User
438077,90,1,User
438099,12,1,User
438171,67,0,User
438213,66,1,User
438173,12,0,User
438174,88,0,User
438216,52,1,User
438178,66,1,User
438116,74,0,User
438222,14,1,User
438437,12,0,User
438424,57,1,User
438342,31,0,User
438468,62,0,User
438433,12,0,User
438661,50,0,User
438583,48,0,User
438476,59,1,User
438695,12,1,User
438751,84,1,User
438813,66,0,User
438650,69,0,User
438774,24,0,User
438659,40,1,User
438933,12,0,User
438884,12,1,User
438981,67,0,User
438912,12,0,User
438986,57,1,User
439066,36,0,User
439040,62,0,User
438973,12,0,User
439151,60,0,User
439169,12,0,User
439134,12,1,User
439135,50,1,User
439005,12,0,User
439345,28,0,User
439446,17,1,User
439376,64,1,User
439487,22,1,User
439531,14,1,User
439493,36,1,User
439334,67,0,User
439625,12,0,User
439605,19,0,User
439763,76,1,User
439724,47,0,User
439817,69,1,User
439791,12,1,User
439753,60,1,User
439855,72,1,User
439559,66,1,User
439871,12,0,User
439830,78,1,User
439898,31,0,User
439987,66,0,User
439941,45,1,User
439990,47,0,User
440037,66,1,User
440180,52,0,User
440098,67,0,User
440182,60,1,User
440008,64,1,User
440142,43,0,User
440317,41,1,User
440300,60,0,User
440342,72,1,User
440244,12,0,User
440304,69,1,User
440329,52,1,User
440390,84,0,User
440384,71,0,User
440507,24,1,User
440482,50,1,User
440552,69,1,User
440370,33,0,User
440555,62,1,User
440435,74,0,User
440598,55,1,User
440604,59,1,User
440651,71,0,User
440674,12,0,User
440731,79,0,User
440719,17,0,User
440708,52,1,User
440694,69,1,User
440696,34,1,User
440856,12,1,User
440782,67,0,User
440828,24,0,User
440848,71,1,User
440789,66,1,User
440974,69,1,User
441029,38,0,User
441030,31,0,User
441043,62,0,User
441097,12,0,User
441109,28,0,User
441123,67,0,User
441152,62,0,User
440998,48,0,User
441168,71,1,User
441200,53,0,User
441243,67,1,User
441287,71,0,User
441276,66,1,User
441261,47,0,User
441191,71,1,User
441289,72,0,User
441174,14,0,User
441378,12,0,User
441232,50,1,User
441318,12,0,User
441298,67,1,User
441350,34,0,User
441423,48,0,User
441309,12,1,User
441488,26,0,User
441355,12,0,User
441620,40,1,User
441576,47,1,User
441577,12,0,User
441567,55,0,User
441677,43,1,User
441741,34,1,User
441802,66,1,User
441803,47,0,User
441816,66,0,User
441913,24,1,User
442012,69,0,User
442013,12,1,User
442018,12,0,User
442083,64,0,User
442107,33,1,User
442180,57,0,User
442251,12,0,User
442183,36,0,User
442457,36,1,User
442458,66,1,User
442494,41,0,User
442583,59,0,User
442741,12,1,User
442715,12,0,User
442846,12,0,User
442823,22,1,User
442836,57,1,User
442722,62,1,User
442903,60,0,User
442798,50,0,User
442983,52,0,User
443118,90,0,User
443046,22,0,User
443146,71,0,User
442957,67,0,User
443140,67,0,User
443024,66,0,User
443142,53,0,User
443296,12,1,User
443158,60,1,User
443285,67,0,User
443200,59,0,User
443330,53,0,User
443277,38,1,User
443182,21,0,User
443335,53,0,User
443347,64,0,User
443185,12,0,User
443363,50,0,User
443364,12,0,User
443354,19,1,User
443491,48,1,User
443494,69,1,User
443489,16,0,User
443437,66,0,User
443605,67,0,User
443576,45,1,User
443415,33,0,User
443534,64,1,User
443691,66,0,User
443652,34,0,User
443794,12,1,User
443766,48,1,User
443740,71,0,User
443637,34,1,User
443896,16,1,User
443884,66,1,User
443978,40,1,User
443869,43,1,User
443931,71,0,User
444094,12,0,User
444109,29,1,User
444080,66,0,User
444011,90,1,User
444301,45,0,User
444305,21,1,User
444178,62,0,User
444102,14,0,User
444436,12,1,User
444367,16,0,User
444044,12,1,User
444427,66,1,User
444429,12,0,User
444484,48,0,User
444529,12,0,User
444254,12,0,User
444355,26,0,User
444561,12,1,User
444647,12,1,User
444637,76,0,User
444624,71,0,User
444800,47,1,User
444891,12,1,User
444807,64,0,User
444912,53,0,User
444994,55,0,User
444943,57,0,User
444987,33,0,User
445066,66,0,User
445025,33,1,User
445056,66,1,User
444854,64,1,User
445059,48,1,User
445211,66,1,User
445197,74,1,User
445149,12,0,User
445298,31,0,User
445243,67,0,User
445342,22,0,User
445254,64,1,User
445408,12,0,User
445471,47,0,User
445436,72,0,User
445461,69,0,User
445390,55,1,User
445565,66,1,User
445559,66,1,User
445657,62,1,User
445758,16,0,User
445647,14,0,User
445705,12,1,User
445834,12,0,User
445848,55,0,User
445877,57,1,User
445694,69,0,User
445853,79,0,User
445869,34,0,User
445986,67,0,User
446013,69,0,User
445915,12,0,User
445917,64,0,User
446056,71,0,User
446030,24,0,User
446045,71,1,User
446074,16,1,User
446134,66,1,User
446123,59,0,User
446125,14,0,User
446084,50,1,User
446109,64,0,User
446184,12,0,User
446189,62,0,User
446229,14,0,User
446175,12,1,User
446390,67,1,User
446351,72,1,User
446405,47,1,User
446412,69,1,User
446450,66,1,User
446563,12,1,User
446457,38,1,User
446671,41,0,User
446661,17,0,User
446487,19,0,User
446488,74,0,User
446767,60,0,User
446697,64,1,User
446883,12,1,User
446945,69,0,User
447018,57,1,User
446878,34,0,User
446909,64,0,User
447021,43,0,User
447032,55,1,User
447075,66,1,User
447142,71,0,User
447081,47,0,User
447058,83,1,User
447188,17,0,User
447199,22,0,User
447219,12,0,User
447301,14,0,User
447176,12,0,User
447411,62,1,User
447437,66,0,User
447454,21,0,User
447237,50,1,User
447382,69,1,User
447520,21,0,User
447385,16,1,User
447387,33,1,User
447536,12,0,User
447565,34,0,User
447619,55,0,User
447577,28,1,User
447669,60,0,User
447683,71,0,User
447723,71,0,User
447602,60,0,User
447749,83,0,User
447844,67,0,User
447613,12,0,User
447888,72,1,User
447720,60,0,User
447854,48,0,User
447837,21,0,User
447995,24,1,User
447861,14,1,User
448024,60,0,User
447820,78,0,User
448054,12,0,User
447956,78,1,User
447959,14,0,User
448005,12,0,User
448097,12,0,User
448088,79,0,User
448159,64,0,User
448070,12,0,User
448261,81,0,User
448208,16,1,User
448311,64,1,User
448238,12,1,User
448354,34,1,User
448343,12,0,User
448274,60,1,User
448349,12,1,User
448681,66,1,User
448602,12,1,User
448717,67,1,User
448719,19,0,User
448703,86,0,User
448635,71,0,User
448831,76,0,User
448760,52,0,User
448692,60,1,User
448736,36,0,User
448739,12,0,User
448951,78,0,User
448938,74,1,User
448912,62,1,User
448971,12,0,User
449028,28,0,User
449059,12,0,User
449151,28,0,User
449208,71,1,User
449009,14,1,User
449084,71,1,User
449237,66,0,User
449099,72,0,User
449387,14,0,User
449354,14,1,User
449413,62,1,User
449369,71,1,User
449620,64,1,User
449503,50,1,User
449757,19,1,User
449666,34,1,User
449589,40,0,User
449843,12,1,User
449928,55,0,User
450019,55,0,User
449969,64,1,User
449922,59,1,User
450124,84,0,User
450125,12,0,User
450233,50,0,User
450161,12,1,User
450224,24,0,User
450290,22,1,User
450251,24,0,User
450281,76,0,User
450313,71,0,User
450427,62,1,User
450522,60,1,User
450428,24,0,User
450586,50,1,User
450593,14,0,User
450680,62,1,User
450597,12,0,User
450706,12,0,User
450618,76,0,User
450674,69,0,User
450726,60,0,User
450743,14,1,User
450600,72,1,User
450644,83,0,User
450660,71,0,User
450833,17,0,User
450860,24,1,User
450875,53,1,User
450862,71,0,User
450838,57,0,User
450747,16,0,User
450778,12,1,User
450946,34,1,User
450865,12,1,User
450963,60,1,User
450870,60,0,User
450821,71,0,User
450989,60,0,User
451077,78,0,User
451126,67,1,User
451197,71,0,User
450927,26,0,User
450928,57,0,User
451044,38,1,User
451247,50,1,User
451179,72,1,User
451121,12,0,User
451294,67,0,User
451273,36,0,User
451312,16,1,User
451224,12,0,User
451317,12,1,User
451390,36,1,User
451420,12,0,User
451488,16,1,User
451448,12,0,User
451603,66,1,User
451674,67,0,User
451704,67,0,User
451706,62,1,User
451844,71,1,User
452072,52,0,User
451963,59,0,User
452109,12,0,User
452137,40,1,User
452081,12,1,User
452152,72,0,User
452207,91,0,User
452284,69,1,User
452235,71,0,User
452320,66,1,User
452334,60,1,User
452360,66,1,User
452461,69,0,User
452388,17,1,User
452453,12,0,User
452295,60,0,User
452556,71,1,User
452629,59,1,User
452490,41,1,User
452630,66,1,User
452528,69,0,User
452520,69,0,User
452445,69,0,User
452674,12,1,User
452573,48,1,User
452666,60,1,User
452908,40,1,User
452948,12,0,User
452989,12,0,User
452992,59,1,User
452953,66,1,User
453059,72,1,User
453114,64,0,User
453085,53,1,User
453086,50,1,User
453217,12,0,User
453245,12,0,User
453195,12,0,User
453210,66,0,User
453509,12,0,User
453487,31,0,User
453755,57,1,User
453782,12,1,User
453797,72,0,User
453842,12,1,User
453760,12,0,User
453778,64,0,User
453835,12,0,User
454111,62,0,User
454101,67,0,User
454127,69,0,User
453974,71,1,User
454005,43,0,User
454016,57,0,User
454158,90,1,User
454150,12,1,User
454170,12,1,User
454193,60,1,User
454059,33,0,User
454244,59,1,User
454353,67,1,User
454486,71,0,User
454482,74,0,User
454470,62,1,User
454609,64,1,User
454621,67,0,User
454684,36,0,User
454713,67,1,User
454688,64,1,User
454719,64,0,User
454627,88,0,User
454846,55,1,User
454808,66,1,User
454966,14,1,User
454944,66,0,User
454929,67,1,User
455026,50,0,User
455059,12,1,User
455019,19,0,User
455048,64,1,User
455064,17,0,User
455163,14,1,User
455140,12,0,User
455255,12,1,User
455258,71,1,User
455287,53,0,User
455250,12,0,User
455187,29,0,User
455292,43,1,User
455334,17,1,User
455393,79,0,User
455354,12,0,User
455399,36,0,User
455523,12,0,User
455378,66,1,User
455539,12,1,User
455546,47,1,User
455578,60,0,User
455561,53,0,User
455681,74,1,User
455873,12,0,User
455956,72,0,User
455988,14,1,User
456002,12,1,User
455967,12,1,User
455993,71,0,User
455996,19,0,User
455951,40,1,User
456136,69,1,User
456199,12,1,User
456087,12,0,User
456217,62,0,User
456288,55,0,User
456305,67,0,User
456307,66,1,User
456348,69,1,User
456408,57,1,User
456381,60,1,User
456470,12,1,User
456531,81,1,User
456476,53,0,User
456538,62,1,User
456405,71,1,User
456546,69,1,User
456547,62,0,User
456664,81,0,User
456614,59,1,User
456679,64,1,User
456697,17,1,User
456796,83,1,User
456797,88,0,User
456815,64,1,User
456675,57,1,User
456821,76,1,User
456627,48,0,User
456958,38,1,User
457001,72,1,User
457127,43,1,User
457050,53,1,User
457161,79,1,User
457279,64,1,User
457194,67,1,User
457273,14,0,User
457299,69,1,User
457091,12,1,User
457212,12,1,User
457411,52,0,User
457327,60,0,User
457457,59,1,User
457421,53,1,User
457592,72,0,User
457579,76,0,User
457595,26,0,User
457585,72,1,User
457588,66,0,User
457759,66,1,User
457646,12,0,User
457773,60,0,User
457786,69,0,User
457732,67,0,User
457837,74,0,User
457887,28,0,User
457841,14,0,User
457983,74,0,User
457842,59,0,User
457850,67,0,User
457783,53,1,User
457853,12,1,User
457913,79,0,User
457992,67,1,User
458018,60,0,User
457949,52,0,User
457916,60,0,User
458081,62,1,User
458251,66,1,User
458311,14,1,User
458214,60,0,User
458183,12,0,User
458433,16,0,User
458464,64,0,User
458642,78,0,User
458689,33,1,User
458663,59,0,User
458853,64,0,User
458840,72,0,User
458820,12,1,User
458958,72,0,User
459082,76,0,User
459123,78,0,User
458992,36,1,User
458993,53,0,User
459050,78,1,User
459058,84,0,User
459242,62,1,User
459303,26,1,User
459349,12,1,User
459255,79,0,User
459229,21,0,User
459233,12,1,User
459419,12,0,User
459373,67,1,User
459374,72,0,User
459488,62,1,User
459475,53,0,User
459476,59,0,User
459572,72,0,User
459478,12,0,User
459624,84,1,User
459682,72,1,User
459626,55,0,User
459644,55,0,User
459700,14,0,User
459787,64,1,User
459728,79,0,User
459845,43,0,User
459932,59,0,User
459765,53,0,User
459878,64,0,User
459840,69,0,User
459773,22,0,User
460037,86,1,User
459780,64,0,User
460040,17,1,User
460134,59,0,User
460236,47,0,User
460214,66,1,User
460190,38,0,User
460167,59,0,User
460153,71,0,User
460362,64,0,User
460383,67,0,User
460592,12,1,User
460621,69,0,User
460582,28,0,User
460608,16,0,User
460616,52,0,User
460682,28,0,User
460626,72,0,User
460393,50,0,User
460630,71,1,User
460742,66,1,User
460831,29,0,User
460852,12,1,User
460808,12,1,User
460854,12,1,User
460841,71,0,User
460870,16,1,User
460784,57,1,User
460894,64,0,User
460810,48,1,User
460955,64,1,User
461003,53,1,User
461120,71,1,User
461111,12,0,User
461042,69,1,User
461139,55,1,User
461165,72,0,User
461047,69,1,User
461281,48,1,User
461298,36,0,User
461328,29,0,User
461342,47,1,User
461350,66,1,User
461315,41,1,User
461434,76,1,User
461437,64,1,User
461385,76,0,User
461596,14,1,User
461615,43,0,User
461429,60,1,User
461430,64,1,User
461672,16,0,User
461562,47,1,User
461623,17,1,User
461580,12,0,User
461700,43,1,User
461780,17,0,User
461836,12,0,User
461853,64,1,User
461897,67,1,User
461858,12,1,User
461902,66,0,User
461956,84,1,User
461803,12,1,User
462064,41,0,User
462021,43,0,User
462198,64,1,User
462171,47,0,User
462101,17,0,User
462208,16,0,User
462188,31,0,User
462304,12,1,User
462295,12,0,User
462283,67,0,User
462225,12,0,User
462269,62,1,User
462285,12,1,User
462381,12,0,User
462397,36,0,User
462482,40,1,User
462488,12,0,User
462441,57,0,User
462542,67,0,User
462543,74,0,User
462559,33,0,User
462589,57,0,User
462520,66,0,User
462525,52,1,User
462677,55,1,User
462434,59,1,User
462722,16,1,User
462715,78,0,User
462686,53,1,User
462504,67,1,User
462644,12,1,User
462836,76,0,User
463058,16,0,User
463060,36,0,User
463149,78,0,User
463107,50,0,User
463133,64,1,User
463279,12,0,User
463252,29,0,User
463299,72,1,User
463124,69,1,User
463371,21,1,User
463445,40,1,User
463462,76,0,User
463331,28,0,User
463553,48,0,User
463554,66,1,User
463651,64,1,User
463637,81,1,User
463652,12,0,User
463526,72,0,User
463641,14,1,User
463529,57,1,User
463712,55,0,User
463687,14,1,User
463690,34,0,User
463817,62,0,User
463723,31,1,User
463854,79,0,User
463605,12,1,User
463879,50,0,User
463841,72,1,User
464002,36,0,User
463845,64,1,User
463925,67,0,User
464071,66,0,User
463946,60,0,User
463977,17,1,User
464093,67,0,User
464064,91,0,User
464025,12,1,User
464194,50,0,User
464065,22,1,User
464104,66,1,User
464109,53,0,User
464418,53,1,User
464421,69,0,User
464275,12,1,User
464441,69,0,User
464492,71,1,User
464459,12,1,User
464559,17,0,User
464638,12,0,User
464504,29,0,User
464691,12,0,User
464676,29,0,User
464866,12,1,User
464720,67,0,User
464805,14,0,User
464870,59,0,User
464899,29,0,User
464915,43,0,User
464981,60,1,User
465033,36,1,User
464819,59,1,User
465014,47,0,User
465136,62,0,User
465043,59,0,User
465202,57,0,User
465203,81,0,User
465165,28,0,User
465075,78,0,User
465291,48,0,User
465178,29,1,User
465393,14,0,User
465281,69,1,User
465496,71,1,User
465342,76,0,User
465249,26,0,User
465514,50,1,User
465576,69,1,User
465635,60,0,User
465605,66,0,User
465506,40,1,User
465540,64,0,User
465625,14,0,User
465828,69,1,User
465718,64,0,User
465965,59,1,User
465968,12,1,User
465939,81,1,User
465940,74,1,User
465892,64,0,User
465895,66,0,User
465983,69,1,User
466002,12,0,User
466203,33,1,User
466217,53,1,User
466098,29,1,User
466170,59,1,User
466319,79,1,User
466411,62,0,User
466362,12,0,User
466376,71,0,User
466499,34,0,User
466437,66,0,User
466572,74,0,User
466595,62,1,User
466666,12,1,User
466641,12,0,User
466712,72,0,User
466742,12,1,User
466757,41,1,User
466662,31,1,User
466734,78,0,User
466720,66,1,User
466925,41,0,User
466981,83,1,User
466888,79,0,User
466986,31,0,User
467061,60,0,User
467106,28,0,User
467164,67,1,User
467180,71,0,User
467130,34,0,User
467228,71,0,User
467304,12,0,User
467399,48,1,User
467453,29,0,User
467430,69,1,User
467203,64,1,User
467513,83,0,User
467444,69,1,User
467663,59,0,User
467719,66,0,User
467617,50,0,User
467792,12,1,User
467794,52,0,User
467786,17,0,User
467790,12,1,User
467858,69,1,User
467830,16,1,User
467861,50,0,User
467930,79,0,User
467963,31,0,User
467905,60,0,User
467966,83,0,User
467949,12,0,User
468077,53,0,User
468038,55,1,User
467919,62,1,User
468132,21,0,User
468087,45,1,User
468226,66,0,User
468205,12,0,User
468206,29,0,User
468245,29,1,User
468337,66,0,User
468238,62,0,User
468430,83,0,User
468541,21,0,User
468515,60,0,User
468490,12,0,User
468634,71,0,User
468646,55,1,User
468655,71,1,User
468666,66,0,User
468707,41,0,User
468708,24,0,User
468637,52,1,User
468639,60,0,User
468828,17,0,User
468864,72,0,User
468905,59,1,User
468701,76,0,User
468881,67,0,User
469012,67,0,User
468998,60,0,User
468970,72,0,User
469087,71,0,User
469105,12,0,User
469032,67,1,User
469179,12,1,User
469233,28,0,User
469324,12,0,User
469239,50,0,User
469350,66,0,User
469357,12,0,User
469229,17,0,User
469413,12,1,User
469567,97,0,User
469451,14,0,User
469641,47,0,User
469455,52,0,User
469668,76,0,User
469597,12,1,User
469699,12,1,User
469716,14,1,User
469648,40,1,User
469708,59,0,User
469537,12,0,User
469836,79,1,User
469884,67,0,User
469888,52,0,User
469938,64,0,User
469868,64,1,User
470030,71,1,User
469911,66,0,User
469934,76,0,User
470033,71,0,User
470038,12,0,User
470061,47,1,User
470147,76,0,User
470079,88,1,User
470154,59,1,User
470186,31,0,User
470296,12,0,User
470298,19,0,User
470190,12,0,User
470279,69,1,User
470381,64,1,User
470463,24,0,User
470474,81,0,User
470490,72,0,User
470629,71,0,User
470578,59,0,User
470606,12,0,User
470780,66,0,User
470694,17,0,User
470774,22,0,User
470911,12,0,User
470897,76,0,User
470927,60,0,User
470871,69,0,User
471036,12,0,User
470997,36,0,User
470972,12,1,User
471076,62,1,User
470976,12,0,User
471096,29,0,User
471183,26,0,User
471169,52,0,User
471143,52,0,User
471264,67,0,User
471288,71,1,User
471178,12,0,User
471247,59,1,User
471292,64,0,User
471412,16,0,User
471447,50,1,User
471430,12,0,User
471542,36,0,User
471571,22,0,User
471606,76,1,User
471524,71,0,User
471562,83,1,User
471538,72,0,User
471509,12,0,User
471633,12,1,User
471552,62,1,User
471759,52,0,User
471682,52,1,User
471710,57,0,User
471684,12,0,User
471685,12,1,User
471817,71,1,User
471831,24,1,User
471939,12,1,User
471967,62,0,User
472059,17,1,User
471950,12,1,User
472128,26,0,User
472246,69,1,User
472208,45,1,User
472167,12,0,User
472257,12,1,User
472260,62,1,User
472301,66,0,User
472369,67,0,User
472400,62,1,User
472433,74,1,User
472451,24,0,User
472464,12,1,User
472498,69,1,User
472482,24,0,User
472528,59,0,User
472607,59,0,User
472651,60,0,User
472741,12,0,User
472584,12,1,User
472754,60,0,User
472850,79,0,User
472704,24,1,User
472939,50,0,User
472944,71,0,User
472911,72,0,User
473044,86,0,User
473050,22,0,User
473075,12,1,User
472964,74,0,User
473116,29,0,User
473094,34,0,User
473109,74,1,User
473242,12,1,User
473311,69,0,User
473248,12,1,User
473300,76,0,User
473390,19,0,User
473452,78,0,User
473357,12,0,User
473385,76,1,User
473497,59,0,User
473363,47,0,User
473522,21,0,User
473502,55,1,User
473597,71,0,User
473604,12,1,User
473660,28,1,User
473724,16,0,User
473884,36,1,User
473799,81,0,User
473929,72,0,User
473901,64,0,User
473891,66,1,User
473944,50,0,User
473904,71,0,User
473991,71,0,User
473950,60,0,User
474037,14,1,User
474067,62,0,User
474068,38,0,User
474138,67,0,User
474142,55,0,User
474213,71,1,User
474185,12,0,User
474147,16,1,User
474178,12,0,User
474259,57,1,User
474097,12,1,User
474296,69,0,User
474255,31,1,User
474232,45,0,User
474436,71,0,User
474237,47,1,User
474418,21,1,User
474456,72,0,User
474498,60,1,User
474588,12,1,User
474477,57,1,User
474570,53,0,User
474618,64,1,User
474691,59,0,User
474745,29,0,User
474782,40,1,User
474701,72,1,User
474826,12,0,User
474814,67,1,User
474754,12,0,User
474886,57,1,User
475012,76,0,User
474996,78,0,User
475069,12,1,User
475108,62,1,User
475121,53,1,User
475151,12,1,User
475203,47,0,User
475047,69,1,User
475263,12,0,User
475197,52,1,User
475226,47,1,User
475278,14,1,User
475307,62,0,User
475297,12,1,User
475328,72,0,User
475385,78,0,User
475396,12,0,User
475413,74,1,User
475374,17,0,User
475491,79,1,User
475517,62,1,User
475440,40,0,User
475576,48,1,User
475551,12,1,User
475651,60,1,User
475640,57,1,User
475681,69,1,User
475628,17,1,User
475659,90,0,User
475786,71,1,User
475710,12,1,User
475848,12,1,User
475679,14,0,User
475780,78,0,User
475864,71,0,User
475793,60,0,User
475796,40,0,User
475797,66,0,User
475937,12,1,User
475799,52,0,User
475939,69,1,User
475941,69,0,User
475961,60,0,User
476074,67,0,User
476052,57,1,User
476223,12,1,User
476210,62,0,User
476226,16,1,User
476109,45,0,User
476199,64,1,User
476114,67,0,User
476186,24,0,User
476363,48,1,User
476351,47,1,User
476418,62,0,User
476511,79,0,User
476497,12,0,User
476408,12,1,User
476336,45,0,User
476568,66,1,User
476474,52,0,User
476573,88,1,User
476702,12,0,User
476706,12,0,User
476808,47,1,User
476781,29,0,User
476826,52,1,User
476844,12,0,User
476887,57,1,User
476914,16,1,User
476986,60,0,User
476685,76,0,User
476890,72,0,User
477092,69,1,User
477111,67,1,User
477170,76,0,User
477172,78,0,User
477200,64,0,User
477207,66,1,User
477363,79,0,User
477367,66,0,User
477505,26,1,User
477355,57,1,User
477360,66,0,User
477653,59,0,User
477672,38,1,User
477697,59,0,User
477905,41,0,User
477914,26,1,User
478085,12,1,User
477975,81,0,User
478043,78,1,User
478020,55,0,User
478063,66,0,User
478149,76,0,User
478120,52,0,User
478368,12,0,User
478369,14,1,User
478345,52,1,User
478412,62,0,User
478430,69,1,User
478304,52,1,User
478435,67,1,User
478378,52,1,User
478532,16,1,User
478459,57,0,User
478623,60,1,User
478600,52,0,User
478741,12,0,User
478705,48,1,User
478836,12,1,User
478840,62,0,User
478695,53,1,User
478907,19,0,User
478770,60,0,User
478954,59,1,User
478885,59,0,User
478928,26,1,User
478957,47,1,User
478989,14,1,User
479046,59,0,User
479047,12,0,User
478910,40,0,User
479101,72,0,User
478902,67,1,User
479140,12,1,User
479070,31,1,User
479240,69,1,User
478977,12,0,User
479297,98,0,User
479218,12,1,User
479331,19,1,User
479309,71,1,User
479415,60,1,User
479481,17,1,User
479530,40,0,User
479353,12,0,User
479600,36,0,User
479577,66,1,User
479630,14,0,User
479602,62,1,User
479662,45,1,User
479638,12,0,User
479732,50,0,User
479798,34,1,User
479826,50,1,User
479788,12,1,User
479803,29,0,User
479591,69,0,User
479860,16,0,User
480010,12,1,User
479997,55,1,User
480098,78,0,User
479895,14,1,User
480058,12,0,User
480161,64,1,User
480119,48,1,User
480286,59,0,User
480279,12,0,User
480224,50,1,User
480248,64,0,User
480379,67,0,User
480406,34,0,User
480354,91,0,User
480400,62,0,User
480135,12,0,User
480472,67,1,User
480544,12,0,User
480571,60,0,User
480601,12,0,User
480590,64,1,User
480604,53,1,User
480426,19,0,User
480565,69,0,User
480600,34,1,User
480742,12,0,User
480654,12,1,User
480801,66,1,User
480687,12,1,User
480763,47,0,User
480834,12,1,User
480836,76,0,User
480891,57,0,User
480880,50,0,User
480716,34,0,User
480938,71,0,User
480815,45,0,User
480795,47,0,User
480823,29,0,User
480825,33,1,User
480838,72,1,User
480983,64,0,User
481175,59,1,User
481163,16,0,User
481232,59,1,User
481314,60,1,User
481340,57,0,User
481018,72,0,User
481413,47,1,User
481427,71,0,User
481393,33,1,User
481405,71,0,User
481505,12,0,User
481436,72,1,User
481454,66,1,User
481524,64,0,User
481583,64,1,User
481798,60,1,User
481702,48,1,User
481846,71,0,User
481850,12,1,User
481706,72,1,User
481917,43,0,User
481967,59,1,User
481933,78,0,User
481970,12,0,User
481934,84,0,User
481999,12,1,User
482012,12,0,User
481993,62,0,User
482132,14,1,User
482000,12,0,User
482127,14,0,User
482099,50,1,User
482169,57,1,User
481860,12,1,User
482196,71,1,User
482185,22,0,User
482327,40,1,User
482273,66,1,User
482252,34,1,User
482313,12,0,User
482399,12,0,User
482436,72,1,User
482310,69,1,User
482437,29,1,User
482462,67,0,User
482445,57,1,User
482596,71,1,User
482501,12,1,User
482352,71,0,User
482353,12,0,User
482354,16,1,User
482639,88,1,User
482822,12,1,User
482755,12,0,User
482722,48,0,User
482860,69,1,User
482789,67,0,User
482715,69,1,User
482929,60,0,User
482953,76,1,User
483141,98,0,User
483037,67,1,User
483011,81,1,User
483211,43,1,User
483292,19,0,User
483105,45,0,User
483294,41,0,User
483112,57,1,User
483346,72,0,User
483351,12,1,User
483408,74,1,User
483358,29,0,User
483427,69,1,User
483363,57,0,User
483402,74,1,User
483571,26,1,User
483471,31,0,User
483561,66,1,User
483528,57,1,User
483565,38,1,User
483442,14,0,User
483570,12,0,User
483507,88,0,User
483620,76,0,User
483696,60,0,User
483699,62,1,User
483665,40,0,User
483657,29,1,User
483838,71,1,User
483879,41,0,User
483890,72,0,User
483977,66,0,User
483921,69,1,User
483808,72,0,User
484173,64,0,User
484179,17,0,User
484166,72,0,User
484204,69,1,User
484213,22,0,User
484383,48,1,User
484350,12,0,User
484364,19,0,User
484408,47,1,User
484531,78,0,User
484335,71,0,User
484570,62,0,User
484498,14,1,User
484290,41,0,User
484602,41,1,User
484642,59,1,User
484670,66,1,User
484587,69,0,User
484675,69,0,User
484851,60,1,User
484829,29,0,User
484798,53,0,User
484897,47,1,User
484885,60,0,User
484904,69,0,User
484948,76,1,User
484867,64,0,User
484955,81,0,User
485086,71,0,User
485085,12,1,User
485179,69,1,User
485209,31,0,User
485271,72,1,User
485316,62,1,User
485358,26,0,User
485392,12,1,User
485492,72,0,User
485561,67,0,User
485590,38,1,User
485674,71,0,User
485717,64,0,User
485791,66,1,User
485773,55,0,User
485842,12,0,User
485843,64,1,User
485785,59,0,User
485927,50,0,User
485914,12,0,User
485958,12,1,User
485934,22,0,User
486001,12,0,User
486067,71,0,User
486045,67,1,User
486177,66,0,User
486183,52,1,User
486252,64,0,User
486142,71,0,User
486254,33,0,User
486320,12,0,User
486312,57,0,User
486347,76,1,User
486411,66,0,User
486497,24,0,User
486458,12,0,User
486601,17,0,User
486576,48,1,User
486607,69,0,User
486609,69,1,User
486680,71,1,User
486719,12,1,User
486857,12,1,User
486704,14,0,User
486674,12,0,User
486789,41,0,User
486976,41,1,User
486936,12,0,User
486992,47,1,User
486995,43,0,User
486957,12,1,User
486855,71,1,User
487000,66,0,User
487074,12,1,User
487075,62,0,User
487091,12,0,User
487019,12,0,User
487223,59,1,User
487167,12,0,User
487225,12,1,User
487050,12,0,User
487385,59,0,User
487361,31,1,User
487444,64,0,User
487420,55,0,User
487466,12,1,User
487642,76,1,User
487425,31,0,User
487802,12,0,User
487618,14,0,User
487877,12,0,User
487810,14,0,User
487768,29,0,User
487904,12,0,User
487905,12,0,User
487996,72,1,User
487886,14,0,User
487960,72,0,User
487912,53,0,User
488105,33,0,User
488120,36,0,User
488163,66,1,User
488138,66,1,User
488242,76,0,User
488245,57,1,User
488273,50,1,User
488180,71,0,User
488315,78,0,User
488172,41,0,User
488356,38,0,User
488372,12,0,User
488250,12,0,User
488263,12,0,User
488286,12,0,User
488447,48,0,User
488421,74,1,User
488384,69,1,User
488540,76,0,User
488550,66,0,User
488675,31,1,User
488664,62,1,User
488743,62,1,User
488823,12,1,User
488837,67,0,User
488670,50,1,User
488840,45,1,User
488883,38,1,User
488829,67,1,User
488807,12,1,User
488943,45,1,User
488759,48,0,User
488974,71,0,User
488967,26,0,User
489086,69,1,User
489037,21,0,User
489042,67,1,User
489115,12,1,User
489221,64,1,User
489286,62,1,User
489174,64,0,User
489316,26,0,User
489317,12,0,User
489307,52,0,User
489060,12,0,User
489180,72,1,User
489239,69,1,User
489468,12,0,User
489355,83,0,User
489457,55,0,User
489371,55,0,User
489474,12,0,User
489397,64,0,User
489480,12,1,User
489298,53,0,User
489691,12,0,User
489450,55,1,User
489752,34,0,User
489826,12,0,User
489819,72,1,User
489820,12,1,User
489694,12,0,User
489891,69,1,User
489931,67,0,User
489918,47,0,User
489905,55,0,User
489803,53,0,User
489994,16,0,User
489938,12,1,User
490040,16,1,User
490072,71,0,User
490101,72,0,User
490042,21,1,User
490117,55,0,User
490160,12,0,User
490164,22,0,User
490140,74,1,User
490247,64,0,User
490236,62,1,User
490178,57,1,User
490269,12,0,User
490291,88,0,User
490323,38,0,User
490311,71,1,User
490366,12,0,User
490359,53,1,User
490362,71,1,User
490334,17,0,User
490441,36,0,User
490501,53,0,User
490612,12,0,User
490342,60,1,User
490628,12,0,User
490598,67,1,User
490588,90,1,User
490653,55,0,User
490654,12,0,User
490559,12,1,User
490656,45,0,User
490657,12,0,User
490721,71,0,User
490755,69,0,User
490940,72,0,User
490882,67,0,User
490842,62,1,User
490958,71,1,User
491001,71,1,User
490845,53,1,User
490927,24,0,User
491021,72,1,User
491080,67,0,User
491116,17,0,User
491061,36,0,User
491147,33,0,User
490931,69,1,User
491063,43,0,User
491054,71,0,User
491206,62,1,User
491210,34,1,User
491195,12,1,User
491267,14,0,User
491175,12,1,User
491229,64,1,User
491204,62,0,User
491309,60,0,User
491273,12,1,User
491250,19,0,User
491463,12,0,User
491482,12,1,User
491511,60,1,User
491538,14,0,User
491543,71,0,User
491614,69,1,User
491618,47,0,User
491585,45,0,User
491623,14,0,User
491670,41,0,User
491514,43,0,User
491609,12,1,User
491565,76,1,User
491836,12,0,User
491735,69,1,User
491826,12,1,User
491918,79,1,User
491725,16,0,User
491890,22,0,User
492007,72,1,User
491961,12,0,User
491985,43,0,User
492026,50,0,User
491952,12,0,User
492109,66,0,User
492110,12,1,User
492068,12,1,User
492197,71,1,User
492029,60,0,User
492030,66,1,User
492157,16,1,User
492190,69,0,User
492317,50,0,User
492224,17,0,User
492205,57,0,User
492362,24,1,User
492295,71,1,User
492165,33,0,User
492391,50,0,User
492408,67,0,User
492438,59,0,User
492364,66,1,User
492476,55,1,User
492439,71,1,User
492586,48,1,User
492560,55,1,User
492505,60,1,User
492662,17,0,User
492692,69,1,User
492652,12,1,User
492657,45,1,User
492669,64,0,User
492812,62,1,User
492844,76,0,User
492830,90,1,User
492978,78,1,User
492953,71,0,User
493006,12,0,User
493056,26,0,User
493041,84,1,User
492989,14,0,User
493171,64,1,User
493080,71,0,User
493247,69,0,User
493264,33,1,User
493193,66,1,User
493268,50,0,User
493153,12,0,User
493457,57,0,User
493363,12,0,User
493340,71,1,User
493383,69,1,User
493371,24,0,User
493349,57,1,User
493422,12,1,User
493580,67,0,User
493593,64,0,User
493515,12,0,User
493394,83,0,User
493628,53,1,User
493712,62,1,User
493729,71,0,User
493738,40,0,User
493679,78,0,User
493762,12,1,User
493969,69,1,User
493799,43,0,User
493985,12,0,User
493874,48,1,User
494011,71,1,User
493949,83,0,User
493950,40,0,User
494133,81,0,User
494047,71,0,User
493979,76,0,User
494194,12,0,User
494223,84,1,User
494245,64,0,User
494246,14,0,User
494268,14,0,User
494402,57,0,User
494310,71,0,User
494188,52,1,User
494438,12,0,User
494278,14,0,User
494439,69,1,User
494506,67,1,User
494499,12,0,User
494408,66,1,User
494583,69,1,User
494430,36,0,User
494617,12,0,User
494656,45,1,User
494604,69,1,User
494703,28,0,User
494646,41,0,User
494620,12,1,User
494696,76,1,User
494764,12,0,User
494580,67,1,User
494743,36,1,User
494708,64,1,User
494823,28,0,User
494872,86,0,User
494928,55,1,User
494773,62,0,User
494942,71,1,User
494787,64,0,User
494834,53,0,User
494952,38,0,User
495081,72,1,User
495181,16,0,User
495040,69,1,User
495201,12,0,User
495244,64,0,User
495224,26,0,User
495176,67,1,User
495310,72,1,User
495347,67,0,User
495350,79,0,User
495439,47,0,User
495269,22,0,User
495483,55,1,User
495449,12,0,User
495328,50,0,User
495410,22,0,User
495385,40,1,User
495646,33,0,User
495694,12,0,User
495669,55,0,User
495672,47,0,User
495688,36,1,User
495689,72,0,User
495580,74,1,User
495581,55,1,User
495832,16,0,User
495916,45,0,User
495719,31,0,User
495949,62,0,User
495924,71,0,User
495913,28,0,User
496053,67,0,User
496111,64,1,User
496221,31,0,User
496296,66,0,User
496152,16,0,User
496331,12,1,User
496396,74,0,User
496346,48,1,User
496240,14,1,User
496475,64,1,User
496406,57,1,User
496666,55,0,User
496681,31,0,User
496642,74,0,User
496669,62,0,User
496672,28,0,User
496756,38,0,User
496707,69,0,User
496602,59,0,User
496852,69,0,User
496754,69,0,User
496917,53,0,User
496889,12,1,User
496840,79,0,User
496934,12,0,User
497065,34,1,User
497177,78,1,User
497213,50,0,User
497198,55,1,User
497108,66,0,User
497253,78,1,User
497256,12,1,User
497306,12,1,User
497348,78,0,User
497323,40,1,User
497392,64,1,User
497457,53,1,User
497504,50,0,User
497606,17,1,User
497709,60,1,User
497592,53,1,User
497855,12,1,User
497860,60,1,User
498001,12,0,User
497921,34,1,User
498017,64,0,User
498047,67,1,User
497938,12,1,User
497960,16,0,User
498082,43,0,User
498083,60,0,User
498139,12,1,User
498140,31,1,User
498090,64,1,User
498143,33,1,User
498177,16,0,User
498204,69,0,User
498247,59,1,User
498262,12,1,User
498015,12,0,User
498248,52,1,User
498264,36,1,User
498346,66,0,User
498320,52,1,User
498336,57,0,User
498482,41,0,User
498489,12,1,User
498517,57,1,User
498523,71,1,User
498475,59,0,User
498387,28,0,User
498480,69,0,User
498610,59,1,User
498563,21,1,User
498389,26,1,User
498566,31,0,User
498679,26,0,User
498623,52,0,User
498668,66,0,User
498627,50,1,User
498689,26,0,User
498856,26,0,User
498842,69,0,User
498764,71,1,User
498875,22,0,User
498948,67,0,User
498713,60,1,User
498787,17,1,User
498908,64,1,User
498793,33,0,User
499057,69,1,User
499080,12,0,User
499163,67,0,User
499005,66,1,User
499307,12,0,User
499367,29,0,User
499297,69,0,User
499413,76,1,User
499288,59,1,User
499581,62,0,User
499483,59,0,User
499530,16,0,User
499575,12,1,User
499632,72,1,User
499734,14,0,User
499647,12,0,User
499702,12,0,User
499710,29,0,User
499901,21,0,User
500027,62,1,User
499959,12,1,User
500045,43,0,User
500061,66,0,User
500102,53,0,User
500165,74,0,User
500195,47,0,User
500180,45,0,User
500255,62,0,User
500154,72,0,User
500216,64,0,User
500249,84,1,User
500284,57,0,User
500226,74,0,User
500332,16,1,User
500349,64,0,User
500378,57,0,User
500381,66,1,User
500491,53,0,User
500336,62,0,User
500339,69,1,User
500459,76,0,User
500552,66,1,User
500488,52,0,User
500582,71,0,User
500641,24,1,User
500628,12,0,User
500605,62,0,User
500561,64,1,User
500503,71,1,User
500667,66,0,User
500763,81,1,User
500735,12,1,User
500839,64,0,User
500900,16,1,User
500548,74,1,User
500880,55,0,User
500769,21,1,User
500698,60,0,User
500967,66,1,User
500730,69,0,User
501086,66,0,User
501104,12,0,User
501183,36,0,User
501214,21,0,User
501199,60,1,User
501286,12,0,User
501232,41,0,User
501287,22,0,User
501234,12,1,User
501336,69,1,User
501407,67,0,User
501302,55,1,User
501438,71,1,User
501424,34,0,User
501498,50,1,User
501389,17,0,User
501390,12,0,User
501521,60,1,User
501315,52,1,User
501631,72,1,User
501602,69,0,User
501568,60,1,User
501721,43,1,User
501697,67,1,User
501698,26,1,User
501613,78,1,User
501726,24,0,User
501658,31,1,User
501797,69,1,User
501830,29,0,User
501759,12,1,User
501832,66,1,User
501712,12,0,User
501850,72,1,User
501822,76,0,User
501866,52,1,User
501825,74,0,User
501921,31,0,User
501965,59,1,User
502007,66,0,User
501888,12,1,User
501892,12,1,User
502052,12,0,User
502046,41,0,User
502077,59,0,User
502177,60,0,User
502138,12,1,User
502251,57,1,User
502264,43,0,User
502338,69,1,User
502417,59,0,User
502373,47,1,User
502320,47,0,User
502488,40,0,User
502504,60,0,User
502243,31,1,User
502579,33,0,User
502521,64,1,User
502583,17,1,User
502599,71,0,User
502600,72,0,User
502362,59,0,User
502623,69,1,User
502537,50,1,User
502538,66,1,User
502715,12,1,User
502733,59,0,User
502759,69,0,User
502738,53,0,User
502639,52,1,User
502642,14,0,User
502963,78,1,User
503067,57,1,User
502889,31,0,User
503006,12,0,User
503192,55,0,User
503224,52,0,User
503212,14,1,User
503267,12,1,User
503229,66,1,User
503218,69,0,User
503024,16,0,User
503363,48,0,User
503175,74,0,User
503464,66,1,User
503249,64,0,User
503494,69,0,User
503508,12,1,User
503614,14,1,User
503541,53,1,User
503580,12,1,User
503637,29,0,User
503749,36,0,User
503604,60,1,User
503655,14,0,User
503759,91,1,User
503881,14,0,User
503914,64,1,User
503785,36,1,User
503990,24,1,User
503979,71,1,User
504053,93,0,User
504212,62,0,User
504008,12,0,User
504202,38,0,User
504231,66,0,User
504235,53,1,User
504271,26,0,User
504291,33,0,User
504294,76,1,User
504317,76,1,User
504436,64,0,User
504383,38,1,User
504412,74,1,User
504400,66,0,User
504416,69,1,User
504476,16,0,User
504530,71,1,User
504509,64,1,User
504736,79,1,User
504626,12,0,User
504582,12,0,User
504701,71,0,User
504742,52,1,User
504768,81,1,User
504770,17,1,User
504785,12,1,User
504795,50,0,User
504922,17,0,User
504942,12,1,User
504983,17,1,User
505042,34,1,User
504810,78,0,User
504974,14,1,User
505105,69,1,User
505386,52,1,User
505265,28,0,User
505501,12,1,User
505503,59,1,User
505493,79,1,User
505407,76,1,User
505260,57,0,User
505577,52,1,User
505582,64,0,User
505542,12,1,User
505564,60,1,User
505711,16,0,User
505714,29,1,User
505571,12,0,User
505717,12,1,User
505677,79,1,User
505748,53,1,User
505846,12,1,User
505844,12,1,User
505664,67,1,User
505910,64,0,User
506028,12,0,User
506087,55,1,User
506064,74,0,User
506106,72,0,User
506016,78,1,User
506164,14,0,User
506165,12,1,User
506049,43,1,User
506207,12,0,User
505964,21,1,User
506259,66,1,User
506168,71,0,User
506348,12,0,User
506324,60,0,User
506353,67,1,User
506438,12,1,User
506496,28,1,User
506526,14,0,User
506475,26,0,User
506530,60,1,User
506246,12,1,User
506605,93,1,User
506607,16,1,User
506594,57,0,User
506648,66,1,User
506513,57,0,User
506655,72,1,User
506684,64,1,User
506778,69,1,User
506624,72,0,User
506742,14,0,User
506745,12,0,User
506890,79,1,User
506857,34,0,User
506932,12,1,User
506879,12,0,User
506992,12,0,User
507122,57,1,User
507242,90,1,User
507185,69,1,User
507214,76,0,User
507326,67,0,User
507393,21,1,User
507438,66,1,User
507416,33,1,User
507459,72,1,User
507533,71,0,User
507589,79,1,User
507640,38,1,User
507703,22,1,User
507782,47,0,User
507762,36,1,User
507775,67,1,User
507764,64,1,User
507628,66,0,User
507818,24,0,User
507887,64,0,User
507874,60,0,User
507860,33,1,User
507880,24,1,User
507748,16,1,User
507719,64,1,User
507732,79,1,User
507953,79,1,User
508086,59,1,User
508019,12,0,User
508058,53,1,User
508059,71,1,User
508130,52,1,User
508062,16,0,User
507971,12,0,User
508166,74,0,User
508282,66,1,User
508285,50,0,User
508140,12,1,User
508352,64,0,User
508220,47,1,User
508338,47,0,User
508371,12,0,User
508375,67,1,User
508457,41,0,User
508297,67,1,User
508503,55,1,User
508506,69,1,User
508576,16,1,User
508512,21,1,User
508580,76,1,User
508514,67,1,User
508455,14,0,User
508560,64,1,User
508646,36,1,User
508728,64,0,User
508596,72,1,User
508862,67,1,User
508877,22,1,User
508794,67,0,User
508870,38,1,User
508936,74,0,User
509026,67,0,User
509017,69,1,User
509042,72,1,User
509056,12,1,User
508828,74,0,User
509118,12,1,User
509091,12,1,User
509054,14,1,User
509055,12,1,User
509125,69,1,User
509183,69,1,User
509221,12,1,User
509251,72,1,User
509129,55,0,User
509214,55,1,User
509064,60,0,User
509315,12,0,User
509333,12,1,User
509346,83,1,User
509405,29,1,User
509294,55,0,User
509339,64,1,User
509468,26,0,User
509524,12,1,User
509458,19,1,User
509559,50,1,User
509533,76,0,User
509563,48,1,User
509657,60,1,User
509630,17,1,User
509634,12,1,User
509688,78,1,User
509720,60,1,User
509765,71,1,User
509697,71,1,User
509787,36,0,User
509837,26,1,User
509775,12,1,User
509896,67,1,User
509929,72,0,User
509875,12,1,User
509951,19,1,User
510027,62,1,User
509935,50,0,User
510188,21,1,User
510196,31,1,User
510146,71,0,User
510332,12,1,User
510361,12,1,User
510169,64,1,User
510263,69,0,User
510172,66,1,User
510202,40,0,User
510451,41,0,User
510208,67,1,User
510471,69,1,User
510586,48,1,User
510520,64,0,User
510632,62,1,User
510457,36,0,User
510329,12,1,User
510663,12,1,User
510711,36,0,User
510555,66,1,User
510578,12,1,User
510624,76,1,User
510784,17,1,User
510976,19,1,User
511038,64,1,User
510915,40,1,User
511028,17,1,User
511045,16,0,User
511075,66,0,User
511076,84,0,User
511250,29,0,User
511197,47,0,User
511280,67,1,User
511284,57,1,User
511275,12,0,User
511372,67,1,User
511473,64,1,User
511562,12,1,User
511553,16,0,User
511616,38,0,User
511861,52,1,User
511799,24,1,User
511829,66,1,User
511874,86,1,User
511991,76,1,User
512086,52,1,User
512039,14,0,User
512165,47,0,User
512206,50,0,User
512168,48,1,User
512141,12,1,User
512126,12,0,User
512195,12,1,User
512311,66,0,User
512308,81,0,User
512316,60,1,User
512417,53,0,User
512354,12,1,User
512327,12,0,User
512400,59,1,User
512435,34,0,User
512234,64,0,User
512413,52,0,User
512430,24,0,User
512554,12,0,User
512611,69,1,User
512582,81,1,User
512573,33,0,User
512367,12,0,User
512723,41,0,User
512738,12,1,User
512740,64,0,User
512781,69,1,User
512824,69,1,User
512867,22,0,User
512798,62,0,User
512813,71,1,User
512972,57,1,User
512961,53,1,User
512962,79,0,User
512906,72,1,User
512947,78,1,User
512895,79,0,User
513003,64,1,User
513061,66,1,User
512978,69,1,User
513065,67,1,User
513042,12,1,User
513199,59,1,User
513186,47,1,User
513174,55,0,User
513162,12,0,User
513216,71,1,User
513235,48,1,User
513278,52,1,User
513394,66,1,User
513398,21,0,User
513321,17,0,User
513252,90,0,User
513453,24,0,User
513359,71,0,User
513511,69,1,User
513463,79,0,User
513390,79,1,User
513474,66,0,User
513493,16,1,User
513576,55,0,User
513577,12,0,User
513551,47,1,User
513442,12,1,User
513661,50,1,User
513568,24,1,User
513598,74,0,User
513667,22,1,User
513692,69,0,User
513711,12,1,User
513673,53,1,User
513518,71,0,User
513714,67,0,User
513687,24,1,User
513675,52,1,User
513693,41,1,User
513694,29,1,User
513769,16,1,User
513962,59,1,User
513966,12,1,User
513995,64,1,User
513971,86,0,User
514042,12,1,User
514004,53,0,User
514073,74,0,User
514020,64,0,User
514063,22,1,User
514194,19,0,User
514278,38,1,User
514211,28,0,User
514213,40,1,User
514301,12,0,User
514215,28,1,User
514260,72,1,User
514330,12,0,User
514445,71,1,User
514431,31,1,User
514468,66,0,User
514374,59,0,User
514350,69,0,User
514493,45,0,User
514638,24,1,User
514653,71,0,User
514617,72,1,User
514713,19,1,User
514758,69,0,User
514675,71,0,User
514851,12,1,User
514815,83,0,User
514966,78,0,User
514841,57,1,User
514844,12,1,User
514879,90,0,User
514924,34,0,User
515087,69,0,User
515033,16,1,User
514904,21,1,User
515161,40,0,User
515099,59,1,User
515141,81,0,User
515229,12,1,User
515410,72,1,User
515235,67,1,User
515468,50,0,User
515571,12,1,User
515671,59,1,User
515706,59,0,User
515619,12,1,User
515768,53,1,User
515699,26,1,User
515815,67,1,User
515875,50,0,User
515757,12,1,User
515758,12,1,User
515805,40,0,User
515972,48,0,User
515935,69,1,User
515978,74,1,User
515893,81,0,User
516046,62,0,User
516076,64,1,User
516077,59,1,User
515938,78,1,User
515993,57,0,User
516213,72,1,User
516188,71,0,User
516200,60,0,User
516361,67,1,User
516265,31,1,User
516313,14,1,User
516401,12,1,User
516270,78,1,User
516513,16,1,User
516526,34,1,User
516464,60,0,User
516558,55,1,User
516572,69,1,User
516282,59,1,User
516564,57,0,User
516646,66,1,User
516597,12,0,User
516693,12,0,User
516524,17,1,User
516670,53,1,User
516796,69,1,User
516798,55,0,User
516788,66,0,User
516859,12,1,User
516903,12,1,User
516893,62,0,User
516895,79,1,User
516948,60,0,User
516935,14,1,User
516925,12,0,User
517009,41,1,User
516688,19,0,User
516958,12,0,User
517081,12,1,User
517038,69,0,User
516880,57,1,User
517104,48,1,User
517138,14,1,User
517264,59,0,User
517268,38,0,User
517308,16,0,User
517251,22,0,User
517344,53,1,User
517384,71,1,User
517456,71,0,User
517417,41,0,User
517447,72,0,User
517466,71,0,User
517568,12,1,User
517526,12,1,User
517585,59,1,User
517636,71,0,User
517644,12,1,User
517673,12,1,User
517675,12,0,User
517715,12,1,User
517757,81,0,User
517613,12,1,User
517747,66,0,User
517735,12,0,User
517721,57,0,User
517872,52,0,User
517970,12,0,User
518042,12,0,User
518030,53,1,User
517810,47,1,User
517814,26,1,User
517890,64,0,User
517962,69,1,User
518020,14,0,User
518094,14,1,User
518145,12,0,User
518270,17,1,User
518348,29,1,User
518324,14,1,User
518220,90,0,User
518376,14,0,User
518380,86,1,User
518534,57,0,User
518731,66,0,User
518699,12,1,User
518653,26,1,User
518809,69,0,User
518804,69,0,User
518625,12,0,User
518767,64,0,User
518820,12,1,User
518936,12,0,User
518775,12,0,User
519011,67,1,User
518834,69,1,User
519130,71,0,User
519042,55,0,User
519275,40,0,User
519276,62,0,User
519263,12,0,User
519251,12,1,User
519265,14,0,User
519322,40,0,User
519296,31,1,User
519284,31,1,User
519414,12,1,User
519587,57,0,User
519509,29,1,User
519604,71,0,User
519594,12,1,User
519624,19,0,User
519579,71,0,User
519740,12,1,User
519763,67,1,User
519784,64,1,User
519875,71,1,User
519940,79,0,User
519930,12,1,User
519809,55,1,User
520001,67,0,User
519895,34,1,User
519836,47,1,User
520172,12,1,User
520129,12,1,User
520124,12,0,User
520055,64,1,User
520029,64,1,User
520136,12,1,User
520266,71,0,User
520152,26,0,User
520294,64,1,User
520193,17,1,User
520305,12,1,User
520247,12,1,User
520412,36,0,User
520251,12,1,User
520354,59,1,User
520199,66,1,User
520330,12,0,User
520395,48,0,User
520581,66,0,User
520627,36,1,User
520558,41,0,User
520650,38,0,User
520763,69,0,User
520678,12,1,User
520680,48,1,User
521014,64,0,User
521015,50,1,User
521096,52,0,User
521118,69,1,User
520980,48,0,User
521206,66,1,User
521135,12,0,User
521168,21,1,User
521128,67,1,User
521215,12,0,User
521317,72,1,User
521159,71,1,User
521321,79,0,User
521448,67,1,User
521428,60,0,User
521544,12,0,User
521524,17,1,User
521603,12,1,User
521475,12,0,User
521641,14,1,User
521630,66,1,User
521557,69,0,User
521731,71,1,User
521764,12,0,User
521560,71,1,User
521679,74,1,User
521751,14,1,User
521965,71,0,User
522039,66,0,User
522041,67,1,User
521985,64,0,User
522093,12,1,User
522124,52,0,User
522182,64,0,User
522260,69,1,User
522286,14,1,User
522379,47,0,User
522355,60,1,User
522209,67,0,User
522253,12,0,User
522490,62,1,User
522496,71,0,User
522512,22,1,User
522513,74,1,User
522494,66,1,User
522455,53,1,User
522602,12,0,User
522632,12,0,User
522577,52,1,User
522622,79,1,User
522600,67,1,User
522538,17,0,User
522706,69,1,User
522753,43,1,User
522710,12,1,User
522782,12,0,User
522701,36,1,User
522818,59,0,User
522904,21,1,User
522952,62,0,User
522778,14,1,User
523051,84,0,User
523042,64,1,User
523067,47,1,User
522840,12,1,User
522943,59,1,User
522869,67,0,User
523089,53,1,User
523077,67,1,User
523108,60,1,User
523161,57,0,User
523196,45,1,User
523172,12,0,User
523138,19,0,User
523456,62,0,User
523472,69,0,User
523257,55,0,User
523258,62,1,User
523448,52,0,User
523505,64,1,User
523344,69,0,User
523656,47,0,User
523681,50,0,User
523527,72,1,User
523596,34,1,User
523773,12,1,User
523805,12,0,User
523818,53,0,User
523819,57,1,User
523906,22,1,User
523939,57,1,User
524015,66,1,User
524062,71,1,User
524103,64,1,User
523927,64,1,User
524277,60,0,User
524434,69,1,User
524463,47,1,User
524582,67,1,User
524447,64,1,User
524502,33,1,User
524620,53,0,User
524592,36,1,User
524484,12,1,User
524571,33,1,User
524722,81,1,User
524665,12,1,User
524777,62,0,User
524792,17,0,User
524813,21,0,User
524942,88,1,User
524668,60,1,User
524930,60,0,User
524932,12,1,User
525016,76,0,User
525049,64,0,User
524907,67,0,User
525038,86,0,User
525092,43,1,User
525015,64,1,User
525153,41,0,User
524951,36,0,User
525068,47,1,User
525165,71,1,User
525228,12,1,User
525230,67,1,User
525090,12,0,User
525147,66,1,User
525185,14,1,User
525176,52,1,User
525377,57,1,User
525310,12,0,User
525335,22,1,User
525267,21,1,User
525268,14,1,User
525367,64,1,User
525397,45,0,User
525481,95,0,User
525468,52,1,User
525529,59,1,User
525505,57,1,User
525545,40,0,User
525523,66,1,User
525524,72,0,User
525537,47,1,User
525574,31,1,User
525751,28,0,User
525596,12,1,User
525816,59,1,User
525858,12,0,User
525774,38,0,User
525872,36,0,User
525778,78,0,User
525893,12,0,User
525874,16,0,User
525719,24,1,User
525974,12,0,User
525992,16,1,User
526067,12,1,User
526113,69,0,User
525983,47,1,User
526014,12,1,User
526129,66,1,User
526001,12,0,User
525988,55,1,User
526018,59,0,User
526207,69,0,User
526152,79,0,User
526368,74,0,User
526330,84,1,User
526226,71,0,User
526393,64,0,User
526448,12,0,User
526395,69,1,User
526437,12,0,User
526476,36,1,User
526507,45,0,User
526628,60,1,User
526582,12,1,User
526644,33,0,User
526771,16,0,User
526748,78,1,User
526832,69,1,User
526776,52,0,User
526862,52,1,User
526835,78,0,User
526769,12,0,User
526889,43,0,User
526947,14,0,User
527026,66,1,User
526707,78,0,User
527056,21,1,User
526905,66,1,User
527169,16,0,User
527021,67,0,User
527113,47,0,User
527156,50,0,User
527261,59,1,User
527276,50,0,User
527233,71,1,User
527384,71,0,User
527444,57,0,User
527552,28,0,User
527462,12,0,User
527582,47,0,User
527407,67,0,User
527295,60,0,User
527661,66,1,User
527594,72,0,User
527667,47,1,User
527713,62,0,User
527792,86,0,User
527695,12,0,User
527744,12,0,User
527728,57,0,User
527775,59,0,User
527820,67,1,User
527967,64,0,User
528030,60,0,User
528014,84,0,User
528112,12,1,User
527983,66,0,User
528167,12,1,User
528117,62,1,User
528128,21,1,User
528272,59,0,User
528044,81,0,User
528362,66,1,User
528190,66,0,User
528208,71,1,User
528291,64,0,User
528293,43,0,User
528268,22,0,User
528382,12,1,User
528498,71,0,User
528499,12,0,User
528514,36,1,User
528358,14,0,User
528680,14,1,User
528633,16,0,User
528668,12,0,User
528700,71,0,User
528705,14,0,User
528752,60,1,User
528659,59,1,User
528685,79,0,User
528827,76,1,User
528750,52,1,User
528907,12,0,User
528961,34,0,User
528995,26,0,User
529022,12,0,User
528690,78,0,User
528866,33,0,User
529113,14,1,User
529129,67,1,User
528897,19,0,User
529017,55,1,User
529231,47,1,User
529150,12,1,User
529278,36,0,User
529191,64,0,User
529303,29,1,User
529239,62,0,User
529397,45,0,User
529443,12,0,User
529491,21,1,User
529348,64,1,User
529508,84,1,User
529512,57,1,User
529641,31,1,User
529536,62,0,User
529565,17,0,User
529529,66,1,User
529675,45,1,User
529861,66,1,User
529865,29,1,User
529798,53,1,User
529966,52,0,User
529824,69,1,User
529725,12,1,User
530022,17,0,User
530079,59,0,User
530132,64,0,User
530149,71,1,User
529995,12,1,User
530282,12,0,User
530256,12,1,User
530231,84,1,User
530363,40,0,User
530451,76,1,User
530382,28,0,User
530500,14,1,User
530480,78,0,User
530641,64,0,User
530654,86,0,User
530682,38,1,User
530750,12,1,User
530613,12,0,User
530685,14,0,User
530901,86,0,User
530625,43,1,User
530907,67,1,User
530959,66,1,User
530879,72,0,User
530933,26,1,User
530991,12,0,User
530972,71,0,User
530970,71,0,User
530917,72,1,User
531023,26,1,User
530893,81,0,User
531271,41,0,User
531220,50,1,User
531090,12,1,User
531298,24,0,User
531348,40,0,User
531352,62,1,User
531238,90,1,User
531405,69,1,User
531430,59,0,User
531512,34,1,User
531498,76,0,User
531474,72,0,User
531533,12,0,User
531440,34,0,User
531518,43,0,User
531633,71,1,User
531597,28,0,User
531657,12,0,User
531658,19,0,User
531766,64,1,User
531784,50,0,User
531889,59,1,User
531868,66,1,User
531963,48,1,User
531821,31,0,User
532010,21,1,User
532158,12,0,User
532143,69,0,User
532187,53,0,User
531990,12,0,User
532005,60,0,User
532249,52,0,User
532152,12,0,User
532221,67,0,User
532194,57,0,User
532197,50,0,User
532287,62,0,User
532239,28,0,User
532333,31,1,User
532316,55,0,User
532387,41,1,User
532369,12,0,User
532370,17,0,User
532372,12,0,User
532378,71,0,User
532539,26,0,User
532497,71,0,User
532350,69,0,User
532571,34,1,User
532574,55,0,User
532628,72,0,User
532693,12,0,User
532786,69,0,User
532784,17,0,User
532838,55,0,User
532588,12,0,User
532869,12,1,User
532880,78,0,User
532923,59,0,User
532853,67,0,User
532928,12,0,User
533071,66,0,User
533036,14,0,User
533044,67,1,User
533090,12,0,User
533103,59,0,User
533132,62,0,User
533078,59,1,User
533161,12,0,User
533001,64,0,User
533192,50,0,User
533135,72,0,User
533179,12,0,User
533393,12,0,User
533398,59,1,User
533433,66,0,User
533474,57,0,User
533335,55,0,User
533336,59,1,User
533509,71,1,User
533583,33,1,User
533687,12,0,User
533653,12,0,User
533675,72,0,User
533731,12,1,User
533442,12,0,User
533443,55,0,User
533709,48,1,User
533445,14,0,User
533824,62,1,User
533753,69,1,User
533798,12,0,User
533828,76,1,User
533777,76,0,User
533859,76,1,User
533848,16,0,User
533862,67,0,User
533923,12,0,User
534034,76,0,User
534044,33,1,User
534059,33,0,User
533790,40,0,User
533970,12,1,User
533999,19,1,User
534160,52,0,User
534093,21,0,User
534247,28,0,User
534301,12,0,User
534281,69,1,User
534343,14,0,User
534312,12,1,User
534546,76,1,User
534574,67,0,User
534224,29,1,User
534617,31,0,User
534538,22,0,User
534637,60,0,User
534520,12,0,User
534666,28,0,User
534521,66,0,User
534727,12,1,User
534643,34,1,User
534801,12,1,User
534804,47,0,User
534925,74,1,User
535021,50,1,User
534809,53,1,User
535066,64,1,User
535112,33,1,User
535085,64,0,User
534997,53,1,User
535174,55,1,User
535047,48,0,User
535175,12,1,User
535103,72,0,User
535108,69,1,User
535123,17,0,User
535234,34,1,User
535220,12,1,User
535178,86,1,User
535306,64,1,User
535165,48,0,User
535396,12,1,User
535369,55,0,User
535341,69,0,User
535228,14,1,User
535229,12,1,User
535524,57,0,User
535440,14,0,User
535553,69,0,User
535578,72,0,User
535629,12,0,User
535537,66,1,User
535540,34,0,User
535759,12,1,User
535691,72,0,User
535772,66,1,User
535782,28,0,User
535820,59,1,User
535937,55,0,User
535957,12,0,User
535967,31,1,User
536005,38,0,User
536206,12,0,User
536125,62,1,User
536185,16,1,User
536227,59,1,User
536215,16,1,User
536269,48,1,User
536110,66,1,User
536431,12,1,User
536421,72,1,User
536438,26,1,User
536398,45,0,User
536399,74,1,User
536379,53,0,User
536293,62,1,User
536384,14,1,User
536517,67,0,User
536557,12,0,User
536498,26,0,User
536471,64,0,User
536549,60,0,User
536487,60,0,User
536601,69,1,User
536721,71,0,User
536690,52,1,User
536589,12,1,User
536696,69,1,User
536653,12,0,User
536837,47,0,User
536788,55,0,User
536871,12,1,User
536926,12,1,User
536503,69,1,User
536841,83,0,User
536986,67,1,User
537011,48,0,User
537047,59,1,User
536940,57,1,User
537209,12,0,User
537230,62,0,User
537301,40,0,User
537347,69,0,User
537083,12,1,User
537099,69,1,User
537421,43,1,User
537362,12,0,User
537339,69,0,User
537299,34,1,User
537468,67,0,User
537459,62,1,User
537497,12,1,User
537343,12,0,User
537522,66,0,User
537581,47,0,User
537536,69,0,User
537585,47,1,User
537633,14,1,User
537725,71,0,User
537726,69,0,User
537730,47,1,User
537841,74,1,User
537775,12,1,User
537660,12,0,User
537609,12,1,User
537870,12,1,User
537923,14,1,User
537789,62,0,User
537846,41,1,User
537882,12,0,User
538021,55,0,User
537853,12,1,User
537936,67,0,User
538003,12,0,User
538186,28,1,User
538188,12,1,User
537912,71,1,User
538104,12,0,User
538211,76,1,User
538212,12,1,User
538077,69,0,User
538366,22,0,User
538381,71,1,User
538303,62,1,User
538290,14,0,User
538320,14,0,User
538535,66,1,User
538591,12,0,User
538606,76,0,User
538476,57,1,User
538621,64,0,User
538636,47,0,User
538683,34,0,User
538656,12,1,User
538679,12,0,User
538694,71,1,User
538764,69,1,User
538855,31,1,User
538856,69,1,User
538837,52,0,User
538892,67,1,User
538880,12,1,User
538922,71,1,User
538844,12,1,User
538923,88,1,User
538888,57,1,User
538955,14,0,User
538770,64,0,User
539000,71,1,User
538971,12,1,User
539027,12,1,User
538961,66,1,User
539028,12,1,User
538931,48,0,User
538799,55,0,User
538994,12,1,User
539176,24,0,User
539107,48,1,User
539169,34,0,User
539432,72,1,User
539365,66,0,User
539318,71,0,User
539457,12,0,User
539436,12,0,User
539424,16,1,User
539542,74,1,User
539525,12,1,User
539609,52,1,User
539739,67,1,User
539741,67,0,User
539768,71,0,User
539882,67,1,User
539871,59,1,User
539876,67,0,User
539897,60,1,User
539818,12,0,User
539899,12,1,User
539758,21,1,User
539960,62,0,User
539988,24,1,User
540002,12,0,User
539919,12,1,User
540004,12,0,User
540048,31,0,User
539980,14,0,User
539984,16,0,User
539985,62,1,User
540161,62,1,User
540346,41,0,User
540351,12,1,User
540284,64,1,User
540297,12,1,User
540468,66,1,User
540209,21,1,User
540356,12,0,User
540459,19,0,User
540579,50,0,User
540653,72,0,User
540721,60,1,User
540722,67,0,User
540695,69,0,User
540683,55,1,User
540725,66,0,User
540659,12,0,User
540660,41,1,User
540607,55,1,User
540714,12,1,User
540798,12,1,User
540685,62,0,User
540704,12,0,User
540718,69,0,User
540892,24,1,User
540748,34,1,User
540880,52,1,User
540996,12,1,User
540839,69,1,User
541136,28,1,User
541216,16,1,User
541077,59,1,User
541224,12,0,User
541343,59,1,User
541270,74,0,User
541259,62,1,User
541374,64,0,User
541404,59,0,User
541547,67,0,User
541557,12,1,User
541605,50,1,User
541641,72,0,User
541762,41,0,User
541763,66,0,User
541805,14,0,User
541717,47,0,User
541876,64,0,User
541879,12,1,User
541769,47,0,User
541834,60,0,User
541821,12,0,User
541841,41,0,User
541827,60,0,User
541901,16,0,User
542047,69,1,User
542109,67,0,User
542165,12,1,User
541992,72,0,User
542097,64,1,User
542115,14,1,User
542175,53,0,User
542255,12,1,User
542357,12,0,User
542349,69,0,User
542373,60,1,User
542379,12,0,User
542448,21,0,User
542463,67,0,User
542552,76,1,User
542612,57,0,User
542673,71,1,User
542499,79,0,User
542532,12,0,User
542634,71,1,User
542541,64,1,User
542637,12,1,User
542682,12,0,User
542602,71,1,User
542736,55,1,User
542638,21,0,User
542797,84,0,User
542653,60,1,User
542595,52,1,User
542772,57,0,User
542956,12,1,User
542934,69,1,User
542864,71,1,User
542935,79,1,User
543034,62,1,User
543035,74,1,User
542954,22,0,User
543039,12,1,User
543094,12,1,User
543095,41,0,User
543096,12,1,User
543168,12,1,User
543101,88,0,User
543115,12,0,User
543131,55,0,User
543117,33,0,User
543226,79,1,User
543221,17,0,User
543392,78,0,User
543325,67,0,User
543414,43,0,User
543578,47,0,User
543631,12,0,User
543737,12,1,User
543741,66,0,User
543887,12,1,User
543888,41,1,User
543916,69,1,User
543859,34,1,User
543908,12,0,User
543855,60,1,User
543974,60,0,User
543945,28,1,User
544014,40,0,User
544043,12,0,User
543990,48,1,User
544059,12,0,User
544112,71,1,User
544060,62,0,User
544033,76,1,User
544231,31,1,User
544236,59,0,User
544079,12,1,User
544277,12,1,User
544337,78,1,User
544386,59,1,User
544606,55,0,User
544520,76,0,User
544615,62,0,User
544712,69,1,User
544605,71,0,User
544730,62,1,User
544693,69,1,User
544694,12,1,User
544866,26,1,User
544854,26,0,User
544968,81,0,User
545072,28,0,User
545064,71,0,User
545083,43,1,User
545191,64,1,User
545227,66,1,User
545150,66,1,User
545069,62,0,User
545229,22,1,User
545268,12,1,User
545276,72,0,User
545278,45,1,User
545169,60,0,User
545308,52,1,User
545212,69,1,User
545261,26,1,User
545364,17,1,User
545373,22,0,User
545466,12,1,User
545527,71,1,User
545385,17,0,User
545534,12,1,User
545621,12,0,User
545718,83,1,User
545644,12,1,User
545749,62,1,User
545693,12,1,User
545580,78,1,User
545751,72,1,User
545792,72,1,User
545637,74,1,User
545685,16,1,User
545869,62,0,User
545882,33,1,User
545911,62,1,User
545857,12,1,User
545813,71,0,User
545820,60,1,User
545976,12,0,User
546049,24,0,User
546050,66,1,User
545998,38,1,User
545955,60,0,User
545848,17,0,User
546112,69,0,User
546113,67,1,User
546125,12,1,User
546169,72,0,User
546186,67,1,User
546244,64,1,User
546099,12,1,User
546286,69,1,User
546104,79,1,User
546318,59,1,User
546398,52,1,User
546300,79,1,User
546319,12,0,User
546455,86,1,User
546409,40,1,User
546499,69,1,User
546469,76,1,User
546502,33,1,User
546472,69,1,User
546534,12,1,User
546538,17,1,User
546492,33,1,User
546603,72,1,User
546583,16,1,User
546417,29,1,User
546751,71,0,User
546642,12,1,User
546859,72,0,User
546823,41,1,User
546674,64,0,User
546889,14,1,User
546734,67,1,User
546829,53,1,User
546931,17,0,User
546922,57,1,User
546927,69,0,User
547026,12,0,User
546900,76,1,User
547119,14,1,User
547122,84,0,User
547109,26,1,User
547056,53,1,User
547194,16,1,User
547220,14,1,User
547075,53,0,User
547225,71,1,User
547266,59,1,User
547356,12,1,User
547241,21,1,User
547389,53,0,User
547459,19,1,User
547463,71,1,User
547303,29,1,User
547274,52,1,User
547567,57,0,User
547524,28,0,User
547528,83,1,User
547507,12,0,User
547497,52,0,User
547683,12,0,User
547685,71,1,User
547617,12,0,User
547747,19,1,User
547605,12,1,User
547805,67,1,User
547643,12,1,User
547821,12,1,User
547824,72,1,User
547752,12,0,User
547797,12,1,User
547936,67,0,User
547984,52,0,User
547931,38,0,User
547767,41,1,User
547949,55,0,User
548073,12,1,User
548122,71,1,User
548052,12,1,User
548134,74,0,User
548156,55,0,User
548194,12,0,User
548142,43,0,User
548167,74,1,User
548285,64,1,User
548271,78,0,User
548327,14,1,User
548201,34,1,User
548244,53,1,User
548175,12,1,User
548260,72,0,User
548377,69,1,User
548364,64,0,User
548262,71,0,User
548405,64,0,User
548353,12,1,User
548461,12,1,User
548425,67,0,User
548430,12,1,User
548567,71,1,User
548561,86,1,User
548564,55,0,User
548673,41,1,User
548689,34,0,User
548489,16,1,User
548764,12,0,User
548678,50,1,User
548791,64,1,User
548730,93,1,User
548796,47,1,User
548711,43,0,User
548898,57,0,User
548859,31,1,User
548900,62,1,User
548830,28,1,User
548966,64,0,User
549077,71,1,User
548894,12,0,User
549078,62,0,User
549013,34,0,User
549059,59,1,User
549186,40,1,User
549276,12,0,User
549044,74,1,User
549397,31,0,User
549357,31,1,User
549282,64,0,User
549420,62,0,User
549498,14,1,User
549429,84,1,User
549590,76,1,User
549509,69,0,User
549616,45,0,User
549403,57,1,User
549632,53,1,User
549539,29,1,User
549540,12,1,User
549648,57,1,User
549735,12,1,User
549830,22,1,User
549776,60,1,User
549823,28,1,User
549749,81,1,User
549825,67,1,User
550022,19,1,User
550053,53,0,User
550067,50,1,User
549960,41,1,User
549909,67,0,User
550062,67,0,User
550218,12,1,User
550252,67,0,User
550174,40,1,User
550165,12,1,User
550336,34,0,User
550183,36,1,User
550369,22,0,User
550414,12,1,User
550474,12,0,User
550489,59,1,User
550495,43,1,User
550565,64,1,User
550580,67,1,User
550630,14,1,User
550684,47,0,User
550698,16,0,User
550672,24,0,User
550674,48,0,User
550560,33,0,User
550633,62,1,User
550747,52,1,User
550766,59,1,User
550840,66,0,User
550710,12,1,User
550868,12,1,User
550815,16,0,User
550938,41,1,User
550778,59,1,User
550796,71,0,User
550870,14,1,User
550899,66,0,User
550844,21,1,User
551016,29,0,User
550845,12,0,User
551053,14,1,User
551098,14,1,User
551155,12,1,User
551198,66,1,User
551128,12,1,User
551114,12,0,User
551246,12,0,User
551308,67,0,User
551375,17,1,User
551406,53,1,User
551467,95,0,User
551444,12,0,User
551497,12,1,User
551584,12,1,User
551382,57,0,User
551385,47,0,User
551529,62,0,User
551621,28,0,User
551533,12,1,User
551719,59,0,User
551836,72,0,User
551771,69,0,User
551826,12,0,User
551840,74,0,User
551708,62,0,User
551728,34,0,User
551928,28,0,User
551790,34,0,User
551974,71,0,User
552036,74,0,User
552148,16,1,User
552310,66,0,User
552377,67,0,User
552270,59,1,User
552367,60,0,User
552374,81,0,User
552498,69,1,User
552506,34,1,User
552283,48,0,User
552402,59,0,User
552546,12,0,User
552590,12,0,User
552626,62,0,User
552567,14,0,User
552754,66,1,User
552768,66,0,User
552755,14,0,User
552664,36,1,User
552653,12,0,User
552797,12,1,User
552748,26,1,User
552804,41,1,User
552689,55,1,User
552863,48,1,User
552976,24,1,User
553039,21,0,User
553082,12,0,User
553015,12,1,User
553034,60,0,User
552913,57,0,User
553115,53,1,User
553251,41,0,User
553239,69,1,User
553458,41,1,User
553170,57,0,User
553386,74,0,User
553364,66,1,User
553548,28,1,User
553580,12,0,User
553654,60,0,User
553552,59,1,User
553647,57,1,User
553528,62,0,User
553570,53,0,User
553694,12,1,User
553572,12,1,User
553762,62,1,User
553865,14,1,User
553789,12,1,User
553736,66,1,User
553845,12,0,User
553967,34,1,User
553814,48,1,User
553775,64,1,User
553912,21,1,User
553917,67,1,User
553998,76,1,User
554119,71,0,User
554194,72,0,User
554039,14,1,User
554133,59,1,User
554155,53,0,User
554258,24,1,User
554356,12,0,User
554365,69,1,User
554390,12,0,User
554446,50,1,User
554508,12,1,User
554457,53,1,User
554541,72,0,User
554563,69,0,User
554600,62,1,User
554601,47,1,User
554501,69,1,User
554643,45,1,User
554764,28,0,User
554792,60,1,User
554809,19,1,User
554786,47,1,User
554692,26,0,User
554813,64,1,User
554667,67,1,User
554635,76,1,User
554853,12,0,User
554799,64,0,User
554986,67,1,User
555038,69,1,User
554924,71,1,User
555091,24,1,User
554967,66,0,User
555081,48,1,User
554939,67,1,User
555085,64,0,User
555131,57,1,User
555116,26,0,User
555252,45,1,User
555267,19,1,User
555206,95,0,User
555380,66,1,User
555318,60,0,User
555359,66,0,User
555360,12,1,User
555476,22,0,User
555527,48,0,User
555435,12,0,User
555499,48,0,User
555503,53,0,User
555621,57,1,User
555509,62,0,User
555595,71,1,User
555462,59,1,User
555685,69,0,User
555688,41,0,User
555916,17,1,User
555880,12,0,User
555980,12,1,User
555953,14,0,User
555957,60,0,User
555870,66,0,User
556032,12,0,User
556098,67,0,User
555945,67,1,User
556190,12,1,User
556177,12,1,User
556222,74,0,User
556238,12,0,User
556107,52,0,User
556110,55,0,User
556334,14,0,User
556413,67,0,User
556489,12,1,User
556407,74,1,User
556552,12,0,User
556538,59,0,User
556711,67,0,User
556559,72,1,User
556648,12,1,User
556632,45,1,User
556688,36,0,User
556789,17,1,User
556880,69,1,User
556899,12,0,User
556734,12,0,User
556940,38,1,User
556796,79,1,User
556984,47,0,User
556975,76,1,User
556995,69,1,User
557102,12,1,User
557005,62,1,User
556916,47,1,User
557019,12,1,User
556964,26,1,User
557128,69,1,User
557221,60,0,User
557256,12,0,User
557067,12,0,User
557297,67,0,User
557216,12,1,User
557198,21,0,User
557202,19,0,User
557184,48,1,User
557357,48,1,User
557276,66,0,User
557346,67,1,User
557348,57,0,User
557245,24,1,User
557380,69,1,User
557385,26,1,User
557427,16,0,User
557514,12,0,User
557414,12,1,User
557660,57,1,User
557591,33,0,User
557688,71,0,User
557702,62,0,User
557746,50,0,User
557579,36,0,User
557766,57,1,User
557534,22,1,User
557892,16,1,User
558017,31,1,User
557970,59,0,User
558035,36,0,User
558012,43,1,User
558030,14,1,User
557953,74,1,User
557921,29,0,User
558158,12,0,User
558301,21,0,User
558319,28,0,User
558296,62,0,User
558363,52,1,User
558118,69,0,User
558344,67,1,User
558418,71,1,User
558475,48,1,User
558564,12,1,User
558489,12,0,User
558507,48,0,User
558510,67,1,User
558704,59,0,User
558719,57,1,User
558890,12,1,User
559047,48,1,User
559018,12,1,User
559020,26,0,User
559060,64,0,User
559210,62,0,User
559232,33,0,User
559184,14,1,User
559215,47,1,User
559238,40,0,User
559383,41,0,User
559281,12,1,User
559379,41,1,User
559286,67,1,User
559275,74,0,User
559288,12,1,User
559505,64,0,User
559289,12,1,User
559432,64,1,User
559522,57,1,User
559515,64,0,User
559537,45,1,User
559606,66,1,User
559607,31,1,User
559623,12,1,User
559541,55,0,User
559617,59,0,User
559619,62,1,User
559730,40,0,User
559641,12,1,User
559629,66,1,User
559691,53,1,User
559635,26,1,User
559801,12,1,User
559776,57,0,User
559818,14,0,User
559705,14,0,User
559783,12,1,User
559877,14,0,User
559828,59,1,User
559799,62,0,User
560028,71,1,User
560085,45,1,User
560346,36,0,User
560246,12,1,User
560491,62,0,User
560573,12,0,User
560515,17,1,User
560537,45,1,User
560643,59,1,User
560661,12,0,User
560674,12,0,User
560761,67,1,User
560766,38,0,User
560755,66,0,User
560868,12,1,User
560882,55,1,User
560986,12,0,User
560968,64,1,User
561031,22,1,User
560923,12,1,User
561083,33,1,User
561090,12,1,User
561100,57,1,User
561177,12,1,User
561179,40,1,User
561220,60,1,User
561443,12,1,User
561512,12,0,User
561484,47,0,User
561529,34,1,User
561649,69,1,User
561709,60,0,User
561688,17,0,User
561494,69,1,User
561834,40,0,User
561852,16,1,User
561950,72,1,User
561987,60,0,User
562028,69,0,User
561927,34,1,User
562177,12,0,User
562218,47,1,User
562226,64,0,User
562299,81,0,User
562301,21,0,User
562211,50,1,User
562507,59,1,User
562509,36,1,User
562566,71,0,User
562480,34,0,User
562481,55,0,User
562711,40,1,User
562622,72,0,User
562693,67,1,User
562847,12,0,User
562729,74,1,User
562730,14,1,User
562807,53,1,User
562798,72,1,User
562985,60,1,User
562839,55,0,User
562911,69,0,User
562901,12,1,User
562948,12,0,User
563045,24,0,User
563018,71,1,User
563048,69,0,User
563167,29,0,User
563126,74,0,User
563099,55,1,User
563260,14,1,User
563332,53,1,User
563210,12,0,User
563371,40,1,User
563437,41,0,User
563457,12,0,User
563552,66,1,User
563613,67,0,User
563585,28,0,User
563645,53,1,User
563620,66,1,User
563637,72,0,User
563746,12,0,User
563763,52,1,User
563726,67,0,User
563792,14,1,User
563677,71,0,User
563808,67,0,User
563810,26,0,User
563869,72,0,User
563699,60,1,User
563934,34,1,User
563972,45,0,User
563819,21,0,User
563977,33,1,User
564009,34,0,User
564010,81,0,User
564182,16,1,User
564101,67,1,User
564104,12,1,User
564176,43,0,User
564209,52,1,User
564273,79,0,User
564191,48,0,User
564135,66,1,User
564232,86,1,User
564338,60,1,User
564367,12,0,User
564455,79,1,User
564470,12,0,User
564472,53,0,User
564486,50,1,User
564565,62,1,User
564419,66,1,User
564751,55,1,User
564652,12,1,User
564797,14,0,User
564801,12,0,User
564805,16,1,User
564888,69,1,User
564889,12,0,User
564991,74,0,User
565051,47,0,User
565022,64,1,User
564869,66,1,User
565054,76,1,User
565097,71,0,User
565033,59,0,User
565101,53,1,User
565170,12,1,User
565049,12,0,User
565282,64,0,User
565321,43,0,User
565324,12,1,User
565337,47,1,User
565360,12,0,User
565487,22,0,User
565478,78,0,User
565521,48,1,User
565562,59,0,User
565633,57,0,User
565757,43,0,User
565661,12,0,User
565877,12,1,User
565648,55,0,User
565710,31,1,User
565936,12,1,User
566077,12,1,User
566069,66,1,User
566118,12,1,User
566138,31,0,User
566296,12,1,User
566244,67,0,User
566183,59,0,User
566188,14,0,User
566372,12,1,User
566364,12,1,User
566506,59,0,User
566325,14,1,User
566512,52,0,User
566495,12,0,User
566453,33,0,User
566612,53,0,User
566602,12,0,User
566571,64,0,User
566548,21,0,User
566777,16,1,User
566676,69,1,User
566793,17,0,User
566809,26,0,User
566679,41,0,User
566683,12,0,User
566766,67,0,User
566728,57,1,User
566876,67,0,User
566982,48,1,User
567021,76,0,User
566860,76,1,User
566901,66,0,User
566954,14,1,User
566906,71,0,User
566865,19,1,User
567070,41,0,User
567153,71,1,User
567131,55,0,User
566908,28,0,User
567256,12,0,User
567273,12,1,User
567318,12,1,User
567294,12,0,User
567337,12,1,User
567497,66,1,User
567386,50,0,User
567397,12,1,User
567557,38,0,User
567449,52,0,User
567662,48,1,User
567678,67,1,User
567711,62,1,User
567685,50,1,User
567760,76,0,User
567783,64,0,User
567873,12,0,User
567784,24,1,User
567840,14,0,User
567869,64,1,User
567822,14,0,User
568011,12,1,User
567959,40,1,User
568024,64,1,User
568048,17,1,User
568130,14,1,User
568175,14,1,User
568107,12,1,User
568247,67,1,User
568223,45,1,User
568254,12,1,User
568255,53,0,User
568348,59,0,User
568391,14,0,User
568454,59,0,User
568372,66,1,User
568546,62,1,User
568424,12,0,User
568537,66,0,User
568608,22,1,User
568540,78,0,User
568669,41,1,User
568550,60,1,User
568528,12,0,User
568726,12,0,User
568573,60,0,User
568628,12,1,User
568615,66,1,User
568758,16,0,User
568780,67,0,User
568835,33,0,User
568785,28,1,User
568837,12,0,User
568632,71,0,User
568867,71,1,User
568871,67,1,User
568882,41,1,User
568982,26,0,User
568959,24,1,User
569033,40,0,User
569045,57,0,User
569022,12,1,User
569038,78,1,User
569010,22,1,User
569177,16,1,User
569170,19,1,User
569320,12,0,User
569345,12,1,User
569387,19,0,User
569404,12,1,User
569382,21,1,User
569522,66,0,User
569598,12,1,User
569631,38,1,User
569633,59,1,User
569762,40,1,User
569778,12,1,User
569779,12,0,User
569853,14,0,User
569899,64,0,User
569803,69,0,User
569901,36,0,User
569893,12,1,User
569817,12,1,User
569818,12,1,User
569970,62,0,User
570154,12,1,User
570231,76,0,User
570320,67,1,User
570362,64,1,User
570449,53,1,User
570372,38,1,User
570403,12,1,User
570434,14,1,User
570617,12,1,User
570619,12,1,User
570622,14,1,User
570584,76,0,User
570630,38,1,User
570691,69,1,User
570708,12,1,User
570782,12,1,User
570657,19,1,User
570783,14,1,User
570756,86,0,User
570789,53,1,User
570804,12,1,User
570838,66,1,User
570816,67,0,User
570934,66,1,User
570821,62,1,User
570940,66,1,User
571028,12,1,User
571113,12,1,User
571063,14,1,User
571029,52,0,User
571205,64,1,User
571217,50,1,User
571341,12,0,User
571299,12,0,User
571421,43,1,User
571471,59,0,User
571486,60,1,User
571401,21,0,User
571501,33,1,User
571385,62,0,User
571481,57,1,User
571494,12,1,User
571392,12,0,User
571523,81,1,User
571536,50,1,User
571538,69,0,User
571722,55,0,User
571774,52,0,User
571794,47,1,User
571708,12,1,User
571848,14,0,User
571829,64,1,User
571866,71,1,User
571958,12,1,User
571855,12,1,User
572051,64,1,User
571975,12,0,User
572111,12,0,User
572143,53,1,User
572210,40,0,User
572178,41,1,User
572357,12,0,User
572331,21,1,User
572233,62,0,User
572463,12,0,User
572373,14,0,User
572425,19,1,User
572498,69,1,User
572577,14,0,User
572686,36,1,User
572692,66,1,User
572706,12,0,User
572628,52,0,User
572776,17,0,User
572653,62,0,User
572897,57,1,User
572655,62,1,User
572849,62,1,User
572886,57,0,User
572923,60,0,User
573024,66,0,User
573125,71,1,User
573126,12,1,User
573183,60,0,User
573258,16,1,User
573193,47,1,User
573142,64,0,User
573162,40,0,User
573262,12,0,User
573278,59,1,User
573360,16,0,User
573426,71,1,User
573414,66,1,User
573284,60,1,User
573529,29,1,User
573456,53,0,User
573445,36,1,User
573695,12,1,User
573522,12,0,User
573650,12,1,User
573833,12,1,User
573848,69,1,User
573813,67,0,User
573909,12,1,User
573962,12,0,User
573866,12,1,User
573879,34,0,User
574027,59,1,User
574055,12,1,User
574144,12,1,User
574203,55,0,User
574040,38,0,User
574205,71,0,User
574085,62,0,User
574167,12,1,User
574108,57,1,User
574294,76,1,User
574211,69,1,User
574137,52,1,User
574282,12,1,User
574327,64,1,User
574258,64,1,User
574401,29,0,User
574346,66,1,User
574488,16,1,User
574536,69,0,User
574551,79,0,User
574625,60,1,User
574529,66,1,User
574761,24,0,User
574750,38,1,User
574588,12,1,User
574832,45,1,User
574649,69,1,User
574793,67,0,User
574795,81,0,User
574876,12,1,User
574797,47,0,User
574709,12,1,User
574799,67,1,User
574782,71,0,User
574912,12,1,User
574811,55,0,User
575028,66,1,User
575116,67,1,User
575145,71,1,User
574943,17,0,User
575282,69,0,User
575122,40,1,User
575287,48,1,User
575292,22,1,User
575213,67,1,User
575214,64,0,User
575338,12,1,User
575217,12,0,User
575447,66,0,User
575219,12,0,User
575426,67,1,User
575437,16,1,User
575383,33,0,User
575451,12,1,User
575457,67,1,User
575644,66,0,User
575681,48,1,User
575640,14,1,User
575667,38,1,User
575683,12,1,User
575767,14,1,User
575742,66,1,User
575884,12,0,User
575827,55,1,User
575800,71,0,User
575842,16,1,User
575987,12,1,User
576034,48,0,User
576078,57,0,User
576134,12,0,User
575908,12,1,User
575909,71,1,User
576194,36,0,User
576351,24,1,User
576294,81,1,User
576210,12,1,User
576146,76,1,User
576414,72,0,User
576469,55,1,User
576370,40,0,User
576402,12,1,User
576544,66,1,User
576446,12,1,User
576692,71,0,User
576671,69,0,User
576433,67,0,User
576655,12,0,User
576792,40,0,User
576793,12,0,User
576675,12,0,User
576922,67,1,User
576997,36,0,User
577101,24,1,User
577089,88,0,User
576982,12,0,User
577104,28,0,User
577141,67,0,User
577295,12,1,User
577366,38,1,User
577397,17,0,User
577372,53,1,User
577430,22,1,User
577495,22,0,User
577424,17,0,User
577541,83,1,User
577634,45,1,User
577605,33,0,User
577762,48,0,User
577755,64,1,User
577800,60,1,User
577899,57,1,User
577904,60,1,User
577996,12,0,User
578071,64,0,User
578148,43,0,User
578166,41,0,User
578183,36,1,User
578154,26,1,User
578188,71,1,User
578171,22,1,User
578299,12,0,User
578226,45,1,User
578320,81,0,User
578234,64,1,User
578367,66,1,User
578434,12,1,User
578437,40,0,User
578292,67,1,User
578439,12,0,User
578392,71,0,User
578464,67,0,User
578336,69,1,User
578552,12,0,User
578538,31,0,User
578612,69,0,User
578629,62,1,User
578602,59,1,User
578633,72,0,User
578497,66,1,User
578640,12,1,User
578564,22,0,User
578791,17,0,User
578682,45,1,User
578826,71,1,User
578843,64,1,User
578885,12,0,User
578923,66,0,User
579064,62,1,User
579067,57,0,User
579044,53,1,User
578992,71,0,User
579103,12,1,User
579118,48,0,User
579301,62,0,User
579206,52,1,User
579055,62,1,User
579224,72,0,User
579015,66,1,User
579240,28,1,User
579278,12,1,User
579341,67,0,User
579451,40,1,User
579372,29,1,User
579582,12,0,User
579584,12,0,User
579597,55,0,User
579547,12,1,User
579695,12,1,User
579652,12,0,User
579743,57,1,User
579843,12,0,User
579849,12,0,User
579716,12,0,User
579892,64,1,User
579924,64,1,User
579967,14,0,User
579954,64,0,User
579939,48,1,User
580050,38,0,User
580089,12,1,User
580076,43,1,User
580024,12,1,User
580055,36,0,User
580176,76,0,User
580115,47,1,User
580064,72,1,User
580105,66,1,User
580124,12,1,User
580234,41,0,User
580236,12,1,User
580170,60,0,User
579942,12,0,User
580284,57,1,User
580342,12,0,User
580441,24,0,User
580312,12,1,User
580371,52,1,User
580464,12,0,User
580376,71,1,User
580319,66,1,User
580406,43,0,User
580380,41,1,User
580417,16,1,User
580594,64,1,User
580607,50,0,User
580511,12,0,User
580652,69,0,User
580630,74,1,User
580654,74,1,User
580697,71,1,User
580655,55,0,User
580703,36,1,User
580708,12,1,User
580635,52,1,User
580760,29,1,User
580745,12,1,User
580804,38,1,User
580849,38,0,User
580735,50,0,User
580877,24,1,User
580807,67,0,User
580951,12,0,User
580899,53,0,User
580981,12,1,User
581001,14,1,User
581003,48,1,User
580871,26,1,User
580991,69,1,User
581103,72,1,User
581078,62,1,User
581051,53,0,User
580976,14,1,User
581175,55,1,User
581239,12,1,User
581274,17,1,User
581342,64,0,User
581130,66,1,User
581315,52,0,User
581185,28,0,User
581333,12,1,User
581386,71,0,User
581374,36,1,User
581340,36,0,User
581392,33,1,User
581409,69,0,User
581421,12,1,User
581442,59,0,User
581538,59,0,User
581288,79,0,User
581497,17,1,User
581581,12,1,User
581471,12,1,User
581673,81,1,User
581675,71,0,User
581762,59,1,User
581635,79,1,User
581638,55,0,User
581520,62,0,User
581855,12,0,User
581801,12,1,User
581858,71,1,User
581860,59,0,User
582009,71,1,User
582024,72,0,User
581946,38,0,User
582138,41,1,User
582226,36,0,User
581984,24,0,User
582141,76,0,User
582248,36,0,User
582289,53,1,User
582120,71,0,User
582326,71,1,User
582329,67,1,User
582374,59,1,User
582410,62,0,User
582459,12,1,User
582429,69,0,User
582516,66,0,User
582557,64,0,User
582603,67,0,User
582605,67,1,User
582646,29,0,User
582721,66,1,User
582600,57,0,User
582763,57,0,User
582818,14,1,User
582843,21,0,User
582880,12,1,User
582868,66,1,User
582883,29,1,User
582976,12,0,User
582918,41,0,User
582962,55,0,User
582963,34,1,User
582922,48,1,User
582929,12,0,User
582899,55,1,User
583032,66,1,User
583104,12,1,User
583127,71,1,User
583092,59,1,User
583114,50,1,User
583218,66,1,User
583191,12,0,User
583254,12,1,User
583355,41,0,User
583456,64,1,User
583457,14,1,User
583349,59,0,User
583334,59,0,User
583492,16,1,User
583548,16,1,User
583495,81,1,User
583579,14,0,User
583681,40,1,User
583764,12,0,User
583633,28,0,User
583866,69,0,User
583897,14,0,User
583983,31,0,User
584003,72,0,User
583883,22,1,User
583954,12,1,User
583946,67,0,User
583992,64,1,User
584139,21,1,User
584346,38,1,User
584271,24,1,User
584397,64,0,User
584438,34,1,User
584323,78,1,User
584641,21,1,User
584637,29,0,User
584669,83,1,User
584608,45,0,User
584694,90,0,User
584751,57,0,User
584921,76,0,User
584846,79,1,User
584992,76,0,User
585038,62,1,User
584818,67,0,User
584945,12,0,User
584946,64,0,User
585091,12,0,User
584949,12,0,User
584951,57,0,User
585256,66,1,User
585286,81,0,User
585228,29,0,User
585240,59,0,User
585423,62,1,User
585436,60,0,User
585300,12,0,User
585462,60,0,User
585590,19,0,User
585691,71,0,User
585681,60,0,User
585629,36,1,User
585613,12,0,User
585715,34,1,User
585767,57,0,User
585742,57,0,User
585788,12,1,User
585814,17,0,User
585809,64,0,User
585657,66,0,User
585735,12,0,User
585749,60,0,User
585701,55,1,User
585672,64,0,User
585949,17,1,User
585795,64,1,User
585854,12,1,User
585868,52,1,User
585977,69,0,User
586023,12,0,User
586187,66,1,User
586120,24,1,User
586178,64,0,User
586162,62,0,User
586221,12,0,User
586223,66,0,User
586151,12,0,User
586390,57,0,User
586215,62,1,User
586566,12,1,User
586404,12,0,User
586552,59,1,User
586499,33,1,User
586618,64,0,User
586758,16,1,User
586802,69,0,User
586789,71,1,User
586876,60,0,User
586850,22,0,User
586706,60,1,User
586708,40,1,User
586884,50,0,User
586912,59,0,User
586768,17,1,User
586913,12,1,User
586886,36,0,User
586843,12,0,User
586976,33,1,User
587163,12,1,User
587206,71,0,User
587178,12,0,User
587179,12,0,User
587054,62,0,User
587237,66,0,User
587241,57,1,User
587114,12,1,User
587343,12,0,User
587231,19,1,User
587431,17,1,User
587462,12,0,User
587454,29,0,User
587521,50,1,User
587687,31,1,User
587675,12,0,User
587762,12,0,User
587544,66,0,User
587726,16,0,User
587794,66,0,User
587813,14,1,User
587562,12,0,User
587787,67,0,User
587936,24,1,User
587923,12,1,User
587981,67,1,User
588008,12,1,User
587864,19,0,User
588021,55,1,User
588013,28,1,User
588075,64,1,User
588290,71,0,User
588163,36,1,User
588391,52,0,User
588089,14,0,User
588416,12,0,User
588383,84,0,User
588419,12,0,User
588280,78,0,User
588404,71,1,User
588509,12,0,User
588607,12,0,User
588655,12,1,User
588771,60,0,User
588822,71,1,User
588800,12,0,User
588801,74,1,User
588867,66,1,User
588703,12,0,User
588952,69,1,User
588996,31,1,User
589000,71,1,User
589066,62,1,User
589043,76,0,User
589104,72,1,User
589171,12,0,User
589178,12,0,User
589079,12,0,User
589138,55,1,User
589327,12,1,User
589297,72,1,User
589331,41,0,User
589290,66,0,User
589411,62,1,User
589260,12,1,User
589382,12,0,User
589484,69,1,User
589504,69,0,User
589466,64,0,User
589494,62,1,User
589565,12,0,User
589591,16,0,User
589538,66,1,User
589571,55,0,User
589540,69,0,User
589593,60,0,User
589514,72,1,User
589612,12,1,User
589627,19,1,User
589628,48,1,User
589574,12,1,User
589661,52,1,User
589650,22,1,User
589664,45,1,User
589777,64,1,User
589817,67,1,User
589709,12,1,User
589839,62,0,User
589894,33,1,User
589821,88,0,User
589888,74,1,User
589971,12,0,User
590072,12,1,User
590161,66,1,User
590077,14,0,User
590107,71,0,User
590045,69,1,User
590100,26,1,User
590184,24,0,User
589991,36,0,User
590199,12,0,User
590127,31,0,User
590202,28,1,User
590348,12,1,User
590376,29,0,User
590330,12,0,User
590365,60,0,User
590381,74,1,User
590451,24,1,User
590352,66,1,User
590423,12,1,User
590340,62,0,User
590458,64,1,User
590553,57,1,User
590469,79,1,User
590565,19,1,User
590413,53,0,User
590672,62,0,User
590704,83,1,User
590662,19,1,User
590625,66,1,User
590709,12,1,User
590720,12,1,User
590869,74,1,User
590899,12,1,User
590814,12,1,User
590917,31,1,User
590775,26,1,User
590973,66,1,User
590803,34,0,User
591031,31,1,User
590991,62,1,User
590951,64,1,User
590965,66,1,User
590936,50,1,User
591041,14,0,User
591109,72,1,User
591115,71,0,User
591170,12,0,User
591156,50,1,User
591116,47,1,User
591199,53,1,User
591080,12,1,User
591230,81,0,User
591176,72,0,User
591209,12,1,User
591223,71,0,User
591335,33,0,User
591299,12,1,User
591433,12,1,User
591465,21,0,User
591311,64,0,User
591513,12,1,User
591313,12,0,User
591560,67,1,User
591420,12,0,User
591663,19,1,User
591682,84,0,User
591802,66,0,User
591860,14,0,User
591953,12,0,User
592066,67,0,User
591982,17,1,User
591929,60,1,User
591780,59,1,User
592127,12,0,User
592113,47,1,User
592186,67,1,User
592016,28,0,User
592144,26,0,User
592061,53,1,User
592123,76,0,User
592094,22,1,User
592175,60,1,User
592253,78,0,User
592367,52,1,User
592370,55,1,User
592214,62,0,User
592318,69,0,User
592380,12,1,User
592357,14,0,User
592606,12,1,User
592567,41,0,User
592637,76,1,User
592559,12,1,User
592696,12,0,User
592605,48,0,User
592677,53,1,User
592816,12,1,User
592819,60,1,User
592794,60,1,User
592840,60,1,User
592966,17,0,User
592928,43,1,User
592983,14,0,User
593044,24,0,User
592994,71,0,User
593031,16,1,User
593024,12,0,User
593109,12,0,User
593160,12,0,User
593287,60,1,User
593313,67,1,User
593314,66,0,User
593332,12,0,User
593377,71,1,User
593070,57,1,User
593418,24,1,User
593367,59,1,User
593536,34,1,User
593583,22,1,User
593429,55,0,User
593648,62,1,User
593653,86,1,User
593761,62,0,User
593631,22,0,User
593740,12,0,User
593856,60,0,User
593787,12,1,User
593912,57,1,User
593818,21,0,User
593819,12,1,User
593860,31,1,User
593974,12,1,User
593864,66,0,User
594001,66,0,User
594004,72,1,User
593871,21,1,User
594005,71,0,User
594047,57,1,User
594036,69,0,User
593759,72,1,User
594028,12,1,User
594183,71,1,User
594158,12,0,User
594115,67,1,User
594129,12,0,User
594074,59,1,User
594187,66,1,User
594119,66,1,User
594243,66,1,User
594333,12,0,User
594234,12,1,User
594236,67,0,User
594408,12,1,User
594428,24,1,User
594452,14,0,User
594430,74,0,User
594359,14,1,User
594527,76,1,User
594545,29,0,User
594574,12,1,User
594567,26,1,User
594568,22,0,User
594614,41,1,User
594770,22,0,User
594700,76,0,User
594636,52,0,User
594674,40,0,User
594815,71,0,User
594938,14,0,User
595004,29,1,User
595172,62,0,User
595041,21,0,User
595162,22,1,User
595191,67,1,User
595211,59,0,User
595198,67,1,User
595235,72,0,User
595265,14,1,User
595354,14,0,User
595374,12,1,User
595395,43,1,User
595504,12,0,User
595407,66,0,User
595422,66,1,User
595493,62,0,User
595437,48,1,User
595582,66,1,User
595584,12,1,User
595585,84,0,User
595555,57,0,User
595636,50,0,User
595587,55,1,User
595666,47,0,User
595538,67,1,User
595672,57,1,User
595690,12,1,User
595783,14,0,User
595543,12,1,User
595835,12,0,User
595934,64,0,User
595943,64,0,User
596043,41,0,User
595949,60,0,User
596046,31,1,User
596089,36,0,User
596061,40,0,User
595973,62,1,User
596126,55,1,User
596199,55,0,User
596273,59,1,User
596316,47,1,User
596322,12,0,User
596352,60,1,User
596384,57,0,User
596469,12,1,User
596340,17,0,User
596572,60,0,User
596439,17,1,User
596603,45,0,User
596650,79,0,User
596768,59,1,User
596698,55,1,User
596965,24,1,User
597049,67,1,User
597050,72,0,User
597094,47,0,User
597025,67,1,User
596997,12,0,User
597174,74,1,User
597208,48,1,User
597317,84,1,User
597321,12,0,User
597268,62,1,User
597423,78,1,User
597395,59,1,User
597358,12,0,User
597371,43,0,User
597359,12,1,User
597401,48,0,User
597527,64,0,User
597194,12,0,User
597388,79,0,User
597564,12,1,User
597616,86,0,User
597567,12,1,User
597604,76,0,User
597756,34,0,User
597701,90,0,User
597797,69,0,User
597828,59,1,User
597819,72,0,User
597792,60,0,User
597833,53,0,User
597950,57,1,User
597938,12,1,User
597926,47,1,User
598128,12,0,User
598202,74,1,User
598080,53,1,User
598062,48,0,User
598135,36,1,User
598117,71,1,User
598266,55,1,User
598294,12,1,User
598121,14,0,User
598279,12,0,User
598297,12,0,User
598242,66,1,User
598398,48,0,User
598373,28,1,User
598442,45,1,User
598360,71,1,User
598457,67,1,User
598380,66,1,User
598315,71,1,User
598260,19,0,User
598474,64,1,User
598519,64,0,User
598480,12,0,User
598420,66,1,User
598570,12,0,User
598640,64,0,User
598747,12,0,User
598541,53,1,User
598801,67,0,User
598831,60,0,User
598631,71,1,User
598942,43,0,User
599028,57,1,User
598962,74,0,User
598815,50,0,User
599048,67,1,User
599024,43,0,User
599118,14,0,User
599104,69,0,User
599054,95,0,User
598994,12,1,User
599290,52,0,User
599431,12,0,User
599367,59,0,User
599467,57,0,User
599384,43,1,User
599306,66,1,User
599569,36,0,User
599547,78,1,User
599574,84,1,User
599473,21,0,User
599676,12,0,User
599639,62,0,User
599533,50,1,User
599741,62,0,User
599780,60,1,User
599604,57,0,User
599785,67,0,User
599912,47,1,User
599920,16,1,User
599803,12,0,User
599756,57,1,User
600031,12,1,User
599964,64,0,User
599879,59,1,User
600050,36,1,User
600154,74,0,User
600156,36,1,User
600039,64,0,User
600212,66,1,User
600202,74,1,User
600074,17,0,User
600259,12,0,User
600187,60,1,User
600210,67,1,User
600468,48,0,User
600270,66,1,User
600543,48,1,User
600572,24,1,User
600631,12,1,User
600442,19,0,User
600754,12,0,User
600739,52,0,User
600767,12,0,User
600710,14,1,User
600771,50,0,User
600714,52,0,User
600762,62,0,User
600718,50,0,User
600583,55,0,User
600841,43,1,User
600821,71,1,User
600872,55,0,User
600858,45,0,User
600823,69,1,User
600750,72,0,User
600848,62,1,User
600918,69,1,User
600866,12,1,User
600977,31,1,User
600900,64,1,User
600880,19,0,User
601111,76,0,User
600968,55,0,User
600969,14,0,User
600943,38,0,User
601062,57,1,User
601232,71,0,User
601195,69,0,User
600971,29,0,User
601144,12,1,User
601299,67,1,User
601389,53,1,User
601436,52,1,User
601406,69,0,User
601357,64,1,User
601474,19,1,User
601418,33,0,User
601320,47,1,User
601541,28,0,User
601581,71,0,User
601530,59,0,User
601669,12,1,User
601658,72,1,User
601696,59,0,User
601596,71,1,User
601569,31,0,User
601678,12,1,User
601574,22,1,User
601736,22,1,User
601704,53,1,User
601601,40,1,User
601922,67,1,User
601897,79,1,User
601803,16,1,User
601753,48,0,User
601754,12,0,User
601986,12,1,User
602002,62,1,User
602023,12,0,User
601953,12,1,User
601931,38,0,User
602148,78,0,User
602053,59,1,User
602180,29,1,User
602195,12,1,User
602076,66,1,User
602257,12,0,User
602094,52,0,User
602095,60,1,User
602328,76,1,User
602367,64,1,User
602370,64,0,User
602495,55,0,User
602385,72,1,User
602539,67,1,User
602278,12,1,User
602531,12,0,User
602441,72,0,User
602570,43,0,User
602583,29,1,User
602881,74,1,User
602858,34,0,User
602845,12,1,User
602941,57,0,User
602915,74,0,User
602943,72,1,User
602698,12,1,User
602873,66,0,User
603065,71,0,User
603109,81,0,User
602999,26,0,User
603257,48,0,User
603278,67,0,User
603295,62,1,User
603223,31,1,User
603147,55,0,User
603285,71,0,User
603381,72,1,User
603471,67,1,User
603601,62,0,User
603617,67,1,User
603608,12,1,User
603582,81,1,User
603782,66,0,User
603806,12,1,User
603923,62,0,User
603952,28,1,User
603982,62,1,User
603987,53,1,User
604077,66,1,User
604050,12,1,User
604148,17,1,User
604149,69,1,User
603884,69,0,User
604121,26,1,User
604181,41,1,User
604355,12,0,User
604287,12,1,User
604274,74,1,User
604373,53,1,User
604520,59,1,User
604544,59,0,User
604424,28,0,User
604638,41,1,User
604666,71,1,User
604590,67,0,User
604602,12,1,User
604699,83,1,User
604647,69,0,User
604510,19,1,User
604725,12,0,User
604841,21,1,User
604766,57,0,User
604913,66,0,User
604671,12,1,User
604962,79,0,User
605026,12,0,User
605109,43,0,User
605069,71,1,User
605184,67,0,User
605189,12,0,User
605243,16,0,User
605202,21,0,User
605119,36,1,User
605281,36,1,User
605218,12,0,User
605272,64,1,User
605334,71,1,User
605335,14,1,User
605347,50,1,User
605247,67,1,User
605454,12,1,User
605497,72,0,User
605486,59,1,User
605571,12,0,User
605643,74,1,User
605589,50,0,User
605645,66,1,User
605658,67,1,User
605691,12,1,User
605693,12,0,User
605747,66,0,User
605504,12,1,User
605655,60,1,User
605711,62,1,User
605842,76,0,User
605815,40,0,User
605927,28,1,User
605905,12,0,User
605976,41,1,User
605950,60,0,User
605980,14,0,User
605921,12,0,User
606156,71,0,User
605983,12,1,User
606256,64,1,User
606249,12,0,User
606407,62,1,User
606437,74,0,User
606383,74,0,User
606389,83,1,User
606375,55,1,User
606416,33,0,User
606193,59,0,User
606593,67,1,User
606632,12,1,User
606626,67,0,User
606536,22,1,User
606596,62,0,User
606737,67,0,User
606686,50,1,User
606704,62,0,User
606640,66,1,User
606757,14,1,User
606759,69,1,User
606829,41,0,User
606877,16,1,User
606925,62,0,User
606954,53,0,User
606981,81,1,User
606851,71,0,User
607067,41,0,User
607096,74,1,User
607141,83,0,User
607164,12,1,User
607353,55,1,User
607272,79,1,User
607259,71,1,User
607350,84,0,User
607517,12,1,User
607373,81,0,User
607440,69,1,User
607669,69,1,User
607711,74,0,User
607665,64,1,User
607757,14,0,User
607802,12,0,User
607780,12,1,User
607783,19,0,User
607893,34,1,User
607996,26,0,User
608002,66,1,User
608041,12,1,User
607856,31,0,User
608091,12,1,User
608194,50,1,User
608166,52,0,User
608037,55,1,User
608251,69,0,User
608267,72,0,User
608229,12,1,User
608211,21,1,User
608258,67,1,User
608302,31,1,User
608345,67,1,User
608435,14,0,User
608415,66,1,User
608455,50,1,User
608496,21,1,User
608553,14,1,User
608643,14,0,User
608554,26,1,User
608709,12,1,User
608753,55,1,User
608743,74,1,User
608693,71,1,User
608756,12,0,User
608759,50,0,User
608823,12,1,User
608698,66,0,User
608828,69,0,User
608818,19,1,User
608914,50,1,User
608942,69,1,User
608727,66,1,User
608870,67,0,User
608994,66,1,User
609033,71,1,User
608849,69,0,User
608953,66,0,User
608959,66,1,User
609094,76,0,User
609139,62,0,User
609200,12,1,User
609245,22,1,User
609451,74,1,User
609426,55,1,User
609454,14,0,User
609360,64,0,User
609605,17,1,User
609489,45,1,User
609709,74,0,User
609585,38,0,User
609753,64,0,User
609689,62,0,User
609826,26,0,User
609962,16,0,User
609995,12,0,User
609975,36,1,User
610068,33,0,User
610046,59,1,User
610115,31,0,User
610049,69,0,User
610187,55,0,User
610107,12,1,User
610123,53,0,User
610135,60,1,User
610183,64,0,User
610209,53,0,User
610196,72,0,User
610266,36,0,User
610255,66,1,User
610418,26,1,User
610501,67,1,User
610488,21,0,User
610534,64,1,User
610561,36,0,User
610451,72,1,User
610439,72,0,User
610572,33,1,User
610646,12,0,User
610485,38,0,User
610685,45,1,User
610746,33,0,User
610717,53,0,User
610787,14,0,User
610750,47,1,User
610721,47,1,User
610620,69,1,User
610634,53,0,User
610807,67,1,User
610797,12,1,User
610690,69,0,User
610897,12,1,User
610857,12,1,User
610939,50,1,User
610943,57,1,User
610953,14,1,User
611012,33,1,User
611026,71,1,User
611018,62,0,User
611116,84,0,User
611001,12,1,User
611075,64,1,User
610973,12,1,User
610975,50,0,User
611095,59,0,User
611161,64,1,User
611163,64,1,User
611033,71,0,User
611143,71,0,User
611062,71,1,User
611186,12,0,User
611037,22,1,User
611266,40,1,User
611127,12,0,User
611333,53,0,User
611362,12,1,User
611256,19,1,User
611257,60,1,User
611392,40,1,User
611476,12,0,User
611351,53,0,User
611536,12,1,User
611566,64,0,User
611496,71,0,User
611733,12,0,User
611693,12,0,User
611666,59,1,User
611764,62,1,User
611715,71,0,User
611894,14,1,User
612007,16,0,User
611983,12,1,User
611969,67,1,User
611952,62,1,User
611921,12,1,User
612103,12,1,User
612128,34,1,User
612156,34,0,User
612257,55,1,User
612229,12,1,User
612174,12,1,User
612222,31,0,User
612393,21,0,User
612382,57,1,User
612401,64,1,User
612425,79,1,User
612470,64,1,User
612297,72,0,User
612413,40,0,User
612511,14,1,User
612299,52,0,User
612587,52,1,User
612602,71,1,User
612619,38,1,User
612604,28,0,User
612533,66,0,User
612638,12,0,User
612628,47,1,User
612614,12,1,User
612728,12,1,User
612650,71,1,User
612703,55,0,User
612905,12,1,User
612909,12,1,User
612852,12,0,User
613037,78,1,User
612995,12,1,User
613043,12,1,User
613004,43,0,User
613080,48,1,User
613221,71,1,User
613106,12,0,User
613251,12,0,User
613339,52,1,User
613462,66,1,User
613492,52,1,User
613509,36,0,User
613424,34,0,User
613621,66,1,User
613713,71,0,User
613726,12,0,User
613671,12,0,User
613672,64,0,User
613646,48,1,User
613840,12,0,User
613869,67,1,User
613852,22,0,User
613996,69,0,User
613860,12,0,User
614018,41,1,User
614042,29,1,User
614076,12,1,User
613900,45,0,User
613905,50,0,User
614163,55,0,User
614214,83,0,User
614142,26,0,User
614357,66,1,User
614405,33,0,User
614465,86,0,User
614259,71,0,User
614566,12,1,User
614538,71,0,User
614510,45,1,User
614673,69,0,User
614694,72,0,User
614735,28,0,User
614547,43,1,User
614781,50,0,User
614836,59,0,User
614799,43,1,User
614931,40,0,User
614814,12,0,User
614972,60,1,User
614991,55,1,User
615200,48,0,User
615125,12,1,User
615059,64,1,User
615086,78,1,User
615259,16,1,User
615346,69,0,User
615321,12,0,User
615267,59,1,User
615338,12,1,User
615312,74,1,User
615344,12,0,User
615468,55,1,User
615373,64,0,User
615511,55,0,User
615516,14,1,User
615571,53,1,User
615532,84,1,User
615501,47,1,User
615489,12,1,User
615522,12,0,User
615431,59,0,User
615435,47,0,User
615405,41,1,User
615722,52,1,User
615680,21,0,User
615627,28,0,User
615685,14,1,User
615686,67,1,User
615703,67,1,User
615719,38,1,User
615823,74,1,User
615933,12,0,User
615880,55,1,User
616082,71,1,User
616085,57,1,User
616079,71,1,User
616044,45,1,User
616048,12,0,User
616261,64,1,User
616265,76,1,User
616344,12,0,User
616152,60,0,User
616427,12,1,User
616302,12,1,User
616432,28,1,User
616393,12,1,User
616471,62,1,User
616378,64,1,User
616564,12,1,User
616578,52,0,User
616523,29,1,User
616684,59,0,User
616700,48,0,User
616701,59,0,User
616703,74,1,User
616617,69,1,User
616812,12,1,User
616755,28,1,User
616924,33,1,User
616889,90,0,User
616930,12,1,User
617015,12,1,User
617192,60,1,User
617010,14,0,User
617115,33,1,User
617239,12,0,User
617343,57,0,User
617287,50,1,User
617372,28,1,User
617174,62,0,User
617226,64,0,User
617447,60,1,User
617615,67,1,User
617643,64,1,User
617531,62,1,User
617516,55,0,User
617657,12,1,User
617622,71,0,User
617659,31,1,User
617609,12,1,User
617705,64,1,User
617679,41,0,User
617762,41,0,User
617721,66,1,User
617654,12,0,User
617574,12,0,User
617667,52,0,User
617793,67,1,User
617699,12,1,User
617825,55,1,User
617845,14,0,User
617753,43,1,User
617884,62,1,User
617892,52,1,User
617937,79,1,User
617923,57,0,User
618032,47,0,User
617962,17,1,User
617904,71,1,User
618040,12,1,User
618183,43,0,User
618184,33,1,User
618189,19,0,User
618260,17,0,User
618266,74,0,User
618224,14,1,User
617998,67,0,User
618175,36,1,User
618410,12,0,User
618177,79,0,User
618481,72,0,User
618362,55,0,User
618363,52,1,User
618632,12,1,User
618374,36,1,User
618527,60,1,User
618635,12,1,User
618465,12,0,User
618811,69,0,User
618759,31,1,User
618802,67,1,User
618790,33,1,User
618841,55,0,User
618861,12,0,User
618893,12,1,User
618845,74,1,User
618921,64,1,User
618962,53,1,User
619036,72,0,User
619094,12,1,User
619039,12,1,User
619209,71,1,User
619218,76,1,User
619050,53,1,User
619255,55,1,User
619224,79,1,User
619144,69,1,User
619366,22,1,User
619357,55,0,User
619384,57,1,User
619574,47,1,User
619651,62,1,User
619620,64,0,User
619657,60,1,User
619695,66,0,User
619751,12,1,User
619864,62,0,User
619852,55,0,User
619926,12,0,User
620001,48,0,User
620059,12,1,User
620074,53,0,User
620132,16,0,User
620066,74,0,User
620052,67,1,User
620127,69,1,User
620110,22,1,User
620140,62,1,User
620143,64,1,User
620202,53,0,User
620302,79,0,User
620290,12,1,User
620324,12,0,User
620404,62,0,User
620338,45,1,User
620423,43,0,User
620506,60,0,User
620493,55,0,User
620413,90,1,User
620474,31,1,User
620631,71,1,User
620592,86,1,User
620635,66,0,User
620810,71,1,User
620740,59,1,User
620741,12,1,User
620688,55,1,User
620803,12,1,User
620872,12,1,User
620915,66,0,User
620971,53,1,User
621046,34,0,User
621036,62,0,User
621138,24,1,User
621059,60,1,User
621151,12,0,User
621060,62,0,User
621145,26,0,User
621155,53,0,User
621147,24,0,User
621218,48,0,User
621372,60,0,User
621488,24,1,User
621322,19,1,User
621640,21,1,User
621712,50,1,User
621686,12,1,User
621742,74,1,User
621826,12,0,User
621585,86,1,User
621962,57,1,User
621948,12,1,User
621865,60,0,User
621910,79,0,User
621973,57,0,User
622045,22,0,User
622088,29,0,User
622177,12,0,User
622153,43,0,User
622384,66,1,User
622244,12,1,User
622185,71,0,User
622502,60,0,User
622489,12,0,User
622491,19,0,User
622448,66,0,User
622495,59,1,User
622455,86,0,User
622635,38,0,User
622716,45,0,User
622817,24,0,User
622615,12,0,User
622851,69,1,User
622908,69,0,User
622754,12,1,User
623057,12,1,User
622980,12,1,User
623133,64,0,User
623104,67,0,User
623191,26,1,User
623282,12,1,User
623114,71,0,User
623342,12,1,User
623416,52,0,User
623212,79,1,User
623190,69,1,User
623293,33,1,User
623220,79,1,User
623410,24,1,User
623525,14,1,User
623497,62,0,User
623566,33,1,User
623458,16,0,User
623474,12,0,User
623351,66,1,User
623658,55,1,User
623560,16,1,User
623564,50,1,User
623646,66,1,User
623702,74,0,User
623749,12,0,User
623679,45,1,User
623590,67,1,User
623829,52,0,User
623881,12,1,User
623886,14,0,User
623926,74,1,User
623877,76,0,User
623986,12,1,User
623965,12,1,User
623804,64,0,User
624039,14,1,User
624094,52,0,User
624045,66,1,User
624311,48,0,User
624391,16,1,User
624364,64,1,User
624424,59,1,User
624412,53,0,User
624442,57,1,User
624456,55,0,User
624489,78,0,User
624544,67,1,User
624571,62,0,User
624515,66,1,User
624464,29,0,User
624495,45,0,User
624619,14,1,User
624537,43,0,User
624583,12,1,User
624752,21,1,User
624659,72,1,User
624783,57,1,User
624786,48,0,User
624776,12,0,User
624886,57,1,User
624877,67,0,User
624855,12,0,User
625039,76,1,User
625020,12,1,User
625168,12,1,User
625132,12,0,User
625301,53,0,User
625256,17,1,User
625241,14,1,User
625230,12,1,User
625344,69,0,User
625345,71,0,User
625329,64,0,User
625284,57,0,User
625436,12,0,User
625516,52,0,User
625469,55,0,User
625510,12,1,User
625582,40,0,User
625684,12,0,User
625772,12,0,User
625819,22,1,User
625809,83,1,User
625691,64,1,User
625680,71,1,User
625907,31,1,User
625764,12,1,User
625736,60,1,User
625792,45,1,User
625980,66,1,User
626131,12,1,User
626132,69,0,User
626221,59,0,User
626223,55,0,User
625947,14,1,User
626272,12,0,User
626229,33,1,User
626311,62,1,User
626274,72,0,User
626275,66,1,User
626277,36,0,User
626374,55,1,User
626258,12,1,User
626250,67,1,User
626294,67,1,User
626496,12,0,User
626516,67,0,User
626546,74,0,User
626488,67,1,User
626653,59,0,User
626459,14,1,User
626654,72,0,User
626719,34,1,User
626624,16,0,User
626810,50,1,User
626817,14,1,User
626770,76,0,User
626888,67,1,User
626859,12,1,User
626944,48,0,User
626893,66,0,User
626932,60,1,User
626895,33,1,User
626981,71,1,User
627007,16,0,User
626936,62,0,User
626903,71,1,User
626875,60,0,User
627124,52,1,User
627126,66,1,User
627024,16,1,User
627175,12,0,User
627236,53,1,User
627271,71,0,User
627120,64,0,User
627262,69,1,User
627318,71,0,User
627264,16,0,User
627396,69,1,User
627384,60,1,User
627508,19,1,User
627681,72,1,User
627539,12,1,User
627715,84,0,User
627702,76,0,User
627937,12,1,User
628024,78,0,User
628001,31,1,User
628056,64,1,User
628142,17,0,User
628171,12,0,User
628159,47,1,User
628238,12,0,User
628072,66,0,User
628242,62,0,User
628230,14,0,User
628318,59,1,User
628405,67,0,User
628436,48,0,User
628546,66,0,User
628440,40,0,User
628523,12,0,User
628583,12,1,User
628597,50,1,User
628681,60,0,User
628756,69,1,User
628716,14,1,User
628821,69,0,User
628793,12,0,User
628901,21,0,User
628941,78,1,User
628873,12,1,User
628999,66,0,User
629044,57,1,User
628953,12,1,User
628905,12,1,User
629090,66,0,User
629166,38,1,User
629184,12,0,User
629243,64,1,User
629065,17,1,User
629259,16,0,User
629311,40,0,User
629207,62,1,User
629210,52,1,User
629337,12,1,User
629338,12,1,User
629432,76,1,User
629380,67,0,User
629540,12,0,User
629498,69,1,User
629409,71,0,User
629568,81,1,User
629455,66,0,User
629484,69,0,User
629600,17,0,User
629665,60,0,User
629621,64,0,User
629609,55,1,User
629562,29,1,User
629706,16,0,User
629756,66,1,User
629828,12,1,User
629870,67,1,User
629942,71,0,User
629848,12,0,User
629992,12,0,User
630020,38,0,User
629860,62,0,User
629887,59,0,User
629864,60,1,User
630084,60,1,User
630115,57,0,User
630072,12,0,User
630169,64,0,User
630147,60,1,User
630303,19,1,User
630309,12,1,User
630150,14,0,User
630392,36,0,User
630340,60,1,User
630454,64,0,User
630364,53,1,User
630473,60,1,User
630519,57,1,User
630367,48,0,User
630573,12,1,User
630404,57,0,User
630554,12,0,User
630661,16,1,User
630373,79,0,User
630647,66,0,User
630582,60,1,User
630613,24,0,User
630658,21,0,User
630755,41,1,User
630813,50,0,User
630903,26,0,User
630893,72,1,User
631023,14,1,User
630780,69,0,User
630864,66,1,User
631032,34,0,User
631045,55,1,User
631049,41,1,User
630942,67,0,User
631102,64,1,User
631203,31,0,User
631120,67,1,User
631121,14,0,User
631105,45,1,User
631263,67,0,User
631297,64,1,User
631298,53,1,User
631361,64,1,User
631426,24,1,User
631472,21,1,User
631287,34,0,User
631504,43,0,User
631412,41,0,User
631413,12,1,User
631419,66,1,User
631595,76,1,User
631580,55,1,User
631453,76,0,User
631455,40,1,User
631711,22,1,User
631661,19,1,User
631727,12,1,User
631695,71,1,User
631672,71,0,User
631833,67,1,User
631808,64,0,User
631617,55,1,User
631827,43,1,User
631862,64,1,User
631961,38,1,User
631984,53,1,User
632120,83,1,User
632165,14,1,User
632077,60,0,User
632227,57,0,User
632051,43,1,User
632121,19,1,User
632297,67,1,User
632085,12,1,User
632034,55,0,User
632320,12,1,User
632359,67,0,User
632247,62,0,User
632421,47,1,User
632442,72,0,User
632460,34,1,User
632490,55,1,User
632577,12,0,User
632616,17,1,User
632641,14,0,User
632545,17,0,User
632673,12,0,User
632649,16,0,User
632703,67,0,User
632653,16,1,User
632404,52,1,User
632579,33,1,User
632669,62,0,User
632751,14,0,User
632822,62,1,User
632841,50,0,User
632745,12,0,User
632847,12,1,User
632869,48,1,User
632915,84,0,User
632862,74,0,User
632916,57,0,User
632962,17,0,User
632990,62,1,User
633018,33,1,User
633051,72,0,User
633122,19,1,User
633152,29,0,User
633146,14,1,User
633023,69,0,User
633198,62,1,User
633393,12,0,User
633210,12,0,User
633307,60,0,User
633399,69,0,User
633572,34,0,User
633544,29,0,User
633597,34,0,User
633492,59,1,User
633698,69,1,User
633767,14,0,User
633605,12,0,User
633760,45,1,User
633818,60,0,User
633611,16,0,User
633612,12,0,User
633859,71,0,User
633820,64,1,User
633821,52,0,User
633901,69,0,User
633916,12,1,User
633741,62,1,User
633878,12,0,User
634000,67,0,User
634156,40,0,User
634060,14,1,User
634193,66,0,User
634221,48,0,User
634134,12,1,User
634244,81,0,User
634225,12,1,User
634139,62,1,User
634384,66,1,User
634338,71,1,User
634431,12,1,User
634423,62,0,User
634531,12,1,User
634551,48,0,User
634510,60,0,User
634497,21,0,User
634377,69,1,User
634653,50,1,User
634629,76,1,User
634543,33,1,User
634573,48,0,User
634745,57,0,User
634771,66,1,User
634779,74,0,User
634754,50,0,User
634848,57,1,User
634893,55,0,User
634863,12,1,User
634812,43,0,User
634815,67,1,User
634997,69,1,User
634999,12,0,User
634824,12,0,User
635007,74,1,User
634979,50,0,User
635208,71,0,User
635178,12,1,User
635255,57,0,User
635174,62,1,User
635154,53,1,User
635389,60,0,User
635431,12,1,User
635320,67,0,User
635321,14,1,User
635466,34,1,User
635522,12,1,User
635554,48,0,User
635415,59,1,User
635572,71,0,User
635517,67,0,User
635574,76,0,User
635564,12,1,User
635631,52,1,User
635731,47,1,User
635579,41,1,User
635821,12,1,User
635809,12,1,User
635836,52,1,User
635651,12,1,User
635827,76,1,User
635871,12,1,User
635795,66,1,User
635939,16,1,User
635975,14,1,User
635977,26,0,User
635995,55,1,User
636096,12,1,User
636167,31,0,User
636128,38,1,User
636226,81,0,User
636332,59,1,User
636265,12,1,User
636240,60,1,User
636451,66,1,User
636429,66,1,User
636349,66,0,User
636352,69,0,User
636298,57,1,User
636356,71,1,User
636527,72,1,User
636557,12,0,User
636358,12,1,User
636627,72,1,User
636714,60,1,User
636685,12,0,User
636801,67,1,User
636931,31,1,User
636854,71,1,User
636821,28,1,User
636950,12,0,User
637022,12,0,User
636915,12,0,User
636969,12,0,User
637000,69,0,User
637105,12,1,User
637176,62,0,User
637122,34,0,User
637199,12,0,User
637265,62,0,User
637080,59,0,User
637282,71,1,User
637386,62,1,User
637416,12,1,User
637465,14,1,User
637452,74,1,User
637499,36,1,User
637404,26,0,User
637561,71,1,User
637581,67,1,User
637583,12,1,User
637673,78,1,User
637679,12,0,User
637862,52,1,User
637686,53,0,User
637694,67,0,User
637877,40,0,User
637871,69,1,User
637967,60,0,User
637950,31,1,User
638120,12,0,User
638083,76,1,User
638162,21,0,User
638208,31,0,User
638052,71,1,User
637980,69,0,User
638266,69,0,User
638189,45,1,User
638113,26,1,User
638333,12,0,User
638372,21,1,User
638349,12,0,User
638431,28,1,User
638407,67,0,User
638378,78,1,User
638584,62,0,User
638382,12,1,User
638512,86,1,User
638530,48,1,User
638598,12,1,User
638687,55,1,User
638593,67,1,User
638756,71,0,User
638815,17,1,User
638652,66,1,User
638773,19,1,User
638925,59,1,User
639003,53,1,User
639039,12,1,User
639081,72,0,User
639121,66,1,User
639012,53,1,User
639134,45,0,User
639363,12,1,User
639377,71,0,User
639367,34,0,User
639368,12,0,User
639189,12,0,User
639471,60,0,User
639314,57,1,User
639495,59,1,User
639640,57,1,User
639658,12,0,User
639671,40,0,User
639769,14,1,User
639770,57,1,User
639841,45,0,User
639816,12,0,User
639759,14,0,User
639746,69,1,User
639780,22,1,User
639933,21,0,User
639966,66,0,User
640023,64,0,User
639956,17,0,User
639982,28,1,User
640026,76,0,User
639882,67,0,User
640129,12,0,User
640048,12,0,User
640176,83,1,User
640248,55,1,User
640291,64,1,User
640264,24,1,User
640295,29,1,User
640296,57,0,User
640281,67,1,User
640227,16,1,User
640228,83,1,User
640257,12,1,User
640050,14,0,User
640330,47,1,User
640380,12,1,User
640489,64,1,User
640531,78,0,User
640532,12,0,User
640482,64,0,User
640537,72,1,User
640579,14,0,User
640568,12,0,User
640622,67,1,User
640669,71,1,User
640661,12,0,User
640790,62,0,User
640797,40,0,User
640910,34,1,User
640865,12,0,User
641027,21,0,User
641017,69,1,User
640962,74,0,User
641074,28,0,User
641133,12,1,User
640842,12,1,User
641138,69,0,User
641153,24,1,User
641157,12,0,User
641221,36,0,User
641185,24,1,User
641267,71,0,User
641212,62,1,User
641214,12,0,User
641276,47,1,User
641374,33,1,User
641310,66,0,User
641249,86,0,User
641478,81,1,User
641466,71,1,User
641703,69,0,User
641705,62,1,User
641678,66,0,User
641473,71,1,User
641624,16,1,User
641794,55,1,User
641847,14,1,User
641767,62,1,User
641946,22,0,User
641888,12,1,User
641889,26,1,User
641891,21,1,User
641861,47,1,User
642050,33,1,User
642053,29,0,User
642107,47,1,User
642060,48,1,User
642152,31,1,User
642094,81,0,User
642247,28,1,User
642261,60,1,User
642282,28,1,User
642427,12,1,User
642590,24,1,User
642597,64,1,User
642621,12,0,User
642480,12,0,User
642609,28,0,User
642665,28,0,User
642668,28,0,User
642740,57,0,User
642727,12,1,User
642688,64,1,User
642853,62,1,User
642917,12,1,User
642939,12,0,User
642994,76,0,User
643128,12,1,User
643031,72,0,User
643175,47,1,User
643075,64,1,User
643292,60,0,User
643118,17,0,User
643370,12,1,User
643125,28,0,User
643287,57,0,User
643415,12,1,User
643274,71,1,User
643473,78,1,User
643477,76,0,User
643506,12,1,User
643300,86,0,User
643512,64,1,User
643515,74,1,User
643390,59,1,User
643499,36,0,User
643438,19,1,User
643647,55,0,User
643767,36,0,User
643891,52,1,User
643725,57,0,User
643922,52,1,User
643708,47,1,User
643985,12,0,User
643808,69,0,User
644017,69,0,User
644119,12,1,User
644163,69,0,User
643844,12,0,User
643994,45,1,User
644066,40,1,User
644170,79,0,User
644085,12,0,User
644239,16,0,User
644187,71,0,User
644343,62,0,User
644359,12,1,User
644362,12,1,User
644337,33,1,User
644354,29,1,User
644393,74,0,User
644325,24,0,User
644510,19,0,User
644545,40,0,User
644606,62,1,User
644549,55,0,User
644621,79,1,User
644610,12,0,User
644793,41,0,User
644699,41,0,User
644878,12,1,User
644832,50,1,User
644972,60,0,User
644901,12,0,User
644848,64,1,User
644969,16,0,User
644946,81,0,User
644893,12,0,User
645154,43,1,User
645185,53,1,User
645258,14,0,User
645134,62,1,User
645278,69,1,User
645466,57,0,User
645399,12,0,User
645483,12,0,User
645448,16,1,User
645514,64,1,User
645419,60,0,User
645533,26,0,User
645487,67,1,User
645583,31,1,User
645691,66,1,User
645709,43,0,User
645618,16,0,User
645890,59,1,User
645904,26,1,User
645948,52,1,User
645878,60,0,User
645854,36,0,User
645992,67,0,User
646017,74,1,User
646105,34,0,User
646122,31,0,User
646058,71,0,User
646232,66,1,User
646261,88,1,User
646165,12,1,User
646260,12,1,User
646311,64,1,User
646347,62,0,User
646244,76,1,User
646359,12,1,User
646272,21,0,User
646473,66,1,User
646437,60,0,User
646577,19,0,User
646440,55,1,User
646567,12,1,User
646511,22,0,User
646587,28,0,User
646696,78,0,User
646627,66,1,User
646615,60,0,User
646702,69,0,User
646716,55,0,User
646659,71,0,User
646834,81,0,User
646822,50,1,User
646892,48,1,User
646749,17,0,User
647015,16,0,User
647034,12,1,User
646888,57,0,User
646860,36,1,User
647080,31,0,User
647218,64,0,User
647303,78,0,User
647309,36,0,User
647446,12,0,User
647382,59,1,User
647471,74,1,User
647427,71,0,User
647583,55,1,User
647520,79,0,User
647550,43,1,User
647647,59,1,User
647756,55,0,User
647821,67,1,User
647853,12,1,User
647899,12,1,User
647962,21,1,User
647901,90,1,User
648109,12,0,User
647996,28,1,User
648216,64,0,User
648218,55,1,User
648162,12,1,User
648236,22,1,User
648255,53,0,User
648207,12,1,User
648363,78,0,User
648333,69,1,User
648408,71,1,User
648343,14,0,User
648518,21,1,User
648522,38,1,User
648524,71,0,User
648583,12,1,User
648630,14,1,User
648405,47,1,User
648449,60,1,User
648759,69,0,User
648729,41,1,User
648923,71,1,User
648893,64,0,User
648935,36,1,User
648907,12,1,User
648908,22,1,User
648993,16,0,User
649002,71,1,User
649070,12,1,User
649191,12,1,User
649224,69,1,User
649252,12,1,User
649283,14,0,User
649371,72,0,User
649361,48,1,User
649287,69,1,User
649437,50,0,User
649550,60,1,User
649542,26,0,User
649349,14,1,User
649655,64,0,User
649454,12,1,User
649671,50,1,User
649731,53,1,User
649633,79,1,User
649766,14,0,User
649779,12,0,User
649793,83,0,User
649888,69,1,User
649987,60,1,User
649842,66,1,User
650091,72,1,User
649944,76,0,User
649919,55,0,User
650009,12,1,User
650038,64,1,User
650135,26,0,User
650273,60,1,User
650223,67,1,User
650387,66,1,User
650428,67,1,User
650415,12,0,User
650589,81,0,User
650618,12,0,User
650643,64,1,User
650733,55,1,User
650728,12,1,User
650763,78,1,User
650778,62,1,User
650836,45,1,User
650810,66,1,User
650803,12,1,User
650994,83,1,User
650952,12,0,User
651048,17,1,User
651155,66,0,User
651181,50,0,User
651182,55,1,User
651115,12,1,User
651230,66,0,User
651275,59,0,User
651276,12,1,User
651330,69,0,User
651428,36,1,User
651236,53,1,User
651359,52,1,User
651646,14,1,User
651576,12,1,User
651419,69,0,User
651567,14,1,User
651500,48,0,User
651630,52,0,User
651606,14,1,User
651644,69,1,User
651607,53,1,User
651778,59,0,User
651872,12,0,User
651806,12,1,User
651903,57,1,User
651977,71,1,User
652011,21,1,User
652066,36,1,User
652082,47,1,User
651954,62,0,User
651900,45,1,User
652059,12,0,User
652116,14,0,User
652308,21,0,User
652139,66,1,User
652211,59,0,User
652179,12,0,User
652356,69,0,User
652427,66,1,User
652422,48,1,User
652464,66,1,User
652532,71,0,User
652577,16,0,User
652528,69,0,User
652555,62,0,User
652683,67,1,User
652556,88,0,User
652632,12,1,User
652711,45,0,User
652498,12,1,User
652697,12,1,User
652648,16,1,User
652757,12,0,User
652831,12,1,User
652832,60,0,User
652835,78,0,User
652721,71,1,User
652800,24,1,User
652970,14,1,User
653013,71,1,User
652984,60,0,User
653035,24,1,User
653146,12,0,User
653066,60,1,User
653111,12,0,User
653242,16,1,User
653112,55,1,User
653178,12,0,User
653262,62,1,User
653420,69,1,User
653410,67,0,User
653293,12,0,User
653488,59,1,User
653428,81,1,User
653337,53,0,User
653545,53,0,User
653415,72,0,User
653397,57,0,User
653384,55,1,User
653573,31,0,User
653564,66,1,User
653475,71,1,User
653517,29,0,User
653519,12,0,User
653595,62,0,User
653706,21,1,User
653726,12,0,User
653813,67,1,User
653972,50,1,User
653967,67,0,User
653892,24,0,User
654006,31,1,User
653910,67,0,User
654095,67,1,User
653923,29,1,User
654115,67,0,User
654236,19,0,User
654512,69,0,User
654529,48,0,User
654510,45,1,User
654418,17,1,User
654601,22,0,User
654446,40,1,User
654521,52,1,User
654450,14,1,User
654660,66,0,User
654767,12,1,User
654696,53,1,User
654808,14,1,User
654858,12,0,User
654793,12,1,User
654794,12,1,User
654916,41,1,User
654881,52,0,User
654839,16,0,User
654885,47,0,User
654997,64,1,User
654943,62,0,User
654823,64,1,User
654965,38,1,User
655082,43,1,User
655003,64,1,User
655096,66,0,User
654972,60,0,User
655142,40,0,User
655116,12,0,User
655157,55,1,User
655174,53,1,User
655106,52,1,User
655080,34,0,User
655262,12,1,User
655088,12,0,User
655271,59,1,User
655208,67,1,User
655337,16,0,User
655198,72,1,User
655199,66,0,User
655416,12,1,User
655391,66,0,User
655392,17,0,User
655348,62,1,User
655642,14,1,User
655630,29,1,User
655650,72,1,User
655697,78,0,User
655713,43,1,User
655497,72,1,User
655582,62,1,User
655748,12,1,User
655693,83,1,User
655586,50,1,User
655510,84,0,User
655672,33,1,User
655837,69,1,User
655808,12,0,User
655850,12,1,User
655921,14,1,User
655938,12,1,User
655883,17,1,User
655678,55,1,User
655984,26,1,User
655974,17,0,User
655853,79,0,User
656056,34,1,User
656057,14,0,User
655857,71,0,User
656087,14,0,User
656031,59,1,User
656221,48,1,User
656036,12,0,User
656225,59,1,User
656124,45,1,User
656254,55,0,User
656099,67,0,User
656150,48,0,User
656303,43,0,User
656293,67,0,User
656258,12,1,User
656359,12,0,User
656338,66,1,User
656493,29,1,User
656487,12,1,User
656500,66,0,User
656529,64,0,User
656595,67,1,User
656630,57,0,User
656621,12,0,User
656549,16,1,User
656550,69,0,User
656705,16,1,User
656679,12,0,User
656654,36,1,User
656561,12,1,User
656759,69,0,User
656798,71,1,User
656959,48,1,User
656991,60,0,User
656968,72,1,User
657109,17,0,User
657279,14,1,User
657207,43,0,User
657313,14,0,User
657175,66,0,User
657438,59,1,User
657179,14,0,User
657401,62,1,User
657440,62,0,User
657526,40,0,User
657351,12,0,User
657340,72,0,User
657390,38,0,User
657342,29,1,User
657558,43,0,User
657508,57,0,User
657428,12,1,User
657617,57,0,User
657524,12,0,User
657671,55,1,User
657733,57,1,User
657858,45,1,User
657780,45,0,User
657801,71,1,User
657979,21,0,User
657909,29,0,User
657997,12,1,User
658023,67,1,User
658059,12,0,User
658078,66,1,User
658028,12,1,User
658123,40,1,User
658124,66,0,User
658236,12,0,User
658164,12,1,User
658221,76,1,User
658284,69,1,User
658312,40,1,User
658367,66,0,User
658385,12,0,User
658563,83,0,User
658567,62,1,User
658571,41,0,User
658666,60,0,User
658683,50,1,User
658687,24,0,User
658689,16,1,User
658776,62,1,User
658777,72,1,User
658812,28,0,User
658924,12,1,User
658797,12,0,User
658914,71,0,User
658938,64,0,User
658820,14,1,User
658956,66,0,User
659013,41,1,User
658949,12,0,User
658867,47,1,User
659017,26,1,User
659019,83,0,User
658994,66,0,User
659030,12,1,User
659119,12,1,User
659081,67,0,User
659051,66,0,User
659121,12,1,User
659108,71,0,User
659151,84,0,User
659193,53,0,User
659135,71,1,User
659224,66,0,User
659388,71,0,User
659348,31,0,User
659211,19,1,User
659313,36,1,User
659376,64,1,User
659437,12,0,User
659419,12,0,User
659395,14,1,User
659489,66,1,User
659384,12,0,User
659596,71,0,User
659590,12,0,User
659687,12,0,User
659731,12,0,User
659763,48,1,User
659578,69,1,User
659781,12,0,User
659782,14,0,User
659819,43,0,User
659754,14,1,User
659933,64,1,User
659758,41,0,User
659921,64,1,User
660163,71,1,User
660227,59,1,User
660331,24,0,User
660223,52,0,User
660437,12,1,User
660358,62,1,User
660325,53,1,User
660481,64,1,User
660482,38,1,User
660530,12,0,User
660571,45,1,User
660604,66,0,User
660619,50,1,User
660613,12,1,User
660519,26,0,User
660614,67,1,User
660723,67,1,User
660755,45,1,User
660762,67,1,User
660775,17,0,User
660764,12,0,User
660682,67,1,User
660673,71,0,User
660701,12,0,User
660702,66,1,User
660947,71,1,User
660982,38,1,User
660838,60,1,User
661016,52,1,User
660897,69,1,User
661022,14,1,User
660999,12,1,User
661036,69,0,User
660909,12,1,User
661084,74,1,User
661126,64,1,User
660852,17,0,User
660853,88,1,User
661132,34,1,User
661205,72,0,User
661220,40,1,User
661238,52,1,User
661107,38,0,User
661340,12,1,User
661284,12,0,User
661351,72,1,User
661367,59,1,User
661358,71,1,User
661441,69,1,User
661397,14,1,User
661147,64,0,User
661375,12,1,User
661449,91,0,User
661407,69,1,User
661517,12,1,User
661533,41,0,User
661577,40,0,User
661540,64,0,User
661592,12,1,User
661596,72,1,User
661655,17,1,User
661662,12,1,User
661707,81,1,User
661710,71,0,User
661769,66,1,User
661821,48,0,User
661939,59,1,User
661954,48,1,User
661913,71,1,User
661873,12,0,User
661915,12,1,User
661989,12,1,User
661992,12,0,User
662101,12,0,User
661965,69,1,User
662149,72,0,User
662125,38,1,User
662211,36,1,User
662099,57,0,User
662230,71,1,User
662283,12,1,User
662204,36,1,User
662144,59,1,User
662333,55,1,User
662258,21,1,User
662379,45,1,User
662506,12,1,User
662395,33,0,User
662397,69,0,User
662613,17,0,User
662323,83,0,User
662325,41,1,User
662629,66,1,User
662707,50,1,User
662777,12,1,User
662736,60,0,User
662800,72,0,User
662905,12,0,User
662991,12,1,User
662922,66,0,User
663038,19,1,User
662968,22,0,User
662818,43,1,User
662924,76,1,User
662865,62,0,User
663080,12,0,User
663083,12,0,User
663112,60,1,User
663129,12,1,User
663101,57,1,User
663087,12,0,User
663238,31,1,User
663283,66,1,User
663208,64,0,User
663406,21,0,User
663300,69,1,User
663482,66,1,User
663322,62,0,User
663512,34,0,User
663474,50,1,User
663550,62,1,User
663435,67,1,User
663691,47,1,User
663636,59,0,User
663681,74,1,User
663686,16,1,User
663773,36,0,User
663713,72,0,User
663775,12,1,User
663776,64,0,User
663860,45,1,User
663963,12,1,User
663937,71,1,User
663864,45,1,User
663763,53,0,User
663869,53,1,User
664008,34,0,User
664014,64,1,User
663915,59,1,User
663970,64,1,User
664020,36,1,User
663996,60,0,User
663988,64,0,User
663999,50,0,User
664050,24,0,User
664170,69,1,User
664273,67,1,User
664286,59,0,User
664428,59,1,User
664474,84,1,User
664565,26,0,User
664593,43,0,User
664621,41,0,User
664598,16,0,User
664581,17,0,User
664583,57,1,User
664804,59,1,User
664791,48,0,User
664792,12,1,User
664878,50,0,User
664850,12,0,User
664838,66,1,User
664908,62,1,User
664895,83,0,User
664885,60,0,User
664900,24,0,User
664904,66,0,User
664969,12,0,User
664905,59,1,User
664830,67,1,User
665089,48,0,User
665119,34,1,User
664984,60,0,User
665243,57,0,User
665271,71,0,User
665232,50,0,User
665272,41,1,User
665402,12,1,User
665362,53,1,User
665217,34,0,User
665479,48,1,User
665396,33,0,User
665397,57,0,User
665581,72,1,User
665511,69,1,User
665612,33,0,User
665599,16,0,User
665542,45,1,User
665604,57,1,User
665531,53,0,User
665681,66,1,User
665751,12,0,User
665458,48,1,User
665622,14,0,User
665699,17,1,User
665753,69,1,User
665815,31,1,User
666009,12,1,User
665992,53,0,User
665955,12,1,User
666044,12,1,User
666013,12,1,User
666014,57,0,User
666059,67,1,User
666288,71,0,User
666307,12,0,User
666208,14,1,User
666452,14,1,User
666466,12,0,User
666412,66,1,User
666457,57,1,User
666438,12,1,User
666478,62,1,User
666516,12,1,User
666582,71,1,User
666532,74,0,User
666445,59,1,User
666699,50,1,User
666449,52,1,User
666725,12,1,User
666738,76,1,User
666742,71,0,User
666843,52,1,User
666684,34,1,User
666858,12,1,User
666848,59,1,User
666873,53,1,User
666890,62,1,User
666916,53,0,User
666642,12,0,User
666883,74,1,User
666900,12,1,User
667032,12,1,User
667054,69,0,User
667126,55,1,User
667050,62,0,User
667128,12,1,User
667090,83,0,User
667270,59,1,User
667254,36,1,User
667213,64,1,User
667124,69,1,User
667350,71,0,User
667275,52,0,User
667458,67,1,User
667389,78,1,User
667449,12,1,User
667224,12,1,User
667651,12,1,User
667731,19,1,User
667757,64,0,User
667745,12,0,User
667747,52,0,User
667690,12,1,User
667868,33,1,User
667859,72,1,User
667996,43,0,User
667873,57,1,User
667784,12,0,User
668043,69,0,User
668102,50,1,User
668068,29,0,User
668207,60,1,User
668126,53,0,User
668242,50,1,User
668080,69,0,User
668113,12,0,User
668285,31,0,User
668323,12,0,User
668330,59,0,User
668567,79,0,User
668382,12,1,User
668427,53,1,User
668806,14,1,User
668838,45,0,User
668795,62,0,User
668892,67,0,User
669001,33,1,User
668993,59,0,User
668982,67,0,User
668933,12,1,User
669011,19,0,User
668963,14,1,User
669112,67,1,User
669122,76,1,User
668939,40,0,User
669052,67,1,User
669057,31,1,User
669288,47,1,User
669316,60,0,User
669135,66,1,User
669188,53,0,User
669326,62,0,User
669466,55,1,User
669456,64,0,User
669497,55,1,User
669499,12,1,User
669370,47,1,User
669337,72,0,User
669487,36,0,User
669342,64,1,User
669543,62,1,User
669537,12,0,User
669718,14,1,User
669776,57,0,User
669894,64,0,User
669851,60,1,User
669630,12,1,User
669972,41,0,User
669928,64,0,User
670023,29,0,User
670126,41,1,User
670062,31,1,User
670063,12,0,User
670064,33,1,User
670138,69,0,User
670237,12,1,User
670213,24,1,User
670117,76,0,User
670356,31,0,User
670258,81,0,User
670426,57,0,User
670447,12,1,User
670532,12,0,User
670551,45,0,User
670395,12,1,User
670743,69,1,User
670705,12,0,User
670744,57,0,User
670708,12,1,User
670660,28,1,User
670778,71,0,User
670856,12,1,User
670895,91,0,User
670957,48,1,User
671002,71,0,User
671206,71,1,User
671198,53,0,User
671201,14,1,User
671184,12,1,User
671220,60,1,User
671261,14,1,User
671375,60,1,User
671317,12,1,User
671318,12,0,User
671276,48,0,User
671280,60,0,User
671340,12,0,User
671644,17,1,User
671544,50,0,User
671716,12,1,User
671746,72,1,User
671734,52,1,User
671677,31,1,User
671705,12,1,User
671709,67,1,User
671685,12,1,User
671883,17,1,User
671913,29,1,User
671914,71,1,User
671772,12,1,User
672061,76,1,User
671950,34,1,User
671955,47,0,User
672142,22,1,User
672167,12,0,User
671979,28,0,User
672197,47,0,User
672347,26,1,User
672163,12,1,User
672422,62,0,User
672438,55,1,User
672428,45,1,User
672467,72,0,User
672399,57,1,User
672468,55,0,User
672193,33,1,User
672324,69,1,User
672530,12,0,User
672576,74,0,User
672461,81,0,User
672480,12,0,User
672608,55,0,User
672580,48,0,User
672547,26,0,User
672723,72,0,User
672629,29,1,User
672740,12,1,User
672788,60,0,User
672689,59,1,User
672795,29,1,User
672821,76,1,User
672864,36,1,User
672806,12,1,User
672936,84,0,User
672956,40,1,User
672984,59,1,User
672895,59,0,User
673083,72,1,User
673015,69,0,User
673180,57,1,User
673155,12,1,User
673214,55,0,User
673223,12,1,User
673264,91,1,User
673227,55,1,User
673168,55,1,User
673194,43,1,User
673287,57,0,User
673288,71,1,User
673480,60,0,User
673527,53,1,User
673618,69,0,User
673619,72,0,User
673773,76,0,User
673775,43,0,User
673605,12,0,User
673724,12,1,User
673707,33,1,User
673847,16,1,User
673737,38,1,User
673888,66,1,User
673913,53,0,User
673972,36,0,User
673845,41,0,User
673854,52,0,User
673902,66,0,User
673988,12,1,User
673904,12,0,User
674061,57,1,User
674062,67,1,User
674131,53,0,User
674147,71,1,User
674122,55,0,User
674010,28,1,User
674168,12,1,User
674036,12,1,User
674251,12,1,User
674226,31,1,User
674303,62,1,User
674306,64,1,User
674345,69,1,User
674235,69,1,User
674440,72,0,User
674355,40,0,User
674411,59,1,User
674493,12,0,User
674365,36,1,User
674456,60,0,User
674514,52,1,User
674556,57,0,User
674382,64,1,User
674497,12,0,User
674611,12,1,User
674616,21,1,User
674546,72,0,User
674640,22,0,User
674595,16,1,User
674733,57,0,User
674604,72,0,User
674770,38,0,User
674796,12,0,User
674838,57,1,User
674852,71,1,User
674857,34,0,User
674848,69,1,User
674878,12,1,User
674880,12,1,User
674987,62,1,User
674910,14,0,User
675051,67,1,User
675111,12,0,User
675114,76,0,User
675132,74,1,User
675169,55,1,User
675081,55,1,User
675156,59,0,User
675251,69,1,User
675393,62,1,User
675410,59,0,User
675411,66,1,User
675452,52,0,User
675453,60,0,User
675498,12,0,User
675603,62,0,User
675631,14,0,User
675583,14,1,User
675596,71,1,User
675533,57,1,User
675644,76,1,User
675724,64,1,User
675687,69,1,User
675624,12,0,User
675714,12,0,User
675770,71,0,User
675548,26,0,User
675865,60,0,User
675759,22,0,User
675981,29,0,User
676097,28,1,User
675942,64,1,User
676172,52,1,User
676189,14,0,User
676233,31,1,User
676184,14,1,User
676276,12,1,User
676253,14,1,User
676136,12,1,User
676270,12,0,User
676326,38,0,User
676330,14,1,User
676363,12,1,User
676457,57,0,User
676431,14,0,User
676304,69,0,User
676461,78,0,User
676512,43,1,User
676513,12,1,User
676629,59,1,User
676643,67,0,User
676543,34,1,User
676476,16,1,User
676616,62,0,User
676674,48,0,User
676761,12,1,User
676586,71,1,User
676831,12,0,User
676808,14,0,User
676790,52,0,User
676776,24,0,User
676708,53,0,User
676777,71,1,User
676945,52,1,User
677030,71,0,User
677024,66,0,User
676957,78,0,User
676958,62,0,User
677038,43,0,User
677113,71,0,User
677080,31,0,User
677190,57,1,User
677068,69,1,User
677155,62,1,User
677218,69,1,User
677331,60,1,User
677380,60,0,User
677446,53,1,User
677308,12,1,User
677485,19,1,User
677627,72,1,User
677467,72,1,User
677468,69,0,User
677526,86,1,User
677421,60,1,User
677612,43,1,User
677671,12,1,User
677673,71,0,User
677639,12,0,User
677797,64,0,User
677904,28,0,User
677989,57,0,User
677978,22,0,User
678003,69,0,User
677910,19,0,User
678035,59,0,User
677998,12,1,User
677846,12,1,User
678029,64,0,User
678015,78,0,User
678277,50,1,User
678296,14,0,User
678406,57,0,User
678356,43,1,User
678433,50,0,User
678590,64,1,User
678738,67,0,User
678610,12,0,User
678797,62,1,User
678630,71,0,User
678798,22,1,User
678667,48,1,User
678757,71,0,User
678743,57,1,User
678701,48,1,User
678823,12,1,User
678920,12,1,User
678863,66,0,User
678994,17,0,User
678997,26,1,User
678836,47,0,User
679056,14,1,User
679044,71,1,User
678928,36,0,User
679076,12,1,User
679098,67,1,User
679159,64,1,User
679101,67,1,User
679297,12,1,User
679200,47,0,User
679367,14,0,User
679384,55,1,User
679415,50,0,User
679442,33,0,User
679319,47,1,User
679448,57,0,User
679345,69,0,User
679460,74,1,User
679461,19,0,User
679547,76,0,User
679562,14,1,User
679421,62,1,User
679582,22,1,User
679626,12,1,User
679727,59,1,User
679560,59,0,User
679722,62,0,User
679776,60,1,User
679748,33,0,User
679879,67,0,User
679891,24,1,User
679866,57,0,User
679898,67,0,User
679955,67,1,User
679905,64,1,User
679812,60,0,User
679991,12,0,User
680101,12,0,User
679791,26,1,User
680132,69,1,User
680201,12,1,User
680218,21,1,User
680310,72,0,User
680476,69,1,User
680493,71,0,User
680451,12,1,User
680472,71,0,User
680510,69,1,User
680555,33,0,User
680590,57,1,User
680561,14,0,User
680639,12,1,User
680668,66,0,User
680653,12,1,User
680703,45,0,User
680679,71,1,User
680681,12,1,User
680724,57,0,User
680961,12,0,User
680936,45,0,User
680999,12,0,User
681064,71,1,User
681070,26,1,User
681136,59,0,User
681137,69,0,User
681140,52,0,User
681015,29,1,User
680924,66,1,User
681229,60,1,User
681179,14,1,User
681287,71,1,User
681301,14,1,User
681377,12,1,User
681222,12,1,User
681324,14,0,User
681204,86,1,User
681497,62,0,User
681387,14,1,User
681505,71,1,User
681538,12,0,User
681564,21,0,User
681610,71,1,User
681736,12,0,User
681574,12,1,User
681518,71,0,User
681629,53,0,User
681521,59,1,User
681595,12,1,User
681523,12,0,User
681857,12,1,User
681818,50,0,User
681829,28,1,User
681875,12,0,User
681887,12,0,User
681801,71,0,User
681889,59,0,User
682018,62,1,User
682087,47,1,User
682218,12,0,User
682005,79,1,User
682107,72,0,User
682362,55,0,User
682281,41,1,User
682282,36,0,User
682472,12,0,User
682259,47,0,User
682547,12,0,User
682593,59,0,User
682437,50,0,User
682599,14,0,User
682653,48,1,User
682711,40,0,User
682758,72,0,User
682739,55,0,User
682704,59,0,User
682630,60,0,User
682816,12,1,User
682862,78,1,User
682793,71,0,User
682864,84,0,User
682901,12,0,User
682811,12,0,User
683011,90,1,User
683004,50,0,User
682995,12,1,User
683121,16,0,User
683099,57,0,User
683153,66,0,User
683241,33,0,User
683139,12,0,User
683264,12,1,User
683317,74,0,User
683279,60,0,User
683280,14,0,User
683479,60,1,User
683586,66,0,User
683548,29,1,User
683430,66,0,User
683619,34,1,User
683667,43,0,User
683708,66,0,User
683750,52,1,User
683737,12,0,User
683851,21,0,User
683871,19,0,User
683883,14,0,User
683926,12,1,User
683786,28,1,User
683915,12,1,User
683886,14,0,User
683787,53,0,User
683789,60,1,User
684023,62,0,User
684152,53,0,User
684155,67,1,User
684082,16,1,User
684200,12,0,User
684235,34,1,User
684275,67,0,User
684206,26,1,User
684222,12,0,User
684406,12,1,User
684408,66,0,User
684353,38,0,User
684250,31,1,User
684255,12,0,User
684420,12,0,User
684375,43,1,User
684427,47,0,User
684550,16,1,User
684540,64,1,User
684616,12,0,User
684676,67,0,User
684823,59,0,User
684702,29,1,User
684907,67,1,User
684919,12,0,User
684932,52,1,User
684923,12,0,User
684978,14,0,User
685051,57,1,User
684951,71,1,User
685068,71,0,User
684953,16,0,User
684945,71,0,User
685060,40,1,User
685141,62,0,User
685129,33,0,User
685103,12,1,User
685166,52,1,User
685299,12,0,User
685459,59,1,User
685429,76,0,User
685430,47,1,User
685372,12,0,User
685448,67,1,User
685508,12,1,User
685621,67,1,User
685653,47,1,User
685515,66,0,User
685668,33,1,User
685683,12,0,User
685543,21,1,User
685571,55,1,User
685645,24,0,User
685705,21,1,User
685765,34,1,User
685793,64,1,User
685913,17,0,User
685882,16,1,User
685860,12,0,User
686012,17,0,User
685955,12,0,User
685959,12,0,User
685972,12,1,User
686104,71,1,User
686075,60,0,User
686222,81,0,User
686170,69,1,User
686258,12,1,User
686200,59,1,User
686278,60,1,User
686354,57,0,User
686433,45,1,User
686339,41,1,User
686249,69,1,User
686476,67,1,User
686423,64,0,User
686536,67,1,User
686471,76,1,User
686415,64,0,User
686542,62,1,User
686480,12,0,User
686484,12,1,User
686656,12,0,User
686672,12,0,User
686791,12,0,User
686726,43,1,User
686942,48,1,User
687017,50,1,User
686893,60,1,User
687048,29,0,User
687064,72,1,User
687033,12,0,User
686924,12,1,User
687083,12,0,User
687126,12,0,User
687049,71,0,User
687152,66,1,User
687096,62,0,User
687131,12,1,User
687184,19,1,User
687288,90,1,User
687318,59,1,User
687393,69,0,User
687455,66,1,User
687329,64,1,User
687575,12,1,User
687619,43,0,User
687591,67,0,User
687535,12,0,User
687504,69,0,User
687463,12,0,User
687609,14,1,User
687507,38,1,User
687692,14,1,User
687856,55,1,User
687747,59,0,User
687788,60,0,User
687946,34,0,User
687979,47,0,User
688037,71,1,User
688025,71,1,User
688028,12,0,User
688033,12,1,User
688163,74,1,User
688313,17,0,User
688226,72,0,User
688381,66,0,User
688417,72,0,User
688283,12,1,User
688459,74,0,User
688550,12,1,User
688579,76,0,User
688640,22,0,User
688495,12,0,User
688654,69,0,User
688644,59,0,User
688626,79,1,User
688513,24,1,User
688703,50,1,User
688818,12,0,User
688766,62,1,User
688795,45,0,User
688822,12,1,User
688828,40,0,User
688723,81,0,User
688938,57,1,User
689042,43,1,User
688945,66,0,User
689161,12,0,User
689119,34,0,User
689163,45,0,User
689122,26,1,User
689035,71,1,User
689139,71,0,User
688976,12,0,User
689099,71,0,User
689216,12,1,User
689274,14,1,User
689186,12,0,User
689371,14,0,User
689219,71,1,User
689289,12,0,User
689366,59,0,User
689405,28,0,User
689325,14,0,User
689436,12,1,User
689429,71,1,User
689294,55,0,User
689489,60,1,User
689497,12,1,User
689791,12,0,User
689792,43,0,User
689770,64,0,User
689787,12,0,User
689876,50,0,User
689944,71,1,User
690001,12,0,User
689893,12,1,User
690019,69,0,User
689954,72,1,User
690069,64,1,User
690154,14,0,User
690097,53,0,User
690182,12,1,User
690037,67,1,User
690316,71,1,User
690173,64,1,User
690346,53,1,User
690263,38,1,User
690276,88,1,User
690280,19,1,User
690384,60,1,User
690283,52,0,User
690299,57,1,User
690481,50,0,User
690486,59,1,User
690341,34,1,User
690530,50,0,User
690650,64,0,User
690613,53,0,User
690784,71,1,User
690711,14,1,User
690540,36,1,User
690841,17,1,User
690808,12,0,User
690888,52,1,User
690894,12,0,User
690713,69,1,User
690715,22,0,User
690993,16,0,User
690937,62,0,User
690945,59,0,User
691005,34,1,User
691162,17,0,User
691110,12,0,User
691152,12,1,User
691224,40,1,User
691297,53,1,User
691336,55,0,User
691314,41,1,User
691327,71,0,User
691429,12,0,User
691486,12,1,User
691375,12,0,User
691376,33,0,User
691418,71,0,User
691344,64,1,User
691437,74,1,User
691502,12,0,User
691520,12,0,User
691347,16,0,User
691609,50,0,User
691631,12,0,User
691768,38,1,User
691770,57,1,User
691691,67,1,User
691730,59,0,User
691893,62,0,User
691753,16,1,User
691936,72,1,User
691966,90,0,User
691968,12,1,User
692046,60,1,User
692006,12,1,User
692024,14,1,User
692062,64,1,User
692173,12,1,User
692236,76,1,User
692311,64,0,User
692327,26,0,User
692315,12,0,User
692358,48,0,User
692393,66,0,User
692452,59,1,User
692186,12,0,User
692430,43,0,User
692555,33,1,User
692528,67,1,User
692439,69,0,User
692441,71,1,User
692540,59,1,User
692543,60,0,User
692515,71,1,User
692609,66,0,User
692587,60,0,User
692731,12,0,User
692591,76,0,User
692632,12,0,User
692766,52,1,User
692813,12,0,User
692837,66,1,User
692867,40,1,User
692715,12,1,User
692636,71,1,User
692845,16,0,User
692920,66,1,User
692921,12,0,User
692980,43,1,User
692993,69,0,User
693073,12,1,User
693198,84,1,User
693317,12,1,User
693203,45,0,User
693264,12,1,User
693412,71,0,User
693283,26,1,User
693356,12,0,User
693456,55,1,User
693562,12,1,User
693489,57,1,User
693357,12,0,User
693471,36,1,User
693608,71,1,User
693593,67,1,User
693782,16,1,User
693675,12,1,User
693812,14,1,User
693717,83,1,User
693802,71,1,User
693804,24,1,User
693834,47,1,User
693872,12,0,User
693835,55,1,User
693858,12,0,User
693747,78,1,User
693750,67,1,User
693937,64,1,User
693877,24,0,User
693881,57,0,User
694156,60,0,User
694158,59,1,User
694114,41,0,User
694009,71,0,User
694162,59,1,User
694014,12,0,User
694044,12,1,User
694165,24,0,User
694203,67,1,User
694206,71,1,User
694153,12,0,User
694323,12,0,User
694397,36,1,User
694342,40,0,User
694331,69,1,User
694388,12,1,User
694433,14,0,User
694437,60,0,User
694461,69,1,User
694571,62,0,User
694614,57,0,User
694482,66,0,User
694630,69,1,User
694542,50,0,User
694735,41,0,User
694845,72,0,User
694913,66,0,User
694943,16,0,User
694979,36,0,User
695028,59,1,User
695116,67,1,User
695147,28,1,User
694918,12,1,User
695222,71,1,User
695267,12,1,User
695227,57,1,User
695231,81,0,User
695338,57,1,User
695301,69,0,User
695366,12,1,User
695510,16,1,User
695522,71,0,User
695474,66,0,User
695672,57,0,User
695429,12,0,User
695539,72,1,User
695761,12,0,User
695678,41,1,User
695882,83,1,User
695668,52,1,User
695885,67,1,User
695670,60,0,User
695696,12,0,User
695813,62,0,User
695994,71,0,User
695925,50,0,User
695961,12,1,User
696180,19,0,User
696162,22,0,User
696289,64,1,User
696235,76,1,User
696263,40,1,User
696352,62,1,User
696291,41,0,User
696358,48,1,User
696253,12,1,User
696367,90,0,User
696502,12,1,User
696390,71,0,User
696537,64,1,User
696691,33,1,User
696728,59,1,User
696609,57,1,User
696738,71,1,User
696796,59,1,User
696827,76,1,User
696922,12,1,User
696929,40,1,User
697007,84,0,User
696965,57,0,User
696911,69,1,User
696980,34,1,User
696971,53,0,User
696915,48,1,User
696997,33,1,User
697085,64,0,User
696987,59,0,User
697130,57,1,User
697059,57,0,User
697151,72,0,User
697168,84,0,User
697275,21,0,User
697343,48,0,User
697420,83,0,User
697592,12,0,User
697474,12,0,User
697622,62,1,User
697581,71,1,User
697681,69,1,User
697719,12,0,User
697659,24,1,User
697673,74,0,User
697675,50,1,User
697791,53,1,User
697804,64,0,User
697891,12,1,User
697807,83,0,User
697921,38,1,User
697940,38,1,User
697796,12,1,User
698050,71,0,User
698078,33,1,User
697990,33,0,User
697950,59,1,User
698004,71,0,User
698193,69,1,User
698184,12,0,User
698170,78,0,User
698313,14,0,User
698406,12,1,User
698330,12,1,User
698409,17,1,User
698361,52,0,User
698382,12,1,User
698447,60,1,User
698293,71,1,User
698275,53,1,User
698539,12,0,User
698490,12,0,User
698519,12,0,User
698648,12,1,User
698654,12,1,User
698670,71,1,User
698459,59,0,User
698767,12,1,User
698868,55,1,User
698796,55,0,User
698871,60,0,User
698741,12,0,User
698801,28,1,User
698832,12,1,User
698915,34,1,User
698775,69,1,User
698863,38,0,User
699039,21,1,User
699087,60,0,User
698997,67,0,User
699127,71,1,User
699196,74,0,User
699242,43,0,User
699244,59,1,User
699144,12,0,User
699177,12,0,User
699210,59,0,User
699238,12,0,User
699163,36,0,User
699284,16,0,User
699455,12,0,User
699428,12,0,User
699513,19,0,User
699487,71,1,User
699445,57,1,User
699417,66,1,User
699478,12,1,User
699518,55,0,User
699678,69,0,User
699599,52,1,User
699755,60,1,User
699811,16,0,User
699772,38,0,User
699791,53,1,User
699683,69,0,User
699810,26,0,User
699907,71,0,User
699923,67,1,User
699869,69,1,User
699829,21,1,User
699876,12,0,User
700028,38,1,User
700002,45,1,User
700113,31,0,User
699988,57,1,User
700162,84,1,User
700045,53,0,User
700251,66,1,User
700078,50,1,User
700236,12,0,User
700237,12,1,User
700305,71,1,User
700536,38,0,User
700420,67,1,User
700526,17,0,User
700423,19,1,User
700608,41,0,User
700609,67,1,User
700682,41,1,User
700640,19,1,User
700790,52,0,User
700834,52,0,User
700819,69,1,User
700876,71,1,User
700988,12,1,User
700960,12,0,User
701001,12,0,User
700870,66,1,User
700887,12,1,User
701015,74,1,User
700781,69,0,User
701041,79,0,User
701042,74,1,User
700872,12,1,User
701040,69,0,User
701148,69,0,User
701143,52,1,User
701189,67,1,User
701108,57,0,User
701331,12,0,User
701111,84,1,User
701292,41,0,User
701229,12,1,User
701230,12,1,User
701345,12,0,User
701402,86,0,User
701362,66,0,User
701453,12,1,User
701413,66,1,User
701470,17,1,User
701509,62,1,User
701540,12,1,User
701425,67,1,User
701512,55,1,User
701437,14,0,User
701399,12,0,User
701567,12,0,User
701385,19,0,User
701599,59,0,User
701629,14,0,User
701600,62,0,User
701673,12,0,User
701590,12,0,User
701609,64,0,User
701684,59,0,User
701685,12,0,User
701836,12,0,User
701794,55,1,User
701808,19,1,User
701812,12,1,User
701912,14,1,User
701926,69,0,User
701771,45,1,User
701924,53,1,User
702001,78,1,User
701948,24,1,User
701938,14,0,User
702044,14,0,User
702048,76,0,User
702026,48,0,User
702052,29,1,User
702121,67,1,User
701994,71,1,User
702139,26,0,User
702211,57,1,User
702160,67,1,User
702178,67,1,User
702294,36,1,User
702363,66,1,User
702299,69,0,User
702237,12,1,User
702312,53,1,User
702354,19,0,User
702225,52,0,User
702511,12,0,User
702443,17,0,User
702601,12,1,User
702631,69,0,User
702632,12,0,User
702510,12,1,User
702569,62,0,User
702520,12,0,User
702751,79,1,User
702660,21,1,User
702675,78,0,User
702786,55,1,User
702640,12,0,User
702833,64,0,User
702716,17,0,User
702931,72,0,User
702824,74,1,User
702895,41,0,User
702955,12,0,User
703012,53,0,User
703014,45,0,User
702793,47,1,User
703043,57,0,User
703057,12,0,User
703134,66,0,User
703122,52,0,User
703163,34,1,User
703218,64,1,User
703250,52,0,User
703315,48,1,User
703442,12,1,User
703401,12,1,User
703320,16,0,User
703525,16,0,User
703391,69,0,User
703610,71,0,User
703681,19,0,User
703670,45,0,User
703757,29,0,User
703629,69,0,User
703663,12,1,User
703803,14,0,User
703586,66,1,User
703809,40,1,User
703820,36,0,User
703912,12,0,User
703951,48,0,User
703885,12,0,User
704027,66,1,User
703828,66,1,User
703962,12,1,User
703874,64,0,User
704037,12,1,User
704087,57,0,User
704101,12,0,User
704061,12,0,User
704074,12,1,User
703920,36,0,User
704199,64,0,User
704053,67,0,User
704341,28,0,User
704190,66,1,User
704433,48,1,User
704339,38,1,User
704422,62,0,User
704350,57,1,User
704353,67,1,User
704501,71,0,User
704539,52,1,User
704516,57,0,User
704582,45,0,User
704616,64,1,User
704761,12,1,User
704723,16,0,User
704777,12,1,User
704666,16,0,User
704781,12,0,User
704851,66,0,User
704881,12,0,User
704814,62,1,User
704903,71,1,User
704891,69,1,User
705025,52,0,User
705055,12,1,User
705136,71,0,User
705124,12,1,User
705013,12,0,User
704997,74,0,User
705083,69,0,User
705135,36,1,User
705289,12,0,User
705291,64,1,User
705264,69,1,User
705189,14,0,User
705368,76,0,User
705557,14,0,User
705536,69,1,User
705434,78,0,User
705606,12,0,User
705575,12,0,User
705677,86,0,User
705664,12,0,User
705521,12,0,User
705705,12,1,User
705787,34,1,User
705790,12,0,User
705859,57,0,User
705931,12,0,User
705920,50,0,User
705910,16,0,User
705852,48,0,User
706013,71,1,User
706014,60,1,User
706216,50,0,User
706069,12,0,User
706180,12,0,User
706150,12,0,User
706166,29,1,User
706307,12,0,User
706340,12,1,User
706265,62,0,User
706168,76,1,User
706268,62,0,User
706257,28,0,User
706459,47,1,User
706501,79,1,User
706548,12,1,User
706580,57,0,User
706511,55,1,User
706629,36,0,User
706596,14,1,User
706730,71,0,User
706775,81,1,User
706821,12,0,User
706861,81,0,User
706892,34,0,User
706709,62,0,User
706997,21,1,User
707012,64,0,User
706889,12,0,User
707065,67,0,User
707226,57,1,User
707157,78,1,User
707187,66,0,User
707050,36,1,User
707055,50,1,User
707242,22,0,User
707142,41,1,User
707203,67,0,User
707330,29,1,User
707331,45,1,User
707374,12,0,User
707335,12,0,User
707322,38,0,User
707383,31,0,User
707500,79,0,User
707585,66,1,User
707579,19,1,User
707580,12,1,User
707442,64,0,User
707706,12,1,User
707595,12,1,User
707681,71,0,User
707745,71,0,User
707771,57,1,User
707971,40,1,User
707847,97,0,User
707959,67,1,User
707893,84,0,User
707962,79,0,User
707875,12,0,User
707999,12,1,User
708196,57,1,User
708158,69,1,User
708230,47,1,User
708290,55,1,User
708203,60,1,User
708363,76,1,User
708383,64,0,User
708437,12,0,User
708452,62,1,User
708439,67,0,User
708374,66,0,User
708341,47,1,User
708461,12,0,User
708634,67,0,User
708547,71,1,User
708637,12,1,User
708573,28,1,User
708751,62,1,User
708673,52,0,User
708767,12,0,User
708811,64,0,User
708703,12,1,User
708763,66,0,User
708714,67,1,User
708838,53,1,User
709141,71,0,User
709103,69,0,User
708998,76,0,User
709109,41,1,User
709157,67,0,User
709250,38,0,User
709254,38,1,User
709222,47,0,User
709308,50,1,User
709065,67,1,User
709337,12,1,User
709329,53,0,User
709345,60,0,User
709359,67,1,User
709361,67,1,User
709363,12,0,User
709288,31,0,User
709385,67,1,User
709478,19,0,User
709582,62,1,User
709413,14,1,User
709543,24,0,User
709567,69,0,User
709570,64,1,User
709560,12,0,User
709545,36,1,User
709646,12,1,User
709419,17,0,User
709742,60,1,User
709635,62,0,User
709880,64,1,User
709869,12,1,User
709968,67,0,User
709953,12,0,User
709811,59,0,User
710093,43,1,User
710146,59,0,User
710150,12,0,User
710178,55,0,User
710227,50,1,User
710331,60,1,User
710202,59,0,User
710362,12,1,User
710348,67,0,User
710427,33,1,User
710175,12,0,User
710376,38,1,User
710552,33,1,User
710563,66,0,User
710455,50,0,User
710519,45,1,User
710592,72,0,User
710444,22,0,User
710718,71,0,User
710549,12,1,User
710489,12,1,User
710750,34,1,User
710619,21,1,User
710625,62,0,User
710803,19,1,User
710753,76,1,User
710885,26,1,User
710729,12,1,User
711052,66,1,User
711039,22,0,User
711222,57,0,User
711354,50,1,User
711309,12,0,User
711171,21,0,User
711295,84,0,User
711484,12,1,User
711445,69,0,User
711546,60,0,User
711335,14,0,User
711399,14,0,User
711416,36,1,User
711588,55,0,User
711567,81,0,User
711568,76,0,User
711634,69,1,User
711739,64,1,User
711613,12,1,User
711725,12,0,User
711747,31,1,User
711793,55,0,User
711874,67,1,User
711804,59,0,User
711898,14,1,User
711914,64,0,User
711884,12,1,User
711941,19,1,User
711980,48,0,User
711981,12,0,User
712042,67,1,User
712061,45,1,User
711974,50,1,User
711988,28,0,User
712127,50,0,User
712076,16,1,User
712002,69,1,User
712137,16,0,User
712004,36,1,User
712201,12,1,User
712204,12,1,User
711928,62,1,User
712331,50,0,User
712341,59,1,User
712399,71,0,User
712347,69,1,User
712488,53,0,User
712377,66,0,User
712445,33,1,User
712304,69,1,User
712447,12,1,User
712596,78,1,User
712715,12,0,User
712699,50,0,User
712736,83,1,User
712792,69,0,User
712900,57,1,User
713014,45,0,User
713091,64,0,User
713094,71,0,User
713215,60,0,User
713149,64,1,User
713122,47,0,User
713150,67,1,User
713256,71,1,User
713183,40,0,User
713291,62,1,User
713318,17,0,User
713321,67,1,User
713295,66,1,User
713329,69,1,User
713404,34,1,User
713423,12,0,User
713381,12,1,User
713452,72,0,User
713495,12,0,User
713394,12,0,User
713503,28,1,User
713687,40,0,User
713544,71,0,User
713589,59,1,User
713638,12,0,User
713623,64,1,User
713727,62,1,User
713853,71,1,User
713796,22,0,User
713913,66,0,User
713975,86,1,User
713855,52,1,User
713850,66,0,User
713968,17,1,User
714031,12,0,User
714017,12,1,User
713805,12,0,User
714067,12,0,User
714068,69,1,User
714071,50,1,User
714075,12,0,User
714030,12,0,User
714220,12,0,User
714182,12,1,User
714150,16,1,User
714288,12,0,User
714320,66,1,User
714346,67,0,User
714376,71,1,User
714391,12,0,User
714406,28,1,User
714377,31,0,User
714366,14,1,User
714238,12,0,User
714457,12,0,User
714503,12,0,User
714493,53,1,User
714678,12,1,User
714628,14,0,User
714730,14,1,User
714650,62,1,User
714717,67,1,User
714846,48,0,User
714866,17,0,User
714807,12,1,User
714822,43,1,User
714959,83,1,User
715012,71,1,User
714839,71,0,User
715127,12,0,User
715101,14,1,User
715049,12,0,User
715090,12,1,User
715324,71,0,User
715266,17,0,User
715386,86,0,User
715391,33,0,User
715331,67,1,User
715274,40,0,User
715459,31,0,User
715424,78,0,User
715361,12,0,User
715548,41,0,User
715564,69,0,User
715553,24,0,User
715573,16,0,User
715607,50,1,User
715464,22,1,User
715498,12,1,User
715714,67,1,User
715527,50,1,User
715482,12,1,User
715756,12,0,User
715719,12,0,User
715721,12,1,User
715789,62,1,User
715665,69,1,User
715883,79,1,User
715922,55,1,User
715753,16,0,User
715940,62,1,User
715942,71,0,User
716012,67,1,User
716020,67,0,User
716044,59,0,User
716179,12,1,User
716094,14,1,User
716130,12,0,User
716139,12,0,User
716326,21,0,User
716344,21,0,User
716346,47,0,User
716232,12,0,User
716174,14,0,User
716290,66,0,User
716387,12,1,User
716360,12,0,User
716143,12,1,User
716422,81,1,User
716501,12,0,User
716543,74,0,User
716450,67,1,User
716443,31,0,User
716561,66,1,User
716576,12,0,User
716308,53,1,User
716384,57,1,User
716636,36,1,User
716520,24,1,User
716654,59,1,User
716799,24,0,User
716805,76,0,User
716728,66,1,User
716783,64,0,User
716944,71,1,User
717003,28,1,User
716819,69,0,User
716897,78,1,User
717049,12,0,User
716936,36,1,User
717038,12,0,User
716939,67,0,User
717126,41,1,User
717129,36,0,User
717182,67,0,User
717183,50,0,User
717171,12,0,User
717014,45,0,User
717214,71,1,User
717314,40,1,User
717364,67,0,User
717280,12,0,User
717251,12,0,User
717257,72,0,User
717259,12,1,User
717398,78,0,User
717402,53,1,User
717454,53,0,User
717498,60,0,User
717518,67,0,User
717486,62,0,User
717587,14,0,User
717602,71,0,User
717666,83,0,User
717702,36,0,User
717579,12,1,User
717718,24,0,User
717644,12,0,User
717585,12,0,User
717812,53,0,User
717816,67,1,User
717805,53,0,User
717947,22,1,User
717977,12,0,User
718037,12,0,User
718038,81,1,User
717999,60,0,User
718097,53,0,User
718111,59,0,User
717957,64,1,User
718117,45,0,User
718132,12,0,User
718110,24,1,User
718285,14,1,User
718209,66,0,User
718367,12,0,User
718238,12,0,User
718253,57,1,User
718243,59,0,User
718477,41,0,User
718523,12,0,User
718482,14,1,User
718579,12,0,User
718452,47,0,User
718609,67,1,User
718513,71,1,User
718556,62,0,User
718380,74,0,User
718685,19,1,User
718567,76,0,User
718645,64,1,User
718627,66,0,User
718618,21,1,User
718771,21,0,User
718818,41,1,User
718758,12,0,User
718833,41,1,User
718856,83,0,User
718590,81,1,User
718745,12,1,User
718968,71,0,User
719014,55,1,User
718980,17,0,User
718957,22,1,User
719045,60,1,User
719176,59,0,User
719236,12,1,User
719252,66,0,User
719258,60,1,User
719270,28,0,User
719375,71,0,User
719447,12,0,User
719462,14,0,User
719295,66,0,User
719379,12,1,User
719415,62,1,User
719717,12,0,User
719563,26,0,User
719579,12,1,User
719776,64,1,User
719755,84,0,User
719781,59,1,User
719757,48,0,User
719855,69,1,User
719770,71,1,User
719799,47,1,User
719910,66,0,User
720001,12,0,User
720040,71,0,User
720018,33,0,User
720123,12,1,User
720126,67,0,User
720202,69,1,User
720260,16,1,User
720089,59,0,User
720268,66,1,User
720418,67,0,User
720516,66,0,User
720435,71,0,User
720460,64,0,User
720477,60,0,User
720599,47,1,User
720569,52,0,User
720741,12,0,User
720672,16,0,User
720718,60,0,User
720658,12,1,User
720776,12,0,User
720822,55,1,User
720851,12,0,User
720854,71,0,User
721006,50,0,User
721052,60,0,User
720927,69,1,User
720929,14,0,User
720915,71,0,User
721157,62,0,User
721018,66,0,User
721159,12,0,User
721030,72,1,User
721280,60,1,User
721299,43,0,User
721109,12,1,User
721337,64,0,User
721368,12,0,User
721317,50,1,User
721413,12,0,User
721401,12,1,User
721549,29,0,User
721528,26,1,User
721596,71,1,User
721666,60,1,User
721671,16,0,User
721728,59,1,User
721615,71,1,User
721773,12,1,User
721832,12,0,User
721839,12,0,User
721788,62,0,User
721888,38,0,User
721852,59,1,User
721985,71,1,User
722087,59,1,User
721980,47,0,User
722077,62,0,User
722125,79,1,User
722281,66,1,User
722225,38,1,User
722363,12,1,User
722452,31,1,User
722418,66,1,User
722515,69,0,User
722494,55,0,User
722531,72,0,User
722619,88,0,User
722608,47,0,User
722547,12,1,User
722610,78,0,User
722717,12,1,User
722623,59,0,User
722732,43,0,User
722646,16,0,User
722763,52,1,User
722781,69,0,User
722810,12,0,User
722853,16,0,User
722790,12,0,User
722959,60,0,User
722878,55,1,User
722930,22,0,User
722935,74,0,User
723039,69,0,User
722985,60,0,User
723229,12,1,User
723237,12,0,User
723316,12,0,User
723361,52,0,User
723334,12,0,User
723437,74,1,User
723401,12,1,User
723557,55,0,User
723532,62,1,User
723589,90,0,User
723515,64,0,User
723524,12,0,User
723757,43,1,User
723745,12,1,User
723759,52,1,User
723789,66,0,User
723790,71,0,User
723892,31,0,User
723907,12,1,User
723843,53,1,User
723861,43,1,User
723806,24,0,User
723986,12,1,User
724001,38,0,User
724059,62,1,User
724186,12,1,User
723960,12,0,User
724119,59,0,User
724134,12,0,User
724190,12,0,User
724148,41,0,User
724215,53,1,User
724280,38,0,User
724366,72,1,User
724242,50,0,User
724383,43,1,User
724430,31,0,User
724393,67,0,User
724225,41,0,User
724533,12,0,User
724558,14,0,User
724514,59,1,User
724468,12,1,User
724628,12,0,User
724698,59,0,User
724728,72,1,User
724702,38,1,User
724649,59,1,User
724804,53,0,User
724794,67,1,User
724891,72,0,User
724663,29,0,User
724937,14,0,User
724970,47,0,User
724995,78,0,User
725132,67,1,User
725155,67,0,User
725197,67,0,User
725160,60,1,User
725229,72,1,User
725188,59,0,User
725346,59,0,User
725431,16,0,User
725292,12,0,User
725476,64,0,User
725366,64,0,User
725488,12,0,User
725566,22,0,User
725441,74,0,User
725555,47,1,User
725611,12,0,User
725671,12,1,User
725706,64,0,User
725707,69,0,User
725514,38,0,User
725629,12,0,User
725667,12,1,User
725844,36,1,User
725789,12,1,User
725730,53,1,User
725906,57,0,User
725947,67,1,User
725962,14,1,User
725885,24,1,User
726062,26,0,User
726053,14,0,User
726167,67,1,User
726181,55,1,User
726087,52,1,User
726043,48,0,User
726218,50,1,User
726276,14,0,User
726319,12,1,User
726332,64,1,User
726300,43,1,User
726209,69,1,User
726499,22,0,User
726475,12,0,User
726514,14,1,User
726504,12,0,User
726373,21,1,User
726662,12,1,User
726640,45,1,User
726621,41,1,User
726737,40,0,User
726645,67,1,User
726593,34,0,User
726567,12,0,User
726569,12,1,User
726598,14,0,User
726797,12,0,User
726625,38,1,User
726826,60,1,User
726785,66,1,User
726788,12,1,User
726902,26,1,User
726775,50,1,User
726839,12,1,User
726842,12,0,User
726894,50,0,User
726922,31,0,User
727082,12,1,User
727031,12,0,User
727064,66,0,User
727086,12,0,User
727141,41,0,User
726869,67,1,User
726944,41,0,User
726852,28,0,User
727251,40,0,User
727239,21,0,User
727049,12,1,User
727341,33,1,User
727349,55,1,User
727350,12,1,User
727377,71,1,User
727379,34,1,User
727532,12,1,User
727421,59,0,User
727455,38,0,User
727470,21,0,User
727639,52,1,User
727612,12,0,User
727686,24,0,User
727640,22,0,User
727575,71,1,User
727730,14,0,User
727803,33,0,User
727732,48,0,User
727766,34,1,User
727767,64,1,User
727796,52,0,User
727923,24,1,User
727915,69,0,User
727926,12,0,User
727782,12,0,User
727851,60,1,User
727990,55,1,User
728079,40,1,User
728080,66,1,User
728147,66,1,User
728015,62,0,User
728038,33,0,User
728285,40,1,User
728258,12,0,User
728275,64,1,User
728371,50,1,User
728264,19,0,User
728392,66,0,User
728405,64,1,User
728320,66,0,User
728108,17,1,User
728370,38,1,User
728492,69,1,User
728528,12,1,User
728516,62,1,User
728599,34,1,User
728115,12,1,User
728576,33,0,User
728577,12,0,User
728547,67,0,User
728676,86,0,User
728678,71,0,User
728738,72,0,User
728786,12,0,User
728790,12,0,User
728870,12,0,User
728902,12,0,User
728874,14,1,User
728910,12,0,User
728986,12,0,User
728803,12,0,User
728935,12,1,User
729019,12,0,User
728968,62,0,User
729062,69,0,User
729154,14,0,User
729102,62,1,User
729140,60,1,User
728994,47,0,User
729131,28,0,User
729012,12,0,User
729188,12,1,User
729304,66,1,User
729265,43,1,User
729379,45,1,User
729269,12,1,User
729411,66,0,User
729443,66,0,User
729587,31,0,User
729617,71,1,User
729325,36,0,User
729581,59,0,User
729627,12,1,User
729697,67,0,User
729670,26,1,User
729675,90,1,User
729871,12,0,User
729905,12,1,User
729819,71,1,User
729882,45,0,User
729776,59,0,User
729777,78,0,User
729941,40,0,User
729987,57,0,User
730033,66,1,User
730082,19,0,User
730072,12,0,User
730063,45,1,User
730103,12,1,User
730160,59,1,User
730163,67,0,User
730166,52,0,User
730250,62,1,User
730223,62,1,User
730106,43,1,User
730339,67,1,User
730210,79,1,User
730269,64,0,User
730516,52,0,User
730365,29,0,User
730454,12,0,User
730378,48,0,User
730819,14,1,User
730721,45,0,User
730762,12,1,User
730778,64,0,User
730825,12,1,User
730813,52,1,User
730841,12,1,User
730829,64,0,User
730785,57,0,User
730709,36,0,User
730872,60,0,User
730889,41,1,User
730959,41,1,User
731021,60,1,User
731059,12,0,User
731105,71,0,User
731133,57,1,User
731134,57,1,User
731108,62,0,User
731125,78,0,User
731095,12,0,User
731138,72,0,User
730912,57,1,User
731181,31,1,User
731196,67,1,User
731054,50,1,User
731186,64,0,User
731317,47,1,User
731234,22,1,User
731389,12,0,User
731303,64,0,User
731418,38,0,User
731305,64,0,User
731367,12,1,User
731409,67,1,User
731380,86,1,User
731307,12,1,User
731482,41,1,User
731523,69,0,User
731524,60,0,User
731643,66,0,User
731520,31,0,User
731711,22,0,User
731530,53,1,User
731652,12,1,User
731901,12,0,User
731975,12,1,User
731864,52,1,User
732094,12,1,User
732071,45,0,User
732010,78,0,User
732178,66,1,User
732271,71,1,User
732203,66,0,User
732193,12,1,User
732210,12,1,User
732364,71,0,User
732467,12,1,User
732388,74,0,User
732499,29,0,User
732430,71,1,User
732415,12,0,User
732571,12,0,User
732495,43,1,User
732648,19,0,User
732525,57,1,User
732567,40,0,User
732479,12,0,User
732480,67,0,User
732684,72,0,User
732758,67,0,User
732773,43,0,User
732793,14,1,User
732992,69,1,User
732899,53,1,User
732984,12,1,User
733006,78,0,User
733036,12,1,User
733011,60,0,User
733100,67,1,User
732990,62,1,User
732882,12,1,User
733094,21,0,User
733057,60,1,User
733030,76,0,User
733280,64,1,User
733257,62,1,User
733368,12,0,User
733311,74,0,User
733369,53,0,User
733260,12,1,User
733473,38,1,User
733358,52,0,User
733390,14,0,User
733395,21,1,User
733577,52,1,User
733570,78,0,User
733806,60,1,User
733784,33,0,User
733841,71,1,User
733708,33,0,User
733659,66,1,User
733912,43,0,User
733932,12,0,User
733750,67,1,User
734015,76,0,User
734066,36,1,User
734067,12,0,User
734150,12,1,User
734134,72,0,User
733995,55,1,User
734195,22,1,User
734283,12,1,User
734263,76,0,User
734302,12,0,User
734364,60,0,User
734405,60,0,User
734508,31,0,User
734459,12,1,User
734569,64,1,User
734529,43,0,User
734555,64,0,User
734641,50,0,User
734687,16,1,User
734631,79,0,User
734635,52,1,User
734682,72,0,User
734756,12,0,User
734838,93,0,User
734897,45,0,User
734819,67,0,User
734860,62,0,User
734961,52,1,User
735005,31,0,User
735108,83,0,User
735122,59,1,User
734923,71,0,User
735256,12,0,User
735134,59,0,User
735204,64,1,User
735157,21,1,User
735324,41,1,User
735355,45,1,User
735263,66,0,User
735422,19,1,User
735384,36,0,User
735411,57,0,User
735538,12,0,User
735418,71,0,User
735478,12,0,User
735639,24,0,User
735665,12,1,User
735692,62,0,User
735552,67,0,User
735766,66,0,User
735651,29,0,User
735856,12,0,User
735777,66,1,User
735846,60,1,User
735837,12,0,User
735924,55,0,User
735926,12,0,User
736007,67,0,User
736069,47,0,User
736003,55,1,User
736131,12,0,User
736075,12,0,User
736093,31,0,User
736205,12,1,User
736261,53,0,User
736151,12,0,User
736250,69,0,User
736196,28,0,User
736103,55,1,User
736352,60,1,User
736303,12,0,User
736315,17,1,User
736415,69,0,User
736374,72,1,User
736537,57,0,User
736565,41,1,User
736609,66,0,User
736587,33,1,User
736642,19,0,User
736696,59,1,User
736688,52,0,User
736611,71,0,User
736765,14,0,User
736559,14,0,User
736825,14,0,User
736782,52,1,User
736921,12,1,User
736883,12,0,User
736872,72,0,User
736897,12,0,User
737001,45,1,User
737031,40,1,User
737105,12,1,User
737161,12,0,User
737093,12,0,User
736915,12,0,User
737064,26,0,User
737207,12,0,User
737185,12,0,User
737326,59,0,User
737246,62,1,User
737348,12,0,User
737390,60,0,User
737199,12,0,User
737352,71,1,User
737434,12,1,User
737333,62,1,User
737409,26,0,User
737466,12,1,User
737506,36,1,User
737336,12,0,User
737554,64,0,User
737533,12,0,User
737731,33,1,User
737764,69,0,User
737821,17,0,User
737635,55,0,User
737638,76,0,User
737815,12,1,User
737829,43,0,User
737606,47,1,User
737963,28,0,User
737991,12,0,User
738035,69,0,User
737979,43,0,User
738024,26,1,User
738302,14,0,User
738304,12,0,User
738261,69,1,User
738365,64,1,User
738343,24,1,User
738482,12,1,User
738398,69,0,User
738419,60,0,User
738310,14,0,User
738495,71,0,User
738666,83,1,User
738681,12,1,User
738711,57,0,User
738682,52,1,User
738783,12,1,User
738773,72,0,User
738830,71,0,User
738893,48,0,User
738909,12,0,User
738900,50,1,User
738954,38,0,User
738967,71,0,User
738969,12,0,User
739023,66,1,User
739024,64,1,User
738958,47,0,User
738999,72,1,User
739029,66,1,User
739100,81,0,User
739031,52,1,User
739106,45,1,User
739191,67,1,User
739292,67,0,User
739266,71,0,User
739518,40,0,User
739547,12,0,User
739510,14,0,User
739579,45,1,User
739379,12,0,User
739594,22,0,User
739644,60,0,User
739703,16,1,User
739747,34,0,User
739690,71,1,User
739707,26,0,User
739795,34,0,User
739869,67,0,User
739844,12,0,User
739734,12,1,User
739982,74,1,User
740028,12,0,User
739962,41,0,User
740102,19,1,User
740120,12,0,User
740198,29,0,User
740287,67,0,User
740173,26,0,User
740365,57,0,User
740465,12,0,User
740523,53,0,User
740301,66,1,User
740526,12,0,User
740566,12,0,User
740615,55,0,User
740656,71,1,User
740645,16,0,User
740749,22,0,User
740808,12,0,User
740797,19,0,User
740826,48,1,User
740854,66,1,User
740913,45,0,User
740729,12,1,User
740962,64,0,User
740955,36,1,User
741043,55,0,User
741116,71,1,User
741204,19,0,User
741337,12,0,User
741440,45,1,User
741471,72,0,User
741370,79,0,User
741534,12,0,User
741523,55,0,User
741510,21,1,User
741707,12,0,User
741642,55,1,User
741695,69,0,User
741652,48,0,User
741690,71,1,User
741757,14,0,User
741582,12,0,User
741773,72,1,User
741812,14,0,User
741727,55,0,User
741778,12,1,User
741764,12,0,User
741818,12,1,User
741657,50,0,User
741675,43,1,User
741931,12,0,User
741961,71,0,User
741850,62,0,User
741895,12,1,User
742031,19,0,User
741908,67,0,User
742035,28,0,User
742068,69,0,User
741929,59,1,User
741975,71,1,User
742192,53,0,User
742045,40,0,User
742167,59,0,User
742282,36,1,User
742311,36,1,User
742272,50,0,User
742356,66,1,User
742384,60,0,User
742295,12,1,User
742376,22,1,User
742435,66,1,User
742422,64,0,User
742464,22,1,User
742607,66,1,User
742334,71,0,User
742453,59,1,User
742570,66,1,User
742589,62,0,User
742688,12,0,User
742729,81,1,User
742698,66,1,User
742692,12,0,User
742701,12,1,User
742862,64,0,User
742892,12,1,User
742895,12,1,User
742897,12,1,User
742842,12,1,User
742843,12,1,User
742928,33,0,User
742970,22,1,User
742971,14,1,User
742905,22,0,User
743087,52,0,User
743060,66,0,User
743077,12,1,User
743135,62,1,User
743006,12,0,User
743024,12,0,User
743166,66,0,User
743199,12,0,User
743234,12,1,User
743334,66,1,User
743436,64,1,User
743428,12,0,User
743538,38,0,User
743569,64,0,User
743515,12,0,User
743382,14,1,User
743576,86,0,User
743600,12,0,User
743658,12,0,User
743651,19,0,User
743665,31,0,User
743723,52,0,User
743592,12,0,User
743725,28,0,User
743593,12,1,User
743670,66,1,User
743840,12,1,User
743853,55,0,User
743698,69,1,User
743835,16,1,User
743805,33,0,User
743948,12,0,User
743963,67,0,User
743990,43,0,User
743980,12,0,User
744048,67,1,User
743880,12,0,User
743744,71,0,User
744082,55,0,User
744212,40,1,User
744200,67,1,User
744129,55,0,User
744231,14,0,User
744042,69,0,User
744260,59,1,User
744362,41,1,User
744250,12,0,User
744363,71,0,User
744224,14,1,User
744297,66,0,User
744399,34,1,User
744418,72,1,User
744526,59,0,User
744547,16,1,User
744605,41,0,User
744651,12,1,User
744652,64,0,User
744560,60,0,User
744583,45,0,User
744706,16,1,User
744628,69,1,User
744731,12,1,User
744786,12,1,User
744759,78,1,User
744774,64,1,User
744823,12,0,User
744851,69,0,User
744992,21,1,User
745007,71,1,User
744950,67,0,User
744868,53,1,User
745051,78,0,User
744943,17,0,User
745082,55,1,User
745127,71,1,User
745247,71,1,User
745193,12,1,User
745118,62,1,User
745243,26,0,User
745107,71,1,User
745259,67,0,User
745353,64,0,User
745413,50,0,User
745350,67,1,User
745212,21,1,User
745390,62,1,User
745518,60,1,User
745520,62,1,User
745608,67,0,User
745544,19,1,User
745545,66,0,User
745379,12,0,User
745669,62,0,User
745685,21,1,User
745643,72,0,User
745631,74,0,User
745615,48,0,User
745757,22,0,User
745758,67,1,User
745748,12,0,User
745764,62,0,User
745817,76,1,User
745822,12,0,User
745796,71,1,User
746014,67,0,User
745933,72,0,User
745827,12,0,User
746121,55,0,User
746206,69,0,User
746256,62,1,User
746299,29,0,User
746275,12,0,User
746295,81,0,User
746279,53,0,User
746389,69,0,User
746324,57,0,User
746349,55,0,User
746467,36,1,User
746507,50,0,User
746396,33,0,User
746384,19,0,User
746470,34,1,User
746543,64,1,User
746570,12,0,User
746591,55,0,User
746687,71,1,User
746703,52,0,User
746683,47,0,User
746844,90,1,User
746927,14,0,User
746833,76,1,User
746757,12,1,User
746772,57,0,User
747049,48,0,User
747038,33,0,User
747076,69,1,User
747006,12,1,User
747128,64,0,User
746969,60,0,User
747028,62,0,User
747243,12,0,User
747257,67,1,User
747204,53,1,User
747149,47,1,User
747262,71,1,User
747291,71,1,User
747279,47,0,User
747362,45,1,User
747238,12,0,User
747225,43,0,User
747406,29,0,User
747320,12,1,User
747466,57,0,User
747356,34,1,User
747637,43,1,User
747662,48,0,User
747679,76,1,User
747593,62,0,User
747769,67,0,User
747811,14,0,User
747833,28,1,User
747837,60,1,User
748067,53,1,User
748019,59,1,User
747899,52,0,User
748033,67,1,User
748190,12,0,User
748220,12,0,User
748308,69,0,User
748335,69,0,User
748462,38,0,User
748546,69,0,User
748578,67,0,User
748451,16,0,User
748568,12,1,User
748583,12,1,User
748585,45,1,User
748681,66,1,User
748556,71,0,User
748644,31,1,User
748720,60,1,User
748633,19,0,User
748818,31,1,User
748701,36,1,User
748852,66,1,User
748868,60,1,User
748870,59,1,User
748937,71,1,User
748859,83,0,User
748983,66,1,User
748883,17,1,User
748933,60,1,User
749072,12,0,User
748993,60,0,User
749076,28,0,User
749118,12,1,User
748965,64,0,User
749077,12,0,User
749012,16,1,User
749122,76,1,User
749083,12,1,User
749097,62,0,User
749209,40,1,User
749297,12,0,User
749367,12,0,User
749370,62,0,User
749522,71,0,User
749185,69,1,User
749516,34,0,User
749569,67,0,User
749585,12,1,User
749647,62,1,User
749705,28,1,User
749732,64,0,User
749747,12,0,User
749773,78,0,User
749756,81,0,User
749896,24,0,User
749843,12,1,User
749939,66,0,User
749951,40,0,User
750125,66,0,User
750167,60,0,User
750012,14,0,User
750227,76,0,User
750286,12,1,User
750275,76,1,User
750290,14,0,User
750060,93,0,User
750134,78,1,User
750379,12,1,User
750383,74,1,User
750399,71,0,User
750360,69,1,User
750933,57,0,User
750979,69,0,User
750868,12,1,User
751051,12,1,User
751067,31,1,User
751099,78,1,User
751134,88,0,User
751065,62,1,User
751157,76,1,User
751012,48,0,User
751175,71,1,User
751014,66,1,User
751153,69,1,User
751116,12,1,User
751118,72,0,User
751277,16,0,User
751199,12,0,User
751242,81,1,User
751310,12,0,User
751250,71,1,User
751228,24,1,User
751373,12,0,User
751317,64,0,User
751167,40,1,User
751298,79,0,User
751517,71,1,User
751448,12,1,User
751522,71,0,User
751465,71,0,User
751613,64,1,User
751600,26,1,User
751655,14,1,User
751741,24,0,User
751660,19,1,User
751700,72,0,User
751689,66,0,User
751677,71,0,User
751703,14,1,User
751771,62,0,User
751720,52,0,User
751883,12,1,User
751937,12,0,User
751938,66,1,User
751887,12,0,User
751795,40,1,User
752041,12,0,User
751948,17,1,User
752021,41,0,User
752023,66,1,User
751979,71,0,User
752093,22,1,User
752252,71,0,User
752254,64,0,User
752330,12,0,User
752243,67,0,User
752371,12,1,User
752210,12,0,User
752509,60,1,User
752510,12,0,User
752596,55,1,User
752583,12,0,User
752575,12,1,User
752641,79,1,User
752565,12,0,User
752671,81,1,User
752686,19,0,User
752673,40,0,User
752766,69,1,User
752881,12,1,User
752958,81,0,User
752905,76,0,User
752990,69,0,User
753004,53,0,User
753047,53,0,User
753101,53,0,User
753128,66,1,User
753174,71,0,User
753192,12,0,User
753363,12,0,User
753397,64,1,User
753497,62,0,User
753513,12,1,User
753401,64,1,User
753516,53,0,User
753575,55,0,User
753649,69,0,User
753653,12,0,User
753681,78,1,User
753613,52,0,User
753629,66,1,User
753725,47,1,User
753564,50,1,User
753857,69,0,User
753732,59,0,User
753804,57,0,User
753638,12,1,User
753926,31,1,User
754052,12,1,User
753930,66,0,User
753875,12,0,User
753914,12,1,User
754073,36,0,User
753898,64,1,User
754054,59,0,User
754113,12,1,User
754126,78,0,User
754118,40,0,User
754049,86,0,User
754124,71,0,User
754106,12,0,User
754169,33,0,User
754110,53,0,User
754338,12,1,User
754316,57,0,User
754258,41,0,User
754364,12,0,User
754471,12,0,User
754486,12,0,User
754416,12,0,User
754458,22,0,User
754347,40,0,User
754400,38,0,User
754476,52,1,User
754584,60,1,User
754601,53,0,User
754667,16,0,User
754602,12,0,User
754798,76,1,User
754647,41,1,User
754749,64,0,User
754770,52,1,User
754882,66,1,User
754864,12,1,User
754869,12,0,User
754754,12,0,User
754996,62,0,User
754971,66,1,User
754946,71,1,User
754888,50,1,User
755087,60,0,User
755118,60,1,User
755176,26,0,User
754903,12,0,User
755240,71,0,User
755174,64,0,User
755244,12,1,User
755246,79,1,User
755330,41,0,User
755277,24,0,User
755289,12,0,User
755295,66,1,User
755378,12,1,User
755388,66,1,User
755321,12,0,User
755447,40,0,User
755308,76,0,User
755397,31,1,User
755235,67,1,User
755538,12,1,User
755555,12,1,User
755511,74,0,User
755587,17,0,User
755546,69,1,User
755662,69,1,User
755707,53,0,User
755651,12,0,User
755778,12,1,User
755740,69,1,User
755684,72,1,User
755958,55,1,User
755976,71,0,User
756065,55,0,User
756021,48,0,User
755939,60,1,User
756182,64,0,User
756172,12,1,User
756244,55,0,User
756316,53,0,User
756233,57,0,User
756204,12,0,User
756154,12,0,User
756275,22,0,User
756263,71,1,User
756393,50,1,User
756329,12,0,User
756434,76,1,User
756401,21,0,User
756648,71,1,User
756507,22,1,User
756661,60,1,User
756523,19,0,User
756584,22,1,User
756692,60,0,User
756708,59,0,User
756753,71,1,User
756599,22,0,User
756777,59,1,User
756841,12,1,User
756871,48,1,User
756730,55,1,User
756809,71,1,User
756887,16,0,User
756763,12,0,User
757027,72,0,User
756853,24,1,User
757017,69,1,User
756914,12,0,User
757082,43,0,User
757071,78,1,User
756937,12,0,User
757130,14,0,User
756939,12,1,User
756940,55,0,User
757134,67,0,User
757091,12,0,User
756929,12,1,User
757236,60,0,User
757079,69,1,User
757351,57,1,User
757339,66,0,User
757110,34,1,User
757155,21,0,User
757386,66,1,User
757210,52,0,User
757456,33,0,User
757330,40,0,User
757521,12,0,User
757549,12,0,User
757513,71,1,User
757640,59,0,User
757657,50,1,User
757586,22,1,User
757685,62,1,User
757566,78,1,User
757742,50,1,User
757569,34,0,User
757786,41,0,User
757802,55,0,User
757838,14,0,User
757728,76,0,User
757857,36,0,User
757874,34,1,User
757710,12,1,User
758000,12,1,User
757957,50,1,User
758029,71,1,User
757975,62,1,User
758059,12,0,User
758021,72,0,User
758065,12,0,User
758049,26,0,User
758050,72,1,User
758176,22,0,User
758108,64,1,User
758225,69,0,User
758200,12,1,User
758214,48,1,User
758232,57,1,User
758344,28,1,User
758291,24,0,User
758256,74,1,User
758431,26,0,User
758537,17,1,User
758512,53,0,User
758339,12,0,User
758596,12,0,User
758590,12,0,User
758606,60,0,User
758547,12,0,User
758653,72,1,User
758823,12,1,User
758836,78,0,User
758927,50,0,User
758874,14,0,User
758919,12,1,User
758723,41,0,User
758784,14,0,User
758930,24,1,User
758988,83,0,User
758976,19,0,User
759048,64,1,User
759021,84,0,User
758904,66,1,User
759109,72,1,User
759082,12,1,User
759125,38,1,User
759200,43,0,User
759204,66,0,User
759115,74,1,User
759044,12,0,User
759010,12,0,User
759179,53,0,User
759308,55,1,User
759378,74,0,User
759369,12,0,User
759371,36,0,User
759483,64,0,User
759513,55,1,User
759556,72,0,User
759573,67,0,User
759566,16,0,User
759552,12,0,User
759583,59,0,User
759710,71,1,User
759828,40,0,User
759806,52,0,User
759868,47,0,User
759965,57,0,User
759994,12,1,User
759884,43,0,User
760007,57,1,User
760044,12,1,User
760072,12,0,User
759944,66,1,User
760086,71,0,User
760017,12,0,User
759982,59,0,User
760062,79,1,User
759986,71,0,User
760183,40,1,User
760324,12,0,User
760198,17,0,User
760444,12,1,User
760473,33,1,User
760377,16,0,User
760593,17,0,User
760525,59,1,User
760553,62,0,User
760670,59,0,User
760508,36,0,User
760628,78,1,User
760771,71,0,User
760538,29,0,User
760722,62,0,User
760867,14,0,User
760795,41,1,User
760887,69,0,User
760784,64,0,User
760998,12,0,User
761075,74,0,User
761046,66,0,User
761245,53,0,User
761115,14,0,User
761302,60,0,User
761343,24,0,User
761416,67,0,User
761260,52,1,User
761449,12,1,User
761279,12,0,User
761496,21,0,User
761370,43,0,User
761543,22,0,User
761553,60,1,User
761571,59,0,User
761667,66,1,User
761549,12,0,User
761755,81,0,User
761823,26,0,User
761800,19,1,User
761857,69,1,User
761944,67,0,User
761951,36,1,User
762062,12,1,User
761952,48,1,User
761958,45,1,User
762087,52,0,User
762228,17,1,User
762221,12,0,User
762234,34,1,User
762280,64,0,User
762331,12,1,User
762332,34,0,User
762333,12,1,User
762189,43,0,User
762338,69,1,User
762422,55,0,User
762367,12,0,User
762487,48,1,User
762495,64,0,User
762650,72,0,User
762634,72,0,User
762796,55,1,User
762770,41,1,User
762856,40,1,User
762763,12,0,User
762673,14,1,User
762675,62,1,User
762907,62,1,User
762850,12,1,User
763066,41,0,User
763068,12,0,User
763040,41,0,User
762893,67,1,User
762982,55,0,User
763236,48,0,User
763164,60,1,User
763221,62,1,User
763354,60,1,User
763404,64,0,User
763374,67,1,User
763447,36,1,User
763520,59,0,User
763465,60,0,User
763466,64,0,User
763576,69,1,User
763480,69,1,User
763591,47,0,User
763507,12,0,User
763634,14,1,User
763695,12,0,User
763650,43,0,User
763789,74,0,User
763791,14,1,User
763877,53,1,User
763852,74,0,User
763921,48,0,User
763908,16,0,User
763699,78,1,User
763768,60,1,User
763707,71,0,User
763827,50,0,User
763780,12,1,User
763997,36,1,User
763961,66,0,User
763995,41,0,User
764020,12,1,User
764135,24,1,User
764068,72,0,User
764211,57,0,User
764256,12,1,User
764291,12,1,User
764351,40,0,User
764353,21,0,User
764319,12,1,User
764322,50,1,User
764476,59,1,User
764506,71,0,User
764521,12,1,User
764483,53,0,User
764415,57,0,User
764485,12,0,User
764501,59,0,User
764555,67,1,User
764430,59,0,User
764474,12,1,User
764382,67,1,User
764763,14,0,User
764547,29,0,User
764826,12,0,User
764783,66,0,User
764917,71,1,User
764729,74,0,User
764974,14,0,User
764988,31,0,User
764920,12,1,User
764906,45,1,User
765038,12,0,User
765091,66,1,User
765049,12,0,User
765052,12,0,User
764983,50,0,User
765310,66,0,User
765270,16,1,User
765458,53,0,User
765340,62,1,User
765345,64,1,User
765442,12,1,User
765601,22,0,User
765540,64,1,User
765554,55,1,User
765741,31,0,User
765508,78,0,User
765798,16,0,User
765818,36,0,User
765800,40,0,User
765819,64,0,User
765976,12,1,User
765966,72,1,User
765967,14,1,User
765925,69,1,User
765975,66,1,User
766023,12,0,User
766098,12,0,User
766112,60,0,User
766142,12,0,User
766101,50,0,User
766091,67,0,User
766092,43,0,User
766177,67,1,User
766160,38,0,User
766043,12,0,User
766261,12,0,User
766079,64,1,User
766248,29,1,User
766080,12,1,User
766327,66,1,User
766441,66,1,User
766455,67,1,User
766563,60,1,User
766579,71,1,User
766628,17,0,User
766728,19,0,User
766590,45,1,User
766482,12,0,User
766661,59,1,User
766723,64,0,User
766833,12,0,User
766724,57,0,User
766861,12,0,User
766807,12,0,User
766910,57,0,User
767108,12,0,User
767153,12,1,User
767121,14,0,User
767125,12,0,User
767008,12,0,User
767281,69,1,User
767307,12,1,User
767459,60,0,User
767428,71,0,User
767542,40,0,User
767568,64,0,User
767381,36,0,User
767573,12,1,User
767716,74,0,User
767697,62,0,User
767668,47,0,User
767708,50,1,User
767753,19,0,User
767639,78,0,User
767817,69,0,User
767945,16,0,User
768032,71,1,User
768094,12,1,User
768110,71,0,User
767970,57,0,User
768029,72,1,User
768073,12,0,User
768229,67,1,User
768247,52,1,User
768303,12,0,User
768571,52,0,User
768507,47,0,User
768434,71,1,User
768653,55,1,User
768593,12,1,User
768642,12,1,User
768738,66,1,User
768718,17,1,User
768796,12,0,User
768834,36,0,User
768750,12,0,User
768763,67,0,User
768822,55,0,User
769021,12,1,User
768996,66,1,User
768943,14,0,User
769038,12,0,User
768868,69,1,User
768923,52,1,User
769012,79,1,User
769013,36,1,User
769002,24,1,User
769188,64,0,User
769219,36,1,User
769150,50,0,User
769329,55,1,User
769229,53,0,User
769272,26,1,User
769197,66,0,User
769415,59,0,User
769427,67,1,User
769429,12,0,User
769452,66,0,User
769422,71,0,User
769490,47,0,User
769362,41,1,User
769651,67,1,User
769610,12,1,User
769644,60,0,User
769699,72,1,User
769713,52,1,User
769728,12,0,User
769758,19,0,User
769722,19,0,User
769896,12,0,User
769913,71,1,User
769955,71,1,User
769943,14,0,User
769919,48,0,User
770024,62,1,User
770108,12,1,User
770084,17,1,User
770098,59,1,User
770069,40,1,User
770142,16,0,User
770239,66,1,User
770109,71,0,User
770284,67,0,User
770301,57,1,User
770302,66,1,User
770234,12,0,User
770374,72,0,User
770406,64,1,User
770354,79,0,User
770378,69,0,User
770583,66,0,User
770633,34,0,User
770577,26,0,User
770761,71,0,User
770807,67,0,User
770841,17,0,User
770844,64,0,User
770813,12,0,User
770972,57,0,User
770890,71,0,User
770993,67,0,User
770856,66,1,User
771142,12,0,User
771244,22,1,User
771247,12,0,User
771207,12,0,User
771103,50,0,User
771310,16,1,User
771333,78,0,User
771334,81,0,User
771192,71,0,User
771423,28,1,User
771437,55,1,User
771255,59,1,User
771441,12,0,User
771356,71,1,User
771474,12,0,User
771416,12,1,User
771371,57,1,User
771519,60,0,User
771521,74,0,User
771548,64,1,User
771604,76,0,User
771570,62,1,User
771617,33,1,User
771508,12,0,User
771635,12,0,User
771682,14,1,User
771645,62,1,User
771686,66,1,User
771552,28,1,User
771660,57,0,User
771820,12,1,User
771821,60,1,User
771823,12,1,User
771701,12,1,User
771793,12,1,User
771834,53,0,User
771934,69,1,User
771965,21,0,User
771987,33,0,User
772119,71,1,User
772060,43,1,User
772231,12,1,User
772222,62,0,User
772327,12,0,User
772381,26,0,User
772369,71,1,User
772443,48,1,User
772466,12,0,User
772543,12,1,User
772483,14,0,User
772644,12,0,User
772700,12,1,User
772713,66,0,User
772707,12,0,User
772798,36,1,User
772940,12,0,User
772999,14,0,User
772961,12,1,User
772915,31,0,User
772973,52,0,User
772860,12,0,User
773038,41,1,User
772947,26,1,User
773054,55,1,User
772934,12,1,User
773211,31,1,User
773194,64,1,User
773174,12,0,User
773079,64,1,User
773091,79,0,User
773228,78,0,User
773190,66,0,User
773141,29,0,User
773297,66,0,User
773232,12,1,User
773216,12,0,User
773144,53,1,User
773145,60,0,User
773346,67,0,User
773310,12,1,User
773430,64,0,User
773503,55,0,User
773398,66,1,User
773643,12,0,User
773660,12,1,User
773633,67,1,User
773695,12,1,User
773794,36,0,User
773853,12,0,User
773726,12,1,User
773991,17,1,User
774003,57,1,User
773859,53,1,User
773964,47,0,User
774022,53,1,User
773949,24,0,User
773936,12,0,User
774093,66,0,User
773994,12,1,User
774166,67,1,User
774156,12,0,User
774140,12,0,User
774198,12,1,User
774237,12,1,User
774302,12,1,User
774223,12,0,User
774439,71,0,User
774327,67,1,User
774469,38,1,User
774512,62,0,User
774513,21,1,User
774536,40,1,User
774621,53,1,User
774677,16,0,User
774671,64,0,User
774509,33,0,User
774630,69,1,User
774801,12,1,User
774828,24,1,User
774760,29,1,User
774858,67,1,User
774916,12,0,User
774894,67,1,User
774985,38,0,User
775097,12,0,User
775045,62,0,User
775106,64,0,User
775170,12,1,User
775217,66,0,User
775276,67,0,User
775184,67,1,User
775285,66,1,User
775314,66,0,User
775483,19,1,User
775533,12,0,User
775505,66,0,User
775525,52,0,User
775623,62,1,User
775697,12,0,User
775726,12,0,User
775664,62,1,User
775832,72,1,User
775792,52,0,User
775777,31,0,User
775708,12,0,User
775883,14,0,User
775823,71,0,User
775677,55,1,User
775800,79,1,User
775960,53,0,User
776026,62,0,User
776028,33,0,User
776044,69,0,User
776060,12,0,User
776034,60,0,User
776036,72,0,User
776039,53,0,User
776150,12,0,User
776070,43,0,User
776055,55,1,User
776085,60,0,User
776254,57,0,User
776218,59,1,User
776289,79,1,User
776202,71,1,User
776386,84,0,User
776278,57,1,User
776099,12,0,User
776385,59,1,User
776462,59,0,User
776411,57,0,User
776466,34,0,User
776324,12,0,User
776535,67,1,User
776576,76,0,User
776686,60,0,User
776673,71,1,User
776445,52,0,User
776474,50,0,User
776735,67,1,User
776762,29,0,User
776648,12,1,User
776781,12,0,User
776783,60,1,User
776812,53,0,User
776956,12,0,User
776845,69,0,User
776922,62,0,User
777061,36,0,User
776910,60,0,User
777012,57,0,User
776968,55,0,User
777137,12,0,User
776980,12,0,User
776983,12,1,User
777258,12,1,User
777143,53,0,User
777275,12,0,User
777247,12,0,User
777148,26,0,User
777311,53,1,User
777377,12,0,User
777482,64,1,User
777542,60,1,User
777372,12,0,User
777418,64,1,User
777601,81,0,User
777532,83,0,User
777590,59,0,User
777592,12,0,User
777385,62,1,User
777728,12,0,User
777653,22,1,User
777667,47,0,User
777798,67,0,User
777703,67,1,User
777962,12,1,User
777850,78,0,User
777967,12,1,User
777954,12,1,User
777909,12,0,User
777925,21,0,User
778171,64,0,User
777885,45,1,User
778125,53,0,User
778281,71,0,User
778238,67,1,User
778179,12,1,User
778240,12,0,User
778429,67,1,User
778393,24,0,User
778380,66,1,User
778258,52,0,User
778508,12,0,User
778538,12,1,User
778626,57,1,User
778544,17,1,User
778613,12,0,User
778672,12,0,User
778731,60,0,User
778735,50,1,User
778665,62,1,User
778793,12,0,User
778770,81,1,User
778837,67,1,User
778648,66,0,User
778843,66,0,User
778936,52,1,User
778982,55,0,User
778954,55,1,User
779056,67,1,User
779062,12,1,User
779037,79,0,User
779100,72,0,User
779053,83,0,User
779255,66,1,User
779371,60,0,User
779359,67,0,User
779233,12,0,User
779309,12,1,User
779446,12,1,User
779506,67,0,User
779509,17,0,User
779294,66,0,User
779537,64,0,User
779528,88,0,User
779573,74,0,User
779563,62,0,User
779565,40,0,User
779576,14,0,User
779833,16,1,User
779754,76,0,User
779934,72,0,User
779863,47,0,User
780033,12,0,User
779947,62,0,User
779979,55,1,User
780094,62,1,User
780136,12,1,User
780100,69,0,User
779951,12,1,User
780060,66,0,User
779953,69,1,User
780176,57,0,User
780177,81,0,User
780202,55,1,User
780234,34,1,User
780207,71,0,User
780378,69,1,User
780297,24,0,User
780311,12,0,User
780340,64,1,User
780423,22,0,User
780351,64,0,User
780481,12,0,User
780324,43,0,User
780445,40,1,User
780447,59,1,User
780588,66,1,User
780575,74,1,User
780431,74,0,User
780692,12,0,User
780628,78,0,User
780693,36,1,User
780681,14,1,User
780814,12,0,User
780831,66,0,User
780734,12,0,User
780777,67,1,User
780834,71,0,User
780877,12,1,User
780947,55,0,User
780980,12,1,User
780985,12,1,User
781156,55,1,User
781060,12,1,User
781003,60,1,User
781073,71,0,User
781004,12,0,User
781223,55,1,User
781285,71,0,User
781428,71,0,User
781372,12,1,User
781389,12,1,User
781346,72,0,User
781311,64,1,User
781376,12,1,User
781551,12,1,User
781747,12,1,User
781686,12,0,User
781804,12,1,User
781896,21,1,User
781710,45,0,User
781954,17,0,User
781841,21,0,User
781903,12,0,User
781904,12,1,User
781910,69,0,User
782008,12,1,User
782033,31,0,User
782103,12,0,User
782025,64,1,User
782163,66,1,User
782068,14,0,User
781964,64,1,User
782165,62,0,User
782166,12,1,User
782100,12,0,User
782108,12,0,User
782326,69,1,User
782347,33,1,User
782493,34,0,User
782264,26,0,User
782384,71,0,User
782511,12,0,User
782616,53,1,User
782671,69,1,User
782619,60,1,User
782504,38,0,User
782608,62,0,User
782633,14,0,User
782682,59,0,User
782757,24,1,User
782853,74,1,User
782640,71,1,User
782912,14,0,User
782907,64,0,User
782985,14,0,User
783020,66,0,User
783010,78,0,User
783088,16,0,User
782998,53,0,User
783090,12,0,User
783112,69,1,User
783154,12,1,User
783303,19,1,User
783320,12,1,User
783311,76,1,User
783406,14,1,User
783355,62,1,User
783370,31,0,User
783282,12,1,User
783194,38,1,User
783514,69,0,User
783559,76,0,User
783576,12,0,User
783344,62,0,User
783617,62,0,User
783653,12,1,User
783549,72,0,User
783670,79,1,User
783644,59,0,User
783682,66,1,User
783802,38,1,User
783859,67,1,User
783836,21,0,User
783795,14,0,User
783877,76,0,User
783861,57,1,User
783731,12,0,User
783962,72,0,User
783998,72,0,User
783809,12,1,User
784128,60,0,User
783900,71,0,User
783910,16,0,User
784080,60,0,User
784246,64,0,User
784155,12,1,User
784276,62,1,User
784062,72,1,User
784196,12,1,User
784310,12,1,User
784215,79,0,User
784381,38,1,User
784411,34,0,User
784303,60,1,User
784284,12,0,User
784395,12,0,User
784402,19,1,User
784516,55,0,User
784462,81,0,User
784376,83,0,User
784515,67,0,User
784579,55,1,User
784640,64,0,User
784644,76,1,User
784690,67,1,User
784631,41,0,User
784715,28,0,User
784718,12,1,User
784494,12,0,User
784617,12,1,User
784798,69,1,User
784943,71,1,User
784916,24,1,User
784897,12,0,User
784841,72,0,User
785165,29,0,User
785100,48,0,User
785169,55,1,User
785158,69,1,User
785108,43,0,User
785227,12,0,User
785344,71,1,User
785277,12,1,User
785305,66,0,User
785198,47,0,User
785200,12,0,User
785416,28,0,User
785201,62,0,User
785321,12,0,User
785431,29,1,User
785337,12,1,User
785508,12,1,User
785482,12,0,User
785545,45,0,User
785628,12,0,User
785644,12,1,User
785535,41,0,User
785650,12,1,User
785653,41,0,User
785704,41,0,User
785762,12,1,User
785763,22,1,User
785779,14,0,User
785681,12,1,User
785948,12,0,User
785991,78,1,User
786016,79,0,User
785891,84,1,User
785962,14,1,User
786054,66,0,User
785906,47,1,User
786079,67,0,User
786097,12,1,User
786247,12,0,User
786289,34,0,User
786045,60,1,User
786236,16,1,User
786437,26,0,User
786470,12,0,User
786015,43,1,User
786330,12,1,User
786477,45,1,User
786539,66,0,User
786485,90,0,User
786562,47,0,User
786683,60,0,User
786743,28,0,User
786624,12,0,User
786837,69,0,User
786786,12,1,User
786949,66,1,User
786776,67,1,User
786924,48,0,User
786882,12,0,User
787066,67,0,User
787096,60,0,User
786869,66,0,User
787001,12,0,User
786939,55,0,User
787120,12,0,User
787354,12,0,User
787315,12,0,User
787296,17,0,User
787362,71,1,User
787239,62,1,User
787331,12,0,User
787457,12,0,User
787407,47,1,User
787460,45,0,User
787375,72,1,User
787454,64,0,User
787626,59,0,User
787699,19,1,User
787643,62,0,User
787849,45,0,User
787908,47,0,User
787725,12,0,User
787887,12,0,User
787827,78,0,User
787845,41,0,User
788014,66,1,User
787916,31,1,User
788136,69,1,User
788080,53,1,User
788008,12,0,User
788124,71,0,User
788222,12,1,User
788193,12,1,User
788266,69,1,User
788282,60,0,User
788186,28,0,User
788190,59,1,User
788330,69,0,User
788099,60,1,User
788288,31,0,User
788401,12,0,User
788388,55,1,User
788506,26,1,User
788465,69,1,User
788452,52,0,User
788627,12,1,User
788468,66,1,User
788659,60,1,User
788579,48,1,User
788471,67,1,User
788663,53,0,User
788414,67,0,User
788674,45,1,User
788731,69,1,User
788757,62,1,User
788726,67,1,User
788857,40,1,User
788972,62,1,User
789056,66,0,User
789030,12,0,User
788982,71,1,User
788907,74,1,User
789156,62,0,User
789059,34,0,User
789323,78,0,User
789177,71,0,User
789265,14,1,User
789457,14,0,User
789414,67,1,User
789462,22,0,User
789463,43,0,User
789557,66,0,User
789531,41,0,User
789605,12,0,User
789562,69,0,User
789691,64,1,User
789554,67,0,User
789669,67,0,User
789680,84,0,User
789701,59,1,User
789600,48,0,User
789796,14,0,User
789889,12,0,User
789866,69,1,User
789898,12,1,User
790057,50,0,User
790087,12,0,User
790159,62,1,User
790179,69,1,User
790181,76,1,User
790367,24,0,User
790109,69,0,User
790383,12,0,User
790385,69,1,User
790442,71,0,User
790300,66,1,User
790501,12,0,User
790476,67,0,User
790462,67,0,User
790290,48,1,User
790606,14,0,User
790599,59,1,User
790682,12,0,User
790668,12,1,User
790730,64,1,User
790662,12,0,User
790862,14,0,User
790777,16,1,User
791060,12,0,User
791002,17,0,User
790943,33,0,User
791049,12,1,User
791287,76,0,User
791143,71,1,User
791366,36,1,User
791308,69,0,User
791249,22,1,User
791409,78,0,User
791250,12,0,User
791331,66,1,User
791451,72,1,User
791482,69,1,User
791428,16,1,User
791524,14,0,User
791439,74,1,User
791558,48,0,User
791561,12,1,User
791526,12,1,User
791380,19,1,User
791503,16,1,User
791703,12,0,User
791550,48,1,User
791715,22,0,User
791728,48,1,User
791866,12,1,User
791625,12,1,User
791817,72,0,User
792053,12,1,User
792166,28,0,User
792141,71,0,User
792185,34,1,User
792118,12,0,User
792228,62,0,User
792236,88,0,User
792336,71,0,User
792330,64,0,User
792281,71,0,User
792472,33,0,User
792345,12,0,User
792541,57,0,User
792488,36,1,User
792634,17,1,User
792536,12,0,User
792710,60,0,User
792751,12,1,User
792842,12,1,User
792777,12,1,User
792840,29,1,User
792823,53,0,User
792994,57,1,User
793052,12,0,User
792942,72,0,User
792880,69,1,User
792996,12,1,User
792956,47,0,User
793064,12,1,User
793065,14,1,User
793158,60,1,User
793180,19,0,User
793311,59,1,User
793208,12,0,User
793445,14,1,User
793320,59,1,User
793487,12,1,User
793272,67,0,User
793273,71,1,User
793491,62,1,User
793438,79,0,User
793591,26,1,User
793536,12,1,User
793379,64,1,User
793624,55,0,User
793507,43,0,User
793467,67,0,User
793611,57,0,User
793718,62,0,User
793509,47,1,User
793732,48,0,User
793648,71,1,User
793921,53,1,User
793907,64,1,User
793952,64,0,User
793982,41,1,User
793999,12,0,User
793884,71,1,User
794029,12,0,User
793935,12,1,User
794008,79,0,User
794059,12,0,User
794044,59,0,User
794036,72,1,User
794038,66,0,User
794103,57,0,User
794215,26,0,User
794138,17,1,User
794300,41,0,User
794348,48,0,User
794307,48,0,User
794293,12,0,User
794403,12,0,User
794422,16,1,User
794383,67,0,User
794481,12,1,User
794502,62,1,User
794658,66,1,User
794631,66,0,User
794704,12,0,User
794747,59,0,User
794670,66,1,User
794866,16,0,User
794695,71,0,User
794796,71,0,User
794843,52,0,User
794847,60,1,User
794959,62,1,User
795003,12,1,User
794978,43,0,User
795020,76,1,User
794903,24,0,User
795000,64,0,User
795097,72,0,User
795083,57,1,User
795043,12,1,User
795124,60,0,User
795088,79,1,User
795196,12,0,User
795111,59,0,User
795065,60,0,User
795174,17,0,User
795250,57,1,User
795209,66,0,User
795387,71,1,User
795472,74,0,User
795268,40,0,User
795521,12,0,User
795571,12,0,User
795587,66,1,User
795530,12,0,User
795547,16,1,User
795620,12,0,User
795548,55,0,User
795622,64,0,User
795492,60,0,User
795677,43,0,User
795694,69,0,User
795666,59,0,User
795645,62,0,User
795682,21,1,User
795700,66,0,User
795405,14,1,User
795717,12,1,User
795627,38,1,User
795799,12,1,User
795786,14,1,User
795918,74,0,User
796008,12,1,User
795924,29,1,User
795925,24,0,User
796044,21,1,User
796075,19,1,User
796235,14,0,User
796252,64,1,User
796161,71,1,User
796322,67,0,User
796283,59,1,User
796431,34,0,User
796463,62,0,User
796483,64,0,User
796501,31,0,User
796504,52,0,User
796492,81,1,User
796697,22,1,User
796632,53,1,User
796718,12,1,User
796693,66,1,User
796882,62,0,User
797076,64,1,User
797108,12,1,User
797125,60,1,User
797036,12,1,User
797222,12,1,User
797143,69,0,User
797226,62,0,User
797358,83,0,User
797290,12,0,User
797370,78,1,User
797467,38,0,User
797585,69,0,User
797503,16,0,User
797735,47,1,User
797710,69,1,User
797748,12,0,User
797549,57,1,User
797911,53,0,User
797914,66,0,User
797958,36,0,User
797799,48,1,User
798110,16,1,User
798055,55,0,User
798205,78,1,User
798142,38,1,User
798282,45,1,User
798319,59,1,User
798254,24,0,User
798283,67,0,User
798307,66,1,User
798468,33,0,User
798482,14,1,User
798450,71,1,User
798533,62,0,User
798506,12,0,User
798490,64,0,User
798661,17,0,User
798590,71,1,User
798360,53,0,User
798766,45,0,User
798718,48,1,User
798720,31,1,User
798659,24,0,User
798805,16,1,User
798637,59,0,User
798887,64,1,User
798892,71,0,User
798764,12,1,User
798951,60,1,User
798937,17,0,User
798794,24,1,User
798941,28,1,User
798986,12,0,User
799069,38,1,User
798994,71,0,User
798990,22,1,User
799144,47,1,User
799002,60,1,User
799159,72,1,User
799218,43,1,User
799252,53,1,User
799309,74,0,User
799310,66,1,User
799299,52,1,User
799198,12,1,User
799301,57,1,User
799381,38,0,User
799245,19,0,User
799092,62,0,User
799348,79,0,User
799305,98,1,User
799505,62,0,User
799607,12,0,User
799636,38,1,User
799610,60,1,User
799642,12,0,User
799410,12,1,User
799645,47,0,User
799515,64,1,User
799544,66,0,User
799816,12,1,User
799597,59,0,User
799863,59,1,User
799760,12,0,User
799910,69,1,User
799920,12,1,User
799931,40,1,User
799963,59,1,User
799964,47,1,User
800054,12,1,User
799994,16,1,User
800082,43,1,User
800149,67,0,User
800192,43,1,User
800184,24,0,User
799948,12,1,User
800313,31,0,User
800372,69,1,User
800173,62,0,User
800386,12,1,User
800248,67,1,User
800278,47,1,User
800250,71,1,User
800361,24,0,User
800467,67,1,User
800290,14,0,User
800574,62,0,User
800408,69,1,User
800482,64,1,User
800579,12,0,User
800550,12,0,User
800634,45,0,User
800672,48,1,User
800734,12,1,User
800735,12,1,User
800755,36,1,User
800829,12,1,User
800929,26,1,User
800956,69,1,User
800940,67,0,User
800977,36,0,User
801049,71,1,User
800876,62,0,User
800923,12,1,User
801220,57,0,User
801282,62,1,User
801438,12,1,User
801452,24,0,User
801530,40,0,User
801464,12,1,User
801619,62,0,User
801650,67,0,User
801729,62,0,User
801638,53,0,User
801750,71,1,User
801789,17,1,User
801715,12,1,User
801716,12,1,User
801873,12,1,User
801876,12,1,User
801733,67,0,User
801949,64,0,User
801982,57,0,User
802042,12,0,User
802012,62,1,User
802086,12,0,User
802050,28,0,User
802127,31,1,User
801971,19,0,User
802094,12,1,User
802208,16,1,User
802149,24,0,User
802181,69,0,User
802195,64,0,User
802200,12,1,User
802525,38,0,User
802485,67,1,User
802586,12,1,User
802538,84,0,User
802560,31,0,User
802778,81,0,User
802542,12,1,User
802749,12,1,User
802864,12,0,User
802752,64,0,User
802866,71,0,User
802868,71,1,User
802805,24,0,User
802766,19,1,User
802768,29,1,User
802954,48,0,User
802955,12,1,User
802996,74,0,User
803072,60,0,User
802889,74,1,User
803050,69,0,User
803094,12,0,User
803085,33,0,User
803266,12,0,User
803267,12,0,User
803196,55,0,User
803241,67,0,User
803258,12,0,User
803155,67,1,User
803228,12,1,User
803347,72,0,User
803232,12,0,User
803390,12,1,User
803380,12,1,User
803486,59,0,User
803581,67,1,User
803597,78,0,User
803587,33,0,User
803564,12,1,User
803511,64,1,User
803514,12,0,User
803703,57,1,User
803668,60,1,User
803734,36,1,User
803669,52,1,User
803845,12,0,User
803789,67,0,User
803915,14,1,User
803874,19,1,User
803814,33,1,User
803987,12,0,User
804031,12,0,User
803819,76,0,User
803756,17,1,User
804021,12,0,User
804048,12,0,User
804023,41,0,User
804095,12,1,User
803969,71,0,User
804229,14,1,User
804115,34,1,User
804323,14,1,User
804187,69,1,User
804324,76,0,User
804380,69,0,User
804147,12,0,User
804309,12,0,User
804281,72,0,User
804440,64,0,User
804353,14,0,User
804589,41,0,User
804567,12,1,User
804489,60,1,User
804679,12,0,User
804660,24,0,User
804767,71,1,User
804807,71,1,User
804833,62,0,User
804821,41,0,User
804904,16,0,User
804920,71,1,User
804954,12,0,User
805022,21,1,User
804912,12,0,User
805047,59,1,User
805106,28,0,User
805108,66,1,User
805216,16,0,User
805202,60,0,User
805140,12,0,User
805197,47,1,User
805341,12,0,User
805121,60,1,User
805343,69,1,User
805427,55,1,User
805390,22,0,User
805520,62,0,User
805346,66,1,User
805591,12,0,User
805350,53,1,User
805431,31,1,User
805434,72,0,User
805700,60,1,User
805732,69,0,User
805787,12,1,User
805802,21,0,User
805724,66,1,User
805943,69,1,User
805888,69,1,User
805902,33,1,User
806030,71,1,User
806117,12,0,User
805955,60,1,User
806015,12,1,User
806047,38,0,User
806176,19,1,User
806130,72,0,User
806114,53,0,User
806194,64,0,User
806085,12,0,User
806242,76,0,User
806158,76,1,User
806342,40,0,User
806321,67,0,User
806170,67,0,User
806436,21,0,User
806378,69,0,User
806478,29,0,User
806380,12,0,User
806482,12,1,User
806363,69,1,User
806398,12,1,User
806641,14,1,User
806658,12,0,User
806762,34,0,User
806713,67,0,User
806550,12,0,User
806742,12,1,User
806900,67,0,User
806967,21,0,User
807062,69,0,User
807110,12,1,User
807095,17,1,User
807132,12,0,User
807214,43,1,User
807378,66,1,User
807430,67,0,User
807457,12,1,User
807413,52,0,User
807501,71,0,User
807345,71,1,User
807535,45,1,User
807510,66,0,User
807682,12,0,User
807524,14,0,User
807549,81,1,User
807751,12,1,User
807614,69,1,User
807767,67,1,User
807598,66,0,User
807949,19,1,User
807978,19,0,User
808038,40,0,User
808025,12,1,User
808075,55,0,User
807953,79,0,User
808277,12,0,User
808226,72,1,User
808313,78,0,User
808244,66,0,User
808175,55,1,User
808331,40,1,User
808182,41,1,User
808408,12,0,User
808577,14,0,User
808574,50,0,User
808620,52,0,User
808559,66,0,User
808659,36,0,User
808740,26,0,User
808817,60,0,User
808863,53,0,User
808705,12,0,User
808889,59,1,User
808952,21,1,User
809000,12,0,User
809089,67,0,User
809092,69,1,User
809061,64,0,User
808944,57,0,User
809047,29,0,User
809062,12,1,User
809067,66,1,User
809281,12,0,User
809158,43,0,User
809198,12,1,User
809248,72,0,User
809341,40,0,User
809318,60,1,User
809335,43,0,User
809436,60,0,User
809220,81,0,User
809518,76,0,User
809555,24,0,User
809490,16,1,User
809457,21,0,User
809544,71,0,User
809545,28,1,User
809520,52,1,User
809612,12,0,User
809385,12,0,User
809428,74,1,User
809722,12,0,User
809693,24,1,User
809739,48,1,User
809942,12,0,User
809954,12,0,User
809955,36,0,User
810039,71,0,User
810153,12,0,User
810173,33,0,User
810084,59,0,User
810000,55,0,User
810214,64,1,User
810257,12,0,User
810259,57,1,User
810234,34,0,User
810235,12,1,User
810200,62,0,User
810284,26,1,User
810411,60,0,User
810466,16,0,User
810365,14,0,User
810383,17,0,User
810563,72,1,User
810490,62,0,User
810608,12,0,User
810478,12,0,User
810811,67,0,User
810720,12,0,User
810627,12,0,User
810815,71,1,User
810889,12,0,User
810748,12,1,User
810694,40,1,User
810866,12,1,User
810917,12,0,User
810689,48,0,User
810883,12,1,User
810926,17,1,User
811013,12,0,User
811082,48,1,User
811101,69,1,User
811191,66,1,User
811112,12,1,User
811133,71,1,User
811263,16,0,User
811227,12,0,User
811282,38,1,User
811283,71,1,User
811241,74,0,User
811340,78,0,User
811404,31,0,User
811473,12,1,User
811475,31,1,User
811482,86,1,User
811535,48,0,User
811556,62,1,User
811319,76,1,User
811584,21,1,User
811641,67,1,User
811643,12,0,User
811682,45,0,User
811626,69,1,User
811598,62,1,User
811689,69,1,User
811774,12,1,User
811748,66,0,User
811907,71,1,User
812047,47,0,User
812055,14,1,User
812108,12,0,User
812126,19,0,User
812063,33,0,User
812140,12,1,User
812211,64,0,User
812024,12,0,User
812326,67,0,User
812200,29,0,User
812333,72,1,User
812278,60,1,User
812286,12,1,User
812422,14,1,User
812403,55,0,User
812475,55,1,User
812486,66,1,User
812501,52,0,User
812532,48,1,User
812641,12,0,User
812616,71,0,User
812510,59,1,User
812580,67,0,User
812695,57,0,User
812890,66,0,User
812796,12,1,User
812788,71,1,User
812942,83,1,User
812974,74,0,User
813017,66,1,User
812969,69,1,User
813007,22,0,User
813066,12,0,User
812933,12,1,User
813074,36,1,User
812908,12,1,User
812953,36,0,User
813153,53,0,User
813083,55,0,User
813274,62,1,User
813278,12,1,User
813088,21,1,User
813303,71,1,User
813379,62,0,User
813204,33,1,User
813439,66,1,User
813386,62,1,User
813400,50,0,User
813548,17,1,User
813578,52,0,User
813593,69,0,User
813520,14,1,User
813746,48,0,User
813669,36,1,User
813656,64,0,User
813759,69,1,User
813835,12,1,User
813850,60,1,User
814031,17,0,User
813922,69,1,User
814003,12,0,User
814219,16,1,User
814220,12,1,User
814207,55,0,User
814261,52,1,User
814200,41,1,User
814124,34,1,User
814135,38,1,User
814241,50,0,User
814343,76,0,User
814426,55,0,User
814458,14,1,User
814433,59,0,User
814330,69,1,User
814463,52,1,User
814494,12,1,User
814522,71,0,User
814580,12,1,User
814478,12,1,User
814639,40,1,User
814570,72,1,User
814542,12,0,User
814774,66,1,User
814731,76,0,User
814669,19,1,User
814679,14,0,User
814869,76,0,User
814839,59,1,User
814956,38,0,User
814945,76,0,User
814949,12,1,User
815150,84,1,User
815020,60,1,User
815023,14,1,User
815180,67,0,User
815269,19,0,User
815153,69,1,User
815170,64,1,User
815342,50,0,User
815395,38,1,User
815493,34,0,User
815585,12,0,User
815347,12,1,User
815542,24,0,User
815544,57,0,User
815564,67,0,User
815728,12,0,User
815711,41,0,User
815867,14,0,User
815787,12,0,User
815789,12,0,User
815803,60,1,User
815986,12,1,User
815815,71,1,User
816076,66,1,User
816047,48,0,User
816055,62,0,User
816058,17,0,User
815965,71,0,User
816090,12,0,User
816133,64,1,User
816286,50,1,User
816206,14,0,User
816162,12,0,User
816331,43,1,User
816224,66,0,User
816349,12,0,User
816391,53,0,User
816282,78,1,User
816467,67,1,User
816375,71,1,User
816405,66,1,User
816478,60,0,User
816447,29,1,User
816359,52,0,User
816646,48,1,User
816605,62,0,User
816577,64,0,User
816710,74,1,User
816711,60,0,User
816751,67,1,User
816503,59,0,User
816774,12,0,User
816889,66,1,User
816924,12,0,User
816927,21,1,User
816832,12,1,User
817051,52,1,User
816837,26,1,User
816941,71,1,User
817227,43,1,User
817191,64,0,User
817151,45,0,User
817301,53,1,User
817325,53,0,User
817302,69,0,User
817490,12,0,User
817380,14,1,User
817561,72,1,User
817467,66,1,User
817592,66,0,User
817596,36,0,User
817636,16,0,User
817588,12,0,User
817610,55,0,User
817625,62,1,User
817659,41,0,User
817692,12,1,User
817791,17,0,User
817634,72,0,User
817880,29,1,User
817619,59,1,User
817966,59,1,User
817956,12,0,User
817919,41,1,User
818062,12,1,User
818078,12,0,User
817979,47,0,User
818178,45,0,User
818125,72,1,User
818100,47,1,User
818127,12,1,User
818166,12,1,User
818052,53,1,User
818271,12,1,User
818450,64,1,User
818478,12,0,User
818361,41,0,User
818481,57,1,User
818585,76,0,User
818453,12,0,User
818639,66,1,User
818601,69,0,User
818519,12,0,User
818691,14,1,User
818795,59,0,User
818836,12,0,User
818737,12,1,User
818823,47,1,User
818680,71,0,User
818889,21,1,User
818861,71,1,User
818863,12,1,User
818933,91,1,User
818925,64,0,User
818962,59,1,User
818907,12,1,User
818910,59,1,User
819077,12,0,User
819067,67,0,User
819041,67,0,User
819184,12,1,User
819217,17,1,User
819188,60,1,User
819202,48,1,User
819230,34,0,User
819321,12,1,User
819277,12,1,User
819236,60,0,User
819194,12,1,User
819195,14,0,User
819439,79,0,User
819458,29,1,User
819429,12,0,User
819557,72,1,User
819459,12,1,User
819561,66,0,User
819691,71,1,User
819581,12,0,User
819518,14,1,User
819715,12,1,User
819786,12,1,User
819844,64,1,User
819686,45,1,User
819657,47,1,User
819771,14,0,User
819745,67,1,User
819819,71,0,User
819746,14,1,User
819892,12,1,User
819761,66,1,User
819924,60,1,User
819896,59,1,User
819998,12,0,User
819958,48,0,User
820030,71,1,User
820031,45,0,User
820033,48,1,User
820048,14,1,User
820142,71,0,User
820156,64,0,User
820173,12,1,User
820129,55,0,User
820170,55,0,User
820110,36,1,User
820265,43,1,User
820291,21,0,User
820281,48,1,User
820356,62,1,User
820327,16,1,User
820317,79,1,User
820361,50,0,User
820415,38,1,User
820372,71,0,User
820287,72,1,User
820305,14,0,User
820467,16,1,User
820393,12,0,User
820576,12,0,User
820482,72,1,User
820643,67,1,User
820648,72,0,User
820557,53,1,User
820849,12,1,User
820854,76,1,User
820746,74,1,User
820768,53,0,User
820923,64,0,User
820951,14,1,User
820901,12,1,User
820928,55,0,User
820945,53,0,User
820873,43,0,User
821102,43,1,User
820977,21,0,User
821132,64,0,User
821010,72,0,User
821081,12,0,User
821228,57,0,User
821313,64,1,User
821130,16,0,User
821374,50,0,User
821302,38,0,User
821260,50,0,User
821262,55,0,User
821369,21,1,User
821294,72,1,User
821440,14,0,User
821470,12,1,User
821430,67,0,User
821514,19,1,User
821587,12,0,User
821687,12,1,User
821675,57,1,User
821689,12,1,User
821717,12,0,User
821638,12,0,User
821929,12,0,User
821757,12,1,User
821958,55,0,User
821770,60,1,User
822039,60,0,User
821850,71,0,User
822122,60,1,User
822066,40,1,User
822026,64,1,User
822115,71,1,User
822199,12,1,User
822202,76,0,User
822161,59,0,User
822191,12,0,User
822306,12,1,User
822362,14,1,User
822322,34,1,User
822280,12,1,User
822422,47,0,User
822400,57,0,User
822496,12,0,User
822498,52,0,User
822650,57,1,User
822536,71,0,User
822756,45,0,User
822657,12,0,User
822899,12,0,User
822915,12,0,User
822878,16,0,User
823022,59,0,User
822870,19,1,User
823177,12,0,User
823207,12,0,User
823044,12,1,User
823169,12,0,User
823292,12,0,User
823185,67,0,User
823138,12,0,User
823310,50,0,User
823265,71,0,User
823284,52,1,User
823226,33,1,User
823474,33,0,User
823461,53,1,User
823482,16,0,User
823298,66,1,User
823303,43,0,User
823530,19,0,User
823666,24,0,User
823553,71,0,User
823575,22,1,User
823804,66,0,User
823709,90,1,User
823882,24,0,User
823909,71,0,User
823996,60,0,User
823854,12,1,User
824041,12,0,User
824057,12,0,User
824017,12,0,User
824022,12,1,User
824098,16,0,User
824099,55,1,User
824112,33,1,User
824303,34,0,User
824271,12,0,User
824336,59,0,User
824500,71,1,User
824437,12,0,User
824598,59,0,User
824658,12,0,User
824487,53,1,User
824603,12,0,User
824761,53,1,User
824606,62,0,User
824662,72,0,User
824633,33,0,User
824638,34,0,User
824852,12,1,User
824799,50,0,User
824885,28,0,User
824804,71,0,User
824929,55,1,User
824863,93,1,User
824780,48,1,User
824741,12,1,User
824847,12,1,User
824958,16,1,User
825024,17,0,User
825011,67,0,User
825084,64,0,User
825185,12,0,User
825226,53,0,User
825161,67,0,User
825252,60,1,User
825255,48,1,User
825279,12,1,User
825376,12,1,User
825437,38,1,User
825149,45,1,User
825360,28,0,User
825457,74,0,User
825339,62,1,User
825345,12,0,User
825514,57,0,User
825571,66,1,User
825550,59,1,User
825623,71,1,User
825640,41,1,User
825663,71,0,User
825642,43,0,User
825700,67,1,User
825734,45,0,User
825871,67,1,User
825902,62,0,User
825903,33,0,User
825933,76,0,User
825836,66,1,User
825675,36,0,User
826021,69,0,User
825930,12,1,User
826085,14,0,User
825990,12,1,User
826187,69,1,User
826075,50,0,User
825973,57,0,User
826351,90,1,User
826268,12,1,User
826352,12,0,User
826398,12,0,User
826416,14,1,User
826551,67,1,User
826510,12,0,User
826682,57,1,User
826566,64,1,User
826645,12,0,User
826802,66,1,User
826806,40,0,User
826706,12,1,User
826813,67,1,User
826922,71,1,User
826751,12,1,User
826799,12,0,User
826896,12,0,User
826915,12,0,User
826934,36,1,User
827033,21,0,User
826902,12,0,User
827063,14,1,User
827064,29,1,User
826905,59,0,User
827120,22,1,User
827109,62,1,User
827114,62,0,User
827288,69,1,User
827199,12,0,User
827310,64,1,User
827337,24,1,User
827450,12,1,User
827524,29,1,User
827384,69,1,User
827385,45,1,User
827567,12,0,User
827644,12,0,User
827595,71,1,User
827778,71,1,User
827688,12,1,User
827729,12,1,User
827872,12,0,User
827951,59,1,User
828024,12,1,User
827936,57,1,User
827938,67,1,User
828042,72,0,User
828154,36,0,User
828174,29,1,User
828211,57,1,User
828219,76,0,User
828101,12,1,User
828276,24,1,User
828348,12,0,User
828319,12,1,User
828349,12,0,User
828406,12,0,User
828299,34,1,User
828407,22,0,User
828436,36,0,User
828267,57,1,User
828433,69,1,User
828472,14,0,User
828558,43,1,User
828523,71,1,User
828725,57,1,User
828680,74,1,User
828752,67,1,User
828792,67,0,User
828892,69,1,User
828765,47,0,User
828950,22,0,User
828885,45,0,User
829067,66,0,User
829069,12,0,User
829086,50,0,User
829121,67,0,User
829028,12,0,User
829192,12,1,User
829196,12,1,User
829146,69,0,User
829206,12,0,User
829306,64,1,User
829342,16,0,User
829151,40,0,User
829314,12,1,User
829252,26,0,User
829349,62,0,User
829415,16,0,User
829442,28,0,User
829434,48,0,User
829405,55,0,User
829502,12,0,User
829532,69,1,User
829375,29,0,User
829485,12,1,User
829425,69,0,User
829523,12,1,User
829597,12,0,User
829609,21,1,User
829668,62,1,User
829760,16,1,User
829725,76,0,User
829834,12,0,User
829709,55,1,User
829954,60,1,User
829984,12,1,User
829975,12,1,User
830018,55,0,User
830101,71,1,User
829945,17,0,User
829963,55,0,User
830256,12,1,User
830290,45,0,User
830261,14,1,User
830291,50,0,User
830081,66,0,User
830315,55,0,User
830477,66,0,User
830443,72,1,User
830555,59,1,User
830474,34,0,User
830687,12,0,User
830519,12,0,User
830733,55,0,User
830761,66,0,User
830738,59,0,User
830926,12,0,User
830884,86,0,User
830713,50,0,User
830787,57,0,User
830956,16,0,User
830820,57,1,User
830700,14,1,User
830979,72,0,User
831083,45,0,User
831175,53,0,User
831185,57,1,User
831089,50,0,User
831186,86,1,User
831176,59,0,User
831070,12,0,User
831273,72,0,User
831249,12,1,User
831213,53,0,User
831218,67,0,User
831238,53,1,User
831208,12,0,User
831353,69,1,User
831488,36,0,User
831379,48,0,User
831505,71,0,User
831508,55,0,User
831567,12,0,User
831638,72,1,User
831626,12,0,User
831627,50,1,User
831721,16,0,User
831642,12,1,User
831757,50,1,User
831763,62,1,User
831668,12,1,User
831672,34,1,User
831820,12,1,User
831837,12,1,User
831980,72,0,User
831958,67,0,User
832011,84,1,User
832062,62,0,User
831897,59,0,User
832045,59,0,User
832109,12,0,User
832048,66,1,User
832237,28,0,User
832265,16,0,User
832178,14,0,User
832193,78,1,User
832194,71,1,User
832123,48,0,User
832212,12,0,User
832387,12,0,User
832389,12,0,User
832457,74,0,User
832393,74,0,User
832445,47,1,User
832349,71,1,User
832577,12,0,User
832462,69,1,User
832549,12,1,User
832530,12,1,User
832542,48,0,User
832759,12,0,User
832717,81,0,User
832817,71,1,User
832793,64,1,User
832795,55,1,User
832853,14,1,User
832694,40,0,User
832985,66,1,User
832825,64,1,User
833043,47,0,User
832920,14,1,User
833136,12,1,User
833179,14,1,User
833052,66,1,User
833122,12,1,User
833187,12,1,User
833269,64,1,User
833313,12,1,User
833356,21,1,User
833418,12,0,User
833446,12,1,User
833395,12,0,User
833306,66,1,User
833464,71,0,User
833451,12,0,User
833354,12,0,User
833427,19,1,User
833384,12,0,User
833261,62,1,User
833415,60,1,User
833263,12,1,User
833660,33,1,User
833369,76,0,User
833580,12,1,User
833649,24,1,User
833684,12,1,User
833857,12,1,User
833915,67,1,User
834091,76,0,User
834000,12,1,User
834054,69,1,User
834201,76,1,User
834161,19,0,User
834271,64,1,User
834165,53,0,User
834284,55,0,User
834312,83,0,User
834364,12,1,User
834297,12,0,User
834498,71,0,User
834405,74,0,User
834471,72,0,User
834448,14,0,User
834458,62,1,User
834663,16,1,User
834721,62,1,User
834651,12,0,User
834738,59,0,User
834728,14,1,User
834811,66,0,User
834731,12,0,User
834856,12,1,User
834837,12,0,User
834838,41,1,User
834765,67,1,User
834963,55,0,User
834939,59,0,User
834912,53,1,User
834986,29,0,User
835111,14,1,User
834885,12,1,User
835062,12,1,User
835172,14,1,User
835173,72,1,User
835278,14,1,User
835210,60,1,User
835266,14,0,User
835327,43,1,User
835185,12,0,User
835381,40,0,User
835300,60,1,User
835400,12,1,User
835374,43,1,User
835416,47,0,User
835404,71,1,User
835471,16,0,User
835505,71,0,User
835439,64,0,User
835564,12,1,User
835608,12,0,User
835587,57,0,User
835573,50,1,User
835633,22,0,User
835604,59,1,User
835847,76,0,User
835740,69,1,User
835922,16,0,User
835908,66,0,User
835895,26,1,User
835882,67,0,User
835952,81,0,User
835725,16,1,User
835928,74,1,User
835998,72,0,User
836031,19,1,User
836044,12,1,User
835753,60,1,User
836035,12,1,User
836019,12,1,User
836116,57,0,User
836136,76,1,User
836153,53,1,User
836239,64,0,User
836263,52,1,User
836120,12,1,User
836199,66,1,User
836186,59,0,User
836201,43,0,User
836477,41,1,User
836495,12,1,User
836456,52,0,User
836512,83,0,User
836468,43,1,User
836488,29,1,User
836661,66,1,User
836662,55,0,User
836617,19,1,User
836576,66,0,User
836692,59,0,User
836730,17,1,User
836737,53,0,User
836738,52,0,User
836705,60,0,User
836815,12,0,User
836903,12,0,User
836932,31,1,User
836946,12,0,User
837018,12,1,User
836990,12,1,User
836966,12,0,User
836955,66,1,User
837137,67,0,User
837102,17,1,User
837118,12,0,User
837210,64,1,User
837250,12,0,User
837263,74,0,User
837425,41,1,User
837499,12,1,User
837266,83,0,User
837562,19,1,User
837636,17,1,User
837622,12,1,User
837652,38,1,User
837623,34,0,User
837724,33,0,User
837715,43,1,User
837767,14,0,User
837841,12,1,User
837861,12,0,User
837838,64,1,User
837899,84,0,User
837922,12,0,User
838142,59,1,User
838005,59,0,User
838059,59,1,User
838123,48,0,User
838153,57,0,User
838184,52,0,User
838266,36,0,User
838310,41,1,User
838311,24,1,User
838326,66,1,User
838287,64,0,User
838546,67,1,User
838528,12,1,User
838595,71,1,User
838667,67,1,User
838616,53,0,User
838771,71,0,User
838714,66,1,User
838694,57,0,User
838819,12,0,User
838739,45,1,User
838908,53,1,User
838843,71,1,User
838885,22,0,User
838971,64,1,User
838920,71,1,User
839035,79,0,User
839118,66,1,User
838989,57,1,User
839226,59,0,User
839267,12,0,User
839387,67,0,User
839401,57,0,User
839376,69,0,User
839404,55,1,User
839365,19,1,User
839553,83,0,User
839641,12,0,User
839606,71,1,User
839628,64,0,User
839607,76,0,User
839499,12,1,User
839484,14,1,User
839722,71,1,User
839742,59,1,User
839766,64,1,User
839874,59,1,User
839899,24,0,User
839901,48,0,User
839726,50,1,User
839820,52,1,User
839964,40,1,User
839965,64,1,User
839966,40,1,User
840051,71,0,User
840065,81,0,User
840122,12,1,User
840114,12,1,User
840118,12,1,User
840105,69,1,User
840259,12,1,User
840264,12,1,User
840282,45,1,User
840148,41,0,User
840337,14,0,User
840309,26,0,User
840385,60,1,User
840343,12,1,User
840315,12,1,User
840528,31,0,User
840518,12,1,User
840548,64,1,User
840633,40,0,User
840736,55,1,User
840480,31,0,User
840697,66,0,User
840740,78,0,User
840807,64,0,User
840918,71,1,User
840861,12,0,User
840909,64,0,User
841038,12,0,User
840944,66,1,User
841027,71,0,User
841144,12,1,User
841029,50,0,User
841277,67,0,User
841278,57,0,User
841214,72,1,User
841269,16,1,User
841092,12,1,User
841338,53,0,User
841398,62,1,User
841344,12,1,User
841401,12,1,User
841195,71,1,User
841372,57,1,User
841358,64,0,User
841373,12,1,User
841238,12,0,User
841462,31,0,User
841533,62,0,User
841492,36,1,User
841506,53,1,User
841510,48,1,User
841483,72,1,User
841683,28,0,User
841685,12,1,User
841733,12,1,User
841777,33,0,User
841710,66,0,User
841831,29,1,User
841813,12,0,User
841854,60,0,User
841725,45,1,User
841857,60,1,User
841799,12,0,User
841968,12,1,User
842007,69,0,User
842121,16,1,User
842029,66,1,User
842209,53,1,User
842211,12,1,User
842243,22,1,User
842219,12,0,User
842284,26,0,User
842356,62,0,User
842173,16,0,User
842386,67,1,User
842277,12,0,User
842381,14,1,User
842363,52,1,User
842551,64,0,User
842526,66,0,User
842489,12,1,User
842593,40,0,User
842722,12,0,User
842710,60,1,User
842692,69,1,User
842715,50,0,User
842742,78,0,User
842755,69,1,User
842830,59,0,User
842838,55,1,User
842893,33,1,User
843009,12,0,User
842966,64,0,User
842993,26,1,User
843196,12,0,User
843189,67,1,User
843273,14,0,User
843194,12,0,User
843277,31,1,User
843259,57,0,User
843317,21,0,User
843293,14,1,User
843221,31,1,User
843223,45,1,User
843299,14,0,User
843340,12,1,User
843315,55,0,User
843429,69,0,User
843514,64,0,User
843490,16,1,User
843621,53,0,User
843651,69,1,User
843627,14,1,User
843532,52,1,User
843509,12,0,User
843533,48,1,User
843583,71,0,User
843769,66,1,User
843710,31,1,User
843815,36,1,User
843779,64,1,User
843842,12,0,User
843807,43,1,User
843858,12,0,User
843859,47,1,User
843732,69,0,User
843877,12,0,User
843823,60,1,User
843951,12,1,User
844008,28,0,User
844018,47,0,User
844112,12,1,User
844075,64,0,User
844109,55,0,User
844121,66,0,User
844213,67,0,User
844215,71,1,User
844255,59,1,User
844312,50,0,User
844357,67,1,User
844387,12,1,User
844414,67,0,User
844404,26,0,User
844409,41,0,User
844410,38,1,User
844451,66,1,User
844550,62,0,User
844317,26,0,User
844301,57,1,User
844684,62,0,User
844719,36,0,User
844724,33,1,User
844768,62,0,User
845099,71,0,User
845082,12,0,User
845236,36,0,User
845225,60,0,User
845181,62,1,User
845255,12,0,User
845288,12,1,User
845187,12,0,User
845401,69,1,User
845320,53,1,User
845383,12,1,User
845429,22,0,User
845527,12,1,User
845354,14,0,User
845663,12,0,User
845682,57,0,User
845669,12,0,User
845706,12,0,User
845737,79,0,User
845603,12,1,User
845744,31,1,User
845712,43,1,User
845808,21,1,User
845827,45,0,User
845868,22,0,User
845926,12,0,User
845934,59,1,User
845907,69,0,User
845974,14,1,User
845865,24,1,User
845958,62,0,User
845940,69,0,User
845981,36,0,User
845999,12,0,User
845983,60,0,User
846015,64,0,User
846166,24,0,User
846059,12,0,User
846131,12,0,User
846288,28,1,User
846255,38,0,User
846348,12,0,User
846395,60,0,User
846355,38,1,User
846400,12,1,User
846415,12,1,User
846384,16,1,User
846512,34,0,User
846417,53,0,User
846546,12,1,User
846360,67,0,User
846520,67,0,User
846766,12,1,User
846670,50,1,User
846796,69,1,User
846770,12,0,User
846772,14,1,User
846773,45,0,User
846801,12,0,User
846731,53,0,User
846732,59,1,User
846901,57,0,User
846866,69,1,User
846993,71,0,User
846994,71,1,User
846949,12,1,User
847096,12,1,User
846914,66,1,User
847016,59,0,User
847067,33,0,User
847049,71,0,User
847128,12,0,User
847091,67,1,User
847256,12,0,User
847323,67,1,User
847472,71,1,User
847561,67,1,User
847537,60,1,User
847553,45,0,User
847510,62,1,User
847583,12,1,User
847465,45,0,User
847440,74,0,User
847728,67,0,User
847530,67,1,User
847802,55,1,User
847767,26,0,User
847849,45,0,User
847664,59,1,User
847853,60,1,User
847921,69,0,User
847856,12,1,User
847970,57,0,User
848163,64,0,User
848035,19,1,User
848258,12,0,User
848288,67,1,User
848204,64,0,User
848303,47,0,User
848262,12,1,User
848357,12,1,User
848292,43,0,User
848373,59,0,User
848246,12,1,User
848159,16,0,User
848431,69,0,User
848395,28,1,User
848400,60,1,User
848701,57,1,User
848562,12,0,User
848716,34,1,User
848722,14,1,User
848685,67,1,User
848725,38,1,User
848649,52,0,User
848610,64,1,User
848652,57,1,User
848741,67,0,User
848853,43,1,User
848900,14,1,User
848926,66,1,User
848931,60,0,User
848781,55,0,User
848980,69,1,User
848953,26,0,User
848773,12,1,User
849059,48,0,User
849219,60,1,User
849012,47,0,User
849294,90,0,User
849190,74,1,User
849285,66,0,User
849458,72,1,User
849400,19,1,User
849444,64,0,User
849485,71,0,User
849473,28,1,User
849299,55,1,User
849541,72,1,User
849372,62,1,User
849491,60,0,User
849587,62,1,User
849591,31,0,User
849608,67,1,User
849617,12,0,User
849679,12,0,User
849652,57,1,User
849614,69,1,User
849710,69,1,User
849620,55,1,User
849656,21,1,User
849657,41,1,User
849504,12,1,User
849624,14,1,User
849724,47,0,User
849720,28,0,User
849826,34,0,User
849745,29,1,User
849583,52,1,User
849775,12,0,User
849777,43,0,User
849838,48,0,User
850008,67,1,User
849880,22,1,User
849983,38,0,User
850087,59,1,User
850115,12,0,User
850157,62,0,User
850138,47,0,User
850031,64,1,User
850208,57,1,User
850282,12,1,User
850311,55,0,User
850337,62,1,User
850382,12,1,User
850249,12,1,User
850252,62,0,User
850284,16,1,User
850228,62,1,User
850582,12,0,User
850601,12,1,User
850683,74,0,User
850686,53,1,User
850713,72,1,User
850645,12,0,User
850625,62,0,User
850629,45,0,User
850751,67,1,User
850797,19,1,User
850970,55,1,User
851029,64,1,User
851004,72,1,User
850949,60,0,User
851046,12,1,User
851025,12,0,User
851084,17,0,User
851199,60,1,User
851282,31,1,User
851158,31,1,User
851202,67,1,User
851357,60,1,User
851245,64,0,User
851263,12,1,User
851355,31,1,User
851419,53,1,User
851556,31,1,User
851474,12,0,User
851310,26,0,User
851616,53,0,User
851586,67,0,User
851661,71,1,User
851676,14,1,User
851639,69,1,User
851667,47,1,User
851781,71,0,User
851764,16,0,User
851941,69,1,User
851711,64,1,User
851840,67,1,User
851741,12,0,User
851861,48,1,User
851979,12,0,User
851996,62,0,User
852042,12,1,User
851999,12,1,User
852174,47,1,User
852304,38,1,User
852346,12,1,User
852366,14,1,User
852394,62,0,User
852408,33,1,User
852193,14,1,User
852441,12,1,User
852397,66,1,User
852461,62,0,User
852344,60,1,User
852517,62,0,User
852475,66,1,User
852538,36,0,User
852478,12,0,User
852479,12,1,User
852782,55,1,User
852565,16,0,User
852796,66,0,User
852811,12,1,User
852728,36,0,User
852582,12,0,User
852759,12,0,User
852838,67,0,User
852843,34,0,User
852806,19,1,User
852902,64,0,User
852875,29,1,User
852716,60,1,User
852890,12,0,User
852916,38,0,User
852947,47,0,User
852907,16,0,User
852701,60,0,User
852926,26,0,User
853009,67,0,User
853024,59,1,User
853055,17,1,User
853037,55,1,User
853115,12,1,User
853087,55,0,User
853145,64,1,User
853132,60,1,User
853048,62,0,User
853138,14,0,User
853291,38,1,User
853248,14,1,User
853354,12,1,User
853384,47,0,User
853363,64,0,User
853394,41,1,User
853417,60,1,User
853459,69,0,User
853182,12,1,User
853506,67,1,User
853460,43,0,User
853423,17,0,User
853625,41,1,User
853637,45,0,User
853589,67,1,User
853672,67,0,User
853700,12,1,User
853701,34,1,User
853773,84,0,User
853703,57,1,User
853818,12,1,User
853497,14,0,User
853663,12,0,User
853892,12,0,User
853649,64,1,User
853844,22,0,User
853981,53,1,User
854012,64,0,User
854028,66,1,User
854072,64,0,User
854086,14,1,User
854017,69,1,User
854116,48,0,User
854121,57,1,User
854178,67,1,User
854055,28,0,User
854169,14,0,User
854160,45,0,User
854093,45,1,User
854313,47,1,User
854199,12,1,User
854328,60,1,User
854307,12,1,User
854404,29,0,User
854144,29,0,User
854483,12,0,User
854493,22,1,User
854516,71,1,User
854410,12,0,User
854535,12,1,User
854558,12,1,User
854571,57,0,User
854587,67,0,User
854499,41,1,User
854577,57,1,User
854648,12,1,User
854662,57,1,User
854665,26,0,User
854749,62,1,User
854744,12,1,User
854609,14,1,User
854941,12,1,User
855019,67,0,User
855033,26,0,User
854925,72,0,User
855007,12,1,User
855115,12,1,User
855175,74,1,User
855290,60,1,User
855361,41,0,User
855188,12,1,User
855392,34,0,User
855395,40,1,User
855409,53,1,User
855315,26,1,User
855359,71,1,User
855338,12,1,User
855470,34,0,User
855535,12,1,User
855630,64,0,User
855683,45,1,User
855724,14,1,User
855564,12,0,User
855715,52,0,User
855829,34,1,User
855775,12,0,User
855860,62,1,User
855814,64,1,User
856025,66,0,User
856099,53,1,User
855954,12,0,User
855957,12,1,User
856119,19,1,User
856174,12,1,User
856189,12,1,User
856179,52,0,User
856262,12,0,User
856240,55,0,User
856312,14,0,User
856298,67,1,User
856301,47,1,User
856316,52,1,User
856373,12,1,User
856457,12,0,User
856505,66,1,User
856380,12,1,User
856576,71,1,User
856598,62,0,User
856410,12,1,User
856617,72,0,User
856643,69,0,User
856743,22,0,User
856731,12,0,User
856744,33,0,User
856558,14,1,User
856799,22,1,User
856781,14,1,User
856875,14,0,User
856830,12,1,User
857004,62,1,User
857094,12,0,User
857054,12,0,User
857125,29,1,User
857169,59,1,User
857327,47,0,User
857175,34,1,User
857439,64,1,User
857445,12,0,User
857498,67,1,User
857658,62,1,User
857610,12,0,User
857653,71,1,User
857702,52,0,User
857692,12,1,User
857795,12,1,User
857822,48,1,User
857751,59,0,User
857917,57,1,User
857823,12,0,User
858010,40,1,User
858047,72,1,User
858093,71,0,User
858139,48,1,User
858142,76,1,User
858087,66,1,User
858183,12,1,User
858210,86,1,User
858243,19,0,User
858217,36,1,User
858236,34,0,User
858376,12,0,User
858393,67,0,User
858284,71,1,User
858357,64,1,User
858312,41,1,User
858414,62,1,User
858371,12,0,User
858339,24,1,User
858329,12,0,User
858483,71,0,User
858441,57,0,User
858559,57,1,User
858560,34,1,User
858490,12,1,User
858449,67,0,User
858751,31,0,User
858622,12,1,User
858827,55,1,User
858812,12,1,User
858670,69,1,User
858629,48,1,User
858831,60,1,User
858761,71,1,User
858935,36,0,User
858882,71,1,User
858978,21,0,User
858674,64,1,User
858899,60,1,User
858927,71,0,User
859008,52,0,User
858983,24,1,User
858999,66,1,User
859098,72,0,User
858915,57,0,User
858959,69,0,User
859070,16,1,User
858973,57,1,User
859231,67,0,User
859164,12,0,User
859233,14,0,User
859207,69,0,User
859173,12,1,User
859182,12,1,User
859256,71,0,User
859311,12,1,User
859396,45,0,User
859431,28,1,User
859503,55,0,User
859301,43,1,User
859505,43,0,User
859509,57,1,User
859556,16,0,User
859730,26,1,User
859663,55,0,User
859804,62,0,User
859921,12,0,User
859936,34,0,User
859914,14,0,User
859931,67,1,User
859960,71,1,User
860076,45,0,User
860079,12,0,User
860137,67,1,User
860154,52,1,User
860190,64,1,User
860144,60,0,User
860242,41,0,User
860261,12,1,User
860320,76,1,User
860434,66,0,User
860436,60,1,User
860450,36,0,User
860395,14,0,User
860430,12,0,User
860502,69,1,User
860626,47,0,User
860720,14,1,User
860639,12,1,User
860713,78,0,User
860836,12,0,User
860767,64,1,User
860769,12,1,User
860810,67,1,User
860715,12,0,User
860759,12,1,User
860958,12,0,User
860988,19,0,User
861139,29,1,User
861155,66,1,User
861111,66,1,User
861229,81,1,User
861259,36,1,User
861133,79,0,User
861361,48,0,User
861427,43,0,User
861526,69,0,User
861617,74,0,User
861563,62,0,User
861524,66,0,User
861699,14,0,User
861766,40,0,User
861773,62,0,User
861871,28,0,User
861829,69,0,User
861845,67,0,User
861749,62,0,User
861863,60,0,User
861878,12,1,User
861761,14,0,User
862056,24,1,User
862028,12,0,User
862081,62,1,User
861990,83,1,User
861956,36,0,User
861958,71,1,User
861964,19,0,User
862159,19,1,User
862174,50,0,User
862137,12,0,User
862206,33,1,User
861975,57,1,User
862107,45,0,User
862308,36,0,User
862293,36,1,User
862312,53,0,User
862340,24,0,User
862152,53,1,User
862345,12,0,User
862397,81,0,User
862365,12,0,User
862442,69,0,User
862444,41,0,User
862393,12,0,User
862436,67,0,User
862666,14,0,User
862669,69,0,User
862615,67,0,User
862439,50,0,User
862646,53,1,User
862649,72,1,User
862821,69,0,User
862791,16,0,User
862659,66,1,User
862877,62,0,User
862907,45,1,User
862814,33,1,User
862998,64,1,User
862999,69,0,User
863207,72,0,User
863024,12,0,User
863236,12,0,User
863212,12,0,User
863085,12,0,User
863271,66,0,User
863313,62,0,User
863070,40,1,User
863302,12,0,User
863342,12,1,User
863331,62,0,User
863294,64,0,User
863553,45,1,User
863558,14,1,User
863576,55,1,User
863647,62,0,User
863618,12,1,User
863654,71,0,User
863549,26,1,User
863762,29,1,User
863763,71,1,User
863795,64,1,User
863771,69,1,User
863707,67,0,User
863871,21,1,User
863710,12,0,User
863758,31,1,User
863832,71,1,User
863916,71,1,User
863917,21,1,User
863959,81,1,User
863715,12,0,User
863964,14,1,User
864052,50,0,User
864063,74,0,User
864054,71,0,User
864153,14,1,User
864229,86,1,User
864243,62,0,User
864057,12,1,User
864288,12,1,User
864267,78,1,User
864204,52,0,User
864432,69,0,User
864542,60,1,User
864478,64,1,User
864602,66,0,User
864607,12,1,User
864693,57,1,User
864743,14,0,User
864622,71,0,User
864563,34,1,User
864857,16,1,User
864875,64,1,User
864866,64,0,User
864777,41,0,User
864971,14,1,User
864997,81,1,User
865128,14,0,User
865114,34,0,User
865116,48,0,User
865016,22,0,User
865107,50,0,User
865186,16,1,User
865175,71,1,User
865231,64,1,User
865177,31,1,User
865167,62,1,User
865179,52,1,User
865252,67,0,User
865323,64,1,User
865240,53,0,User
865332,74,0,User
865401,66,0,User
865307,60,0,User
865193,53,0,User
865424,43,1,User
865358,41,0,User
865359,66,1,User
865536,19,0,User
865377,69,1,User
865592,67,1,User
865681,71,0,User
865667,62,0,User
865580,12,1,User
865506,69,0,User
865646,64,1,User
865748,40,0,User
865749,71,0,User
865863,33,0,User
865866,26,1,User
865762,74,0,User
865813,12,1,User
865753,66,1,User
865921,12,0,User
865951,55,1,User
865899,67,1,User
865929,26,1,User
865944,60,0,User
865722,64,1,User
866090,69,1,User
865975,17,1,User
866007,12,0,User
866162,64,0,User
866251,71,1,User
866215,62,1,User
866218,12,1,User
866244,36,0,User
866341,60,0,User
866358,28,1,User
866366,40,0,User
866454,12,1,User
866530,64,0,User
866576,12,0,User
866595,59,1,User
866534,62,0,User
866716,66,1,User
866705,52,1,User
866780,57,1,User
866796,12,0,User
866797,12,1,User
866853,60,0,User
866843,66,0,User
867035,64,0,User
867062,53,0,User
866968,12,1,User
867095,50,1,User
867059,55,1,User
867098,26,0,User
867157,47,0,User
867279,53,0,User
867381,14,1,User
867382,43,0,User
867595,22,0,User
867680,52,0,User
867555,12,1,User
867752,74,1,User
867767,74,1,User
867584,12,1,User
867824,57,1,User
867853,67,1,User
868083,12,1,User
868061,41,0,User
868314,21,1,User
868316,12,1,User
868344,14,0,User
868330,12,1,User
868348,47,1,User
868438,67,0,User
868479,69,0,User
868499,66,1,User
868609,12,0,User
868582,55,0,User
868682,59,0,User
868640,47,0,User
868643,66,0,User
868729,12,0,User
868704,14,0,User
868733,12,0,User
868797,71,1,User
868914,12,1,User
868951,12,0,User
868633,21,0,User
868821,52,0,User
868866,12,0,User
868942,50,0,User
868827,12,0,User
869078,22,0,User
868829,12,0,User
869010,12,0,User
869138,14,0,User
869144,62,0,User
869115,12,0,User
869344,12,0,User
869386,66,1,User
869402,24,1,User
869309,12,0,User
869432,19,0,User
869450,62,0,User
869506,47,0,User
869456,12,0,User
869458,64,0,User
869439,67,0,User
869385,12,1,User
869567,12,0,User
869581,19,0,User
869627,47,0,User
869490,67,0,User
869586,64,0,User
869534,12,1,User
869535,50,1,User
869575,60,0,User
869616,12,1,User
869791,62,1,User
869767,12,0,User
869654,12,0,User
869796,71,1,User
869938,47,0,User
869961,69,1,User
870067,12,0,User
870069,29,0,User
870111,14,1,User
870212,12,0,User
870120,12,1,User
870199,50,0,User
870028,12,0,User
870237,57,0,User
870104,12,1,User
870201,59,1,User
870293,69,1,User
870298,62,1,User
870357,67,1,User
870281,45,1,User
870442,12,0,User
870649,12,1,User
870658,12,1,User
870569,57,0,User
870584,12,1,User
870738,12,0,User
870696,12,1,User
870764,22,1,User
870639,57,0,User
870777,60,1,User
870642,66,1,User
870844,62,1,User
870859,12,0,User
870795,12,1,User
870913,38,1,User
870952,12,1,User
871120,64,0,User
871135,21,0,User
871159,12,1,User
871202,12,0,User
871189,67,1,User
871072,52,1,User
871075,64,0,User
871167,12,0,User
871168,55,1,User
871246,53,0,User
871078,41,0,User
871229,66,1,User
871170,24,1,User
871270,31,1,User
871332,48,0,User
871430,53,1,User
871319,24,1,User
871380,50,0,User
871504,12,1,User
871547,62,1,User
871575,69,0,User
871658,47,1,User
871596,71,1,User
871776,48,1,User
871746,64,0,User
871906,71,1,User
871907,71,0,User
871909,14,0,User
871869,64,0,User
871928,12,1,User
871975,66,1,User
872020,52,1,User
871934,12,1,User
872050,12,1,User
872037,12,0,User
872196,59,0,User
872318,67,1,User
872331,45,0,User
872321,62,0,User
872265,12,0,User
872432,12,0,User
872407,50,0,User
872302,12,1,User
872464,43,0,User
872540,62,1,User
872611,12,1,User
872586,62,0,User
872565,12,0,User
872577,12,1,User
872579,74,0,User
872782,47,0,User
872784,64,0,User
872768,12,0,User
872852,57,1,User
872941,59,1,User
872652,17,0,User
872888,71,1,User
873016,59,1,User
872924,47,1,User
872978,43,0,User
873030,57,1,User
872850,12,1,User
873091,59,0,User
872984,12,0,User
873014,14,0,User
873103,12,0,User
873216,66,1,User
872954,52,1,User
873227,55,0,User
873111,71,1,User
873278,64,0,User
873146,12,0,User
873294,59,1,User
873322,66,1,User
873285,53,0,User
873251,12,0,User
873208,12,0,User
873365,67,1,User
873456,12,1,User
873512,33,1,User
873500,12,1,User
873395,12,0,User
873397,36,1,User
873529,12,1,User
873522,40,1,User
873603,62,1,User
873659,24,0,User
873574,12,1,User
873568,59,1,User
873857,53,1,User
873688,12,1,User
873875,55,0,User
873719,40,1,User
873776,12,0,User
873992,12,1,User
873997,72,0,User
873960,12,1,User
873926,45,0,User
873986,74,1,User
874112,45,1,User
874106,12,0,User
874156,62,1,User
874143,74,0,User
874054,41,0,User
874154,34,1,User
874207,64,1,User
874121,38,0,User
874139,69,1,User
874250,12,1,User
874308,43,0,User
874311,64,0,User
874270,24,0,User
874272,67,0,User
874397,12,0,User
874356,47,1,User
874320,40,0,User
874399,12,1,User
874358,24,1,User
874430,12,0,User
874488,12,1,User
874501,12,1,User
874548,60,0,User
874584,62,1,User
874653,71,0,User
874669,31,1,User
874700,86,1,User
874687,52,1,User
874756,66,1,User
874719,12,0,User
874876,33,0,User
874676,43,1,User
874855,12,1,User
874909,78,0,User
874737,66,1,User
874897,57,0,User
874812,53,0,User
874858,50,1,User
874933,24,1,User
874998,64,1,User
874870,62,1,User
875057,52,1,User
875086,53,1,User
875052,17,0,User
875113,59,0,User
875126,69,1,User
875221,36,0,User
875095,16,1,User
875328,60,0,User
875344,12,0,User
875416,55,1,User
875467,67,0,User
875217,28,0,User
875515,60,1,User
875567,52,0,User
875582,48,0,User
875470,28,1,User
875472,71,1,User
875540,12,1,User
875734,66,0,User
875563,60,0,User
875889,76,0,User
875899,71,1,User
875900,59,1,User
875958,28,1,User
875729,28,1,User
876001,60,0,User
875950,66,1,User
876112,57,1,User
876069,71,1,User
876072,69,1,User
876074,71,1,User
876100,64,1,User
876226,78,1,User
876198,52,0,User
876214,12,0,User
876227,12,0,User
876288,40,0,User
876340,69,0,User
876350,40,0,User
876221,62,0,User
876493,50,1,User
876587,41,1,User
876592,19,1,User
876723,12,1,User
876628,12,0,User
876791,12,0,User
876909,60,0,User
876898,50,1,User
877007,64,0,User
877097,53,1,User
877113,12,1,User
877044,12,0,User
877034,59,0,User
877191,12,0,User
877070,67,1,User
877252,67,0,User
877060,12,0,User
877200,12,0,User
877291,57,0,User
877064,12,1,User
877065,12,0,User
877168,12,0,User
877355,12,0,User
877335,12,0,User
877375,12,0,User
877441,55,0,User
877443,64,1,User
877138,41,0,User
877512,12,0,User
877579,71,1,User
877554,14,1,User
877497,62,0,User
877482,12,1,User
877455,16,0,User
877677,12,0,User
877913,55,0,User
878012,47,0,User
877997,38,0,User
878116,36,0,User
878040,12,1,User
878078,71,1,User
878119,12,1,User
878042,60,0,User
878095,19,1,User
878163,12,0,User
878060,43,0,User
878096,12,1,User
878252,12,0,User
878069,12,0,User
878244,17,0,User
878287,28,1,User
878333,64,0,User
878402,53,1,User
878265,45,1,User
878453,12,1,User
878454,12,1,User
878430,59,1,User
878405,69,0,User
878443,57,0,User
878383,62,0,User
878546,12,1,User
878732,12,0,User
878777,12,1,User
878808,12,1,User
878796,64,0,User
878956,14,1,User
878902,64,0,User
879001,69,0,User
878932,12,0,User
878988,74,0,User
878906,12,1,User
878920,12,1,User
878990,48,0,User
878909,41,0,User
879139,36,0,User
879086,45,0,User
879088,55,1,User
879064,53,0,User
879186,72,1,User
879187,71,0,User
879213,12,0,User
879128,50,0,User
879146,57,1,User
879133,12,1,User
879290,53,1,User
879298,69,0,User
879441,66,1,User
879483,12,1,User
879544,52,1,User
879531,52,0,User
879661,36,1,User
879753,52,1,User
879726,12,1,User
879565,12,1,User
879687,14,0,User
879858,71,1,User
879932,43,0,User
879892,71,1,User
879897,64,1,User
879761,71,1,User
879795,55,0,User
879972,40,1,User
880127,12,0,User
880129,53,1,User
880144,12,1,User
880149,67,0,User
880276,28,1,User
880220,12,0,User
880181,12,0,User
880170,36,1,User
880153,45,0,User
880326,66,1,User
880427,12,0,User
880388,12,1,User
880548,67,1,User
880464,55,1,User
880505,12,0,User
880609,62,1,User
880598,12,1,User
880612,74,0,User
880638,12,1,User
880482,57,1,User
880485,12,0,User
880514,66,1,User
880683,66,1,User
880662,12,1,User
880816,16,1,User
880820,38,1,User
880968,36,0,User
881014,59,0,User
881018,72,0,User
881056,74,1,User
881047,71,1,User
881060,50,1,User
881146,12,0,User
881196,36,1,User
881341,12,0,User
881205,52,0,User
881343,29,0,User
881372,17,0,User
881388,72,1,User
881401,62,1,User
881353,55,0,User
881395,12,1,User
881448,69,0,User
881480,28,0,User
881428,66,1,User
881526,71,1,User
881410,57,0,User
881678,52,0,User
881806,50,1,User
881794,59,0,User
881751,50,1,User
881726,12,1,User
881473,17,0,User
881534,69,0,User
881896,12,1,User
881843,12,1,User
881868,14,1,User
881870,66,0,User
881983,31,1,User
882154,60,1,User
881968,52,1,User
882132,12,1,User
882246,12,1,User
882307,16,1,User
882336,62,1,User
882339,38,1,User
882422,59,0,User
882399,22,1,User
882631,12,0,User
882490,47,1,User
882435,36,0,User
882627,12,0,User
882721,60,1,User
882664,12,1,User
882711,24,0,User
882786,66,0,User
882719,47,1,User
882901,84,0,User
882874,31,0,User
882820,59,0,User
882919,83,1,User
882907,28,0,User
882879,12,0,User
882983,33,1,User
882831,53,1,User
882866,12,0,User
883055,12,0,User
883086,12,0,User
883157,50,1,User
883189,24,0,User
883112,12,1,User
883138,71,1,User
883059,12,0,User
883175,62,1,User
883256,12,0,User
883264,60,1,User
883332,38,1,User
883230,52,1,User
883315,59,0,User
883282,17,0,User
883462,60,0,User
883507,64,1,User
883288,12,0,User
883551,45,1,User
883542,19,1,User
883591,67,1,User
883436,53,0,User
883300,26,0,User
883607,69,0,User
883736,53,1,User
883759,57,1,User
883614,21,1,User
883620,67,1,User
883649,52,1,User
883833,14,0,User
883709,12,1,User
883909,48,0,User
883881,12,0,User
883899,60,0,User
883858,55,1,User
883980,60,1,User
883915,12,1,User
883961,19,0,User
883935,21,1,User
884086,38,0,User
884005,38,1,User
884151,71,0,User
884155,12,0,User
884130,12,1,User
884142,16,0,User
884099,28,1,User
884157,12,1,User
884221,60,1,User
884183,12,0,User
884241,12,1,User
884164,57,1,User
884315,69,1,User
884205,12,0,User
884396,67,1,User
884375,12,0,User
884377,57,0,User
884482,45,0,User
884539,45,0,User
884437,48,0,User
884530,71,1,User
884325,55,0,User
884500,12,1,User
884575,12,0,User
884636,69,1,User
884663,43,1,User
884737,12,1,User
884838,71,0,User
884795,12,0,User
884842,26,1,User
884860,12,1,User
884714,12,1,User
884926,12,0,User
884865,52,0,User
884958,55,0,User
884910,12,1,User
885076,33,1,User
885049,41,0,User
884894,60,1,User
884963,38,0,User
885292,48,0,User
885200,41,0,User
885223,41,1,User
885588,14,0,User
885616,53,1,User
885636,47,0,User
885611,12,1,User
885583,31,0,User
885628,47,1,User
885718,59,0,User
885681,12,0,User
885828,12,1,User
885758,31,0,User
885794,69,0,User
885936,60,1,User
885855,12,0,User
885995,52,0,User
886038,76,0,User
886088,19,1,User
885957,60,0,User
886011,71,1,User
886171,55,0,User
886032,12,0,User
886137,48,1,User
886180,12,1,User
886121,48,1,User
886199,12,1,User
886230,57,0,User
886169,64,0,User
886355,66,1,User
886240,55,1,User
886475,12,1,User
886449,21,0,User
886492,14,1,User
886496,67,1,User
886453,64,1,User
886577,12,0,User
886593,36,1,User
886526,62,0,User
886586,12,0,User
886716,12,1,User
886620,21,0,User
886590,12,0,User
886689,12,0,User
886758,12,1,User
886876,66,0,User
886877,57,0,User
886894,12,0,User
886937,16,1,User
886942,12,1,User
886946,69,1,User
886857,62,0,User
886859,12,1,User
886888,16,1,User
887041,12,0,User
887074,59,0,User
887093,60,1,User
887098,55,1,User
887110,24,0,User
887285,41,1,User
887248,64,1,User
887344,43,1,User
887259,57,1,User
887391,12,0,User
887452,50,0,User
887508,12,0,User
887577,71,1,User
887643,12,0,User
887646,40,1,User
887746,12,0,User
887761,71,0,User
887764,43,1,User
887780,12,0,User
887706,12,0,User
887856,59,1,User
887666,67,0,User
887986,69,0,User
888076,26,0,User
888014,47,1,User
888105,14,1,User
888043,12,0,User
888153,12,0,User
888171,55,0,User
888058,12,1,User
888189,97,1,User
888177,29,0,User
888180,52,1,User
888286,12,0,User
888135,12,1,User
888338,12,1,User
888252,64,0,User
888253,19,0,User
888393,12,0,User
888365,22,0,User
888418,84,1,User
888239,12,0,User
888315,64,1,User
888483,52,0,User
888501,16,0,User
888508,40,0,User
888492,12,1,User
888563,12,1,User
888527,79,0,User
888612,12,1,User
888875,67,1,User
888818,31,1,User
888753,47,0,User
888950,41,0,User
888914,72,1,User
888977,12,1,User
889013,67,0,User
889050,64,1,User
889033,67,0,User
889261,12,0,User
889076,41,0,User
889164,12,1,User
889324,12,1,User
889139,59,0,User
889426,47,1,User
889345,14,0,User
889444,47,1,User
889285,50,0,User
889422,14,1,User
889448,12,1,User
889404,53,1,User
889288,57,1,User
889474,52,1,User
889515,19,0,User
889529,14,1,User
889484,59,1,User
889464,12,1,User
889617,69,0,User
889620,62,1,User
889730,12,0,User
889765,12,1,User
889808,60,1,User
889796,64,1,User
889797,12,1,User
889725,12,1,User
889853,64,0,User
889901,60,0,User
889864,12,0,User
889815,12,1,User
890011,12,0,User
889886,59,1,User
889887,74,1,User
890058,66,0,User
890006,12,1,User
890097,12,1,User
889980,59,1,User
890237,24,1,User
890291,71,1,User
890342,60,1,User
890438,55,1,User
890530,12,0,User
890558,48,0,User
890545,71,1,User
890504,52,1,User
890774,12,1,User
890587,12,0,User
890589,79,0,User
890897,12,0,User
890858,12,1,User
890918,48,1,User
890805,36,0,User
890937,71,0,User
890817,66,1,User
890998,64,1,User
891171,12,1,User
891286,59,0,User
891187,12,0,User
891365,67,1,User
891304,59,0,User
891193,12,0,User
891417,48,1,User
891435,62,1,User
891547,52,1,User
891548,12,0,User
891755,60,0,User
891957,38,0,User
892011,16,0,User
891908,60,0,User
891911,12,0,User
892061,14,1,User
892116,47,0,User
892179,12,0,User
892166,14,0,User
892249,12,1,User
892212,59,0,User
892228,66,1,User
892283,67,0,User
892337,76,0,User
892351,48,1,User
892135,72,0,User
892137,69,1,User
892372,12,0,User
892360,64,1,User
892395,19,0,User
892598,12,0,User
892586,66,1,User
892454,67,0,User
892691,12,1,User
892818,69,0,User
892675,12,1,User
892747,14,0,User
892853,72,0,User
892890,12,0,User
892957,36,0,User
892974,19,0,User
893029,60,1,User
892982,22,0,User
893019,69,0,User
893047,12,0,User
893237,31,0,User
893296,21,1,User
893128,41,0,User
893343,53,1,User
893235,67,0,User
893441,48,0,User
893272,12,0,User
893399,71,0,User
893400,57,1,User
893582,12,1,User
893587,69,0,User
893659,50,1,User
893649,12,0,User
893731,31,0,User
893652,55,0,User
893748,21,0,User
893738,14,1,User
893749,43,0,User
893720,29,0,User
893764,67,0,User
893722,53,0,User
893685,64,1,User
893896,12,1,User
893813,52,0,User
893862,12,1,User
893888,12,1,User
893890,69,0,User
893833,57,0,User
894023,67,0,User
894048,47,0,User
894033,57,0,User
894000,66,0,User
894037,69,1,User
894083,14,1,User
894195,76,1,User
894256,12,1,User
894119,55,1,User
894258,12,1,User
894276,33,1,User
894219,71,0,User
894378,12,0,User
894269,29,0,User
894457,74,0,User
894356,53,1,User
894413,62,0,User
894429,48,0,User
894415,67,1,User
894502,14,1,User
894479,28,1,User
894616,55,1,User
894618,71,0,User
894546,12,0,User
894683,17,0,User
894656,69,1,User
894657,14,0,User
894615,50,0,User
894829,57,1,User
894832,52,0,User
894894,67,1,User
894950,17,0,User
894914,12,1,User
894929,72,0,User
895127,64,1,User
895070,12,1,User
895157,12,1,User
895171,40,1,User
895132,12,1,User
895134,50,1,User
895191,48,0,User
895198,67,1,User
895104,72,1,User
895264,59,0,User
895182,36,1,User
895306,52,1,User
895352,66,1,User
895211,12,1,User
895354,64,0,User
895355,59,1,User
895309,66,1,User
894975,28,0,User
895388,66,1,User
895376,67,0,User
895534,62,0,User
895539,60,0,User
895573,22,1,User
895521,71,1,User
895575,66,0,User
895524,57,0,User
895618,72,0,User
895700,71,0,User
895647,66,1,User
895746,69,1,User
895831,29,1,User
895805,45,0,User
895893,21,0,User
895781,52,1,User
895851,12,0,User
895998,12,0,User
895982,67,0,User
896002,36,1,User
895915,60,1,User
896048,12,0,User
896067,14,0,User
896068,40,0,User
896098,31,1,User
896005,57,0,User
896179,16,1,User
896137,12,0,User
895934,12,1,User
896223,55,0,User
896183,60,1,User
896316,52,1,User
896329,62,0,User
896331,12,0,User
896320,67,0,User
896434,19,0,User
896384,60,1,User
896491,47,0,User
896442,71,1,User
896551,41,1,User
896445,38,1,User
896473,59,1,User
896612,74,1,User
896627,60,0,User
896563,71,1,User
896616,64,0,User
896669,19,1,User
896721,48,1,User
896502,62,0,User
896806,69,0,User
896695,69,0,User
896807,12,1,User
896743,53,0,User
896837,14,0,User
896887,48,0,User
896817,12,0,User
896989,57,0,User
896831,12,0,User
897008,43,0,User
896996,55,0,User
896879,38,0,User
896962,64,0,User
896949,52,1,User
897096,12,1,User
896952,71,1,User
897152,12,1,User
897153,72,0,User
897196,47,0,User
897174,34,1,User
897175,28,0,User
897259,62,1,User
897242,62,0,User
897364,47,0,User
897306,64,1,User
897496,59,0,User
897415,12,0,User
897556,50,0,User
897388,12,0,User
897389,19,0,User
897554,36,1,User
897622,41,0,User
897583,59,1,User
897643,71,1,User
897570,33,1,User
897721,12,0,User
897595,69,0,User
897703,12,1,User
897685,12,1,User
897919,12,0,User
897865,48,1,User
897983,12,1,User
898113,36,1,User
898115,59,1,User
897984,71,1,User
898239,64,0,User
898298,69,1,User
898241,72,0,User
898226,67,0,User
898198,12,0,User
898184,21,0,User
898285,59,0,User
898486,45,0,User
898387,43,1,User
898400,31,1,User
898540,40,1,User
898475,24,1,User
898410,57,0,User
898674,19,1,User
898640,60,1,User
898660,14,1,User
898749,48,1,User
898752,60,1,User
898647,55,0,User
898876,21,0,User
898864,62,0,User
898813,71,0,User
898884,12,1,User
898951,12,0,User
898767,12,1,User
898917,60,0,User
899146,12,1,User
898993,66,1,User
899177,53,1,User
899282,38,0,User
899242,41,0,User
899247,67,0,User
899386,53,0,User
899388,67,1,User
899353,66,1,User
899392,34,0,User
899566,22,1,User
899508,33,1,User
899445,67,1,User
899583,69,1,User
899657,69,0,User
899731,64,1,User
899733,21,0,User
899456,12,1,User
899740,69,1,User
899741,47,1,User
899791,57,0,User
899724,67,0,User
899869,33,0,User
899814,17,1,User
899878,12,0,User
899916,62,1,User
899980,43,0,User
900026,48,1,User
900125,55,0,User
899924,53,1,User
900071,24,0,User
900042,72,1,User
900101,59,1,User
900150,26,1,User
900273,66,1,User
900291,12,1,User
900292,12,1,User
900293,12,1,User
900252,78,1,User
900162,66,0,User
900295,12,0,User
900331,60,1,User
900133,12,0,User
900335,64,0,User
900378,26,1,User
900421,67,1,User
900389,43,1,User
900514,60,0,User
900529,66,0,User
900721,12,0,User
900569,34,0,User
900817,53,1,User
900821,12,0,User
900834,14,0,User
900854,12,1,User
900870,12,0,User
900966,66,1,User
901028,29,1,User
900956,52,0,User
900958,12,1,User
901068,53,0,User
901087,60,1,User
901137,43,0,User
901261,67,0,User
901250,64,1,User
901352,67,1,User
901297,24,0,User
901298,66,0,User
901334,14,0,User
901580,17,1,User
901621,47,1,User
901584,12,1,User
901653,34,0,User
901667,29,1,User
901512,12,0,User
901699,62,0,User
901528,57,0,User
901754,66,0,User
901649,71,1,User
901908,71,0,User
901885,72,0,User
901902,12,1,User
902163,12,1,User
901990,64,1,User
902108,45,1,User
902046,69,1,User
902138,71,1,User
902266,12,1,User
902160,14,0,User
902341,12,1,User
902050,71,1,User
902359,28,0,User
902302,83,1,User
902416,71,0,User
902353,69,1,User
902419,12,1,User
902421,14,0,User
902328,12,1,User
902434,45,1,User
902333,12,0,User
902280,60,0,User
902508,60,0,User
902553,12,1,User
902544,57,1,User
902444,62,1,User
902579,31,0,User
902322,47,0,User
902429,12,1,User
902686,38,1,User
902704,57,1,User
902732,12,0,User
902792,52,0,User
902633,71,1,User
902749,43,0,User
902755,12,0,User
902694,14,1,User
902809,64,1,User
902813,52,1,User
902910,48,1,User
902977,71,1,User
903049,12,1,User
903053,60,1,User
903093,72,1,User
903155,60,1,User
903184,48,1,User
903028,12,0,User
903190,71,1,User
903256,59,0,User
903087,57,1,User
903192,34,1,User
903326,12,0,User
903382,12,1,User
903365,43,0,User
903460,14,0,User
903499,53,0,User
903433,12,1,User
903513,67,1,User
903462,69,1,User
903435,71,1,User
903591,60,0,User
903581,45,0,User
903490,12,1,User
903624,47,0,User
903493,59,0,User
903752,62,1,User
903480,12,0,User
903773,12,1,User
903681,64,1,User
903702,12,1,User
903794,84,0,User
903802,38,1,User
903836,14,0,User
903907,74,0,User
903893,66,0,User
903951,33,1,User
903991,69,0,User
903941,69,1,User
903867,74,1,User
904010,19,0,User
904040,19,0,User
904072,59,1,User
904046,34,1,User
904034,33,1,User
904141,62,0,User
903885,74,1,User
904205,12,1,User
904267,12,1,User
904228,12,0,User
904294,57,0,User
904341,64,0,User
904346,66,1,User
904140,17,1,User
904272,69,1,User
904465,36,0,User
904155,78,0,User
904569,55,1,User
904626,69,0,User
904579,12,0,User
904713,62,1,User
904616,12,1,User
904589,21,0,User
904619,60,1,User
904708,57,0,User
904777,83,0,User
904739,21,1,User
904966,57,1,User
904958,60,1,User
904858,67,0,User
904874,12,1,User
905072,57,1,User
905116,43,1,User
905017,71,1,User
905093,12,1,User
905094,12,0,User
905084,72,1,User
905025,12,1,User
905196,69,0,User
905239,12,1,User
905224,52,0,User
905225,29,0,User
905202,14,1,User
905170,12,0,User
905356,17,1,User
905347,12,0,User
905388,59,0,User
905468,69,0,User
905435,14,1,User
905425,12,1,User
905482,47,1,User
905596,55,0,User
905513,71,1,User
905674,36,1,User
905662,67,0,User
905712,12,1,User
905830,71,0,User
905784,12,0,User
905678,66,0,User
905902,55,1,User
905974,40,1,User
906076,67,0,User
906052,40,1,User
906011,12,1,User
906121,14,1,User
906025,43,1,User
905952,67,0,User
906039,50,0,User
906229,12,1,User
906248,66,0,User
906173,33,0,User
906324,79,1,User
906193,16,1,User
906225,29,0,User
906440,57,0,User
906445,12,0,User
906402,12,0,User
906371,52,1,User
906359,67,1,User
906429,28,1,User
906523,69,0,User
906556,59,1,User
906544,12,1,User
906639,60,1,User
906581,71,0,User
906642,29,0,User
906702,59,0,User
906817,14,1,User
906865,12,0,User
906919,14,0,User
906902,12,0,User
906930,60,1,User
907021,66,1,User
907027,12,1,User
907013,12,0,User
907042,48,1,User
906960,12,1,User
906837,22,1,User
907076,12,1,User
907201,19,1,User
907152,57,1,User
907217,12,0,User
907306,47,1,User
907196,60,0,User
907224,12,1,User
907290,59,0,User
907461,66,0,User
907273,14,1,User
907213,12,0,User
907517,14,1,User
907376,74,1,User
907578,57,0,User
907481,60,0,User
907275,16,1,User
907626,66,0,User
907653,52,0,User
907613,67,0,User
907686,67,1,User
907813,43,1,User
907820,36,0,User
907981,53,0,User
908101,26,1,User
907829,47,1,User
908163,67,0,User
908221,60,0,User
908177,59,1,User
908153,62,0,User
908143,33,0,User
908168,50,0,User
908270,59,0,User
908254,45,1,User
908328,67,0,User
908245,45,0,User
908235,14,1,User
908334,14,0,User
908126,12,0,User
908128,12,1,User
908492,14,1,User
908499,12,0,User
908569,52,1,User
908612,62,0,User
908605,47,1,User
908702,16,0,User
908717,34,1,User
908734,12,0,User
908698,66,0,User
908728,48,0,User
908757,43,0,User
908897,69,0,User
908785,40,1,User
908801,69,0,User
908888,71,1,User
908937,55,0,User
909002,59,1,User
909011,29,0,User
909123,72,1,User
909093,36,0,User
909044,48,0,User
909155,55,0,User
909158,12,0,User
909100,62,1,User
909259,36,1,User
909316,52,1,User
909306,57,0,User
909331,78,0,User
909348,14,1,User
909381,12,1,User
909267,41,0,User
909527,12,1,User
909357,67,1,User
909529,74,1,User
909459,12,0,User
909571,67,1,User
909530,17,0,User
909503,22,0,User
909600,28,1,User
909678,71,1,User
909649,72,1,User
909721,71,1,User
909668,29,0,User
909627,47,1,User
909629,66,0,User
909787,69,1,User
909872,69,1,User
909731,47,1,User
909867,71,1,User
909989,60,1,User
910113,14,1,User
910129,53,0,User
910188,52,0,User
910261,79,1,User
910197,62,1,User
910237,31,0,User
910341,53,0,User
910218,36,1,User
910209,12,1,User
910241,71,0,User
910329,62,0,User
910400,45,0,User
910229,12,0,User
910299,66,1,User
910474,12,0,User
910446,16,1,User
910537,28,1,User
910392,71,0,User
910548,40,0,User
910561,72,1,User
910683,34,1,User
910726,59,1,User
910708,72,0,User
910649,24,1,User
910709,12,0,User
910635,12,1,User
910891,60,0,User
910937,62,1,User
910940,12,0,User
910918,12,1,User
911041,64,1,User
910841,12,0,User
911062,52,1,User
911121,64,1,User
911162,60,1,User
911166,67,1,User
911208,66,1,User
911181,71,0,User
911226,67,1,User
911135,47,0,User
911051,26,1,User
911260,12,1,User
911304,34,1,User
911313,14,1,User
911407,22,0,User
911398,28,0,User
911439,71,0,User
911567,12,0,User
911588,12,1,User
911564,67,1,User
911384,24,1,User
911604,76,0,User
911647,66,0,User
911610,16,1,User
911549,34,0,User
911580,66,1,User
911738,60,1,User
911721,69,0,User
911780,57,0,User
911802,12,1,User
911956,69,1,User
911986,12,0,User
911828,64,1,User
911727,48,1,User
912006,48,0,User
911969,36,1,User
912025,60,0,User
912182,12,1,User
912226,12,1,User
912244,38,1,User
912194,62,0,User
912305,66,0,User
912203,71,0,User
912090,48,1,User
912290,12,1,User
912437,41,0,User
912468,12,1,User
912450,31,1,User
912587,34,0,User
912661,33,1,User
912592,59,0,User
912685,66,1,User
912710,69,0,User
912648,28,0,User
912584,64,0,User
912783,57,1,User
912813,12,1,User
912700,17,1,User
912864,64,0,User
912918,69,1,User
912844,14,1,User
912947,26,0,User
912976,41,0,User
913054,12,1,User
913015,64,0,User
913034,71,0,User
913114,21,0,User
913117,52,0,User
913156,57,1,User
913119,60,0,User
913084,19,0,User
913049,69,0,User
913183,59,0,User
913211,12,0,User
913273,12,1,User
913338,12,1,User
913382,59,1,User
913400,12,0,User
913279,53,1,User
913425,43,0,User
913244,19,0,User
913474,50,1,User
913331,48,0,User
913433,12,0,User
913496,12,1,User
913465,45,0,User
913590,67,1,User
913536,24,1,User
913560,12,0,User
913743,14,0,User
913832,12,1,User
913894,28,0,User
913856,57,0,User
913996,40,0,User
913916,36,0,User
913886,12,0,User
913866,69,1,User
914017,64,0,User
914025,12,1,User
914052,64,0,User
913972,47,1,User
914215,12,0,User
914136,36,1,User
914286,12,1,User
914321,12,0,User
914390,74,1,User
914419,38,0,User
914230,43,1,User
914413,55,0,User
914539,12,1,User
914541,12,0,User
914706,47,1,User
914778,21,0,User
914690,53,0,User
914851,16,0,User
914832,26,0,User
914792,45,1,User
914609,12,0,User
914681,71,1,User
914911,62,1,User
914889,12,1,User
914891,12,1,User
914915,12,1,User
914920,60,1,User
915094,12,0,User
915153,24,1,User
915024,12,1,User
915196,31,1,User
915131,67,0,User
915179,71,0,User
915201,64,0,User
915203,66,1,User
915028,12,0,User
915303,60,0,User
915250,60,1,User
915338,57,1,User
915308,38,0,User
915310,76,0,User
915453,17,0,User
915375,12,1,User
915431,53,1,User
915567,12,0,User
915576,48,1,User
915646,57,0,User
915633,59,1,User
915636,53,0,User
915637,59,1,User
915697,55,1,User
915723,12,0,User
915589,14,0,User
915784,21,1,User
915827,57,0,User
915794,34,1,User
915876,69,0,User
915836,59,1,User
915848,12,1,User
915877,12,0,User
915852,12,1,User
915853,66,1,User
915928,43,1,User
916100,31,0,User
916201,12,1,User
916016,71,0,User
916179,28,0,User
916222,62,1,User
916308,69,0,User
916257,45,1,User
916265,28,0,User
916555,50,0,User
916682,45,0,User
916589,60,0,User
916702,17,0,User
916678,29,0,User
916850,22,0,User
916767,66,1,User
916901,71,0,User
916954,71,0,User
916903,12,0,User
916871,66,0,User
916959,71,1,User
916859,28,1,User
917033,66,0,User
917036,12,1,User
917126,12,1,User
917153,21,0,User
917204,14,1,User
917346,72,1,User
917359,12,0,User
917258,12,1,User
917300,66,1,User
917363,12,0,User
917290,12,1,User
917420,60,1,User
917481,12,1,User
917510,12,0,User
917397,14,0,User
917494,12,0,User
917495,78,0,User
917645,36,1,User
917719,67,0,User
917795,14,0,User
917763,12,0,User
917640,12,1,User
917722,16,1,User
917726,43,0,User
917869,66,0,User
917859,31,0,User
917812,12,0,User
917932,71,1,User
917961,19,0,User
918032,12,1,User
918042,66,1,User
918289,71,1,User
918281,55,0,User
918361,43,0,User
918312,12,0,User
918419,38,0,User
918469,71,0,User
918443,45,1,User
918339,38,1,User
918534,66,0,User
918562,67,1,User
918538,59,1,User
918724,47,0,User
918753,64,1,User
918596,19,0,User
918627,57,1,User
918875,67,1,User
918867,57,0,User
918813,36,1,User
918949,12,0,User
918959,12,0,User
919082,12,0,User
919067,60,0,User
918968,60,0,User
919130,71,0,User
919201,12,1,User
919222,12,1,User
919336,14,1,User
919181,12,1,User
919434,69,1,User
919168,57,0,User
919435,52,0,User
919169,52,1,User
919489,24,0,User
919521,62,1,User
919607,60,1,User
919595,57,1,User
919624,47,1,User
919530,29,1,User
919671,71,1,User
919735,12,1,User
919677,74,1,User
919722,12,1,User
919768,12,0,User
919873,55,0,User
919694,66,0,User
919966,14,0,User
920028,43,0,User
919884,55,0,User
919885,24,1,User
919845,69,0,User
920020,71,1,User
920116,59,0,User
920083,66,1,User
920140,41,1,User
920236,60,0,User
920157,22,1,User
920270,12,0,User
920275,64,0,User
920184,66,1,User
920303,12,1,User
920187,88,0,User
920220,19,0,User
920286,45,1,User
920450,22,1,User
920424,17,1,User
920380,12,0,User
920321,12,0,User
920511,12,0,User
920397,31,0,User
920553,12,1,User
920413,71,0,User
920611,12,1,User
920414,53,0,User
920614,17,0,User
920734,12,1,User
920704,62,1,User
920664,47,0,User
920743,12,1,User
920781,76,0,User
920797,59,0,User
920783,12,0,User
920653,67,1,User
920655,12,0,User
920772,12,0,User
920833,66,1,User
920682,12,0,User
920788,81,0,User
921094,12,0,User
921080,12,0,User
921102,53,1,User
921196,71,1,User
921185,14,1,User
921187,16,1,User
921138,12,1,User
921119,12,1,User
921245,50,1,User
921336,12,1,User
921255,62,1,User
921265,48,1,User
921363,53,0,User
921208,62,1,User
921411,12,0,User
921428,59,1,User
921299,12,1,User
921400,12,0,User
921542,74,1,User
921520,12,0,User
921521,52,0,User
921546,69,0,User
921621,71,1,User
921225,69,1,User
921559,45,1,User
921490,12,0,User
921851,12,0,User
921853,40,1,User
922039,60,1,User
922083,67,1,User
922058,45,0,User
922220,45,0,User
922222,14,0,User
922336,45,1,User
922366,67,0,User
922341,71,1,User
922344,12,0,User
922413,79,1,User
922491,12,0,User
922503,12,1,User
922479,17,1,User
922432,62,1,User
922454,48,0,User
922636,12,0,User
922558,12,0,User
922639,12,0,User
922745,48,0,User
922854,38,1,User
923017,12,0,User
923010,47,1,User
923072,47,1,User
922956,22,0,User
923136,71,1,User
922993,47,1,User
923050,71,1,User
923068,60,0,User
923130,74,0,User
923291,12,0,User
923388,12,1,User
923316,84,0,User
923200,12,1,User
923190,12,1,User
923443,60,1,User
923553,14,0,User
923587,45,1,User
923641,60,0,User
923615,55,0,User
923513,12,1,User
923617,45,0,User
923455,34,1,User
923623,14,0,User
923731,12,0,User
923578,12,1,User
923736,55,0,User
923851,36,0,User
923829,14,1,User
923852,47,1,User
923943,12,1,User
923899,24,1,User
924024,69,0,User
924063,55,0,User
924064,12,1,User
924026,57,1,User
924014,52,1,User
924070,12,1,User
924197,12,0,User
924227,12,1,User
924228,12,1,User
924218,12,0,User
924286,64,0,User
924303,28,0,User
924376,28,1,User
924248,45,1,User
924340,12,1,User
924440,64,1,User
924496,62,1,User
924484,53,1,User
924497,66,1,User
924522,67,1,User
924523,78,0,User
924592,71,1,User
924535,69,1,User
924554,22,0,User
924710,71,1,User
924480,31,1,User
924685,12,0,User
924852,14,1,User
924868,60,1,User
924986,60,1,User
924869,12,0,User
925015,14,1,User
925146,36,1,User
925149,66,1,User
925151,57,0,User
925189,71,1,User
925223,47,0,User
925331,57,0,User
925333,71,1,User
925242,59,1,User
925391,21,0,User
925480,12,0,User
925379,12,0,User
925424,69,1,User
925625,62,1,User
925642,12,1,User
925696,12,1,User
925660,64,1,User
925793,31,0,User
925907,64,0,User
925871,41,0,User
926044,36,1,User
925950,12,1,User
926077,55,1,User
926016,12,0,User
926112,36,1,User
926191,66,1,User
926089,14,1,User
926254,45,0,User
926124,66,1,User
926212,36,0,User
926362,12,0,User
926476,12,1,User
926514,57,0,User
926413,71,1,User
926530,36,1,User
926485,19,0,User
926598,66,0,User
926501,16,1,User
926564,72,1,User
926590,36,0,User
926780,60,1,User
926889,53,0,User
926846,12,1,User
926862,41,1,User
926875,26,1,User
926990,55,0,User
927003,64,1,User
926980,62,0,User
926981,69,1,User
927010,53,1,User
927036,12,1,User
927137,12,0,User
927094,12,1,User
927098,12,1,User
927229,41,1,User
927057,12,0,User
927271,12,0,User
927304,41,1,User
927193,67,1,User
927179,43,1,User
927268,12,1,User
927411,16,1,User
927511,12,0,User
927441,52,1,User
927514,86,1,User
927515,72,0,User
927405,74,1,User
927450,34,0,User
927457,12,1,User
927598,64,0,User
927634,53,0,User
927737,57,0,User
927698,67,1,User
927739,14,0,User
927669,12,1,User
927689,48,1,User
927800,12,0,User
927829,12,0,User
927786,12,1,User
927801,34,0,User
927732,67,0,User
927983,14,1,User
927989,12,0,User
927895,59,1,User
928096,47,0,User
928099,26,0,User
927974,64,1,User
928159,34,0,User
928205,41,0,User
928153,12,0,User
928121,72,0,User
928189,12,0,User
928336,50,1,User
928411,12,1,User
928401,72,0,User
928286,12,1,User
928441,12,1,User
928475,45,0,User
928528,33,0,User
928567,12,0,User
928446,67,1,User
928580,17,0,User
928481,33,1,User
928510,71,0,User
928588,12,0,User
928744,59,0,User
928747,69,1,User
928716,62,1,User
928717,12,1,User
928661,12,1,User
928676,16,0,User
928879,12,0,User
928997,66,0,User
928928,67,1,User
928947,12,0,User
929058,55,1,User
929118,53,0,User
929181,71,1,User
929175,12,1,User
929251,12,1,User
929198,64,0,User
929068,57,1,User
929285,14,0,User
929362,24,0,User
929325,59,0,User
929288,55,1,User
929334,14,1,User
929382,12,1,User
929455,12,1,User
929409,41,0,User
929398,66,1,User
929524,12,1,User
929573,69,0,User
929585,34,0,User
929577,60,1,User
929505,50,1,User
929590,12,0,User
929578,12,0,User
929777,33,0,User
929681,69,1,User
929653,62,1,User
929739,71,0,User
929821,24,0,User
929625,12,0,User
929911,16,1,User
929920,71,1,User
929972,48,0,User
929987,72,1,User
929976,71,1,User
929848,60,1,User
929954,62,1,User
930082,60,0,User
930143,12,0,User
930170,12,0,User
930228,19,0,User
930215,12,1,User
930272,55,1,User
930218,12,0,User
930240,12,0,User
930075,67,0,User
930150,48,1,User
930291,50,0,User
930102,14,1,User
930209,48,0,User
930347,36,0,User
930355,12,0,User
930452,12,1,User
930387,12,0,User
930359,33,1,User
930336,12,1,User
930416,12,1,User
930420,19,1,User
930480,31,1,User
930531,55,1,User
930604,12,1,User
930590,52,0,User
930606,12,0,User
930558,14,1,User
930680,66,0,User
930569,57,1,User
930686,12,1,User
930687,59,1,User
930725,12,1,User
930767,52,1,User
930786,12,0,User
930856,12,0,User
930848,33,0,User
930923,52,0,User
930977,57,1,User
930982,12,1,User
931052,12,1,User
930928,84,1,User
930990,71,1,User
931178,47,1,User
931187,52,1,User
931219,72,0,User
931207,12,1,User
931238,69,0,User
931050,12,1,User
931242,40,0,User
931356,47,1,User
931400,12,1,User
931315,12,1,User
931474,64,0,User
931562,12,1,User
931470,71,1,User
931698,59,0,User
931746,71,1,User
931764,12,1,User
931800,12,1,User
931694,12,1,User
931952,76,0,User
931836,72,0,User
931973,38,1,User
932056,64,1,User
932020,57,0,User
932074,59,0,User
932163,52,1,User
932136,40,1,User
932112,12,1,User
932198,50,1,User
932115,45,0,User
932224,66,1,User
932242,16,0,User
932244,12,1,User
932070,55,0,User
932245,72,1,User
932268,71,0,User
932401,67,1,User
932400,31,1,User
932437,76,0,User
932581,29,1,User
932541,12,1,User
932528,64,0,User
932605,64,0,User
932519,60,0,User
932716,62,0,User
932559,59,1,User
932560,52,1,User
932561,60,0,User
932680,12,0,User
932810,86,1,User
932745,66,0,User
932866,55,0,User
932853,55,1,User
932843,62,1,User
932881,12,1,User
932827,69,1,User
932878,12,0,User
932958,12,1,User
932895,22,0,User
932924,60,1,User
932801,69,0,User
933010,52,0,User
933076,69,0,User
933028,12,1,User
932940,12,1,User
933087,60,1,User
933182,64,0,User
933127,24,0,User
933183,45,1,User
933142,19,0,User
933211,12,0,User
933246,60,0,User
933272,12,0,User
933277,67,0,User
932982,59,0,User
933291,12,0,User
933233,12,1,User
933249,17,0,User
933365,66,1,User
933426,28,1,User
933514,40,0,User
933384,12,1,User
933508,12,0,User
933545,66,1,User
933574,12,1,User
933390,40,1,User
933603,72,1,User
933635,71,1,User
933564,12,0,User
933654,12,0,User
933690,69,1,User
933751,76,0,User
933766,64,1,User
933785,14,1,User
933798,55,0,User
933887,62,0,User
933933,16,0,User
933734,12,0,User
933735,16,0,User
933953,28,1,User
933822,12,1,User
933860,12,0,User
933824,12,1,User
933991,12,1,User
933865,19,1,User
933995,69,1,User
933914,64,0,User
933922,69,1,User
933963,48,1,User
933958,55,1,User
934041,38,0,User
934015,62,0,User
934156,12,1,User
934208,16,1,User
934090,16,1,User
934130,50,1,User
934249,57,0,User
934154,36,0,User
934340,71,1,User
934347,28,0,User
934296,59,1,User
934256,14,0,User
934444,12,1,User
934481,38,0,User
934520,59,0,User
934556,62,0,User
934450,57,1,User
934584,67,0,User
934705,12,1,User
934756,48,0,User
934789,62,0,User
934763,60,0,User
934881,12,0,User
934966,26,1,User
934926,76,1,User
934940,40,1,User
935016,12,1,User
934997,12,0,User
935131,66,1,User
935006,72,0,User
934948,71,1,User
935183,12,0,User
935240,66,1,User
935330,12,0,User
935331,12,0,User
935201,12,1,User
935277,12,0,User
935250,55,0,User
935417,71,0,User
935375,12,0,User
935369,50,0,User
935387,45,0,User
935454,67,0,User
935476,36,0,User
935309,66,1,User
935423,12,0,User
935586,45,0,User
935547,60,1,User
935531,45,1,User
935746,71,1,User
935700,64,1,User
935675,66,1,User
935802,41,0,User
935824,14,1,User
935711,71,1,User
935681,64,1,User
935682,33,1,User
935929,12,0,User
935946,12,1,User
935848,41,1,User
935970,21,1,User
936035,40,1,User
936064,12,0,User
936122,62,0,User
936123,50,0,User
936069,59,0,User
936030,14,1,User
936187,12,1,User
935880,12,0,User
936256,69,1,User
936060,12,0,User
936206,52,1,User
936377,66,0,User
936368,34,1,User
936407,33,1,User
936397,12,1,User
936471,69,0,User
936492,57,0,User
936434,59,0,User
936603,12,1,User
936646,62,0,User
936620,59,0,User
936691,12,1,User
936767,12,1,User
936521,69,0,User
936811,59,0,User
936670,83,1,User
936849,59,0,User
936936,59,0,User
936921,12,0,User
936599,14,1,User
936995,14,1,User
937043,53,1,User
936855,69,1,User
937083,29,0,User
936989,55,1,User
937050,12,1,User
937247,12,0,User
937324,12,0,User
937139,38,0,User
937275,31,0,User
937318,12,1,User
937415,12,1,User
937408,69,0,User
937531,50,1,User
937548,12,1,User
937462,57,0,User
937592,66,0,User
937636,12,1,User
937667,66,0,User
937497,12,0,User
937571,66,0,User
937634,12,1,User
937833,48,1,User
937846,22,1,User
937821,66,0,User
937845,12,1,User
937940,66,1,User
937815,12,0,User
937899,57,1,User
938008,12,1,User
938139,12,1,User
938209,48,1,User
938081,71,0,User
938294,64,1,User
938374,69,1,User
938324,72,1,User
938367,12,0,User
938390,62,0,User
938440,69,0,User
938492,41,0,User
938354,12,1,User
938584,33,0,User
938545,12,1,User
938717,59,0,User
938488,47,0,User
938761,12,0,User
938763,26,1,User
938736,12,1,User
938472,33,1,User
938824,12,1,User
938829,55,1,User
938918,62,0,User
938886,67,1,User
938990,12,0,User
939079,45,0,User
939067,12,1,User
939012,66,1,User
939101,36,0,User
939179,22,1,User
939143,71,1,User
939186,36,1,User
939250,47,1,User
939195,14,1,User
939383,43,0,User
939485,22,0,User
939512,12,0,User
939560,62,1,User
939588,47,0,User
939580,40,1,User
939509,40,0,User
939585,43,1,User
939722,12,0,User
939796,12,0,User
939710,53,1,User
939749,26,1,User
939774,57,0,User
939788,12,0,User
939856,67,1,User
939888,17,0,User
939918,12,1,User
939836,21,1,User
939995,41,0,User
940008,60,0,User
940010,14,0,User
940001,36,0,User
939852,12,0,User
940016,71,0,User
940002,12,1,User
939884,66,1,User
940068,12,1,User
940126,66,1,User
940147,52,0,User
940122,55,0,User
940095,34,0,User
940203,26,0,User
940291,69,1,User
940306,14,0,User
940050,19,1,User
940208,69,1,User
940257,67,0,User
940302,64,0,User
940475,16,0,User
940576,12,1,User
940584,12,1,User
940550,71,0,User
940698,14,1,User
940557,67,0,User
940720,41,0,User
940691,59,1,User
940726,40,0,User
940756,67,0,User
940762,55,0,User
940909,43,0,User
940889,50,1,User
940839,14,1,User
940984,14,1,User
941004,59,0,User
940990,31,1,User
940828,78,0,User
941075,52,1,User
941021,12,1,User
941077,67,0,User
941176,12,0,User
941193,53,0,User
941194,48,0,User
941088,53,0,User
941107,12,0,User
941270,62,1,User
941250,71,0,User
941235,55,0,User
941332,12,0,User
941349,12,0,User
941380,66,0,User
941540,48,1,User
941553,12,1,User
941555,69,1,User
941642,59,1,User
941663,59,1,User
941705,52,0,User
941785,43,0,User
941633,59,1,User
941853,59,0,User
941868,53,0,User
941712,48,1,User
941896,12,1,User
941937,47,0,User
942033,47,0,User
941976,14,0,User
941965,69,1,User
942022,62,1,User
942067,22,0,User
942144,67,0,User
942174,52,0,User
942276,12,1,User
942232,12,0,User
942324,19,0,User
942423,33,0,User
942425,14,1,User
942298,48,0,User
942461,12,0,User
942357,14,1,User
942479,12,0,User
942540,72,1,User
942651,29,1,User
942682,12,0,User
942755,12,0,User
942730,67,1,User
942756,14,0,User
942760,69,1,User
942826,31,0,User
942799,12,0,User
942787,12,0,User
942873,71,1,User
942793,12,0,User
942906,33,0,User
942867,31,0,User
942918,66,1,User
942909,12,0,User
942910,62,1,User
942961,66,1,User
942969,66,1,User
943142,57,0,User
943133,64,0,User
943104,72,1,User
943136,74,1,User
943217,66,0,User
943253,50,0,User
943238,16,0,User
943306,34,0,User
943239,12,1,User
943323,26,0,User
943332,24,1,User
943490,38,0,User
943547,12,1,User
943481,24,0,User
943565,29,1,User
943614,36,0,User
943500,26,1,User
943641,53,0,User
943643,52,0,User
943690,31,0,User
943810,12,0,User
943865,71,0,User
943940,12,0,User
943916,12,0,User
943884,12,0,User
943985,50,0,User
944061,16,1,User
944023,12,0,User
944067,41,0,User
944069,62,0,User
944040,71,0,User
944135,47,1,User
944155,45,1,User
944138,71,1,User
944257,12,1,User
944297,64,0,User
944289,14,1,User
944304,48,1,User
944277,12,1,User
944452,12,0,User
944523,12,1,User
944566,12,0,User
944405,12,0,User
944600,62,0,User
944516,12,0,User
944490,48,0,User
944687,12,1,User
944474,47,1,User
944662,69,1,User
944806,12,1,User
944664,12,1,User
944778,12,1,User
944779,59,0,User
944669,33,0,User
944652,12,1,User
944785,64,0,User
944827,12,0,User
944820,26,1,User
944720,12,1,User
944723,71,0,User
944724,69,0,User
944850,60,0,User
944904,12,0,User
944937,21,1,User
944988,41,0,User
945016,74,0,User
944991,66,0,User
944980,79,0,User
945071,17,0,User
944895,57,1,User
945121,12,1,User
944995,71,0,User
945057,43,1,User
945075,62,1,User
945194,12,1,User
945168,45,1,User
945283,71,0,User
945382,57,0,User
945356,12,1,User
945413,12,0,User
945514,12,1,User
945571,59,1,User
945586,69,0,User
945534,12,0,User
945315,12,1,User
945590,12,1,User
945632,67,0,User
945597,60,0,User
945676,48,1,User
945448,74,1,User
945570,47,1,User
945681,57,0,User
945737,60,0,User
945697,29,0,User
945811,12,0,User
945685,67,1,User
945658,67,0,User
945795,57,1,User
945916,66,0,User
945946,12,1,User
945902,14,1,User
945991,59,0,User
946055,14,1,User
945989,60,0,User
945941,12,1,User
946014,55,0,User
946101,12,0,User
946149,64,0,User
946161,47,0,User
946117,16,1,User
946121,59,1,User
946322,47,0,User
946295,12,1,User
946228,12,1,User
946352,71,1,User
946258,64,1,User
946290,28,1,User
946185,36,0,User
946359,71,0,User
946488,66,0,User
946510,14,0,User
946495,48,0,User
946496,57,1,User
946627,55,1,User
946711,12,1,User
946728,71,0,User
946745,12,0,User
946731,47,0,User
946789,78,1,User
946710,12,1,User
946779,72,1,User
946878,60,0,User
946782,72,1,User
946810,12,1,User
946897,74,1,User
946871,12,0,User
947041,12,0,User
946962,67,0,User
947096,59,0,User
947034,64,1,User
947269,17,1,User
947188,12,1,User
947327,12,1,User
947287,12,1,User
947374,48,1,User
947348,12,1,User
947349,12,1,User
947403,66,1,User
947414,62,1,User
947517,47,0,User
947445,14,0,User
947720,71,1,User
947655,41,1,User
947770,12,0,User
947901,45,0,User
947834,52,0,User
948001,59,1,User
947988,12,0,User
947989,47,1,User
948019,12,1,User
947910,50,0,User
948094,12,0,User
948126,72,0,User
948044,31,0,User
948170,12,0,User
948155,66,1,User
948203,60,1,User
948271,12,0,User
948160,12,1,User
948236,14,0,User
948422,57,0,User
948343,62,1,User
948269,62,1,User
948385,71,0,User
948372,12,0,User
948330,12,0,User
948546,59,1,User
948606,12,0,User
948428,12,0,User
948629,19,0,User
948738,36,1,User
948686,45,1,User
948714,57,0,User
948756,57,0,User
948758,71,1,User
948792,53,0,User
948763,43,1,User
948835,12,0,User
948853,71,0,User
948868,43,1,User
948932,12,0,User
948897,60,0,User
948994,22,1,User
948945,57,1,User
949126,48,0,User
949072,71,1,User
949142,76,0,User
949117,59,0,User
949135,12,1,User
949177,60,0,User
949265,72,1,User
949404,57,1,User
949473,55,1,User
949447,72,0,User
949424,12,1,User
949546,12,0,User
949608,86,1,User
949683,36,0,User
949555,67,0,User
949833,67,1,User
949740,22,0,User
949849,66,1,User
949891,62,1,User
949923,12,1,User
949813,62,0,User
949910,55,0,User
949912,38,1,User
949898,22,1,User
949725,41,0,User
950019,64,0,User
950046,67,0,User
950075,66,1,User
950094,14,0,User
950097,66,0,User
950066,81,0,User
950069,62,1,User
950166,12,1,User
950007,12,0,User
950168,55,1,User
950008,14,1,User
950223,12,1,User
950282,62,1,User
950181,66,1,User
950255,62,0,User
950182,48,0,User
950290,57,1,User
950449,55,0,User
950438,53,1,User
950412,12,1,User
950325,81,1,User
950348,64,1,User
950601,66,0,User
950615,12,1,User
950587,60,0,User
950545,12,0,User
950470,69,1,User
950578,12,1,User
950737,33,0,User
950717,12,0,User
950722,12,1,User
950745,12,0,User
950836,71,0,User
950771,60,1,User
950758,38,1,User
950918,60,1,User
950684,71,1,User
950810,66,1,User
951036,17,0,User
951023,50,0,User
951050,71,0,User
951068,53,0,User
951084,12,1,User
951159,16,1,User
951060,40,0,User
951200,66,1,User
951176,48,0,User
951272,34,0,User
951178,12,1,User
951164,64,1,User
951193,12,1,User
951397,55,0,User
951541,14,1,User
951515,17,1,User
951357,24,1,User
951491,12,0,User
951589,95,0,User
951665,12,1,User
951520,31,0,User
951460,28,0,User
951659,50,0,User
951720,38,0,User
951871,21,0,User
951702,12,0,User
951992,66,0,User
952012,40,1,User
952029,66,0,User
951972,43,1,User
952083,22,1,User
952174,19,1,User
952105,71,0,User
952120,14,0,User
952265,14,1,User
952355,12,1,User
952285,43,1,User
952403,33,0,User
952312,50,0,User
952481,64,1,User
952497,21,1,User
952681,45,1,User
952515,12,0,User
952659,14,1,User
952691,16,0,User
952786,64,0,User
952604,12,1,User
952709,71,1,User
952824,53,1,User
952764,60,0,User
952765,48,0,User
952996,62,1,User
953018,17,1,User
952945,55,1,User
952988,12,0,User
952902,14,0,User
952964,71,0,User
953065,69,1,User
953118,74,0,User
952995,22,1,User
953089,69,0,User
953182,14,1,User
953211,22,0,User
953199,69,0,User
953188,69,1,User
953285,64,1,User
953287,12,1,User
953274,19,0,User
953327,59,0,User
953303,57,0,User
953235,12,0,User
953219,59,0,User
953250,12,1,User
953363,33,0,User
953519,12,1,User
953489,34,1,User
953656,22,0,User
953629,69,0,User
953577,57,1,User
953672,57,1,User
953564,57,1,User
953565,60,1,User
953651,55,0,User
953942,64,0,User
953878,71,1,User
953946,12,1,User
954003,12,0,User
953815,31,0,User
953979,57,0,User
953968,69,0,User
954062,48,0,User
954122,66,0,User
954025,12,1,User
953981,12,0,User
953938,12,0,User
954241,12,0,User
954088,48,0,User
954235,12,1,User
954221,12,1,User
954332,48,1,User
954319,43,0,User
954281,12,0,User
954257,62,1,User
954486,53,1,User
954546,12,1,User
954493,12,1,User
954536,12,1,User
954619,67,0,User
954722,34,0,User
954747,36,0,User
954718,36,1,User
954859,14,0,User
954832,16,0,User
954799,60,1,User
954932,24,1,User
954961,12,1,User
954905,72,0,User
954906,66,1,User
954950,12,0,User
955051,43,1,User
955026,69,1,User
955067,31,1,User
954998,69,1,User
955029,12,0,User
955114,12,0,User
955017,12,1,User
955032,67,1,User
955233,12,0,User
955264,12,0,User
955307,24,1,User
955311,26,0,User
955313,66,1,User
955288,12,1,User
955260,12,0,User
955275,69,1,User
955378,67,0,User
955501,28,0,User
955432,57,0,User
955503,12,0,User
955479,47,1,User
955507,48,1,User
955551,67,0,User
955598,38,0,User
955466,66,0,User
955585,31,1,User
955660,40,0,User
955587,12,1,User
955876,83,1,User
955851,48,0,User
955799,12,1,User
955815,12,1,User
955897,47,1,User
955870,47,1,User
956116,47,1,User
956076,67,1,User
956161,53,0,User
956149,24,1,User
956253,14,1,User
956160,12,1,User
956256,12,0,User
956248,12,1,User
956348,12,0,User
956389,57,1,User
956379,59,1,User
956294,71,0,User
956295,14,0,User
956447,62,1,User
956451,12,0,User
956539,14,1,User
956568,24,1,User
956483,12,0,User
956468,62,0,User
956586,12,1,User
956426,64,1,User
956632,43,0,User
956747,12,1,User
956720,74,0,User
956749,55,0,User
956738,57,0,User
956723,31,0,User
956725,64,0,User
956700,71,0,User
956742,12,0,User
956647,12,1,User
956926,17,1,User
956830,71,1,User
956832,47,1,User
956973,57,0,User
956965,43,1,User
957078,47,0,User
957015,55,0,User
957226,12,0,User
957184,12,1,User
957156,12,1,User
957243,12,0,User
957202,76,1,User
957163,22,1,User
957316,22,0,User
957204,40,0,User
957356,55,1,User
957208,12,0,User
957395,71,1,User
957385,66,1,User
957225,67,0,User
957497,12,1,User
957545,66,1,User
957425,55,0,User
957533,12,0,User
957591,12,0,User
957459,12,0,User
957664,62,1,User
957666,71,0,User
957834,40,0,User
957837,66,1,User
957848,60,0,User
957950,12,1,User
957884,12,1,User
958086,12,0,User
957988,12,1,User
958146,14,1,User
958074,64,0,User
958150,66,0,User
958246,60,1,User
958252,14,0,User
958200,50,1,User
958237,48,1,User
958138,50,1,User
958384,66,1,User
958385,60,0,User
958397,62,1,User
958402,12,1,User
958405,67,1,User
958619,59,0,User
958620,57,1,User
958802,12,0,User
958830,12,1,User
958896,36,1,User
958867,69,0,User
958955,34,0,User
959036,26,1,User
958965,60,0,User
959085,38,0,User
959255,12,0,User
959100,12,1,User
959438,57,1,User
959498,12,0,User
959523,64,0,User
959636,41,1,User
959706,12,0,User
959753,34,0,User
959851,12,0,User
959606,12,0,User
959867,43,0,User
959829,76,1,User
959899,64,0,User
959871,41,0,User
959886,12,1,User
959944,24,1,User
959938,22,0,User
960010,50,0,User
959923,22,1,User
959993,48,0,User
960022,62,1,User
960037,22,1,User
960039,72,1,User
960029,52,1,User
960169,67,1,User
960232,12,1,User
960305,12,0,User
960129,12,1,User
960237,64,0,User
960283,14,1,User
960251,40,1,User
960481,12,0,User
960394,72,0,User
960468,12,0,User
960443,22,0,User
960373,59,0,User
960460,67,0,User
960531,12,1,User
960386,12,0,User
960633,62,0,User
960620,12,0,User
960590,12,0,User
960389,16,1,User
960494,55,0,User
960671,17,0,User
960672,19,1,User
960683,64,1,User
960684,12,1,User
960769,28,1,User
960643,12,0,User
960863,12,0,User
961006,78,1,User
961024,69,1,User
961068,16,1,User
960852,67,1,User
960981,16,0,User
961053,53,1,User
960985,53,1,User
961179,12,0,User
961185,38,0,User
961247,12,0,User
961219,12,0,User
961279,74,0,User
961230,12,0,User
961328,81,1,User
961302,47,1,User
961414,12,1,User
961254,71,0,User
961200,12,0,User
961422,64,0,User
961491,14,1,User
961447,12,0,User
961608,12,1,User
961580,12,0,User
961555,12,0,User
961653,12,0,User
961756,55,1,User
961713,12,0,User
961861,47,1,User
961848,24,0,User
961835,66,0,User
961895,14,1,User
961823,67,1,User
961878,59,0,User
961857,12,0,User
961929,12,1,User
961944,48,1,User
961679,33,0,User
961959,66,0,User
961780,69,1,User
962045,59,0,User
961872,48,0,User
961873,62,0,User
962096,12,1,User
961918,17,0,User
962253,29,0,User
962143,60,0,User
962286,71,0,User
962329,12,1,User
962364,60,0,User
962378,55,1,User
962447,69,0,User
962387,21,0,User
962409,52,1,User
962439,53,1,User
962388,12,0,User
962280,12,0,User
962322,34,0,User
962444,55,0,User
962392,53,0,User
962383,19,0,User
962396,60,0,User
962532,57,0,User
962592,79,1,User
962731,14,1,User
962608,69,0,User
962712,48,0,User
962768,66,1,User
962655,59,0,User
962838,64,0,User
962866,12,0,User
962785,12,0,User
962949,64,0,User
962976,59,1,User
962979,72,0,User
962962,28,1,User
963104,52,0,User
963229,38,1,User
963316,12,1,User
963332,41,1,User
963310,12,0,User
963470,38,0,User
963364,78,1,User
963413,12,0,User
963601,28,0,User
963551,12,1,User
963604,71,0,User
963450,64,0,User
963664,71,1,User
963694,36,0,User
963682,12,0,User
963752,19,1,User
963746,33,0,User
963830,12,1,User
963803,66,0,User
963774,21,1,User
963810,12,0,User
963935,72,0,User
963791,52,0,User
963868,83,0,User
963964,12,0,User
964008,12,0,User
964036,12,1,User
963930,12,1,User
964081,12,0,User
964048,26,0,User
964233,33,0,User
964282,81,0,User
964351,67,0,User
964326,53,0,User
964425,16,1,User
964694,55,0,User
964827,12,0,User
964899,59,1,User
964869,64,1,User
964948,62,1,User
965047,41,1,User
965087,60,1,User
965117,26,1,User
965133,52,1,User
965002,48,1,User
965193,43,1,User
965019,60,1,User
965204,57,0,User
965347,28,0,User
965319,12,0,User
965290,66,1,User
965418,64,0,User
965404,12,1,User
965367,71,0,User
965435,12,0,User
965482,55,1,User
965536,12,1,User
965646,12,0,User
965676,33,1,User
965701,38,0,User
965731,12,0,User
965640,66,1,User
965696,12,1,User
965791,12,0,User
965751,12,1,User
965824,12,0,User
965833,12,0,User
965928,12,0,User
965916,50,1,User
965979,53,0,User
966005,12,1,User
966062,12,0,User
966125,17,0,User
966110,62,1,User
966042,50,1,User
966000,48,1,User
965950,72,1,User
966134,12,1,User
966207,12,0,User
966105,12,1,User
966268,62,0,User
966394,64,1,User
966437,67,0,User
966400,59,0,User
966460,16,1,User
966514,17,1,User
966464,45,0,User
966504,14,0,User
966385,14,0,User
966340,12,1,User
966693,52,1,User
966686,59,1,User
966775,12,0,User
966813,41,0,User
966689,34,0,User
966927,62,0,User
966750,12,0,User
966944,34,0,User
967057,12,0,User
966969,31,0,User
967075,52,0,User
967232,71,0,User
967176,12,1,User
967092,48,0,User
967294,67,1,User
967330,38,0,User
967441,64,1,User
967443,48,0,User
967394,12,1,User
967270,53,0,User
967449,16,1,User
967474,53,1,User
967274,78,0,User
967478,67,0,User
967553,36,0,User
967423,38,1,User
967425,33,1,User
967580,12,1,User
967513,53,0,User
967543,53,0,User
967629,12,1,User
967603,12,1,User
967679,50,1,User
967792,26,0,User
967710,67,0,User
967837,16,1,User
967894,12,0,User
967907,16,0,User
967909,48,0,User
968043,29,0,User
968016,48,0,User
968036,66,0,User
968132,69,1,User
968282,40,0,User
968318,52,1,User
968388,69,0,User
968402,12,0,User
968354,41,0,User
968382,36,1,User
968437,12,0,User
968470,52,0,User
968459,12,0,User
968596,66,1,User
968531,55,1,User
968415,33,1,User
968547,66,0,User
968618,12,1,User
968702,12,0,User
968608,12,1,User
968737,69,0,User
968779,12,0,User
968896,60,1,User
968774,12,1,User
968944,64,1,User
968960,19,0,User
969019,14,1,User
968976,71,0,User
968951,53,1,User
968990,66,0,User
969026,12,1,User
968982,14,1,User
969006,12,1,User
969185,69,1,User
969160,48,0,User
969176,60,1,User
969015,12,0,User
969307,41,1,User
969363,14,1,User
969350,12,1,User
969419,67,1,User
969505,12,0,User
969542,45,1,User
969374,41,1,User
969435,84,1,User
969595,14,0,User
969300,69,0,User
969525,12,1,User
969694,40,0,User
969642,17,1,User
969752,33,0,User
969767,33,1,User
969795,41,0,User
969821,69,1,User
969836,52,0,User
969925,66,0,User
969840,60,0,User
969998,52,1,User
969928,12,1,User
969986,50,0,User
970081,12,1,User
970086,50,1,User
970186,66,1,User
970118,59,0,User
970032,59,1,User
970121,57,1,User
970217,17,0,User
970078,57,1,User
970323,48,0,User
970427,57,0,User
970363,60,1,User
970319,33,0,User
970502,74,1,User
970532,71,0,User
970465,64,1,User
970302,22,0,User
970549,12,0,User
970611,12,0,User
970674,69,0,User
970734,33,1,User
970861,12,1,User
970720,12,0,User
970883,66,0,User
970884,60,0,User
970931,52,0,User
970991,57,0,User
971005,12,0,User
971131,62,1,User
971148,12,0,User
971064,72,1,User
971114,12,0,User
971171,12,0,User
971153,12,1,User
970995,43,0,User
971200,47,0,User
971239,72,1,User
971215,74,1,User
971356,12,0,User
971233,57,0,User
971462,12,1,User
971494,12,1,User
971425,57,1,User
971455,71,0,User
971430,28,0,User
971474,53,0,User
971398,31,1,User
971617,71,1,User
971618,71,0,User
971716,16,0,User
971622,60,1,User
971762,12,1,User
971707,48,0,User
971680,48,1,User
971710,36,1,User
971823,53,1,User
971826,57,0,User
971827,60,1,User
971758,12,0,User
971788,67,0,User
971903,72,0,User
971929,66,0,User
971984,26,1,User
972168,12,0,User
971949,21,0,User
971950,12,1,User
972148,64,1,User
972214,67,0,User
972218,14,0,User
972291,21,0,User
972346,43,1,User
972176,45,0,User
972236,48,0,User
972322,12,0,User
972240,12,1,User
972225,14,1,User
972511,59,1,User
972324,17,1,User
972386,62,0,User
972558,71,0,User
972486,12,1,User
972539,12,1,User
972753,67,0,User
972593,12,0,User
972554,71,0,User
972761,12,1,User
972732,64,0,User
972860,14,0,User
972977,52,1,User
973006,12,1,User
973008,62,0,User
972734,12,0,User
972996,55,1,User
973102,55,0,User
973105,57,0,User
973093,26,0,User
973109,55,0,User
973188,71,0,User
973134,12,1,User
973189,50,1,User
973278,12,0,User
973063,34,0,User
973245,19,1,User
973221,12,1,User
973322,67,1,User
973287,90,1,User
973411,59,1,User
973412,64,1,User
973315,17,0,User
973428,60,0,User
973407,47,1,User
973323,12,1,User
973591,34,0,User
973528,21,1,User
973621,71,0,User
973505,84,0,User
973613,66,1,User
973676,12,1,User
973764,12,1,User
973863,55,0,User
973908,71,0,User
973873,12,1,User
974014,12,1,User
973785,59,0,User
974102,71,0,User
974036,74,0,User
973959,12,1,User
974169,60,0,User
974211,60,0,User
974233,12,0,User
974274,55,1,User
974302,21,1,User
974304,79,0,User
974249,78,0,User
974397,12,1,User
974434,16,1,User
974399,40,1,User
974521,64,1,User
974537,45,0,User
974454,52,1,User
974220,19,0,User
974644,57,0,User
974646,64,1,User
974518,12,0,User
974519,12,0,User
974808,71,1,User
974736,12,1,User
974827,48,0,User
974757,12,1,User
974848,34,0,User
975047,22,1,User
974961,66,1,User
974981,48,1,User
975123,31,1,User
975028,66,1,User
975084,47,0,User
975111,12,1,User
975173,34,0,User
975156,71,1,User
975216,69,1,User
975192,69,1,User
975165,81,1,User
975331,78,1,User
975351,60,1,User
975423,12,1,User
975389,24,0,User
975448,12,1,User
975620,12,1,User
975419,34,0,User
975651,22,1,User
975726,26,1,User
975644,53,1,User
975728,66,1,User
975718,22,0,User
975703,64,1,User
975840,67,1,User
975749,12,1,User
975896,43,1,User
976083,12,1,User
975852,60,1,User
975794,12,1,User
976156,62,0,User
976133,31,0,User
976094,66,0,User
975970,12,1,User
976206,12,1,User
976262,12,1,User
975944,66,1,User
975945,67,1,User
976337,67,0,User
976242,52,1,User
976366,67,0,User
976356,74,0,User
976433,12,0,User
976516,16,0,User
976465,12,0,User
976587,12,0,User
976744,12,1,User
976745,69,1,User
976628,60,1,User
976819,66,1,User
976702,52,0,User
976812,69,1,User
976679,55,0,User
976901,50,1,User
976958,19,1,User
977090,66,0,User
977119,12,1,User
977105,12,0,User
977111,29,0,User
977221,48,1,User
977238,12,1,User
977143,12,1,User
977266,69,1,User
977298,12,1,User
977009,55,0,User
977320,52,0,User
977436,12,1,User
977427,14,0,User
977494,12,0,User
977309,62,1,User
977547,12,1,User
977382,53,1,User
977563,57,1,User
977645,67,1,User
977793,71,1,User
977591,12,1,User
977783,12,1,User
977736,12,0,User
977817,66,0,User
977864,62,1,User
977799,16,1,User
977993,34,1,User
977916,71,0,User
977980,57,1,User
977937,12,0,User
977938,74,1,User
978077,60,1,User
977940,72,1,User
978054,12,0,User
978140,33,0,User
977999,74,1,User
978117,12,0,User
978213,38,0,User
978184,12,1,User
978098,64,1,User
978189,64,1,User
978205,47,1,User
978253,72,0,User
978348,14,0,User
978395,69,1,User
978437,12,0,User
978338,71,1,User
978426,50,0,User
978353,14,1,User
978402,12,0,User
978471,59,0,User
978556,24,1,User
978487,72,0,User
978518,66,1,User
978632,38,1,User
978661,12,1,User
978693,12,1,User
978627,52,1,User
978660,50,1,User
978815,21,0,User
978856,40,0,User
978844,12,0,User
978838,12,0,User
978850,12,0,User
978979,57,0,User
978962,17,1,User
978966,50,1,User
978967,38,0,User
979082,52,1,User
978956,41,0,User
978937,57,0,User
979056,53,0,User
979098,12,1,User
979087,12,0,User
979128,43,1,User
979118,38,0,User
979326,12,1,User
979266,66,0,User
979383,14,0,User
979273,76,1,User
979416,62,1,User
979423,66,0,User
979518,59,1,User
979523,12,1,User
979568,12,0,User
979506,59,1,User
979514,36,1,User
979616,28,0,User
979716,45,0,User
979559,24,0,User
979747,16,1,User
979775,12,1,User
979791,71,0,User
979820,21,0,User
979815,67,1,User
979842,41,1,User
979913,47,1,User
979944,33,1,User
979914,64,1,User
979888,22,0,User
980080,62,1,User
980211,69,0,User
979934,64,0,User
980050,67,0,User
980174,43,0,User
979994,28,0,User
980311,83,1,User
980341,43,1,User
980402,69,0,User
980235,66,1,User
980385,12,0,User
980447,28,1,User
980424,12,1,User
980492,34,1,User
980427,12,1,User
980454,12,1,User
980567,26,0,User
980459,12,1,User
980571,64,0,User
980352,12,1,User
980564,12,0,User
980481,12,0,User
980630,22,0,User
980686,62,1,User
980658,67,1,User
980647,12,1,User
980718,74,1,User
980703,14,0,User
980739,64,1,User
980791,69,1,User
980684,53,1,User
980787,64,0,User
980754,43,0,User
980887,12,0,User
980864,74,0,User
980868,57,0,User
980957,12,0,User
980947,19,0,User
981004,52,0,User
981061,12,1,User
981092,69,0,User
981135,66,1,User
981407,29,1,User
981417,38,0,User
981371,16,1,User
981517,60,0,User
981520,12,1,User
981555,31,0,User
981524,71,0,User
981614,62,0,User
981696,22,1,User
981737,12,1,User
981705,40,1,User
981767,60,1,User
981812,72,0,User
981830,76,0,User
981747,12,1,User
981822,69,0,User
981881,47,0,User
981934,52,0,User
981718,12,1,User
982066,12,0,User
981945,57,0,User
982038,14,0,User
982098,69,1,User
982084,12,0,User
982171,52,1,User
982150,66,0,User
982278,12,0,User
982338,14,1,User
982196,17,0,User
982360,47,1,User
982365,12,0,User
982417,66,1,User
982283,12,1,User
982407,12,1,User
982451,45,0,User
982576,60,0,User
982425,78,0,User
982594,72,1,User
982621,28,1,User
982496,67,1,User
982685,69,0,User
982690,12,0,User
982723,12,0,User
982674,52,1,User
982739,52,0,User
982848,62,0,User
982891,59,1,User
982910,12,1,User
982897,66,0,User
982998,62,0,User
982961,31,0,User
982976,71,1,User
982931,71,0,User
983074,57,0,User
982887,64,0,User
983006,71,0,User
983080,12,0,User
983137,76,1,User
983196,28,0,User
983197,19,0,User
983252,57,1,User
983186,17,1,User
983188,50,0,User
983205,36,0,User
983358,71,1,User
983261,66,1,User
983264,71,0,User
983351,67,0,User
983394,69,1,User
983554,16,1,User
983563,28,0,User
983746,12,0,User
983732,12,0,User
983762,78,0,User
983663,33,1,User
983781,62,0,User
983740,14,1,User
983786,12,1,User
983797,64,1,User
983788,12,1,User
983842,71,0,User
983884,57,1,User
983873,16,0,User
983846,57,0,User
983944,48,0,User
983962,19,1,User
983949,12,1,User
983908,34,1,User
983953,60,0,User
983937,57,1,User
983997,66,0,User
984066,52,1,User
984109,66,0,User
984043,57,0,User
984125,60,0,User
984264,12,0,User
984178,12,0,User
984421,57,0,User
984299,33,1,User
984210,55,0,User
984440,41,1,User
984441,17,0,User
984443,12,1,User
984501,64,1,User
984621,17,1,User
984539,12,1,User
984681,59,0,User
984692,67,0,User
984693,12,1,User
984683,12,1,User
984687,78,0,User
984697,12,1,User
984545,43,1,User
984770,14,0,User
984582,67,1,User
984773,66,1,User
984629,36,0,User
984846,31,0,User
984931,64,0,User
984863,71,1,User
984877,26,1,User
984750,50,0,User
985058,67,0,User
985072,64,1,User
985074,62,1,User
985031,14,1,User
985032,64,1,User
985163,69,0,User
985177,40,1,User
985168,52,0,User
985285,48,0,User
985211,55,1,User
985367,52,0,User
985396,16,0,User
985334,12,1,User
985477,45,1,User
985470,71,1,User
985579,60,0,User
985572,60,1,User
985658,12,1,User
985587,12,0,User
985660,21,0,User
985741,34,0,User
985704,12,0,User
985827,60,0,User
985721,48,1,User
985949,12,0,User
986086,12,0,User
986077,69,0,User
986118,64,0,User
985933,60,1,User
986191,26,1,User
986003,66,0,User
986162,12,0,User
986149,71,1,User
986182,48,1,User
986038,69,0,User
986095,29,0,User
986160,60,0,User
986303,62,0,User
986294,12,0,User
986462,64,0,User
986393,72,1,User
986323,12,0,User
986597,41,0,User
986571,33,1,User
986489,14,1,User
986691,12,1,User
986579,12,0,User
986695,62,1,User
986761,12,0,User
986779,12,0,User
986712,47,0,User
986841,12,0,User
986846,29,1,User
986826,21,0,User
986875,12,0,User
986834,86,0,User
986817,41,0,User
986891,14,0,User
986974,47,0,User
986937,12,0,User
987078,12,0,User
987060,71,0,User
987200,21,0,User
987174,19,0,User
987178,12,0,User
987140,41,0,User
987244,12,1,User
987274,57,1,User
987074,12,0,User
987248,17,1,User
987235,64,1,User
987437,57,0,User
987324,12,0,User
987417,71,0,User
987482,12,0,User
987367,55,0,User
987504,41,0,User
987520,24,1,User
987616,16,0,User
987669,12,0,User
987374,55,1,User
987725,12,0,User
987811,12,0,User
987789,12,0,User
987848,12,0,User
987851,12,0,User
987838,45,1,User
988099,36,0,User
988148,69,0,User
988176,14,0,User
988151,64,1,User
988119,71,0,User
988248,74,0,User
988124,12,0,User
988263,55,1,User
988322,28,0,User
988308,21,0,User
988281,50,0,User
988355,12,1,User
988423,12,1,User
988480,12,0,User
988506,26,0,User
988606,48,1,User
988623,26,0,User
988572,79,1,User
988410,24,0,User
988449,12,1,User
988527,24,0,User
988775,91,0,User
988707,22,0,User
988832,22,1,User
988720,67,0,User
988770,60,1,User
988810,29,0,User
989065,12,1,User
988873,64,1,User
989112,41,0,User
989161,57,1,User
989149,14,0,User
989138,16,0,User
989169,12,0,User
989170,41,1,User
989194,12,1,User
989282,12,0,User
989227,12,1,User
989235,12,0,User
989478,12,1,User
989438,14,0,User
989430,69,0,User
989450,60,0,User
989581,62,1,User
989575,12,1,User
989562,64,0,User
989605,12,1,User
989688,59,0,User
989544,50,1,User
989546,67,1,User
989610,64,1,User
989740,55,0,User
989866,74,1,User
989824,22,1,User
989868,14,0,User
989638,12,0,User
989972,12,1,User
989890,59,1,User
989944,28,0,User
989893,12,1,User
989988,12,1,User
989879,53,0,User
989915,12,0,User
990025,12,1,User
990078,12,1,User
990152,12,0,User
990259,72,0,User
990191,71,1,User
990193,22,0,User
990207,43,1,User
990270,12,0,User
990279,12,0,User
990294,71,0,User
990224,12,1,User
990381,16,0,User
990313,45,0,User
990469,57,1,User
990345,48,1,User
990498,34,0,User
990487,12,0,User
990586,36,0,User
990590,12,0,User
990549,69,0,User
990604,26,0,User
990654,12,1,User
990723,12,1,User
990724,66,0,User
990665,55,0,User
990813,60,1,User
990904,53,0,User
990776,12,1,User
990801,71,1,User
990869,12,1,User
990669,69,0,User
990962,21,1,User
990951,12,1,User
990992,12,0,User
990983,64,0,User
990996,12,0,User
990957,12,0,User
990925,21,1,User
991018,50,0,User
991028,71,0,User
991163,12,1,User
991226,72,0,User
991185,59,1,User
991209,53,0,User
991341,21,0,User
991414,12,0,User
991472,60,1,User
991460,12,1,User
991580,71,0,User
991445,12,1,User
991525,62,0,User
991654,12,1,User
991483,52,0,User
991644,12,0,User
991661,47,0,User
991772,69,1,User
991703,71,1,User
991786,19,1,User
991764,12,1,User
991833,12,1,User
991807,12,0,User
991793,34,0,User
991957,69,1,User
991755,22,0,User
992012,12,0,User
992086,71,0,User
992104,69,1,User
991931,52,0,User
992146,36,1,User
992067,17,0,User
992206,36,1,User
992236,50,0,User
992291,48,1,User
992357,12,0,User
992388,72,1,User
992346,14,1,User
992350,50,1,User
992441,47,0,User
992413,76,1,User
992398,12,1,User
992594,66,1,User
992673,71,1,User
992603,12,0,User
992692,69,1,User
992645,28,0,User
992562,76,0,User
992764,74,0,User
992792,12,0,User
992738,57,1,User
992714,12,1,User
992911,59,0,User
992870,12,1,User
992964,64,0,User
992847,50,1,User
993018,17,0,User
992908,45,1,User
992968,62,0,User
993137,14,0,User
993073,52,0,User
992999,19,1,User
993202,64,0,User
993256,17,1,User
993223,12,1,User
993162,12,1,User
993333,91,1,User
993294,34,0,User
993295,55,1,User
993427,50,0,User
993466,12,1,User
993433,86,1,User
993352,12,1,User
993462,31,0,User
993538,12,1,User
993580,14,0,User
993622,12,0,User
993570,12,0,User
993693,57,0,User
993665,19,1,User
993643,57,0,User
993612,48,1,User
993701,12,0,User
993858,12,1,User
993748,12,1,User
993909,74,0,User
994053,50,1,User
993819,69,0,User
993949,24,1,User
994081,72,1,User
994059,21,0,User
994126,12,0,User
994162,12,1,User
994166,71,0,User
994276,67,0,User
994280,53,1,User
994104,67,1,User
994177,12,0,User
994204,48,1,User
994340,34,1,User
994288,31,1,User
994352,64,1,User
994319,67,1,User
994290,78,1,User
994398,41,0,User
994364,64,0,User
994486,12,0,User
994531,12,0,User
994547,38,0,User
994419,45,1,User
994421,62,1,User
994526,59,1,User
994606,34,0,User
994530,50,0,User
994496,48,1,User
994629,67,0,User
994544,12,0,User
994499,19,1,User
994699,31,1,User
994775,71,1,User
994679,22,1,User
994878,34,0,User
994884,12,1,User
994885,69,0,User
995061,52,0,User
995154,64,0,User
995226,12,1,User
995173,60,0,User
995315,28,0,User
995376,71,0,User
995183,12,0,User
995321,64,1,User
995446,12,1,User
995244,47,1,User
995261,12,1,User
995570,12,1,User
995489,64,1,User
995647,14,0,User
995520,16,1,User
995620,47,1,User
995636,17,1,User
995684,55,0,User
995766,69,0,User
995867,52,1,User
995818,33,0,User
995887,69,0,User
995785,21,1,User
995875,12,0,User
995877,66,0,User
995788,66,1,User
995975,74,1,User
996023,71,1,User
995993,33,1,User
995923,57,1,User
996211,60,1,User
996127,74,0,User
996307,55,1,User
996334,79,1,User
996312,12,1,User
996313,64,0,User
996441,38,1,User
996298,67,1,User
996372,60,1,User
996549,26,0,User
996617,64,1,User
996433,59,0,User
996499,12,1,User
996460,52,1,User
996374,34,0,User
996581,22,1,User
996690,69,1,User
996819,71,0,User
997008,59,0,User
996956,67,0,User
997082,66,1,User
997043,12,1,User
997094,21,1,User
997064,52,0,User
997014,12,1,User
997170,12,1,User
997185,12,1,User
997331,12,0,User
997197,12,0,User
997361,53,0,User
997400,12,1,User
997416,12,0,User
997392,16,0,User
997565,12,0,User
997551,66,0,User
997637,67,0,User
997638,66,0,User
997682,40,0,User
997675,62,0,User
997846,52,1,User
997779,34,0,User
997781,12,1,User
997895,12,1,User
997848,12,1,User
997849,12,0,User
997997,12,1,User
997987,12,0,User
997870,50,0,User
997920,69,1,User
997871,53,0,User
997944,33,1,User
998116,12,1,User
998024,21,1,User
998303,48,0,User
998356,69,1,User
998392,45,1,User
998354,12,1,User
998408,76,1,User
998370,43,1,User
998479,64,0,User
998496,12,1,User
998456,43,0,User
998473,40,0,User
998499,12,1,User
998618,12,0,User
998619,60,0,User
998557,12,1,User
998669,72,0,User
998809,62,0,User
998815,12,1,User
998868,41,0,User
998790,71,0,User
998775,62,1,User
998871,12,1,User
998874,50,1,User
999020,55,1,User
999035,12,1,User
998969,45,1,User
998802,12,0,User
999056,55,1,User
999106,45,0,User
999084,57,1,User
998996,40,0,User
998999,60,1,User
999187,69,1,User
999378,38,0,User
999454,43,1,User
999512,28,1,User
999444,14,0,User
999431,52,1,User
999418,12,1,User
999447,45,0,User
999516,14,1,User
999524,12,0,User
999501,62,1,User
999537,36,0,User
999608,17,1,User
999638,71,1,User
999625,67,1,User
999680,57,0,User
999703,62,0,User
999740,67,1,User
999684,12,0,User
999812,67,0,User
999669,12,0,User
999788,74,1,User
999789,26,1,User
999764,55,0,User
999994,12,0,User
999930,12,1,User
1000045,31,1,User
1000098,26,0,User
1000001,12,0,User
1000035,12,0,User
1000189,12,0,User
1000154,53,0,User
1000233,66,0,User
1000210,31,1,User
1000337,62,0,User
1000296,29,1,User
1000399,60,0,User
1000430,12,1,User
1000404,12,1,User
1000433,45,1,User
1000577,12,0,User
1000594,26,1,User
1000623,60,0,User
1000365,12,1,User
1000601,12,1,User
1000616,16,1,User
1000631,24,0,User
1000756,60,0,User
1000744,29,1,User
1000803,12,1,User
1000839,66,0,User
1000793,12,0,User
1000928,26,1,User
1000955,40,1,User
1000944,12,1,User
1000959,12,1,User
1001020,14,0,User
1001021,67,0,User
1001007,57,1,User
1000935,55,0,User
1001137,40,1,User
1000975,67,0,User
1000920,71,1,User
1001126,71,1,User
1001069,71,1,User
1000979,67,0,User
1001151,12,1,User
1001100,12,0,User
1001239,14,0,User
1001297,74,0,User
1001270,12,0,User
1001284,59,1,User
1001261,12,0,User
1001218,12,0,User
1001249,53,1,User
1001346,12,0,User
1001373,66,0,User
1001461,55,1,User
1001441,36,0,User
1001233,12,0,User
1001265,12,1,User
1001340,38,0,User
1001448,12,1,User
1001524,12,1,User
1001553,47,1,User
1001526,12,1,User
1001555,14,0,User
1001854,43,1,User
1001676,64,1,User
1001789,12,0,User
1001726,12,0,User
1001727,26,1,User
1001884,55,0,User
1001865,12,0,User
1002039,69,0,User
1002005,12,0,User
1002050,47,1,User
1002027,12,0,User
1001916,12,0,User
1002010,45,1,User
1002138,67,1,User
1001923,66,0,User
1001968,22,1,User
1002119,67,0,User
1002262,12,0,User
1002292,38,1,User
1002269,41,1,User
1002392,12,1,User
1002394,12,1,User
1002395,12,1,User
1002374,64,0,User
1002294,17,1,User
1002527,36,1,User
1002524,59,0,User
1002561,71,1,User
1002592,12,1,User
1002582,12,1,User
1002612,53,1,User
1002691,12,1,User
1002637,52,1,User
1002638,12,1,User
1002696,12,0,User
1002724,55,0,User
1002798,14,1,User
1002814,12,0,User
1002773,71,1,User
1002716,12,1,User
1002730,45,1,User
1002904,12,1,User
1002949,64,0,User
1002910,12,0,User
1002914,62,0,User
1003008,12,1,User
1002995,14,0,User
1002878,14,0,User
1003046,83,1,User
1002945,57,0,User
1003195,72,1,User
1003164,71,0,User
1003209,12,0,User
1003121,14,0,User
1003236,67,0,User
1003275,53,1,User
1003362,62,0,User
1003363,14,1,User
1003497,62,0,User
1003464,12,0,User
1003468,12,1,User
1003405,12,1,User
1003696,71,1,User
1003633,12,1,User
1003672,64,1,User
1003787,12,1,User
1003803,62,0,User
1003716,97,1,User
1003686,71,0,User
1003687,64,1,User
1003821,12,0,User
1003738,74,1,User
1003936,12,0,User
1003841,47,0,User
1003996,57,1,User
1003932,59,0,User
1003970,66,1,User
1004075,16,1,User
1004107,12,1,User
1004148,67,1,User
1004125,66,1,User
1004151,12,1,User
1004133,57,0,User
1004223,12,1,User
1003783,64,0,User
1004039,12,1,User
1004284,12,1,User
1004344,64,1,User
1004275,74,1,User
1004156,12,1,User
1004448,12,1,User
1004439,45,0,User
1004425,34,1,User
1004175,14,0,User
1004526,14,1,User
1004540,64,0,User
1004517,17,1,User
1004620,72,1,User
1004580,62,1,User
1004530,41,1,User
1004669,66,1,User
1004763,53,1,User
1004534,12,1,User
1004681,64,0,User
1004782,48,0,User
1004926,60,0,User
1004818,12,1,User
1004948,14,1,User
1004699,66,1,User
1004920,12,1,User
1005031,12,0,User
1004963,12,0,User
1005108,66,1,User
1005123,67,0,User
1005099,12,0,User
1004979,69,1,User
1005113,60,1,User
1005173,66,0,User
1005228,67,0,User
1005193,57,0,User
1005231,71,1,User
1005164,67,1,User
1005262,50,0,User
1005412,12,1,User
1005367,12,1,User
1005418,12,1,User
1005427,60,1,User
1005471,12,0,User
1005472,12,0,User
1005487,21,0,User
1005328,62,0,User
1005620,12,1,User
1005566,12,1,User
1005651,12,1,User
1005624,12,1,User
1005656,14,1,User
1005509,62,0,User
1005510,59,0,User
1005585,66,0,User
1005768,12,1,User
1005540,45,1,User
1005710,69,0,User
1005786,38,1,User
1005792,12,1,User
1005686,59,0,User
1005913,26,1,User
1006023,62,1,User
1006054,12,0,User
1005822,50,0,User
1005984,12,1,User
1006048,36,1,User
1006030,29,0,User
1006127,43,0,User
1006079,53,0,User
1006146,12,0,User
1006119,12,0,User
1006219,12,1,User
1006276,64,0,User
1006224,22,1,User
1006319,12,1,User
1006343,14,0,User
1006401,43,1,User
1006358,12,1,User
1006374,69,0,User
1006489,31,1,User
1006301,47,1,User
1006569,69,0,User
1006639,69,0,User
1006650,71,1,User
1006787,19,1,User
1006789,71,1,User
1006767,16,0,User
1006868,52,0,User
1006951,57,0,User
1006843,64,0,User
1006983,12,0,User
1007013,76,0,User
1007061,12,0,User
1007182,34,0,User
1007188,28,0,User
1007232,26,1,User
1007386,24,0,User
1007375,47,0,User
1007403,83,0,User
1007566,66,1,User
1007571,12,0,User
1007611,12,1,User
1007535,59,0,User
1007643,48,1,User
1007746,12,0,User
1007766,40,0,User
1007768,71,0,User
1007769,64,0,User
1007813,12,0,User
1007862,79,1,User
1007805,26,0,User
1007992,60,0,User
1008016,71,0,User
1008050,12,0,User
1008152,71,0,User
1008142,64,1,User
1008183,16,0,User
1007952,59,0,User
1008201,71,1,User
1008247,12,0,User
1008316,36,0,User
1008089,33,0,User
1008222,12,1,User
1008252,12,0,User
1008438,16,1,User
1008396,55,0,User
1008489,66,0,User
1008490,52,0,User
1008476,47,1,User
1008545,62,1,User
1008604,69,0,User
1008569,71,1,User
1008523,62,0,User
1008729,64,1,User
1008802,66,1,User
1008841,74,0,User
1008660,50,1,User
1008702,71,1,User
1008873,45,0,User
1008905,12,0,User
1008855,71,1,User
1008749,12,0,User
1009044,66,0,User
1009045,12,1,User
1009116,55,1,User
1009135,71,1,User
1009089,14,1,User
1009029,12,1,User
1009340,52,1,User
1009316,33,0,User
1009396,12,1,User
1009397,66,1,User
1009304,43,1,User
1009561,67,0,User
1009451,71,0,User
1009494,12,0,User
1009563,12,0,User
1009498,12,1,User
1009526,12,1,User
1009554,66,1,User
1009402,57,1,User
1009557,12,0,User
1009607,12,1,User
1009598,12,0,User
1009697,57,1,User
1009739,38,0,User
1009806,12,1,User
1009724,12,0,User
1009763,83,0,User
1009816,29,0,User
1009922,12,1,User
1009951,34,0,User
1009981,47,0,User
1009901,41,1,User
1010000,12,0,User
1009988,59,0,User
1009930,78,0,User
1010035,67,0,User
1010007,69,1,User
1010106,53,0,User
1010261,12,1,User
1010275,38,1,User
1010332,60,0,User
1010361,55,0,User
1010400,69,1,User
1010321,12,1,User
1010248,12,0,User
1010436,60,0,User
1010367,64,0,User
1010438,57,0,User
1010466,12,1,User
1010491,64,1,User
1010442,59,0,User
1010458,36,1,User
1010582,34,0,User
1010415,31,0,User
1010489,31,1,User
1010502,66,1,User
1010748,67,0,User
1010691,12,0,User
1010682,71,1,User
1011084,12,0,User
1010869,62,1,User
1011114,41,1,User
1011072,69,0,User
1011027,53,1,User
1011125,12,1,User
1011170,50,0,User
1011089,16,0,User
1011141,12,1,User
1011157,67,0,User
1011257,66,0,User
1011233,12,1,User
1011235,41,1,User
1011165,57,0,User
1011390,14,1,User
1011514,69,0,User
1011595,12,0,User
1011739,40,1,User
1011748,72,0,User
1011811,12,1,User
1011799,16,0,User
1011863,67,0,User
1011806,53,1,User
1011780,57,1,User
1011940,64,1,User
1011943,12,1,User
1012053,66,0,User
1011984,12,0,User
1012070,64,0,User
1012074,66,1,User
1012088,78,0,User
1012108,67,0,User
1012218,64,1,User
1012180,64,1,User
1012225,59,0,User
1012211,12,0,User
1012215,66,0,User
1012344,12,0,User
1012415,12,1,User
1012390,52,0,User
1012458,14,1,User
1012482,74,1,User
1012485,38,1,User
1012556,22,1,User
1012681,55,1,User
1012491,12,0,User
1012641,66,0,User
1012495,41,0,User
1012629,43,0,User
1012714,71,0,User
1012499,53,0,User
1012744,12,0,User
1012617,52,0,User
1012692,66,1,User
1012824,41,0,User
1012881,72,0,User
1012921,33,0,User
1012966,50,0,User
1012874,12,1,User
1012941,67,0,User
1012971,33,0,User
1012830,21,0,User
1013031,12,0,User
1013086,12,1,User
1013117,67,0,User
1013181,12,1,User
1013237,69,0,User
1013239,36,0,User
1013202,50,0,User
1013187,52,0,User
1013250,69,0,User
1013371,71,1,User
1013278,67,0,User
1013125,29,0,User
1013155,12,0,User
1013253,28,0,User
1013525,12,1,User
1013553,12,1,User
1013569,71,1,User
1013445,52,1,User
1013548,69,1,User
1013629,14,0,User
1013502,53,0,User
1013505,12,1,User
1013620,14,0,User
1013635,12,1,User
1013646,40,1,User
1013665,33,1,User
1013670,62,0,User
1013696,67,1,User
1013807,60,0,User
1013866,71,0,User
1013772,64,1,User
1013843,64,0,User
1013860,67,0,User
1013876,12,1,User
1013845,59,0,User
1013847,55,0,User
1013832,12,1,User
1013959,22,0,User
1013952,12,0,User
1013991,59,1,User
1013994,12,0,User
1014007,67,0,User
1014079,64,0,User
1014082,14,0,User
1014053,48,0,User
1013975,64,0,User
1014109,48,0,User
1013804,64,0,User
1014332,12,0,User
1014248,12,1,User
1014268,12,1,User
1014186,12,1,User
1014323,12,1,User
1014467,48,0,User
1014456,12,0,User
1014458,12,1,User
1014462,66,0,User
1014463,12,1,User
1014560,38,0,User
1014564,74,1,User
1014576,60,1,User
1014506,12,0,User
1014509,12,1,User
1014723,12,0,User
1014570,50,1,User
1014630,69,0,User
1014802,53,1,User
1014817,45,1,User
1014903,28,1,User
1014850,72,1,User
1014909,12,0,User
1014962,34,0,User
1014927,33,0,User
1014996,16,1,User
1015024,64,0,User
1014989,60,0,User
1015057,47,0,User
1015111,57,0,User
1015032,12,1,User
1015050,12,0,User
1015217,69,0,User
1015205,67,1,User
1015176,71,0,User
1015154,12,1,User
1015224,12,0,User
1015353,14,0,User
1015411,36,0,User
1015427,12,0,User
1015429,69,1,User
1015362,12,0,User
1015435,76,1,User
1015234,60,0,User
1015547,64,0,User
1015565,12,1,User
1015395,12,0,User
1015245,57,0,User
1015656,12,1,User
1015585,12,1,User
1015703,41,1,User
1015834,67,0,User
1015808,36,1,User
1015867,57,1,User
1015814,52,0,User
1015815,12,0,User
1015982,14,0,User
1015953,29,0,User
1015885,12,1,User
1015972,59,0,User
1015933,62,0,User
1016084,60,1,User
1016024,12,0,User
1016149,59,0,User
1016055,71,1,User
1016268,12,0,User
1016183,12,0,User
1016144,57,1,User
1016421,41,1,User
1016442,34,1,User
1016509,66,0,User
1016598,38,0,User
1016324,69,1,User
1016517,34,1,User
1016550,12,1,User
1016647,59,1,User
1016467,12,0,User
1016470,66,0,User
1016761,59,1,User
1016807,40,1,User
1016765,62,0,User
1016784,12,0,User
1016857,12,0,User
1016840,69,0,User
1016974,48,0,User
1016864,71,1,User
1017121,43,0,User
1017051,60,1,User
1017136,71,0,User
1017072,67,0,User
1016950,12,1,User
1017155,12,1,User
1017145,48,0,User
1017247,60,1,User
1017301,55,1,User
1017265,12,1,User
1017341,50,0,User
1017459,12,0,User
1017461,12,0,User
1017574,12,1,User
1017493,29,1,User
1017551,71,1,User
1017608,59,0,User
1017609,78,0,User
1017629,67,1,User
1017613,29,1,User
1017630,12,1,User
1017570,67,0,User
1017772,66,0,User
1017802,55,1,User
1017856,69,0,User
1017872,12,1,User
1017644,36,0,User
1017645,34,0,User
1017890,12,1,User
1017950,62,0,User
1017880,76,1,User
1017896,12,0,User
1017930,53,1,User
1017998,62,1,User
1018025,12,0,User
1017987,66,0,User
1018096,47,1,User
1018031,12,1,User
1018083,28,1,User
1018113,14,0,User
1018050,53,1,User
1018216,69,1,User
1018219,67,0,User
1018169,74,0,User
1018253,12,0,User
1018078,12,0,User
1018354,52,0,User
1018288,24,0,User
1018343,64,0,User
1018332,12,1,User
1018290,38,1,User
1018442,12,0,User
1018414,38,1,User
1018335,52,1,User
1018428,66,1,User
1018214,66,1,User
1018364,67,0,User
1018481,62,0,User
1018496,47,1,User
1018484,66,1,User
1018499,16,0,User
1018626,66,0,User
1018681,72,0,User
1018647,45,0,User
1018742,12,0,User
1018665,71,1,User
1018832,64,0,User
1018835,12,0,User
1018770,12,1,User
1018751,14,0,User
1018916,12,1,User
1019027,17,1,User
1018991,12,0,User
1018815,38,1,User
1019059,67,0,User
1019102,12,0,User
1018901,41,0,User
1019121,50,0,User
1019122,69,0,User
1019224,55,0,User
1019341,71,0,User
1019307,48,0,User
1019309,16,1,User
1019464,53,1,User
1019452,22,0,User
1019469,60,1,User
1019496,38,0,User
1019544,12,1,User
1019557,12,1,User
1019561,12,0,User
1019602,71,1,User
1019656,12,0,User
1019647,60,1,User
1019625,40,1,User
1019769,12,0,User
1019678,12,1,User
1019810,12,0,User
1019801,60,0,User
1019945,12,1,User
1019908,12,0,User
1019880,74,0,User
1019922,55,0,User
1020046,57,0,User
1019952,71,0,User
1019996,57,0,User
1020173,12,1,User
1019985,16,0,User
1020075,38,1,User
1020259,12,0,User
1020274,12,1,User
1020292,33,0,User
1020210,40,0,User
1020255,12,1,User
1020356,60,0,User
1020496,12,0,User
1020501,47,1,User
1020464,45,0,User
1020529,71,1,User
1020522,40,0,User
1020540,12,1,User
1020738,50,0,User
1020596,12,0,User
1020871,34,1,User
1020921,12,1,User
1020823,22,0,User
1020980,60,1,User
1020794,72,0,User
1021103,71,0,User
1021016,62,0,User
1021060,50,1,User
1021108,12,1,User
1021216,66,0,User
1021203,12,1,User
1021283,16,0,User
1021275,12,0,User
1021305,48,1,User
1021415,14,1,User
1021433,16,1,User
1021342,16,1,User
1021479,12,1,User
1021495,48,1,User
1021497,12,1,User
1021629,47,0,User
1021465,12,0,User
1021684,16,1,User
1021699,45,1,User
1021688,12,1,User
1021350,12,0,User
1021702,12,0,User
1021581,21,0,User
1021752,81,0,User
1021857,12,0,User
1021982,55,1,User
1022012,67,0,User
1021961,71,0,User
1022029,12,1,User
1022061,33,1,User
1022025,12,1,User
1022147,52,0,User
1021995,52,0,User
1022085,69,1,User
1022069,12,1,User
1022251,71,0,User
1022114,12,1,User
1022225,64,0,User
1022157,12,1,User
1022129,41,0,User
1022256,60,0,User
1022217,14,1,User
1022350,64,1,User
1022265,29,0,User
1022441,59,0,User
1022498,59,0,User
1022487,67,0,User
1022583,12,0,User
1022613,52,0,User
1022599,57,0,User
1022643,57,1,User
1022602,14,0,User
1022562,34,0,User
1022534,28,0,User
1022592,17,0,User
1022675,71,1,User
1022776,12,0,User
1022706,12,0,User
1022824,50,0,User
1022799,17,0,User
1022838,12,0,User
1022867,69,1,User
1022857,64,0,User
1022831,57,1,User
1022903,12,0,User
1022961,67,1,User
1022949,66,1,User
1022966,38,1,User
1022953,72,0,User
1023048,64,1,User
1023049,22,1,User
1023122,36,1,User
1023128,12,0,User
1023214,12,0,User
1023271,12,1,User
1023273,31,1,User
1023192,16,1,User
1023119,67,1,User
1023248,31,0,User
1023224,57,1,User
1023252,12,0,User
1023406,12,0,User
1023321,69,1,User
1023423,14,0,User
1023402,60,0,User
1023365,12,1,User
1023432,21,0,User
1023328,69,0,User
1023483,74,1,User
1023510,24,0,User
1023417,21,1,User
1023604,60,0,User
1023480,12,0,User
1023630,36,0,User
1023678,66,0,User
1023722,45,0,User
1023668,28,0,User
1023674,12,0,User
1023778,12,0,User
1023952,26,0,User
1023884,12,0,User
1023966,69,1,User
1023930,12,0,User
1024036,12,1,User
1024024,12,1,User
1024025,78,0,User
1023986,64,0,User
1023935,24,1,User
1024060,59,1,User
1024171,71,1,User
1024105,12,0,User
1024120,53,0,User
1024179,12,0,User
1024219,22,0,User
1024306,55,0,User
1024211,71,0,User
1024340,24,0,User
1024270,43,0,User
1024258,16,1,User
1024315,12,1,User
1024334,28,0,User
1024335,12,0,User
1024444,12,1,User
1024429,48,1,User
1024407,12,0,User
1024408,60,1,User
1024360,14,1,User
1024499,12,0,User
1024561,67,0,User
1024463,19,0,User
1024599,76,1,User
1024578,59,1,User
1024652,50,0,User
1024669,12,1,User
1024718,47,1,User
1024789,43,1,User
1024820,48,0,User
1024877,34,0,User
1024810,21,0,User
1024814,28,1,User
1024841,19,1,User
1024985,66,0,User
1025056,57,1,User
1024928,43,1,User
1024991,45,0,User
1025058,71,1,User
1025106,12,1,User
1025020,24,1,User
1025109,71,1,User
1025176,43,0,User
1025179,59,1,User
1024963,53,0,User
1025069,47,0,User
1025036,72,1,User
1025159,47,0,User
1025283,12,1,User
1025301,12,0,User
1025345,60,0,User
1025303,59,1,User
1025137,66,1,User
1025386,12,0,User
1025365,67,0,User
1025433,72,0,User
1025267,69,1,User
1025368,22,0,User
1025399,12,0,User
1025351,21,0,User
1025483,12,0,User
1025627,12,0,User
1025517,48,0,User
1025591,12,0,User
1025660,50,0,User
1025574,12,1,User
1025633,12,1,User
1025606,38,1,User
1025651,12,1,User
1025734,69,0,User
1025827,12,0,User
1025783,12,1,User
1025846,55,0,User
1025905,71,0,User
1025976,12,0,User
1026018,28,0,User
1025965,71,0,User
1026033,12,0,User
1026215,47,0,User
1026317,62,0,User
1026320,12,1,User
1026322,57,0,User
1026367,12,0,User
1026381,33,1,User
1026370,69,0,User
1026423,41,0,User
1026452,48,1,User
1026454,53,1,User
1026345,33,0,User
1026498,12,1,User
1026500,45,1,User
1026542,66,0,User
1026577,64,1,User
1026553,71,1,User
1026634,34,1,User
1026652,76,0,User
1026693,29,0,User
1026709,76,0,User
1026711,52,0,User
1026742,19,1,User
1026757,60,0,User
1026818,12,0,User
1026830,12,1,User
1026788,12,0,User
1026922,64,0,User
1027009,12,1,User
1027039,17,1,User
1026927,21,0,User
1027030,31,0,User
1027089,12,0,User
1027130,59,0,User
1027190,12,0,User
1027133,53,1,User
1027123,60,0,User
1027252,12,0,User
1027367,40,0,User
1027245,53,1,User
1027203,12,1,User
1027394,12,1,User
1027442,50,1,User
1027490,66,0,User
1027462,38,0,User
1027404,66,0,User
1027569,52,0,User
1027579,64,1,User
1027729,12,0,User
1027743,48,1,User
1027663,12,1,User
1027647,66,0,User
1027887,12,1,User
1027867,60,0,User
1027731,12,0,User
1027981,12,0,User
1027984,14,1,User
1028012,45,1,User
1027813,12,1,User
1028106,12,0,User
1028149,12,1,User
1028191,12,1,User
1028049,12,1,User
1028233,81,1,User
1028376,12,1,User
1028347,34,0,User
1028310,28,1,User
1028333,67,0,User
1028288,12,1,User
1028289,34,0,User
1028452,64,0,User
1028496,12,0,User
1028567,71,0,User
1028400,12,0,User
1028559,74,0,User
1028705,69,1,User
1028806,40,0,User
1028798,72,1,User
1028883,12,0,User
1028700,29,1,User
1028870,21,0,User
1028803,12,1,User
1028932,14,1,User
1028849,59,1,User
1028890,60,1,User
1029042,57,0,User
1029083,12,1,User
1029215,69,0,User
1029216,12,0,User
1029242,19,1,User
1029205,66,0,User
1029234,26,1,User
1029263,16,0,User
1029147,57,0,User
1029339,67,0,User
1029374,26,1,User
1029468,12,0,User
1029529,41,1,User
1029522,14,1,User
1029450,60,0,User
1029580,16,0,User
1029507,45,0,User
1029649,57,1,User
1029667,47,0,User
1029640,12,1,User
1029771,36,1,User
1029659,57,0,User
1029787,12,1,User
1029742,12,0,User
1029788,64,0,User
1029746,47,0,User
1029833,66,1,User
1029837,12,0,User
1030012,71,0,User
1030026,17,1,User
1029927,12,0,User
1030156,12,0,User
1030085,12,1,User
1030060,16,1,User
1030000,14,0,User
1030136,12,1,User
1030002,24,1,User
1030192,71,1,User
1030167,52,1,User
1030265,12,0,User
1030199,71,1,User
1030311,12,1,User
1030238,12,0,User
1030299,48,0,User
1030399,12,1,User
1030521,52,1,User
1030566,12,1,User
1030499,52,0,User
1030654,14,0,User
1030642,34,1,User
1030646,14,0,User
1030545,12,1,User
1030630,64,1,User
1030745,72,1,User
1030688,62,1,User
1030775,12,1,User
1030817,12,0,User
1030740,71,1,User
1030921,28,0,User
1030911,62,0,User
1031116,64,0,User
1031123,12,0,User
1031215,12,1,User
1031185,47,0,User
1031153,12,0,User
1031233,69,0,User
1031431,60,1,User
1031365,48,1,User
1031461,78,1,User
1031336,14,0,User
1031491,12,0,User
1031453,12,1,User
1031492,52,0,User
1031423,47,0,User
1031355,31,0,User
1031540,14,0,User
1031598,12,1,User
1031613,12,0,User
1031633,59,0,User
1031576,60,1,User
1031514,14,0,User
1031532,12,1,User
1031806,12,1,User
1031796,62,1,User
1031810,69,0,User
1031788,71,1,User
1031727,12,0,User
1031708,14,1,User
1031771,12,1,User
1031866,14,1,User
1031843,64,0,User
1031899,12,0,User
1031874,57,1,User
1031986,19,0,User
1031907,69,0,User
1032076,62,0,User
1032114,52,0,User
1032140,66,1,User
1032168,12,1,User
1032044,62,1,User
1032256,67,0,User
1032242,36,0,User
1032209,12,1,User
1032292,45,1,User
1032195,71,1,User
1032296,69,1,User
1032407,52,1,User
1032452,52,0,User
1032370,12,1,User
1032411,12,1,User
1032470,71,0,User
1032429,72,0,User
1032393,12,1,User
1032513,12,0,User
1032395,12,1,User
1032565,66,0,User
1032680,55,0,User
1032637,12,0,User
1032641,67,0,User
1032597,55,0,User
1032698,12,1,User
1032667,62,1,User
1032777,16,1,User
1032879,12,1,User
1032923,59,1,User
1032954,22,1,User
1033022,52,1,User
1032981,12,0,User
1033057,52,0,User
1033086,12,1,User
1033076,43,1,User
1033172,55,1,User
1033042,66,1,User
1033192,12,0,User
1033133,12,1,User
1033152,12,0,User
1033180,12,0,User
1033206,12,1,User
1033386,71,0,User
1033304,71,0,User
1033356,69,1,User
1033502,69,0,User
1033315,28,0,User
1033410,24,0,User
1033432,71,1,User
1033419,72,0,User
1033557,71,0,User
1033626,14,1,User
1033572,34,0,User
1033718,12,0,User
1033650,60,1,User
1033719,55,1,User
1033941,43,1,User
1033898,62,1,User
1033770,33,1,User
1033934,12,0,User
1033853,36,1,User
1034011,14,0,User
1033984,71,0,User
1034135,55,0,User
1034146,41,0,User
1034097,12,0,User
1034178,72,0,User
1034038,64,0,User
1034114,12,0,User
1034139,29,0,User
1034253,71,0,User
1034175,12,1,User
1034230,78,0,User
1034333,69,0,User
1034232,12,0,User
1034476,69,0,User
1034436,72,1,User
1034437,71,1,User
1034420,12,1,User
1034339,72,0,User
1034583,53,1,User
1034559,12,0,User
1034577,64,0,User
1034592,67,1,User
1034719,57,1,User
1034546,41,0,User
1034535,48,1,User
1034662,57,0,User
1034766,72,0,User
1034793,31,0,User
1034768,40,0,User
1034752,55,1,User
1034741,12,1,User
1034796,12,1,User
1034797,12,1,User
1034839,12,0,User
1034802,12,0,User
1034846,12,0,User
1034830,71,1,User
1034874,71,0,User
1034907,12,1,User
1034890,40,0,User
1035076,16,0,User
1035067,69,1,User
1035059,55,1,User
1035060,69,0,User
1035199,67,1,User
1035117,17,0,User
1035120,12,0,User
1035178,64,0,User
1035220,43,0,User
1035129,41,0,User
1035322,12,1,User
1035333,60,0,User
1035201,62,1,User
1035376,66,0,User
1035391,55,1,User
1035313,21,0,User
1035488,36,0,User
1035459,60,0,User
1035633,12,0,User
1035726,12,0,User
1035872,62,0,User
1035638,71,0,User
1035775,12,1,User
1035875,47,1,User
1035879,62,0,User
1035838,12,0,User
1035909,12,0,User
1035822,67,0,User
1035934,14,1,User
1035846,12,1,User
1036101,48,0,User
1036117,57,0,User
1036164,64,0,User
1036153,72,0,User
1036207,55,1,User
1036246,72,1,User
1036280,52,0,User
1036283,74,1,User
1036215,50,0,User
1036258,31,0,User
1036271,22,1,User
1036607,12,0,User
1036744,43,1,User
1036645,71,1,User
1036704,69,0,User
1036790,34,0,User
1036807,19,0,User
1036808,67,0,User
1036768,12,0,User
1036863,66,0,User
1036922,17,0,User
1036871,53,0,User
1037043,62,1,User
1036965,12,0,User
1037078,12,0,User
1037060,12,0,User
1037021,22,1,User
1037023,12,1,User
1037161,59,0,User
1037125,12,0,User
1037191,12,0,User
1037225,57,0,User
1037112,12,0,User
1037238,21,0,User
1037036,69,0,User
1037172,52,1,User
1037185,12,0,User
1037217,12,0,User
1037274,48,0,User
1037202,72,1,User
1037276,47,0,User
1037260,12,1,User
1037331,71,0,User
1037261,16,1,User
1037317,12,0,User
1037352,53,0,User
1037398,12,0,User
1037508,12,0,User
1037436,66,1,User
1037544,12,1,User
1037548,12,0,User
1037443,12,0,User
1037602,52,0,User
1037688,59,1,User
1037703,24,0,User
1037913,62,0,User
1037928,16,1,User
1037961,43,0,User
1037889,12,0,User
1037986,50,1,User
1037993,48,0,User
1037895,64,1,User
1038034,69,0,User
1038106,12,1,User
1038110,38,1,User
1038151,52,1,User
1037848,38,0,User
1038133,74,0,User
1038015,47,1,User
1038177,12,0,User
1038313,12,1,User
1038392,57,0,User
1038330,43,1,User
1038470,53,0,User
1038442,60,0,User
1038386,59,0,User
1038547,29,1,User
1038581,12,0,User
1038599,17,1,User
1038713,21,0,User
1038787,67,1,User
1038814,12,0,User
1038831,16,0,User
1038845,12,1,User
1038795,12,1,User
1038862,19,0,User
1039006,12,1,User
1039022,26,1,User
1038912,12,0,User
1038998,53,1,User
1039126,12,1,User
1039102,66,1,User
1039120,62,0,User
1039205,12,0,User
1039241,12,1,User
1039323,43,1,User
1039352,53,1,User
1039283,12,1,User
1039244,72,0,User
1039397,55,1,User
1039334,22,0,User
1039442,14,1,User
1039636,12,0,User
1039544,12,0,User
1039609,59,1,User
1039656,12,0,User
1039612,12,1,User
1039686,62,0,User
1039573,76,1,User
1039771,28,0,User
1039758,12,1,User
1039588,12,1,User
1039736,45,0,User
1039951,17,0,User
1039953,12,1,User
1039997,66,0,User
1039949,66,0,User
1039822,12,0,User
1039972,12,0,User
1040045,47,0,User
1040029,74,1,User
1039843,45,0,User
1040120,12,1,User
1040138,53,1,User
1040251,50,0,User
1040082,12,1,User
1040126,26,0,User
1040271,64,1,User
1040050,14,0,User
1040273,19,0,User
1040233,17,0,User
1040402,12,0,User
1040175,12,1,User
1040308,50,1,User
1040492,19,0,User
1040503,12,1,User
1040596,41,0,User
1040627,14,0,User
1040620,71,1,User
1040460,60,1,User
1040682,60,0,User
1040854,48,0,User
1040902,72,1,User
1040903,72,1,User
1040914,64,0,User
1040848,12,1,User
1040893,66,0,User
1040950,60,1,User
1040977,12,1,User
1040788,48,1,User
1041092,14,1,User
1041107,12,1,User
1041042,12,1,User
1041059,12,0,User
1041182,59,0,User
1041133,48,0,User
1041257,45,0,User
1041431,14,1,User
1041486,31,0,User
1041474,12,0,User
1041462,26,0,User
1041446,12,0,User
1041450,41,0,User
1041480,43,0,User
1041662,12,1,User
1041554,71,0,User
1041639,12,0,User
1041698,74,1,User
1041660,69,0,User
1041715,24,0,User
1041770,57,1,User
1041732,36,0,User
1041887,66,1,User
1041907,12,0,User
1041978,21,0,User
1041898,16,1,User
1041838,19,0,User
1042104,12,0,User
1042158,60,0,User
1042262,12,0,User
1042397,12,1,User
1042341,71,0,User
1042343,47,1,User
1042443,41,0,User
1042591,21,1,User
1042611,71,1,User
1042585,66,0,User
1042717,43,1,User
1042774,12,1,User
1042777,12,1,User
1042747,12,1,User
1042802,14,1,User
1042724,14,0,User
1042692,29,0,User
1042854,52,0,User
1042966,12,1,User
1042888,12,1,User
1042959,12,0,User
1042983,12,1,User
1042946,71,1,User
1042865,69,1,User
1042949,45,0,User
1042990,48,1,User
1043036,48,1,User
1043132,16,1,User
1043021,67,0,User
1043195,67,1,User
1043215,60,0,User
1043269,12,0,User
1043352,43,0,User
1043463,12,1,User
1043380,12,1,User
1043469,12,0,User
1043511,69,0,User
1043555,59,0,User
1043582,40,1,User
1043503,12,0,User
1043504,34,0,User
1043627,14,0,User
1043642,71,0,User
1043690,19,0,User
1043654,66,0,User
1043807,12,1,User
1043681,16,1,User
1043927,71,0,User
1043928,67,1,User
1043908,60,0,User
1043940,29,1,User
1043968,69,1,User
1043873,64,0,User
1044038,71,0,User
1044097,12,1,User
1044112,59,0,User
1044059,64,1,User
1044147,14,1,User
1044074,12,0,User
1044291,66,1,User
1044305,48,0,User
1044293,62,0,User
1044362,60,1,User
1044334,12,1,User
1044367,14,0,User
1044427,34,1,User
1044299,50,1,User
1044487,52,1,User
1044355,24,0,User
1044524,53,0,User
1044506,74,0,User
1044737,41,0,User
1044666,69,1,User
1044655,59,1,User
1044743,64,0,User
1044715,59,0,User
1044658,12,0,User
1044871,38,0,User
1044820,12,0,User
1044967,71,1,User
1045006,60,0,User
1044870,38,1,User
1045051,12,1,User
1045039,50,0,User
1044999,40,1,User
1045128,67,0,User
1045064,52,1,User
1044923,60,0,User
1045251,52,1,User
1045295,57,0,User
1045182,12,1,User
1045326,59,1,User
1045344,36,1,User
1045303,12,0,User
1045348,64,0,User
1045419,12,1,User
1045561,41,1,User
1045565,64,0,User
1045598,71,0,User
1045573,12,0,User
1045559,52,0,User
1045772,12,1,User
1045722,71,0,User
1045664,19,1,User
1045948,12,1,User
1046075,69,1,User
1046079,12,0,User
1046038,71,0,User
1046055,48,0,User
1046168,14,1,User
1046170,59,0,User
1046199,16,0,User
1046214,74,1,User
1046205,12,0,User
1046219,64,0,User
1046307,60,0,User
1046374,66,1,User
1046362,12,1,User
1046393,12,0,User
1046424,12,1,User
1046671,34,0,User
1046524,67,1,User
1046658,55,0,User
1046722,48,0,User
1046727,12,1,User
1046821,33,0,User
1046751,67,0,User
1046823,12,0,User
1046784,14,0,User
1046798,12,0,User
1046759,12,0,User
1046846,76,0,User
1046770,12,1,User
1046802,12,0,User
1046904,50,0,User
1046868,12,1,User
1046982,36,0,User
1046955,12,1,User
1047106,71,1,User
1047167,69,0,User
1047075,45,1,User
1047192,14,0,User
1046966,43,1,User
1047232,62,1,User
1047272,14,0,User
1047301,71,0,User
1047246,12,0,User
1047332,21,0,User
1047349,12,1,User
1047294,12,1,User
1047204,24,0,User
1047268,12,1,User
1047283,60,0,User
1047314,12,1,User
1047475,12,0,User
1047479,12,0,User
1047546,72,1,User
1047602,14,1,User
1047616,12,1,User
1047435,36,1,User
1047446,34,1,User
1047585,53,1,User
1047694,43,0,User
1047751,38,1,User
1047757,83,0,User
1047841,38,0,User
1047876,22,1,User
1047877,38,1,User
1047939,16,0,User
1048172,12,0,User
1048144,62,1,User
1048276,50,0,User
1048238,29,1,User
1048262,40,1,User
1048241,53,1,User
1048151,71,0,User
1048409,36,1,User
1048458,50,1,User
1048475,14,0,User
1048375,53,0,User
1048546,12,0,User
1048591,66,0,User
1048541,12,1,User
1048557,12,0,User
1048654,12,0,User
1048642,12,1,User
1048744,12,0,User
1048765,12,1,User
1048615,71,0,User
1048908,53,0,User
1048869,69,1,User
1048680,76,1,User
1048954,12,1,User
1048941,12,1,User
1048845,12,1,User
1048900,71,1,User
1049004,29,0,User
1049133,12,1,User
1049066,12,1,User
1049069,62,1,User
1049209,66,0,User
1049112,47,0,User
1049230,17,0,User
1049115,12,1,User
1049185,69,0,User
1049213,53,0,User
1049234,64,1,User
1049262,17,1,User
1049331,53,0,User
1049344,69,0,User
1049351,62,0,User
1049250,12,0,User
1049491,36,0,User
1049425,67,0,User
1049555,14,0,User
1049530,12,0,User
1049573,12,0,User
1049561,12,0,User
1049633,45,0,User
1049646,12,0,User
1049676,12,0,User
1049662,12,1,User
1049638,69,0,User
1049721,64,1,User
1049535,12,1,User
1049829,14,0,User
1049913,12,1,User
1049715,24,0,User
1050001,19,1,User
1049967,64,1,User
1050047,14,0,User
1049997,12,0,User
1049946,12,0,User
1049950,12,0,User
1050183,12,1,User
1049953,17,0,User
1050241,12,0,User
1049954,12,1,User
1050173,69,1,User
1050244,12,1,User
1050231,12,1,User
1050161,74,0,User
1050233,12,1,User
1050453,55,1,User
1050370,12,0,User
1050224,12,1,User
1050386,59,0,User
1050677,60,1,User
1050740,53,1,User
1050787,19,1,User
1050919,60,0,User
1050961,12,1,User
1050880,12,1,User
1050868,33,1,User
1050897,12,0,User
1051041,52,1,User
1051118,74,1,User
1051156,12,0,User
1050970,12,0,User
1051144,12,1,User
1051146,47,0,User
1051191,67,0,User
1051104,12,1,User
1051206,38,0,User
1051233,12,0,User
1051194,55,1,User
1051308,14,0,User
1051161,34,0,User
1051337,12,0,User
1051311,40,1,User
1051312,38,0,User
1051256,12,1,User
1051298,47,0,User
1051257,60,1,User
1051230,64,0,User
1051442,43,1,User
1051359,41,0,User
1051447,12,0,User
1051404,69,0,User
1051406,12,0,User
1051407,12,0,User
1051422,12,1,User
1051542,12,0,User
1051669,84,0,User
1051543,62,1,User
1051657,12,1,User
1051619,64,1,User
1051786,59,1,User
1051760,59,0,User
1051773,12,1,User
1051936,12,1,User
1052011,12,1,User
1052081,60,1,User
1052151,59,0,User
1052237,21,0,User
1052201,12,1,User
1052225,12,0,User
1052190,14,0,User
1052299,24,1,User
1052259,12,1,User
1052262,12,1,User
1052316,12,1,User
1052319,71,1,User
1052367,22,0,User
1052404,12,1,User
1052216,12,0,User
1052234,67,1,User
1052235,12,1,User
1052338,12,1,User
1052441,71,1,User
1052584,12,1,User
1052599,71,1,User
1052518,12,1,User
1052562,52,0,User
1052719,12,1,User
1052577,12,0,User
1052859,43,0,User
1052913,16,1,User
1052873,12,0,User
1052888,60,0,User
1052728,12,1,User
1052976,71,1,User
1053006,12,1,User
1052979,28,1,User
1053063,12,0,User
1052917,48,1,User
1053138,57,1,User
1053056,43,1,User
1053044,40,0,User
1052925,12,1,User
1053133,16,1,User
1053184,12,0,User
1053135,71,1,User
1053120,12,0,User
1053309,12,0,User
1053326,71,1,User
1053295,76,0,User
1053310,12,1,User
1053341,12,0,User
1053381,55,0,User
1053357,62,0,User
1053275,31,0,User
1053430,12,1,User
1053461,57,0,User
1053516,12,1,User
1053534,12,1,User
1053506,17,0,User
1053707,64,0,User
1053669,62,0,User
1053583,62,1,User
1053828,69,1,User
1053902,12,1,User
1053933,72,1,User
1053882,36,1,User
1054001,12,0,User
1054002,69,0,User
1054096,24,1,User
1054059,12,1,User
1054070,71,0,User
1054061,12,1,User
1054148,29,1,User
1053945,12,1,User
1053929,62,0,User
1054178,71,1,User
1054139,21,0,User
1053990,17,1,User
1054249,12,1,User
1054211,31,1,User
1054229,12,0,User
1054327,33,0,User
1054242,43,0,User
1054328,57,0,User
1054315,66,0,User
1054384,62,0,User
1054486,12,0,User
1054407,66,0,User
1054377,71,1,User
1054561,12,1,User
1054481,55,0,User
1054598,12,1,User
1054568,14,1,User
1054696,36,0,User
1054536,24,1,User
1054686,47,0,User
1054620,69,0,User
1054649,36,0,User
1054821,14,0,User
1054650,26,0,User
1054752,12,0,User
1054766,36,0,User
1054863,12,0,User
1054922,62,0,User
1054843,38,0,User
1054926,69,0,User
1054872,66,1,User
1054916,36,0,User
1055005,67,1,User
1055035,12,1,User
1055020,12,0,User
1055088,66,0,User
1055037,12,0,User
1055092,62,0,User
1055095,14,1,User
1055222,12,0,User
1055204,52,1,User
1055314,12,1,User
1055287,12,0,User
1055345,40,1,User
1055374,71,0,User
1055414,12,0,User
1055523,59,0,User
1055467,47,0,User
1055556,43,0,User
1055497,12,1,User
1055573,71,1,User
1055656,12,0,User
1055671,12,0,User
1055629,47,0,User
1055761,72,0,User
1055753,12,1,User
1055756,12,0,User
1055724,12,0,User
1055769,28,0,User
1055712,69,1,User
1055443,12,0,User
1055927,71,1,User
1055874,12,0,User
1055907,69,1,User
1055952,17,0,User
1055978,14,0,User
1056092,21,1,User
1056040,48,1,User
1056166,14,0,User
1056074,72,0,User
1056171,69,0,User
1056195,55,0,User
1056397,45,0,User
1056283,72,0,User
1056261,14,1,User
1056454,12,1,User
1056164,55,1,User
1056511,64,1,User
1056528,36,0,User
1056492,12,1,User
1056430,12,1,User
1056648,62,0,User
1056585,67,1,User
1056507,12,1,User
1056762,12,1,User
1056729,50,1,User
1056878,31,0,User
1056976,50,1,User
1056951,12,1,User
1056965,71,1,User
1056945,47,1,User
1056959,14,0,User
1056903,12,1,User
1056890,19,1,User
1056989,66,0,User
1057019,12,1,User
1057158,66,0,User
1057062,12,1,User
1057138,12,1,User
1057368,36,0,User
1057312,45,0,User
1057399,55,0,User
1057386,66,0,User
1057209,33,0,User
1057348,45,1,User
1057592,34,0,User
1057581,17,0,User
1057584,34,0,User
1057554,12,1,User
1057528,28,1,User
1057470,59,0,User
1057668,69,0,User
1057697,59,0,User
1057558,57,0,User
1057560,71,0,User
1057649,43,0,User
1057801,12,0,User
1057820,28,0,User
1057763,34,1,User
1057882,21,0,User
1057840,28,0,User
1057981,16,0,User
1057856,12,0,User
1058026,79,1,User
1057976,71,0,User
1058032,12,0,User
1057903,67,1,User
1058119,69,0,User
1058081,48,0,User
1058182,57,0,User
1058105,16,1,User
1058160,12,1,User
1058261,57,0,User
1058387,12,1,User
1058388,22,0,User
1058128,16,0,User
1058396,12,0,User
1058492,22,1,User
1058277,64,0,User
1058318,55,0,User
1058439,12,1,User
1058324,12,0,User
1058576,62,1,User
1058635,12,1,User
1058783,29,1,User
1058605,78,1,User
1058758,47,0,User
1058745,67,0,User
1058729,71,0,User
1058700,69,1,User
1058911,12,1,User
1058804,12,0,User
1058924,45,0,User
1058960,12,0,User
1059019,14,0,User
1058977,12,1,User
1059052,12,0,User
1058982,16,0,User
1059085,66,1,User
1059154,62,0,User
1059113,12,1,User
1059115,12,1,User
1059014,48,1,User
1059242,33,0,User
1059202,67,1,User
1059163,12,0,User
1059270,33,1,User
1059417,52,0,User
1059442,52,1,User
1059543,12,0,User
1059546,50,0,User
1059449,52,1,User
1059492,12,0,User
1059594,62,0,User
1059607,12,0,User
1059665,12,1,User
1059724,79,0,User
1059712,12,1,User
1059814,12,1,User
1059772,12,1,User
1059745,64,0,User
1059824,41,1,User
1059764,12,1,User
1059980,12,1,User
1060005,66,0,User
1060040,12,0,User
1059911,12,0,User
1060019,12,1,User
1060070,12,1,User
1060088,52,0,User
1060077,19,1,User
1060231,48,1,User
1060034,64,0,User
1060144,71,1,User
1060209,12,1,User
1060211,52,1,User
1060182,69,0,User
1060300,52,0,User
1060487,60,1,User
1060501,59,1,User
1060475,60,1,User
1060243,12,1,User
1060510,57,0,User
1060526,12,0,User
1060583,12,0,User
1060454,29,0,User
1060639,12,1,User
1060801,12,0,User
1060787,16,0,User
1060724,31,0,User
1060792,55,1,User
1060754,12,1,User
1060892,12,1,User
1060707,14,1,User
1060940,67,0,User
1060875,21,0,User
1060986,16,0,User
1060965,64,0,User
1060980,69,0,User
1061009,12,0,User
1061116,69,0,User
1061105,43,1,User
1061236,36,1,User
1061319,53,0,User
1061404,12,1,User
1061419,22,1,User
1061434,47,0,User
1061551,71,0,User
1061504,50,0,User
1061469,28,0,User
1061584,66,1,User
1061520,57,1,User
1061577,48,1,User
1061488,12,0,User
1061716,12,0,User
1061530,12,1,User
1061677,59,0,User
1061807,12,0,User
1061617,59,0,User
1061678,69,0,User
1061842,62,1,User
1061927,33,0,User
1061786,12,0,User
1062047,12,1,User
1062006,69,0,User
1062007,38,0,User
1061939,12,0,User
1062092,12,0,User
1062108,24,0,User
1062071,41,0,User
1062128,12,0,User
1062010,12,0,User
1062119,71,0,User
1062282,14,1,User
1062358,66,0,User
1062252,45,1,User
1062315,66,0,User
1062469,12,0,User
1062447,66,1,User
1062463,40,0,User
1062516,24,1,User
1062341,66,0,User
1062374,33,1,User
1062565,14,0,User
1062666,52,1,User
1062568,12,0,User
1062678,43,0,User
1062699,45,0,User
1062758,81,1,User
1062792,71,1,User
1062917,69,1,User
1062946,12,0,User
1062853,12,1,User
1062735,12,1,User
1062910,40,1,User
1063023,36,0,User
1062994,12,1,User
1063034,12,1,User
1063187,12,1,User
1063047,12,1,User
1063195,12,1,User
1063125,48,0,User
1063276,60,0,User
1063283,53,1,User
1063153,12,1,User
1063311,12,0,User
1063299,67,0,User
1063458,12,1,User
1063316,43,0,User
1063245,57,0,User
1063535,12,0,User
1063511,71,0,User
1063552,12,1,User
1063698,12,1,User
1063802,12,0,User
1063674,55,0,User
1063703,59,0,User
1063738,69,0,User
1063631,66,0,User
1063821,14,1,User
1063851,64,1,User
1063881,45,0,User
1063854,71,1,User
1064123,67,1,User
1064070,74,0,User
1064143,62,0,User
1064130,12,0,User
1064100,12,0,User
1064160,38,1,User
1064202,43,1,User
1064288,12,1,User
1064424,12,0,User
1064476,69,1,User
1064491,53,0,User
1064492,12,1,User
1064521,53,1,User
1064354,17,0,User
1064471,12,1,User
1064512,12,1,User
1064574,12,1,User
1064455,50,0,User
1064458,12,1,User
1064630,59,0,User
1064631,57,1,User
1064664,69,1,User
1064651,14,0,User
1064638,64,0,User
1064792,57,1,User
1064782,84,1,User
1064822,12,0,User
1064852,17,0,User
1064720,45,0,User
1064769,67,1,User
1064817,12,1,User
1064857,12,1,User
1064899,71,1,User
1064920,71,1,User
1064955,71,1,User
1065052,60,0,User
1065038,12,1,User
1065083,69,1,User
1065100,12,0,User
1065153,66,1,User
1065103,62,1,User
1065244,59,1,User
1065263,12,1,User
1065392,31,1,User
1065457,55,0,User
1065448,60,1,User
1065624,71,1,User
1065640,12,0,User
1065375,12,1,User
1065731,69,1,User
1065903,59,1,User
1065936,67,1,User
1065996,29,0,User
1066026,26,1,User
1065896,12,0,User
1066014,12,1,User
1065999,59,1,User
1065988,12,1,User
1065955,12,0,User
1066002,78,1,User
1066077,12,1,User
1066249,12,1,User
1066148,12,1,User
1066361,53,0,User
1066365,69,0,User
1066377,12,1,User
1066608,66,0,User
1066458,69,1,User
1066613,12,1,User
1066601,12,1,User
1066639,26,1,User
1066712,83,1,User
1066496,12,0,User
1066705,12,1,User
1066663,53,0,User
1066730,48,1,User
1066774,21,1,User
1066632,50,0,User
1066775,47,0,User
1066765,67,1,User
1066908,71,0,User
1067001,12,0,User
1067006,66,0,User
1067086,12,0,User
1067134,69,1,User
1067137,12,1,User
1067313,12,1,User
1067245,31,0,User
1067330,60,0,User
1067115,16,1,User
1067390,26,1,User
1067482,50,0,User
1067322,12,1,User
1067524,71,0,User
1067596,52,0,User
1067496,29,0,User
1067365,67,0,User
1067367,74,0,User
1067542,12,0,User
1067656,52,1,User
1067650,43,0,User
1067457,12,1,User
1067724,62,1,User
1067700,12,0,User
1067669,12,1,User
1067858,55,1,User
1067826,66,1,User
1067929,67,0,User
1067961,14,1,User
1068032,55,0,User
1067919,14,1,User
1067934,60,0,User
1067921,62,1,User
1068077,17,0,User
1068079,12,1,User
1068106,40,1,User
1068085,21,0,User
1068111,66,0,User
1068125,12,1,User
1068114,69,0,User
1068117,12,0,User
1068212,71,0,User
1068009,12,0,User
1068206,24,0,User
1068273,12,0,User
1068295,12,1,User
1068269,48,0,User
1068221,50,1,User
1068396,71,1,User
1068409,64,1,User
1068427,69,1,User
1068500,38,0,User
1068617,12,1,User
1068565,66,1,User
1068579,12,1,User
1068678,12,1,User
1068781,40,0,User
1068700,12,1,User
1068831,67,0,User
1068873,72,1,User
1068917,71,0,User
1068918,48,0,User
1068979,12,0,User
1068991,12,1,User
1068983,67,1,User
1068822,12,0,User
1069053,72,1,User
1069145,41,0,User
1069091,12,1,User
1069253,12,0,User
1069211,12,1,User
1069278,45,0,User
1069215,12,1,User
1069352,16,1,User
1069353,66,1,User
1069354,52,1,User
1069315,57,1,User
1069299,66,1,User
1069381,12,1,User
1069170,12,1,User
1069238,60,1,User
1069304,12,1,User
1069532,57,0,User
1069549,71,0,User
1069478,12,1,User
1069515,60,0,User
1069668,41,0,User
1069551,50,1,User
1069628,66,0,User
1069701,12,0,User
1069702,62,0,User
1069827,50,1,User
1069894,57,0,User
1069923,14,1,User
1069843,14,1,User
1070059,12,1,User
1069859,12,1,User
1070078,43,0,User
1070182,12,0,User
1070080,12,0,User
1070204,14,1,User
1070344,12,1,User
1070401,14,1,User
1070375,22,1,User
1070317,64,0,User
1070460,53,0,User
1070354,74,0,User
1070385,62,0,User
1070601,64,1,User
1070552,76,1,User
1070690,60,0,User
1070810,12,0,User
1070852,16,0,User
1070881,59,1,User
1070771,60,0,User
1070926,12,0,User
1070912,59,0,User
1070915,43,0,User
1070818,31,0,User
1070908,12,1,User
1071034,12,1,User
1071123,12,1,User
1071111,26,0,User
1071128,64,0,User
1071085,12,0,User
1071213,16,1,User
1071203,66,0,User
1071290,40,1,User
1071335,36,1,User
1071277,76,1,User
1071424,12,1,User
1071191,12,1,User
1071370,14,0,User
1071284,12,0,User
1071431,36,1,User
1071504,57,0,User
1071505,34,1,User
1071581,66,1,User
1071488,71,1,User
1071475,64,0,User
1071462,52,1,User
1071464,69,0,User
1071724,60,0,User
1071859,12,1,User
1071835,57,1,User
1072013,22,1,User
1071973,60,1,User
1072073,12,1,User
1072084,71,1,User
1072114,29,0,User
1072217,72,0,User
1072218,31,1,User
1072122,62,0,User
1072232,66,0,User
1072246,71,1,User
1072324,12,0,User
1072205,16,1,User
1072327,12,0,User
1072288,12,1,User
1072388,66,1,User
1072415,24,0,User
1072417,12,0,User
1072431,60,1,User
1072302,12,0,User
1072463,12,1,User
1072320,57,0,User
1072425,66,1,User
1072599,52,1,User
1072575,12,1,User
1072636,21,1,User
1072743,62,0,User
1072779,83,0,User
1072767,43,1,User
1072639,53,0,User
1072835,50,1,User
1072725,66,0,User
1072880,60,0,User
1072647,71,0,User
1072996,71,0,User
1072958,12,1,User
1072999,28,0,User
1073056,12,1,User
1073029,12,0,User
1072959,53,1,User
1073118,12,0,User
1073009,12,0,User
1073136,62,0,User
1073123,71,1,User
1073034,59,0,User
1073098,41,0,User
1073228,12,1,User
1073288,12,0,User
1073189,12,0,User
1073260,71,0,User
1073356,29,0,User
1073402,34,0,User
1073362,12,1,User
1073329,59,0,User
1073381,12,1,User
1073352,66,1,User
1073332,12,0,User
1073333,66,0,User
1073108,74,1,User
1073611,12,1,User
1073453,24,1,User
1073473,12,1,User
1073514,59,1,User
1073697,45,1,User
1073763,67,0,User
1073668,12,1,User
1073684,36,1,User
1073758,71,1,User
1073943,24,0,User
1073946,62,0,User
1073878,12,0,User
1074046,17,1,User
1074064,52,0,User
1074066,12,0,User
1073993,69,1,User
1074271,50,0,User
1074286,40,1,User
1074042,57,0,User
1074263,12,0,User
1074331,12,0,User
1074026,12,0,User
1074423,74,0,User
1074513,60,1,User
1074461,62,0,User
1074573,12,0,User
1074588,12,1,User
1074567,62,1,User
1074555,34,1,User
1074658,28,1,User
1074743,79,1,User
1074823,12,0,User
1074905,67,1,User
1074837,66,1,User
1074947,48,0,User
1075044,43,0,User
1075103,12,1,User
1075189,71,1,User
1075019,12,1,User
1075292,24,1,User
1075243,60,0,User
1075245,52,0,User
1075325,12,1,User
1075339,34,1,User
1075372,16,1,User
1075269,62,1,User
1075445,21,0,User
1075486,76,0,User
1075384,62,0,User
1075535,52,0,User
1075283,72,1,User
1075595,12,1,User
1075515,12,0,User
1075599,71,1,User
1075560,45,0,User
1075699,12,0,User
1075567,12,1,User
1075727,12,0,User
1075756,12,1,User
1075738,14,0,User
1076027,71,1,User
1075988,47,0,User
1075933,12,0,User
1075903,12,0,User
1076008,71,0,User
1075994,48,1,User
1076251,19,1,User
1076067,12,1,User
1076301,57,0,User
1076357,66,0,User
1076307,14,1,User
1076259,53,0,User
1076461,29,0,User
1076521,12,1,User
1076477,12,1,User
1076454,72,1,User
1076527,71,1,User
1076457,33,0,User
1076589,16,0,User
1076604,38,0,User
1076732,12,1,User
1076663,69,1,User
1076825,71,0,User
1076787,12,0,User
1076858,12,1,User
1076896,57,1,User
1076859,62,1,User
1076952,12,1,User
1076909,45,0,User
1077094,12,1,User
1077083,59,1,User
1076979,59,0,User
1077084,38,1,User
1077227,72,0,User
1077215,64,0,User
1077188,69,1,User
1077189,12,1,User
1077191,45,0,User
1077153,12,0,User
1077239,38,1,User
1077333,14,1,User
1077392,12,0,User
1077164,60,1,User
1077165,12,1,User
1077261,71,1,User
1077371,12,1,User
1077383,12,1,User
1077279,14,0,User
1077472,12,1,User
1077401,69,1,User
1077591,31,0,User
1077432,48,0,User
1077344,67,1,User
1077603,12,1,User
1077505,12,1,User
1077582,16,0,User
1077612,12,1,User
1077779,12,0,User
1077891,19,0,User
1077818,66,0,User
1077964,53,0,User
1077954,72,1,User
1077999,12,1,User
1078039,12,1,User
1078116,45,1,User
1078119,47,0,User
1078292,12,1,User
1078222,40,1,User
1078194,12,0,User
1078271,50,1,User
1078319,67,1,User
1078336,12,0,User
1078426,57,1,User
1078215,67,1,User
1078328,67,1,User
1078354,12,0,User
1078170,16,0,User
1078486,28,0,User
1078378,16,1,User
1078591,12,0,User
1078567,71,0,User
1078559,57,0,User
1078628,33,1,User
1078669,12,1,User
1078674,69,1,User
1078732,12,0,User
1078823,57,1,User
1078810,12,1,User
1078849,14,1,User
1078826,24,1,User
1078719,12,0,User
1078720,12,1,User
1078837,12,1,User
1078852,71,0,User
1078866,57,1,User
1078680,12,1,User
1078870,67,0,User
1078857,64,0,User
1079038,12,0,User
1079063,12,0,User
1079006,28,0,User
1079065,12,0,User
1079133,12,0,User
1079105,66,1,User
1079256,14,1,User
1079366,69,1,User
1079407,59,0,User
1079430,12,0,User
1079479,69,1,User
1079542,66,0,User
1079641,19,0,User
1079400,62,0,User
1079585,12,1,User
1079644,41,0,User
1079717,47,1,User
1079721,12,0,User
1079750,69,1,User
1079726,12,1,User
1079697,12,0,User
1079852,12,1,User
1079868,60,1,User
1079898,60,0,User
1079916,12,1,User
1080021,12,0,User
1080049,26,1,User
1079984,12,1,User
1080143,47,0,User
1080215,34,1,User
1080203,12,1,User
1080260,12,0,User
1080118,16,0,User
1080289,12,0,User
1080305,22,1,User
1080269,64,0,User
1080380,12,0,User
1080397,14,0,User
1080558,12,0,User
1080461,17,0,User
1080342,71,0,User
1080691,64,1,User
1080783,21,1,User
1080816,52,1,User
1080873,69,1,User
1080850,12,1,User
1080853,12,0,User
1080936,12,0,User
1080870,66,1,User
1081128,12,1,User
1081077,53,0,User
1080988,43,1,User
1081120,71,0,User
1081175,12,0,User
1081094,52,1,User
1081207,14,1,User
1081179,28,0,User
1081252,12,1,User
1081407,14,1,User
1081428,47,1,User
1081374,12,1,User
1081473,12,1,User
1081434,12,0,User
1081505,66,1,User
1081542,31,0,User
1081529,69,1,User
1081575,57,0,User
1081646,43,1,User
1081671,52,1,User
1081736,64,0,User
1081679,41,0,User
1081835,55,1,User
1081780,12,1,User
1081828,47,1,User
1081882,12,0,User
1081854,60,1,User
1081962,47,1,User
1082044,12,0,User
1082112,12,1,User
1082178,22,0,User
1082155,19,1,User
1082210,12,1,User
1082268,69,1,User
1082283,14,1,User
1082138,64,1,User
1082358,71,0,User
1082348,71,0,User
1082330,12,0,User
1082380,40,1,User
1082294,59,0,User
1082483,12,0,User
1082440,64,1,User
1082355,12,1,User
1082675,53,1,User
1082687,72,0,User
1082725,55,1,User
1082549,17,0,User
1082813,48,0,User
1082913,67,0,User
1082927,55,0,User
1082931,12,1,User
1082745,71,0,User
1082905,45,0,User
1082998,31,1,User
1083084,55,1,User
1083140,12,1,User
1083044,69,0,User
1083088,12,1,User
1083123,64,1,User
1083102,55,0,User
1083220,28,0,User
1083346,26,1,User
1083307,38,1,User
1083209,60,0,User
1083224,62,1,User
1083484,14,1,User
1083270,21,0,User
1083591,67,1,User
1083537,40,0,User
1083607,29,0,User
1083600,12,0,User
1083628,55,1,User
1083739,14,0,User
1083741,12,0,User
1083727,12,0,User
1083857,12,1,User
1083946,67,1,User
1083882,59,0,User
1083854,12,0,User
1083885,16,0,User
1083898,12,1,User
1084025,12,0,User
1084037,57,1,User
1084002,12,0,User
1084143,12,1,User
1084061,67,1,User
1084174,12,1,User
1084177,66,1,User
1084198,12,1,User
1084199,59,0,User
1084265,12,1,User
1084271,12,0,User
1084287,55,1,User
1084457,12,1,User
1084537,14,0,User
1084508,12,1,User
1084481,12,1,User
1084462,48,0,User
1084409,59,1,User
1084348,74,1,User
1084682,12,1,User
1084698,14,0,User
1084735,17,0,User
1084820,14,1,User
1084752,47,1,User
1084842,66,0,User
1084929,12,1,User
1084988,60,0,User
1085102,34,1,User
1085137,36,0,User
1085142,53,0,User
1085269,59,1,User
1085241,72,1,User
1085265,53,0,User
1085317,69,1,User
1085375,67,1,User
1085567,53,1,User
1085516,29,0,User
1085628,14,1,User
1085644,64,0,User
1085589,12,1,User
1085678,69,1,User
1085836,52,1,User
1085780,57,1,User
1085751,53,1,User
1085766,12,1,User
1085724,33,1,User
1085867,33,0,User
1085715,55,1,User
1085815,12,0,User
1085859,12,1,User
1085819,14,1,User
1085899,12,0,User
1085865,64,0,User
1085824,53,1,User
1085887,26,1,User
1085888,14,1,User
1085804,22,0,User
1085825,71,1,User
1085950,12,0,User
1086041,57,0,User
1085981,12,1,User
1086098,59,0,User
1086055,72,0,User
1086089,57,0,User
1086148,69,1,User
1086286,12,0,User
1086333,12,0,User
1086362,12,1,User
1086223,22,1,User
1086514,66,1,User
1086446,22,0,User
1086493,12,1,User
1086464,47,1,User
1086426,36,0,User
1086649,59,1,User
1086663,12,0,User
1086719,17,0,User
1086810,24,0,User
1087012,57,0,User
1087032,12,0,User
1087142,57,0,User
1087113,12,1,User
1087018,12,0,User
1087165,71,0,User
1087253,71,1,User
1087213,12,1,User
1087271,12,1,User
1087456,12,0,User
1087444,12,0,User
1087363,12,1,User
1087305,57,0,User
1087509,55,1,User
1087485,12,1,User
1087559,67,1,User
1087628,57,1,User
1087705,16,1,User
1087731,52,0,User
1087722,48,0,User
1087680,71,1,User
1087796,53,1,User
1087782,12,1,User
1087908,12,1,User
1087865,64,0,User
1087755,12,1,User
1087969,12,1,User
1087899,12,1,User
1087664,64,1,User
1088072,12,1,User
1088051,64,1,User
1088268,66,1,User
1088183,12,1,User
1088242,12,1,User
1088243,12,1,User
1088284,38,1,User
1088328,53,0,User
1088204,12,1,User
1088344,59,0,User
1088220,12,0,User
1088324,60,1,User
1088551,14,1,User
1088470,29,0,User
1088525,12,1,User
1088504,24,1,User
1088545,17,0,User
1088619,19,0,User
1088677,50,0,User
1088578,69,1,User
1088640,12,0,User
1088703,12,0,User
1088815,12,0,User
1088897,31,0,User
1088884,12,0,User
1088698,71,1,User
1088893,16,0,User
1089037,60,0,User
1088955,12,1,User
1089124,12,0,User
1089084,60,1,User
1089230,16,0,User
1089214,16,1,User
1089160,67,0,User
1089215,53,0,User
1088877,24,0,User
1089275,52,1,User
1089222,19,1,User
1089307,86,0,User
1089175,64,0,User
1089397,53,0,User
1089298,57,1,User
1089390,57,0,User
1089469,52,0,User
1089419,16,1,User
1089546,12,1,User
1089535,50,0,User
1089433,31,1,User
1089553,14,0,User
1089580,59,1,User
1089664,16,1,User
1089672,71,1,User
1089702,12,1,User
1089704,57,0,User
1089642,28,0,User
1089903,55,1,User
1089875,45,1,User
1089849,52,1,User
1089905,38,1,User
1089877,14,1,User
1089923,29,0,User
1089981,12,0,User
1089896,53,1,User
1090043,47,1,User
1090002,12,1,User
1090126,12,1,User
1090004,38,1,User
1090020,43,1,User
1090059,55,0,User
1090114,71,1,User
1090160,81,1,User
1090196,19,1,User
1090232,43,0,User
1090272,12,0,User
1090341,53,1,User
1090302,16,1,User
1090316,55,0,User
1090305,66,1,User
1090461,12,1,User
1090215,12,0,User
1090230,28,0,User
1090451,59,0,User
1090360,21,1,User
1090538,12,0,User
1090581,12,1,User
1090255,41,1,User
1090421,62,1,User
1090668,12,1,User
1090425,17,1,User
1090630,38,1,User
1090762,38,0,User
1090784,41,1,User
1090917,12,0,User
1091026,12,1,User
1090957,60,1,User
1090961,59,1,User
1091077,47,1,User
1091066,47,1,User
1091257,12,1,User
1091202,55,0,User
1091263,53,0,User
1091342,12,0,User
1091419,12,0,User
1091408,12,0,User
1091293,71,1,User
1091479,71,0,User
1091441,12,0,User
1091428,14,1,User
1091598,60,0,User
1091397,12,1,User
1091563,40,0,User
1091564,14,0,User
1091398,12,0,User
1091644,48,1,User
1091503,43,1,User
1091636,53,1,User
1091734,12,1,User
1091637,12,1,User
1091680,12,1,User
1091793,12,1,User
1091727,69,0,User
1091784,66,1,User
1091866,71,1,User
1091857,53,0,User
1091816,60,1,User
1091916,12,0,User
1091943,59,0,User
1091923,47,1,User
1091986,55,1,User
1091950,31,0,User
1091885,64,0,User
1092009,12,1,User
1092093,40,1,User
1092110,22,0,User
1092111,57,0,User
1092139,59,1,User
1092122,12,1,User
1092203,72,1,User
1092217,12,0,User
1092262,36,0,User
1092221,64,1,User
1092279,62,1,User
1092289,12,1,User
1092236,12,1,User
1092129,29,0,User
1092376,48,0,User
1092381,12,0,User
1092529,12,0,User
1092547,60,1,User
1092494,12,1,User
1092667,12,0,User
1092737,19,0,User
1092716,16,0,User
1092668,67,1,User
1092783,55,0,User
1092788,55,1,User
1092816,62,0,User
1092761,40,0,User
1092777,12,1,User
1092877,16,1,User
1092931,12,1,User
1092824,55,0,User
1092851,48,0,User
1092921,12,1,User
1092952,12,1,User
1092867,12,1,User
1092955,12,0,User
1092999,64,1,User
1092943,71,0,User
1092959,12,1,User
1093053,66,1,User
1092660,14,1,User
1093060,12,1,User
1093161,12,1,User
1093163,74,1,User
1093247,72,1,User
1093077,41,1,User
1093238,12,1,User
1093266,66,1,User
1093241,67,0,User
1093442,64,0,User
1093317,66,1,User
1093431,12,0,User
1093318,59,0,User
1093346,24,0,User
1093364,59,0,User
1093491,45,1,User
1093550,62,0,User
1093541,47,0,User
1093530,67,1,User
1093582,12,1,User
1093483,26,0,User
1093636,12,1,User
1093625,69,0,User
1093715,12,1,User
1093727,12,0,User
1093675,57,0,User
1093773,19,0,User
1093747,62,1,User
1093833,71,0,User
1093838,59,0,User
1093868,64,0,User
1093936,26,1,User
1093872,66,0,User
1094058,41,1,User
1094073,69,1,User
1093979,12,0,User
1094178,67,1,User
1094238,26,0,User
1094209,79,0,User
1094197,60,1,User
1094158,19,0,User
1094184,12,1,User
1094213,55,1,User
1094311,12,0,User
1094216,50,0,User
1094288,66,1,User
1094331,33,1,User
1094333,66,1,User
1094235,40,0,User
1094388,12,1,User
1094320,12,0,User
1094365,41,1,User
1094450,66,0,User
1094426,59,0,User
1094646,12,0,User
1094691,41,0,User
1094460,52,1,User
1094738,50,0,User
1094806,12,1,User
1094795,26,0,User
1094872,12,0,User
1094860,55,0,User
1094916,12,1,User
1095020,43,1,User
1094967,66,1,User
1095082,19,0,User
1095126,24,0,User
1095044,60,1,User
1095010,40,0,User
1095212,67,0,User
1095146,64,0,User
1095149,12,1,User
1095015,14,1,User
1095233,53,0,User
1095112,62,0,User
1095210,12,0,User
1095322,67,1,User
1095326,12,0,User
1095481,64,1,User
1095512,12,1,User
1095526,71,1,User
1095419,55,1,User
1095433,71,1,User
1095450,38,0,User
1095517,12,0,User
1095508,62,1,User
1095579,36,0,User
1095493,71,0,User
1095782,60,1,User
1095755,12,1,User
1095555,12,1,User
1095719,12,0,User
1095731,53,0,User
1095856,64,1,User
1095953,67,1,User
1096112,12,0,User
1096089,12,0,User
1096072,76,1,User
1096203,12,1,User
1096121,12,1,User
1096094,62,1,User
1096177,12,0,User
1096125,66,1,User
1096232,64,0,User
1096227,71,0,User
1096196,64,0,User
1096283,40,1,User
1096287,52,1,User
1096371,31,0,User
1096407,45,1,User
1096417,14,0,User
1096478,12,0,User
1096508,12,1,User
1096483,40,1,User
1096552,47,1,User
1096523,66,0,User
1096601,12,1,User
1096575,50,0,User
1096630,66,0,User
1096726,12,1,User
1096713,47,1,User
1096675,45,1,User
1096778,43,0,User
1096832,64,1,User
1096810,48,1,User
1096910,12,0,User
1096951,34,0,User
1096952,12,0,User
1096887,66,1,User
1097001,12,1,User
1096993,66,1,User
1097132,12,1,User
1097161,64,0,User
1097120,12,0,User
1097094,43,1,User
1097251,41,0,User
1097038,69,0,User
1097199,43,1,User
1097201,64,0,User
1097293,71,0,User
1097426,66,0,User
1097671,14,1,User
1097672,57,0,User
1097648,12,1,User
1097691,60,1,User
1097579,57,0,User
1097708,64,1,User
1097763,60,0,User
1097699,64,1,User
1097778,12,1,User
1097795,22,0,User
1097798,53,0,User
1097632,12,0,User
1097851,33,0,User
1097882,12,0,User
1097941,72,0,User
1097681,36,1,User
1097683,12,1,User
1097930,55,1,User
1097961,31,0,User
1098017,62,0,User
1098087,53,1,User
1098025,48,1,User
1098205,52,1,User
1098219,55,1,User
1098421,31,1,User
1098393,12,1,User
1098336,45,0,User
1098326,43,0,User
1098375,12,0,User
1098442,67,0,User
1098341,12,0,User
1098481,12,0,User
1098403,47,0,User
1098359,52,0,User
1098568,71,0,User
1098723,26,1,User
1098766,64,1,User
1098658,28,1,User
1098799,66,1,User
1098630,12,0,User
1098830,67,1,User
1098862,14,0,User
1098820,57,1,User
1098921,38,1,User
1099051,36,0,User
1099013,59,1,User
1099015,29,0,User
1098914,12,0,User
1099032,31,0,User
1098960,34,1,User
1099035,41,0,User
1099115,40,1,User
1099187,29,0,User
1099134,12,0,User
1099217,67,1,User
1099194,71,1,User
1099095,24,1,User
1099155,47,0,User
1099213,48,0,User
1099288,60,0,User
1099412,59,0,User
1099384,12,1,User
1099317,78,0,User
1099549,12,0,User
1099543,69,1,User
1099567,12,0,User
1099571,12,1,User
1099586,14,1,User
1099604,12,0,User
1099574,59,0,User
1099698,12,1,User
1099659,16,0,User
1099789,29,1,User
1099706,60,0,User
1099835,57,0,User
1099785,55,0,User
1099812,12,0,User
1099713,19,1,User
1099838,38,0,User
1099723,29,0,User
1099754,28,1,User
1099930,40,0,User
1099999,12,1,User
1100033,71,1,User
1100035,12,0,User
1100207,48,1,User
1100189,12,1,User
1100376,26,1,User
1100322,12,1,User
1100020,47,1,User
1100325,59,1,User
1100438,67,1,User
1100450,60,1,User
1100305,55,0,User
1100310,12,1,User
1100500,12,1,User
1100427,12,1,User
1100686,38,0,User
1100457,12,1,User
1100717,74,0,User
1100664,12,0,User
1100748,12,0,User
1100724,69,1,User
1100637,48,1,User
1100668,31,1,User
1100765,33,0,User
1100669,62,0,User
1100766,64,1,User
1100767,62,0,User
1100609,64,0,User
1100823,60,0,User
1100929,41,0,User
1101004,12,1,User
1100817,12,1,User
1101096,47,1,User
1101074,34,0,User
1101157,52,0,User
1101144,34,0,User
1101186,12,0,User
1101148,12,1,User
1101212,53,0,User
1101213,36,1,User
1101044,60,1,User
1101244,12,1,User
1101163,38,0,User
1101220,28,0,User
1101315,66,0,User
1101380,29,0,User
1101251,64,0,User
1101443,59,1,User
1101388,55,1,User
1101622,12,0,User
1101517,71,1,User
1101570,69,0,User
1101708,47,0,User
1101766,12,1,User
1101729,21,0,User
1101774,12,0,User
1101756,12,0,User
1101761,29,1,User
1101949,12,1,User
1101926,31,1,User
1102096,17,0,User
1102020,33,0,User
1102161,47,1,User
1102203,12,0,User
1102077,47,1,User
1102179,12,0,User
1102291,31,0,User
1102324,12,0,User
1102315,16,1,User
1102259,19,0,User
1102331,48,0,User
1102270,33,1,User
1102439,12,1,User
1102391,12,0,User
1102481,12,1,User
1102409,12,0,User
1102482,22,1,User
1102540,57,1,User
1102377,14,0,User
1102574,71,0,User
1102421,64,0,User
1102713,12,1,User
1102787,12,0,User
1102839,12,1,User
1102907,59,1,User
1102908,66,0,User
1102825,12,0,User
1102888,12,1,User
1103012,59,0,User
1102960,12,1,User
1102973,59,0,User
1103072,12,1,User
1102964,12,1,User
1103032,66,0,User
1103053,12,0,User
1103146,34,0,User
1103112,62,0,User
1102933,45,0,User
1103136,36,0,User
1103191,12,0,User
1103140,45,0,User
1103266,34,0,User
1103185,14,1,User
1103267,12,0,User
1103268,45,1,User
1103197,71,1,User
1103173,19,0,User
1103287,71,0,User
1103367,12,0,User
1103407,67,0,User
1103426,12,1,User
1103479,66,1,User
1103502,22,0,User
1103615,12,1,User
1103561,48,0,User
1103544,69,1,User
1103746,31,0,User
1103653,50,1,User
1103665,12,1,User
1103808,41,0,User
1103823,57,0,User
1103904,64,1,User
1104140,41,1,User
1104202,60,1,User
1104275,52,1,User
1104127,29,1,User
1104323,12,0,User
1104365,50,0,User
1104367,67,0,User
1104224,28,1,User
1104452,12,0,User
1104352,12,1,User
1104511,40,0,User
1104514,14,1,User
1104526,66,1,User
1104540,12,1,User
1104577,12,1,User
1104620,66,0,User
1104605,41,0,User
1104583,12,0,User
1104695,40,0,User
1104781,48,1,User
1104752,12,1,User
1104758,26,1,User
1104775,12,0,User
1104871,12,0,User
1104850,57,1,User
1104851,41,0,User
1104946,17,1,User
1104615,31,0,User
1104853,62,0,User
1104907,55,1,User
1104948,36,1,User
1104881,48,0,User
1104966,66,0,User
1105036,31,0,User
1105031,12,1,User
1104970,59,1,User
1105114,12,1,User
1105128,34,0,User
1105049,12,1,User
1105004,47,0,User
1105196,12,0,User
1105296,19,1,User
1105275,64,1,User
1105282,43,0,User
1105407,12,1,User
1105532,53,1,User
1105450,40,0,User
1105594,19,0,User
1105478,28,0,User
1105627,48,1,User
1105485,33,0,User
1105662,59,1,User
1105545,38,1,User
1105836,12,0,User
1105747,31,0,User
1105897,64,0,User
1105749,71,1,User
1105967,47,1,User
1105751,66,0,User
1105971,74,0,User
1106061,66,0,User
1106131,16,0,User
1106132,12,0,User
1106162,66,0,User
1106053,52,1,User
1106207,47,1,User
1106237,26,0,User
1106195,12,0,User
1106253,62,0,User
1106215,16,0,User
1106258,66,0,User
1106318,31,1,User
1106286,43,0,User
1106230,12,1,User
1106357,14,0,User
1106373,40,1,User
1106366,48,0,User
1106247,66,1,User
1106388,33,0,User
1106352,47,0,User
1106293,31,1,User
1106491,12,1,User
1106463,64,1,User
1106525,53,0,User
1106425,64,0,User
1106518,33,1,User
1106499,12,0,User
1106454,53,1,User
1106503,14,0,User
1106603,69,1,User
1106575,17,0,User
1106592,12,1,User
1106556,50,1,User
1106650,12,1,User
1106763,12,1,User
1106667,12,1,User
1106623,67,0,User
1106898,12,0,User
1106987,45,0,User
1106730,78,0,User
1107021,45,1,User
1107069,16,1,User
1107098,67,1,User
1107146,36,1,User
1107172,40,0,User
1107353,12,0,User
1107411,62,0,User
1107425,57,0,User
1107400,60,1,User
1107314,14,1,User
1107434,12,0,User
1107281,53,1,User
1107513,21,1,User
1107544,64,1,User
1107299,14,0,User
1107477,38,0,User
1107519,12,1,User
1107591,67,0,User
1107624,59,1,User
1107613,17,1,User
1107767,12,1,User
1107827,14,0,User
1107666,14,0,User
1107917,12,0,User
1107823,47,0,User
1107789,12,1,User
1107824,12,0,User
1107704,67,1,User
1107927,12,0,User
1108028,45,0,User
1108071,14,1,User
1108017,66,1,User
1108101,52,0,User
1108019,29,0,User
1108020,12,1,User
1108030,12,0,User
1108002,55,0,User
1108148,12,1,User
1108217,12,0,User
1108219,12,1,User
1108174,71,1,User
1108121,12,0,User
1108208,66,0,User
1108225,64,0,User
1108227,12,1,User
1108354,12,0,User
1108297,71,1,User
1108285,14,1,User
1108383,12,1,User
1108407,12,1,User
1108316,12,0,User
1108546,41,0,User
1108577,59,0,User
1108480,55,0,User
1108528,12,1,User
1108537,57,1,User
1108686,12,1,User
1108697,62,1,User
1108572,12,0,User
1108605,12,1,User
1108730,16,0,User
1108776,67,1,User
1108691,64,0,User
1108692,34,1,User
1108835,41,1,User
1108849,57,1,User
1108937,41,0,User
1108845,72,0,User
1108872,59,0,User
1108890,57,1,User
1109013,55,1,User
1108974,57,0,User
1109034,12,1,User
1108978,67,1,User
1109007,47,0,User
1109008,12,1,User
1109191,12,1,User
1109165,69,1,User
1109193,12,0,User
1109113,59,1,User
1109182,69,1,User
1109040,12,1,User
1109326,12,0,User
1109271,71,1,User
1109299,19,1,User
1109358,12,1,User
1109318,52,0,User
1109349,69,0,User
1109402,67,1,User
1109450,12,0,User
1109555,69,0,User
1109673,12,1,User
1109632,12,0,User
1109675,67,0,User
1109748,22,1,User
1109666,17,1,User
1109722,64,0,User
1109723,53,0,User
1109772,71,0,User
1109896,12,0,User
1109897,21,0,User
1109961,55,1,User
1109937,64,0,User
1110007,29,1,User
1109965,43,1,User
1109894,12,1,User
1110054,12,0,User
1110099,66,0,User
1109953,14,0,User
1110059,12,0,User
1110155,12,1,User
1110147,64,1,User
1110259,69,0,User
1110178,57,0,User
1110276,40,0,User
1110195,12,1,User
1110334,50,1,User
1110366,12,1,User
1110341,57,1,User
1110372,69,0,User
1110426,12,1,User
1110000,12,1,User
1110624,33,0,User
1110710,12,1,User
1110753,24,1,User
1110811,69,0,User
1110826,71,0,User
1110816,71,0,User
1110764,12,0,User
1110822,12,1,User
1110904,12,0,User
1110877,40,0,User
1110849,71,0,User
1110923,71,1,User
1111052,12,0,User
1111018,12,1,User
1110957,48,1,User
1111146,43,0,User
1111135,64,1,User
1111167,31,1,User
1111169,60,0,User
1111401,12,0,User
1111415,12,1,User
1111360,48,1,User
1111444,26,1,User
1111446,64,0,User
1111463,12,0,User
1111303,12,1,User
1111478,12,0,User
1111479,62,1,User
1111535,12,1,User
1111522,60,1,User
1111483,40,0,User
1111526,14,1,User
1111538,38,0,User
1111585,71,1,User
1111682,62,1,User
1111786,29,0,User
1111758,31,1,User
1111720,12,1,User
1111708,48,1,User
1111689,62,0,User
1111724,12,1,User
1111634,26,0,User
1111906,12,0,User
1111903,12,0,User
1111931,55,0,User
1111878,12,0,User
1111784,12,0,User
1111885,19,0,User
1112065,12,0,User
1111888,53,1,User
1112069,64,0,User
1112238,12,0,User
1112214,12,0,User
1112257,55,0,User
1112246,66,1,User
1112282,64,0,User
1112108,12,0,User
1112342,47,0,User
1112113,12,0,User
1112389,71,0,User
1112305,12,0,User
1112364,62,0,User
1112294,12,1,User
1112173,71,0,User
1112336,62,0,User
1112397,69,1,User
1112451,28,0,User
1112453,60,0,User
1112581,52,0,User
1112544,55,0,User
1112528,34,0,User
1112673,12,0,User
1112762,12,0,User
1112766,12,0,User
1112749,12,0,User
1112813,12,0,User
1112730,12,1,User
1112699,47,1,User
1112803,12,0,User
1112887,60,0,User
1112949,14,1,User
1113098,12,0,User
1113112,12,0,User
1113117,57,1,User
1113182,45,0,User
1113187,12,1,User
1113273,12,0,User
1113331,71,0,User
1113161,60,1,User
1113369,52,0,User
1113328,43,0,User
1113423,33,1,User
1113416,67,1,User
1113559,71,0,User
1113638,12,0,User
1113676,66,0,User
1113598,43,1,User
1113677,66,0,User
1113600,12,0,User
1113696,40,1,User
1113752,14,0,User
1113659,12,1,User
1113726,12,0,User
1113701,40,0,User
1113797,67,1,User
1113828,12,0,User
1113745,12,1,User
1113715,64,1,User
1113746,12,0,User
1113716,74,1,User
1113717,12,1,User
1113946,69,0,User
1113893,14,0,User
1113923,64,0,User
1113993,12,0,User
1113910,12,0,User
1113942,12,1,User
1114208,50,0,User
1114220,12,1,User
1114281,71,0,User
1114356,55,1,User
1114297,60,1,User
1114284,60,1,User
1114425,19,1,User
1114513,12,1,User
1114624,12,1,User
1114348,66,1,User
1114690,12,0,User
1114789,74,0,User
1114806,21,1,User
1114796,47,0,User
1114813,12,1,User
1114871,66,1,User
1114968,69,0,User
1115056,41,0,User
1115005,28,1,User
1115038,64,1,User
1115108,71,0,User
1115183,50,0,User
1115260,12,0,User
1115170,71,0,User
1115174,57,1,User
1115367,12,1,User
1115338,60,0,User
1115370,38,0,User
1115438,47,0,User
1115510,60,0,User
1115353,14,1,User
1115505,12,0,User
1115643,12,0,User
1115453,38,1,User
1115454,38,1,User
1115531,40,1,User
1115486,12,1,User
1115702,12,1,User
1115666,12,0,User
1115667,60,1,User
1115738,12,0,User
1115714,12,1,User
1115729,12,1,User
1115866,22,0,User
1115944,55,0,User
1115971,14,0,User
1115862,57,1,User
1115960,19,1,User
1115849,12,0,User
1115910,64,1,User
1115979,12,1,User
1115992,12,1,User
1115820,12,1,User
1115876,64,1,User
1116056,12,0,User
1116126,79,0,User
1116276,47,0,User
1116289,12,0,User
1116199,69,1,User
1116409,14,1,User
1116395,12,0,User
1116384,69,1,User
1116526,12,1,User
1116574,48,0,User
1116603,60,1,User
1116425,71,0,User
1116599,28,0,User
1116612,60,1,User
1116682,55,1,User
1116722,34,0,User
1116627,12,1,User
1116715,57,0,User
1116645,31,1,User
1116581,71,0,User
1116650,38,1,User
1116892,72,0,User
1116908,12,1,User
1116882,31,0,User
1116925,12,0,User
1116985,12,0,User
1117068,12,0,User
1116958,71,1,User
1116824,12,1,User
1117126,12,0,User
1117031,12,0,User
1117017,71,0,User
1117138,22,0,User
1117033,16,1,User
1117263,12,1,User
1117250,52,0,User
1117321,79,0,User
1117313,17,0,User
1117289,12,0,User
1117377,53,1,User
1117271,66,0,User
1117319,60,1,User
1117565,19,0,User
1117522,19,0,User
1117681,34,0,User
1117553,50,0,User
1117802,24,1,User
1117841,12,1,User
1117923,71,1,User
1118071,69,0,User
1118047,71,1,User
1118079,14,1,User
1118096,12,0,User
1118111,33,0,User
1118125,50,0,User
1118260,71,0,User
1118301,12,1,User
1118315,45,1,User
1118317,12,1,User
1118359,59,1,User
1118376,12,0,User
1118354,12,0,User
1118450,12,0,User
1118451,88,0,User
1118538,12,0,User
1118571,12,0,User
1118398,71,0,User
1118717,57,1,User
1118678,12,0,User
1118648,17,0,User
1118649,69,0,User
1118712,12,0,User
1118713,12,1,User
1118700,52,0,User
1118762,12,0,User
1118794,28,0,User
1118858,28,0,User
1118482,55,0,User
1118829,12,0,User
1118886,83,1,User
1118863,57,1,User
1118816,12,0,User
1118949,71,0,User
1118987,36,0,User
1118950,43,1,User
1118999,12,0,User
1119038,14,0,User
1119105,12,1,User
1119082,66,1,User
1119256,12,0,User
1119272,41,0,User
1119208,12,0,User
1119299,16,1,User
1119175,36,0,User
1119337,12,1,User
1119220,71,1,User
1119440,21,1,User
1119469,64,0,User
1119383,12,1,User
1119384,12,0,User
1119385,14,0,User
1119455,19,1,User
1119457,12,0,User
1119458,16,1,User
1119599,66,0,User
1119737,12,0,User
1119696,48,1,User
1119734,12,1,User
1119762,12,0,User
1119889,71,0,User
1119690,12,0,User
1119804,12,0,User
1120053,38,0,User
1119957,24,1,User
1119984,12,0,User
1119987,12,0,User
1120117,12,0,User
1120105,26,0,User
1120162,12,0,User
1120190,34,1,User
1120164,69,0,User
1120192,36,0,User
1120165,12,1,User
1120195,60,1,User
1120047,36,1,User
1120278,12,0,User
1120242,29,0,User
1120153,12,1,User
1120229,14,1,User
1120252,59,1,User
1120309,69,0,User
1120353,12,0,User
1120381,43,0,User
1120295,12,0,User
1120360,59,1,User
1120300,50,0,User
1120464,12,0,User
1120490,29,0,User
1120495,53,1,User
1120652,71,1,User
1120511,16,0,User
1120583,12,1,User
1120571,69,0,User
1120787,14,0,User
1120775,60,0,User
1120806,40,0,User
1120780,60,0,User
1120810,36,0,User
1120798,12,1,User
1120938,47,1,User
1120910,36,0,User
1120956,59,0,User
1120875,12,1,User
1120859,19,0,User
1120915,59,0,User
1120983,43,1,User
1120929,43,0,User
1120899,72,1,User
1121057,12,1,User
1121161,29,0,User
1121178,31,1,User
1121207,59,1,User
1121155,66,0,User
1121298,14,1,User
1121248,59,0,User
1121346,36,0,User
1121305,69,0,User
1121372,66,1,User
1121362,12,1,User
1121352,66,1,User
1121369,16,0,User
1121310,64,1,User
1121336,55,1,User
1121536,29,0,User
1121415,12,1,User
1121628,12,1,User
1121585,41,1,User
1121598,62,1,User
1121469,12,0,User
1121576,71,0,User
1121548,12,0,User
1121603,12,0,User
1121637,12,1,User
1121736,52,0,User
1121698,60,0,User
1121653,50,1,User
1121755,12,0,User
1121828,72,1,User
1121561,76,0,User
1121713,66,1,User
1121974,12,0,User
1121987,41,0,User
1121951,12,0,User
1122007,83,1,User
1121847,12,0,User
1121775,12,1,User
1122122,45,0,User
1121984,53,1,User
1122128,67,1,User
1122160,12,0,User
1122186,22,1,User
1122273,69,0,User
1122252,19,0,User
1122104,12,1,User
1122307,16,0,User
1122446,12,1,User
1122461,67,0,User
1122478,55,1,User
1122480,62,0,User
1122575,12,1,User
1122382,12,1,User
1122580,17,0,User
1122606,76,0,User
1122692,12,0,User
1122740,12,1,User
1122745,45,0,User
1122815,50,0,User
1122762,66,0,User
1122730,14,1,User
1122776,16,0,User
1122923,50,0,User
1122962,12,1,User
1122995,57,1,User
1122967,12,1,User
1123081,57,1,User
1123026,34,1,User
1123002,47,1,User
1122988,62,0,User
1122959,64,0,User
1123003,66,0,User
1123031,52,0,User
1123171,21,1,User
1123123,12,0,User
1123136,57,0,User
1123185,71,1,User
1123282,14,0,User
1123397,17,1,User
1123427,67,1,User
1123316,12,1,User
1123236,71,0,User
1123423,60,0,User
1123407,14,1,User
1123364,50,1,User
1123567,12,1,User
1123449,12,1,User
1123598,64,1,User
1123684,28,1,User
1123620,55,0,User
1123727,12,0,User
1123647,36,0,User
1123745,53,1,User
1123662,62,0,User
1123710,47,0,User
1123847,33,1,User
1123779,12,1,User
1123764,14,1,User
1123967,31,0,User
1123942,47,1,User
1123956,64,1,User
1123871,45,0,User
1123946,59,0,User
1123930,74,0,User
1124045,50,1,User
1124007,12,1,User
1124025,12,0,User
1124140,62,0,User
1124246,24,1,User
1124303,60,1,User
1124259,71,1,User
1124373,36,1,User
1124396,12,1,User
1124587,50,1,User
1124593,55,1,User
1124766,38,1,User
1124739,59,1,User
1124519,0,,User
1124783,55,0,User
1124744,12,0,User
1124839,50,1,User
1124698,57,0,User
1124986,16,0,User
1124951,59,1,User
1124990,12,0,User
1124953,72,1,User
1125042,12,1,User
1125092,12,1,User
1125085,55,1,User
1125200,12,1,User
1125145,12,1,User
1125024,12,1,User
1125234,71,0,User
1125149,29,1,User
1125195,57,1,User
1125334,66,0,User
1125325,19,0,User
1125380,12,1,User
1125343,36,0,User
1125427,62,1,User
1125544,12,0,User
1125558,71,1,User
1125631,69,1,User
1125678,12,1,User
1125626,12,1,User
1125600,12,0,User
1125682,48,0,User
1125726,41,0,User
1125754,29,1,User
1125711,12,1,User
1125757,14,0,User
1125744,14,1,User
1125901,14,1,User
1125873,74,1,User
1125868,40,1,User
1125855,59,0,User
1125996,12,0,User
1126091,53,0,User
1126108,21,0,User
1126034,41,1,User
1126218,57,0,User
1126125,12,1,User
1126281,16,0,User
1126295,52,1,User
1126324,57,0,User
1126184,12,1,User
1126367,36,0,User
1126402,52,0,User
1126358,12,0,User
1126380,12,1,User
1126473,12,0,User
1126537,14,1,User
1126468,48,1,User
1126598,28,0,User
1126422,34,0,User
1126554,38,1,User
1126641,12,0,User
1126712,12,0,User
1126730,12,1,User
1126664,59,0,User
1126650,12,0,User
1126665,12,1,User
1126734,53,1,User
1126771,59,0,User
1126872,48,0,User
1126877,12,1,User
1126923,12,1,User
1126924,12,1,User
1126968,38,0,User
1126695,59,0,User
1126889,12,0,User
1127072,69,0,User
1126901,12,1,User
1127063,64,0,User
1127076,12,1,User
1126965,67,0,User
1127109,12,1,User
1127124,55,0,User
1127127,12,0,User
1127268,31,1,User
1127254,53,0,User
1127169,57,1,User
1127286,12,1,User
1127246,12,0,User
1127175,22,1,User
1127248,69,0,User
1127263,59,0,User
1127304,12,0,User
1127070,66,1,User
1127310,12,1,User
1127316,12,1,User
1127376,45,0,User
1127598,45,1,User
1127544,26,0,User
1127415,67,1,User
1127588,69,1,User
1127558,55,0,User
1127560,12,1,User
1127697,12,1,User
1127684,21,1,User
1127779,47,0,User
1127837,12,1,User
1127669,12,1,User
1127824,12,1,User
1127592,12,1,User
1127963,47,1,User
1128022,43,0,User
1128095,12,0,User
1128108,45,1,User
1128159,16,0,User
1128220,53,1,User
1128307,12,1,User
1128350,59,0,User
1128342,12,1,User
1128370,64,0,User
1128497,62,0,User
1128468,62,1,User
1128417,12,0,User
1128390,14,0,User
1128461,12,0,User
1128448,69,0,User
1128449,12,0,User
1128506,66,0,User
1128355,12,1,User
1128521,60,1,User
1128678,12,0,User
1128652,57,1,User
1128597,17,0,User
1128831,53,1,User
1128793,12,0,User
1128844,64,0,User
1128906,50,1,User
1128867,12,1,User
1128928,12,1,User
1128941,45,0,User
1128833,47,0,User
1128990,14,0,User
1129070,12,1,User
1128849,12,0,User
1128854,29,0,User
1129171,22,1,User
1129247,12,1,User
1129396,24,1,User
1129386,12,1,User
1129405,71,0,User
1129303,76,0,User
1129505,21,0,User
1129465,19,1,User
1129320,59,1,User
1129519,28,0,User
1129450,12,0,User
1129500,12,0,User
1129540,66,0,User
1129609,12,0,User
1129612,24,1,User
1129530,53,0,User
1129572,12,0,User
1129480,12,0,User
1129731,45,0,User
1129749,66,0,User
1129820,53,0,User
1129824,69,0,User
1129852,66,1,User
1129922,12,1,User
1129966,12,0,User
1129970,12,0,User
1129974,12,1,User
1129995,12,1,User
1130118,57,0,User
1130094,60,1,User
1130051,69,0,User
1130121,59,1,User
1130022,12,1,User
1130207,12,1,User
1130198,59,0,User
1130008,62,0,User
1130228,12,1,User
1130212,12,0,User
1130271,53,0,User
1130314,43,1,User
1130273,60,0,User
1130359,12,0,User
1130347,55,1,User
1130310,60,1,User
1130508,33,1,User
1130466,53,0,User
1130544,16,1,User
1130517,48,0,User
1130598,55,0,User
1130615,57,0,User
1130619,43,0,User
1130385,12,1,User
1130718,28,1,User
1130759,76,0,User
1130882,62,0,User
1130930,26,0,User
1131034,12,0,User
1131076,19,0,User
1131037,12,0,User
1130880,12,0,User
1131109,66,0,User
1131166,59,0,User
1131181,31,0,User
1131029,12,1,User
1131176,12,1,User
1131362,12,1,User
1131132,66,1,User
1131195,74,1,User
1131424,12,1,User
1131310,17,0,User
1131397,12,1,User
1131485,55,0,User
1131300,12,0,User
1131373,14,0,User
1131488,67,1,User
1131574,45,0,User
1131425,12,1,User
1131535,12,0,User
1131357,12,1,User
1131662,53,0,User
1131782,12,1,User
1131725,12,1,User
1131791,28,0,User
1131819,57,0,User
1131820,45,0,User
1131921,48,0,User
1131669,26,0,User
1131907,66,0,User
1131928,14,1,User
1131914,34,1,User
1131973,31,0,User
1132024,57,0,User
1131941,26,1,User
1131942,12,0,User
1132058,69,1,User
1131978,16,0,User
1132116,40,0,User
1132017,50,1,User
1132219,12,1,User
1132153,60,1,User
1132299,12,1,User
1132381,53,1,User
1132396,14,0,User
1132372,43,0,User
1132441,12,1,User
1132445,12,1,User
1132459,62,0,User
1132462,12,1,User
1132463,14,0,User
1132535,14,1,User
1132481,12,0,User
1132529,12,0,User
1132485,12,1,User
1132579,47,1,User
1132644,71,1,User
1132650,19,1,User
1132743,17,0,User
1132823,62,0,User
1132831,12,1,User
1132785,71,1,User
1132891,62,1,User
1132906,31,1,User
1132601,12,0,User
1132765,66,1,User
1132951,33,0,User
1133027,55,1,User
1132914,12,0,User
1132942,12,0,User
1132987,60,1,User
1132919,12,1,User
1133034,26,0,User
1133061,71,0,User
1133146,17,1,User
1133178,12,0,User
1133206,12,1,User
1133253,12,0,User
1133175,12,1,User
1133300,12,0,User
1133344,53,1,User
1133402,16,1,User
1133325,12,0,User
1133352,24,1,User
1133446,57,0,User
1133427,69,1,User
1133411,12,1,User
1133526,64,1,User
1133527,12,0,User
1133627,12,1,User
1133370,12,1,User
1133591,55,1,User
1133763,38,1,User
1133793,24,1,User
1133836,12,0,User
1133882,12,0,User
1133859,12,0,User
1133864,16,0,User
1133929,12,0,User
1133945,19,0,User
1133987,59,0,User
1133876,22,1,User
1134048,78,1,User
1134024,12,1,User
1134069,12,0,User
1134166,12,0,User
1134029,55,1,User
1134203,12,0,User
1134266,66,1,User
1134159,12,0,User
1134321,12,1,User
1134160,67,0,User
1134459,71,1,User
1134486,12,0,User
1134558,59,1,User
1134621,12,1,User
1134489,12,0,User
1134708,53,0,User
1134741,12,0,User
1134712,12,0,User
1134796,50,0,User
1134668,43,0,User
1134850,12,0,User
1134933,79,1,User
1134687,62,0,User
1134814,71,1,User
1134863,64,0,User
1134865,55,0,User
1134835,12,0,User
1135057,67,0,User
1135071,57,0,User
1134882,71,1,User
1135117,66,0,User
1135145,12,1,User
1135188,47,1,User
1135233,12,1,User
1135212,12,0,User
1135106,59,0,User
1135195,40,1,User
1135139,12,1,User
1135279,53,1,User
1135230,12,1,User
1135411,48,1,User
1135325,55,0,User
1135313,12,1,User
1135358,41,1,User
1135361,12,1,User
1135436,14,0,User
1135520,67,0,User
1135421,55,1,User
1135651,62,1,User
1135640,12,1,User
1135641,12,1,User
1135598,55,1,User
1135600,12,1,User
1135635,67,0,User
1135695,66,1,User
1135817,79,0,User
1135921,12,0,User
1135924,48,0,User
1135797,28,0,User
1135854,12,0,User
1135823,67,1,User
1135958,12,0,User
1136267,33,1,User
1136068,69,1,User
1136184,60,1,User
1136231,41,1,User
1136092,28,1,User
1136215,12,1,User
1136343,74,1,User
1136291,57,0,User
1136124,12,1,User
1136402,64,1,User
1136348,72,1,User
1136448,12,1,User
1136353,64,1,User
1136468,19,1,User
1136539,71,1,User
1136445,66,0,User
1136486,69,1,User
1136529,12,0,User
1136530,60,1,User
1136569,14,1,User
1136424,69,0,User
1136503,24,1,User
1136575,38,0,User
1136577,12,1,User
1136589,71,0,User
1136664,12,1,User
1136610,40,1,User
1136548,64,0,User
1136655,40,0,User
1136766,12,1,User
1136694,41,0,User
1136816,12,0,User
1136897,12,0,User
1136770,60,0,User
1136745,14,1,User
1136963,55,0,User
1136904,60,1,User
1137020,66,1,User
1137068,67,0,User
1137096,38,1,User
1137145,12,0,User
1137181,14,0,User
1137196,57,0,User
1137317,45,0,User
1137288,12,1,User
1137276,12,1,User
1137205,12,0,User
1137207,69,0,User
1137352,28,1,User
1137298,12,1,User
1137324,34,0,User
1137285,66,1,User
1137314,12,0,User
1137603,72,0,User
1137648,34,0,User
1137507,12,0,User
1137760,41,1,User
1137778,41,1,User
1137715,69,1,User
1137818,48,0,User
1137871,12,1,User
1137843,59,1,User
1137908,12,1,User
1137933,57,1,User
1137937,34,0,User
1138036,12,0,User
1138099,62,0,User
1138032,12,0,User
1138034,12,1,User
1138160,83,1,User
1137972,12,0,User
1138058,12,0,User
1138065,12,1,User
1138339,50,0,User
1138206,36,1,User
1138195,57,1,User
1138357,12,0,User
1138349,48,0,User
1138350,12,1,User
1138282,12,1,User
1138421,12,0,User
1138493,12,1,User
1138535,12,1,User
1138564,31,1,User
1138537,69,1,User
1138580,60,1,User
1138626,66,0,User
1138655,45,1,User
1138741,59,0,User
1138589,12,0,User
1138671,14,1,User
1138716,69,1,User
1138673,12,1,User
1138752,12,1,User
1138862,12,0,User
1138710,50,1,User
1138906,69,0,User
1138880,69,1,User
1138823,12,0,User
1138924,47,1,User
1138956,12,1,User
1138853,12,0,User
1138863,12,1,User
1138898,62,1,User
1138872,12,1,User
1139061,59,0,User
1139037,60,0,User
1139102,12,0,User
1139040,29,1,User
1139178,12,1,User
1139224,53,1,User
1139141,12,1,User
1139201,12,1,User
1139160,22,1,User
1139293,34,1,User
1139405,12,0,User
1139100,69,0,User
1139498,66,0,User
1139424,69,1,User
1139566,59,0,User
1139582,28,0,User
1139572,14,0,User
1139562,12,0,User
1139563,36,0,User
1139686,12,1,User
1139703,12,0,User
1139355,14,1,User
1139533,64,1,User
1139761,12,0,User
1139725,12,0,User
1139697,12,1,User
1139743,50,0,User
1139591,14,0,User
1139881,17,1,User
1139926,66,1,User
1139766,16,1,User
1139959,12,0,User
1140047,12,1,User
1140023,71,0,User
1140154,12,0,User
1140125,41,0,User
1140243,12,1,User
1140244,57,1,User
1140150,45,1,User
1140232,66,1,User
1140276,12,1,User
1140346,14,1,User
1140304,57,0,User
1140422,62,1,User
1140527,64,0,User
1140433,62,1,User
1140543,12,0,User
1140563,60,1,User
1140653,50,1,User
1140554,14,1,User
1140767,45,1,User
1140728,59,1,User
1140584,52,1,User
1140585,19,1,User
1140756,57,0,User
1140845,12,0,User
1140761,16,0,User
1140904,14,1,User
1140795,41,0,User
1140936,57,1,User
1141032,69,1,User
1140920,12,0,User
1141079,60,1,User
1140956,12,1,User
1141189,33,1,User
1140930,78,0,User
1141166,74,1,User
1141155,12,1,User
1141200,40,0,User
1141266,24,0,User
1141211,12,1,User
1141282,12,1,User
1141327,64,0,User
1141303,60,0,User
1141402,12,0,User
1141439,47,0,User
1141561,50,1,User
1141581,12,1,User
1141499,67,0,User
1141599,14,1,User
1141552,60,0,User
1141630,12,0,User
1141558,12,1,User
1141762,19,1,User
1141747,81,0,User
1141833,55,0,User
1141780,12,1,User
1141752,41,1,User
1141693,12,0,User
1141859,69,1,User
1141870,52,1,User
1141896,24,1,User
1141902,71,0,User
1142191,19,0,User
1142039,69,0,User
1142242,14,0,User
1142257,12,0,User
1142246,34,0,User
1142189,62,0,User
1142371,26,0,User
1142374,34,1,User
1142448,12,1,User
1142450,12,1,User
1142437,12,1,User
1142553,59,1,User
1142423,14,1,User
1142337,29,0,User
1142505,69,0,User
1142338,12,1,User
1142576,12,1,User
1142619,12,1,User
1142591,12,1,User
1142654,12,1,User
1142623,12,1,User
1142748,29,0,User
1142720,55,0,User
1142666,12,1,User
1142694,48,1,User
1142637,47,1,User
1142677,12,0,User
1142922,12,0,User
1143061,12,0,User
1143005,12,1,User
1143118,71,1,User
1143172,34,0,User
1143139,12,0,User
1143290,36,0,User
1143204,12,1,User
1143125,57,0,User
1143312,55,0,User
1143238,64,0,User
1143378,14,1,User
1143393,38,1,User
1143398,12,1,User
1143375,53,1,User
1143435,12,1,User
1143591,12,1,User
1143343,12,0,User
1143566,57,0,User
1143608,43,0,User
1143583,38,1,User
1143664,12,1,User
1143614,12,0,User
1143647,12,0,User
1143738,12,0,User
1143811,48,1,User
1143760,12,1,User
1143883,12,0,User
1143993,71,1,User
1143996,67,1,User
1144100,12,1,User
1144034,12,1,User
1143971,62,0,User
1144149,12,1,User
1144234,16,1,User
1144235,67,1,User
1144295,52,1,User
1144154,26,1,User
1144308,12,0,User
1144392,12,1,User
1144311,62,1,User
1144301,71,0,User
1144421,71,1,User
1144491,69,0,User
1144422,21,1,User
1144493,66,0,User
1144372,31,1,User
1144500,69,1,User
1144622,34,1,User
1144651,71,0,User
1144554,12,0,User
1144711,16,0,User
1144767,17,1,User
1144770,12,0,User
1144833,28,0,User
1144869,60,0,User
1144838,12,1,User
1144853,21,1,User
1144922,50,1,User
1144720,60,1,User
1144821,64,0,User
1144926,59,0,User
1144725,12,0,User
1144971,41,0,User
1144945,66,0,User
1144812,40,0,User
1145017,52,1,User
1145161,12,0,User
1145149,71,1,User
1145150,62,1,User
1145062,34,1,User
1145176,71,0,User
1145067,16,0,User
1145127,62,0,User
1145211,12,1,User
1145241,41,0,User
1145276,36,1,User
1145411,14,0,User
1145428,12,1,User
1145508,64,0,User
1145542,33,1,User
1145322,12,0,User
1145503,38,1,User
1145612,66,1,User
1145636,19,1,User
1145706,47,0,User
1145707,34,0,User
1145608,28,0,User
1145610,12,1,User
1145730,55,0,User
1145856,12,1,User
1145886,12,1,User
1145916,28,1,User
1145920,12,1,User
1145951,59,0,User
1145921,14,1,User
1145922,74,1,User
1146188,59,1,User
1146154,45,0,User
1146206,12,0,User
1146288,12,1,User
1146141,12,1,User
1146143,12,1,User
1146148,47,0,User
1146351,12,1,User
1145969,12,1,User
1146392,12,0,User
1146326,12,1,User
1146344,12,1,User
1146503,19,1,User
1146465,12,0,User
1146560,12,1,User
1146417,41,1,User
1146625,12,0,User
1146782,36,1,User
1146713,17,1,User
1146744,45,1,User
1146655,50,1,User
1146854,12,0,User
1146776,33,1,User
1146924,12,1,User
1146978,53,0,User
1146952,12,0,User
1146994,67,1,User
1147015,12,1,User
1147047,34,1,User
1147002,12,0,User
1147192,12,1,User
1147262,59,0,User
1147233,12,0,User
1147196,53,1,User
1147265,62,1,User
1147244,12,0,User
1147283,55,0,User
1147285,31,0,User
1147419,12,1,User
1147491,12,1,User
1147299,12,1,User
1147504,12,1,User
1147440,36,1,User
1147557,66,1,User
1147588,12,0,User
1147618,12,1,User
1147728,74,0,User
1147744,12,1,User
1147676,12,0,User
1147542,69,0,User
1147759,38,0,User
1147734,12,1,User
1147695,57,1,User
1147892,12,1,User
1147911,59,1,User
1148029,64,1,User
1148042,50,0,User
1148057,52,1,User
1147993,22,0,User
1148080,12,1,User
1148176,12,1,User
1148036,62,1,User
1148010,29,1,User
1148191,69,1,User
1148195,12,1,User
1148164,59,0,User
1148372,69,0,User
1148417,12,0,User
1148280,12,1,User
1148463,12,1,User
1148464,48,1,User
1148612,12,1,User
1148660,67,1,User
1148724,17,1,User
1148781,67,1,User
1148738,62,0,User
1148562,12,0,User
1148745,12,1,User
1148700,12,0,User
1149025,38,1,User
1148859,12,1,User
1149062,62,1,User
1149114,12,1,User
1149159,12,0,User
1149160,12,1,User
1149101,50,0,User
1149185,12,0,User
1148999,12,1,User
1149050,19,1,User
1149164,12,0,User
1149241,19,0,User
1149214,66,1,User
1149055,64,1,User
1149303,50,0,User
1149280,12,0,User
1149208,48,1,User
1149406,48,1,User
1149314,12,1,User
1149442,71,1,User
1149397,19,0,User
1149470,52,0,User
1149543,47,1,User
1149502,69,1,User
1149575,66,0,User
1149520,31,0,User
1149661,53,0,User
1149714,12,1,User
1149782,66,1,User
1149717,69,0,User
1149805,12,0,User
1149769,59,1,User
1149886,41,1,User
1149910,12,1,User
1149938,41,1,User
1149967,47,0,User
1149989,16,1,User
1149990,60,1,User
1150012,33,0,User
1149944,43,1,User
1150155,66,0,User
1150281,57,0,User
1150306,34,1,User
1150242,71,0,User
1150340,17,1,User
1150314,53,1,User
1150330,12,1,User
1150463,12,0,User
1150361,52,1,User
1150436,12,1,User
1150348,12,0,User
1150524,12,1,User
1150654,74,0,User
1150713,67,0,User
1150745,12,0,User
1150723,14,1,User
1150708,14,1,User
1150590,34,1,User
1150639,59,0,User
1150691,34,1,User
1150860,50,0,User
1150924,12,0,User
1150973,12,1,User
1150960,66,0,User
1150871,12,1,User
1150770,19,1,User
1150901,12,1,User
1151029,34,0,User
1151030,12,1,User
1150948,66,1,User
1151123,14,1,User
1151166,52,1,User
1151209,12,1,User
1151326,12,1,User
1151218,12,1,User
1151393,14,0,User
1151482,64,1,User
1151484,12,1,User
1151510,52,0,User
1151582,12,1,User
1151558,22,0,User
1151591,12,0,User
1151673,66,1,User
1151430,60,1,User
1151706,14,0,User
1151749,59,1,User
1151726,12,0,User
1151700,69,1,User
1151810,62,1,User
1151812,12,1,User
1151787,40,1,User
1151838,47,1,User
1151867,53,0,User
1151957,62,1,User
1152001,17,0,User
1151989,50,0,User
1151994,69,1,User
1152062,48,0,User
1152055,12,0,User
1152065,12,1,User
1152067,29,0,User
1152005,31,1,User
1152104,12,1,User
1152230,12,1,User
1152272,12,1,User
1152194,71,1,User
1152328,47,0,User
1152448,19,0,User
1152542,34,0,User
1152339,22,1,User
1152285,19,1,User
1152606,12,1,User
1152600,12,1,User
1152694,12,0,User
1152612,31,1,User
1152744,19,0,User
1152813,52,1,User
1152825,48,0,User
1152878,29,1,User
1152895,12,1,User
1152795,12,0,User
1153033,12,0,User
1153100,59,0,User
1152990,12,0,User
1153192,14,0,User
1153105,12,0,User
1153222,14,0,User
1153106,60,0,User
1153241,57,0,User
1153308,12,0,User
1153267,12,0,User
1153224,43,1,User
1153394,28,1,User
1153395,62,1,User
1153430,64,0,User
1153489,62,1,User
1153553,71,1,User
1153437,67,1,User
1153581,22,0,User
1153583,41,0,User
1153440,52,1,User
1153530,36,1,User
1153697,12,0,User
1153683,57,0,User
1153656,12,0,User
1153686,64,0,User
1153715,12,0,User
1153702,14,0,User
1153678,67,0,User
1153836,14,1,User
1153852,12,0,User
1153840,12,1,User
1153783,12,1,User
1153872,62,0,User
1153873,12,0,User
1154026,12,0,User
1153798,12,0,User
1153799,60,0,User
1153962,21,0,User
1154023,47,1,User
1154123,12,1,User
1154180,12,0,User
1154267,57,1,User
1154030,26,0,User
1154354,60,1,User
1154510,12,0,User
1154552,12,1,User
1154405,53,0,User
1154406,12,0,User
1154459,60,0,User
1154520,62,1,User
1154613,71,0,User
1154673,12,0,User
1154550,12,1,User
1154593,12,0,User
1154720,12,1,User
1154696,69,0,User
1154669,31,0,User
1154740,14,1,User
1154715,47,1,User
1154635,60,1,User
1154820,12,0,User
1154638,71,0,User
1154871,79,0,User
1154861,12,1,User
1154640,12,0,User
1154922,71,1,User
1154977,12,0,User
1155096,12,1,User
1155138,12,1,User
1155171,17,1,User
1155258,71,1,User
1155240,12,0,User
1155059,45,1,User
1155276,12,0,User
1155347,59,1,User
1155074,12,1,User
1155430,60,0,User
1155526,60,0,User
1155523,53,0,User
1155538,12,0,User
1155580,55,1,User
1155509,12,1,User
1155682,12,1,User
1155639,12,1,User
1155641,14,0,User
1155751,12,0,User
1155724,16,1,User
1155744,12,1,User
1155762,57,1,User
1155817,66,1,User
1155863,24,0,User
1155849,12,1,User
1156056,47,0,User
1156034,50,0,User
1156004,36,1,User
1156105,12,0,User
1156160,69,1,User
1155915,52,1,User
1156190,14,0,User
1156211,55,0,User
1156215,12,0,User
1156145,12,1,User
1156185,14,1,User
1156119,36,0,User
1156283,12,1,User
1156357,45,0,User
1156305,12,1,User
1156516,12,1,User
1156554,43,0,User
1156491,12,1,User
1156484,40,0,User
1156528,62,0,User
1156495,59,1,User
1156449,71,0,User
1156669,67,1,User
1156610,12,1,User
1156739,71,1,User
1156776,12,1,User
1156863,71,1,User
1156765,57,1,User
1156755,67,1,User
1157001,17,0,User
1157048,12,1,User
1156990,67,0,User
1157062,12,0,User
1157133,60,0,User
1157095,57,1,User
1157164,12,1,User
1157150,60,0,User
1157236,14,0,User
1157269,14,0,User
1157284,12,0,User
1157186,52,0,User
1157261,41,1,User
1157318,12,0,User
1157434,45,1,User
1157321,12,0,User
1157396,52,0,User
1157423,45,1,User
1157234,12,0,User
1157612,12,1,User
1157473,48,0,User
1157490,12,0,User
1157649,12,0,User
1157691,12,1,User
1157747,36,0,User
1157725,69,1,User
1157677,45,1,User
1157680,38,1,User
1157823,71,1,User
1157812,12,0,User
1157828,12,0,User
1157914,12,1,User
1158007,55,0,User
1158008,24,0,User
1158011,12,1,User
1158072,55,1,User
1158115,64,0,User
1158211,62,1,User
1158218,33,0,User
1158176,55,1,User
1158229,79,1,User
1158301,67,1,User
1158194,36,0,User
1158246,66,0,User
1158263,64,1,User
1158289,66,0,User
1158363,71,0,User
1158351,12,1,User
1158338,45,0,User
1158342,14,1,User
1158442,36,0,User
1158541,12,0,User
1158310,64,1,User
1158546,48,0,User
1158550,60,1,User
1158538,12,1,User
1158459,12,1,User
1158665,12,0,User
1158679,12,0,User
1158450,12,1,User
1158856,62,0,User
1158794,84,0,User
1158713,55,1,User
1158870,19,1,User
1158939,12,1,User
1159006,12,1,User
1158988,28,0,User
1159112,12,1,User
1159065,12,0,User
1159080,81,1,User
1159108,12,1,User
1159202,47,1,User
1159150,12,0,User
1159196,33,1,User
1159337,66,1,User
1159354,67,1,User
1159399,12,1,User
1159401,29,1,User
1159423,12,1,User
1159424,12,1,User
1159636,12,1,User
1159639,12,1,User
1159604,64,0,User
1159729,12,1,User
1159817,12,0,User
1159789,12,1,User
1159800,36,0,User
1159830,55,0,User
1159915,43,0,User
1160116,19,0,User
1160137,67,0,User
1160100,62,1,User
1160195,41,0,User
1160236,52,1,User
1160251,12,0,User
1160327,60,0,User
1160225,12,0,User
1160257,26,0,User
1160388,36,0,User
1160420,12,1,User
1160440,17,0,User
1160483,12,1,User
1160442,36,0,User
1160601,66,0,User
1160499,12,0,User
1160488,59,0,User
1160627,12,1,User
1160656,12,1,User
1160671,12,0,User
1160658,12,0,User
1160609,12,1,User
1160732,22,0,User
1160815,67,0,User
1160794,45,1,User
1161008,71,0,User
1160924,67,0,User
1161129,34,1,User
1161181,12,0,User
1161175,12,1,User
1161263,53,0,User
1161221,12,0,User
1161377,60,1,User
1161180,72,1,User
1161349,12,0,User
1161409,12,0,User
1161354,66,0,User
1161502,34,1,User
1161516,12,1,User
1161399,33,0,User
1161537,50,0,User
1161387,41,0,User
1161448,12,0,User
1161581,53,0,User
1161742,12,0,User
1161757,60,1,User
1161759,71,0,User
1161775,12,0,User
1161645,52,0,User
1161719,41,0,User
1161851,12,1,User
1161992,57,1,User
1161884,64,1,User
1162006,28,1,User
1161834,62,0,User
1161892,14,1,User
1161909,60,1,User
1162086,12,0,User
1161937,12,0,User
1162073,62,1,User
1162125,12,0,User
1162168,36,0,User
1162195,12,0,User
1162227,59,0,User
1162299,38,0,User
1162215,21,0,User
1162395,12,0,User
1162482,64,1,User
1162530,12,1,User
1162636,62,0,User
1162630,12,0,User
1162438,59,1,User
1162440,22,0,User
1162589,31,0,User
1162704,12,0,User
1162650,60,0,User
1162792,76,1,User
1162863,47,1,User
1162852,62,0,User
1162894,12,1,User
1162869,12,1,User
1162914,53,1,User
1162808,71,1,User
1163048,12,0,User
1162899,12,0,User
1163099,12,0,User
1163196,66,0,User
1163296,16,1,User
1163203,40,1,User
1163271,14,0,User
1163280,50,0,User
1163180,12,1,User
1163347,12,1,User
1163351,12,1,User
1163403,14,0,User
1163380,12,1,User
1163447,45,1,User
1163536,12,1,User
1163437,71,1,User
1163406,12,1,User
1163557,69,1,User
1163518,26,0,User
1163664,64,1,User
1163519,57,1,User
1163414,12,1,User
1163667,41,0,User
1163781,14,1,User
1163698,22,0,User
1163783,12,1,User
1163815,12,0,User
1163787,12,1,User
1163898,59,0,User
1163916,12,0,User
1163945,12,0,User
1163876,12,0,User
1163924,71,0,User
1164011,16,0,User
1164198,67,1,User
1164244,12,0,User
1164042,12,0,User
1164313,24,1,User
1164322,12,1,User
1164254,31,1,User
1164327,14,1,User
1164284,41,1,User
1164366,16,1,User
1164223,69,1,User
1164208,12,1,User
1164224,64,0,User
1164210,12,1,User
1164295,28,0,User
1164444,60,1,User
1164556,71,1,User
1164487,48,0,User
1164559,12,1,User
1164553,12,1,User
1164619,12,0,User
1164624,14,1,User
1164599,64,1,User
1164725,21,1,User
1164804,67,0,User
1164615,64,0,User
1164918,64,0,User
1164836,53,0,User
1164789,12,0,User
1164848,12,1,User
1164851,12,1,User
1165008,34,1,User
1165051,41,1,User
1165012,45,1,User
1165069,69,1,User
1164999,26,1,User
1165015,48,1,User
1165171,14,1,User
1165158,12,0,User
1165161,59,1,User
1165224,12,1,User
1165129,12,1,User
1165196,69,1,User
1165138,36,0,User
1165200,12,1,User
1165185,64,1,User
1165303,62,0,User
1165421,64,1,User
1165324,52,1,User
1165325,12,0,User
1165326,47,0,User
1165624,60,0,User
1165626,16,0,User
1165787,67,1,User
1165687,12,0,User
1165634,14,0,User
1165846,12,0,User
1165840,14,1,User
1165869,12,0,User
1165740,36,1,User
1165942,12,0,User
1165902,71,0,User
1166149,64,1,User
1166034,12,0,User
1166153,12,0,User
1166069,59,1,User
1166268,26,0,User
1166084,45,0,User
1166263,41,1,User
1166401,12,0,User
1166359,57,1,User
1166360,67,0,User
1166461,12,1,User
1166220,12,0,User
1166611,43,1,User
1166578,62,0,User
1166691,69,0,User
1166751,71,1,User
1166847,72,0,User
1166971,36,1,User
1166889,62,1,User
1166989,40,1,User
1166935,62,1,User
1167061,29,1,User
1167007,12,0,User
1167108,16,0,User
1167152,12,0,User
1167168,69,1,User
1167161,14,0,User
1167232,67,1,User
1167287,12,1,User
1167146,40,0,User
1167303,50,0,User
1167193,47,0,User
1167320,48,1,User
1167327,14,1,User
1167312,71,1,User
1167422,71,0,User
1167452,43,1,User
1167454,12,0,User
1167372,12,0,User
1167345,12,0,User
1167486,14,0,User
1167532,12,1,User
1167493,12,1,User
1167678,26,0,User
1167667,12,0,User
1167561,48,1,User
1167753,16,1,User
1167510,12,1,User
1167733,12,1,User
1167734,29,0,User
1167891,74,0,User
1167920,52,0,User
1167885,12,0,User
1167915,71,1,User
1168068,45,0,User
1168107,40,1,User
1168150,38,0,User
1168153,12,0,User
1168277,12,0,User
1168336,14,1,User
1168271,14,1,User
1168383,12,0,User
1168205,72,1,User
1168212,12,0,User
1168507,12,0,User
1168498,47,0,User
1168565,71,1,User
1168527,59,1,User
1168528,12,1,User
1168549,12,1,User
1168436,31,0,User
1168616,48,1,User
1168604,67,0,User
1168440,28,0,User
1168646,12,0,User
1168633,12,0,User
1168635,72,1,User
1168707,22,0,User
1168717,66,1,User
1168718,59,0,User
1168865,67,0,User
1168839,69,1,User
1168738,64,1,User
1168881,21,0,User
1168931,22,1,User
1168987,29,0,User
1169007,24,0,User
1169091,12,0,User
1169118,12,0,User
1169180,48,0,User
1169225,12,0,User
1169268,48,1,User
1169271,64,1,User
1169357,34,0,User
1169336,12,1,User
1169470,12,1,User
1169521,57,1,User
1169509,64,1,User
1169537,60,0,User
1169525,12,1,User
1169527,12,1,User
1169504,60,1,User
1169602,60,0,User
1169573,62,0,User
1169518,31,0,User
1169674,57,0,User
1169563,12,1,User
1169665,12,0,User
1169763,50,0,User
1169695,59,0,User
1169753,12,1,User
1169796,66,1,User
1169768,69,1,User
1169808,31,1,User
1169758,24,1,User
1169786,71,1,User
1169897,31,0,User
1169908,64,0,User
1169961,12,0,User
1170002,48,1,User
1169992,64,0,User
1170051,52,1,User
1169895,28,1,User
1170174,66,1,User
1170111,67,0,User
1170212,12,1,User
1170242,12,1,User
1170195,12,1,User
1170220,29,1,User
1170127,31,1,User
1170378,16,1,User
1170342,14,1,User
1170356,48,1,User
1170233,14,1,User
1170513,47,0,User
1170528,12,0,User
1170529,12,1,User
1170571,59,1,User
1170450,12,0,User
1170455,31,1,User
1170620,60,0,User
1170682,67,1,User
1170751,12,1,User
1170802,12,1,User
1170804,12,1,User
1170719,12,0,User
1170767,12,1,User
1170771,12,1,User
1170772,69,0,User
1170907,86,1,User
1170930,12,1,User
1170951,12,1,User
1171042,67,1,User
1170957,12,1,User
1171099,12,1,User
1170958,64,1,User
1171016,12,1,User
1170865,16,0,User
1171186,60,0,User
1171178,48,0,User
1171155,71,0,User
1171239,52,0,User
1171199,60,0,User
1171242,66,1,User
1171367,36,1,User
1171258,64,1,User
1171319,72,0,User
1171362,64,1,User
1171459,12,1,User
1171393,12,1,User
1171497,12,1,User
1171467,55,0,User
1171551,60,1,User
1171556,38,1,User
1171431,24,1,User
1171607,12,1,User
1171609,62,1,User
1171451,62,1,User
1171682,12,1,User
1171640,12,0,User
1171455,12,1,User
1171646,67,1,User
1171648,40,1,User
1171705,71,0,User
1171633,43,0,User
1171848,12,0,User
1171907,57,0,User
1171873,17,0,User
1171944,12,0,User
1171967,38,0,User
1171781,26,1,User
1171784,69,1,User
1172031,59,1,User
1171857,28,1,User
1172093,50,1,User
1172058,12,0,User
1172144,12,1,User
1172181,71,1,User
1172320,17,0,User
1172404,59,1,User
1172450,71,0,User
1172506,53,0,User
1172466,14,0,User
1172467,12,0,User
1172439,12,0,User
1172503,43,0,User
1172616,29,1,User
1172719,21,1,User
1172766,72,0,User
1172821,66,1,User
1172825,12,1,User
1172896,67,1,User
1172854,59,1,User
1172756,17,0,User
1172942,12,1,User
1172846,69,0,User
1172743,60,1,User
1172847,12,1,User
1172924,48,1,User
1173061,12,1,User
1173047,14,1,User
1173034,12,1,User
1173024,67,1,User
1172862,12,1,User
1173065,71,1,User
1173109,69,1,User
1173068,29,1,User
1172938,26,0,User
1173097,48,0,User
1173184,59,0,User
1173199,34,1,User
1173216,16,0,User
1173249,12,1,User
1173138,12,0,User
1173361,19,1,User
1173376,21,1,User
1173348,45,0,User
1173260,60,1,User
1173423,67,1,User
1173462,64,0,User
1173528,12,0,User
1173529,12,1,User
1173558,60,1,User
1173510,12,1,User
1173631,12,0,User
1173479,62,0,User
1173612,31,0,User
1173709,12,0,User
1173687,55,1,User
1173811,12,1,User
1173801,45,1,User
1173858,71,0,User
1173834,12,1,User
1173839,12,0,User
1173938,34,0,User
1173900,12,1,User
1173948,14,1,User
1173943,24,1,User
1174025,45,0,User
1173986,55,0,User
1174282,41,0,User
1174256,71,1,User
1174357,12,0,User
1174310,12,0,User
1174392,12,1,User
1174430,41,0,User
1174435,53,1,User
1174509,21,1,User
1174455,36,0,User
1174623,29,0,User
1174661,43,0,User
1174692,55,0,User
1174695,38,1,User
1174792,12,0,User
1174793,14,1,User
1174807,62,0,User
1174794,12,1,User
1174877,12,1,User
1174864,28,0,User
1174747,12,0,User
1174858,12,0,User
1174776,12,0,User
1174910,12,0,User
1174916,33,1,User
1174780,55,0,User
1175026,12,0,User
1174947,12,0,User
1175101,62,0,User
1175102,50,1,User
1175077,53,0,User
1175162,14,1,User
1175180,71,1,User
1175095,64,1,User
1175126,52,0,User
1175199,12,0,User
1175300,78,1,User
1175331,12,0,User
1175309,12,0,User
1175337,12,1,User
1175404,59,0,User
1175462,12,0,User
1175450,38,1,User
1175463,12,1,User
1175455,28,1,User
1175444,57,1,User
1175573,12,0,User
1175546,14,0,User
1175589,55,0,User
1175687,12,1,User
1175716,12,0,User
1175690,12,0,User
1175704,12,0,User
1175669,12,0,User
1175793,48,0,User
1175899,71,0,User
1175759,12,0,User
1176046,50,1,User
1176061,12,1,User
1175789,64,1,User
1175790,67,1,User
1176212,12,0,User
1176213,12,1,User
1176187,66,0,User
1176232,59,1,User
1175969,67,1,User
1176180,62,1,User
1176268,17,0,User
1176362,12,0,User
1176410,12,1,User
1176325,12,1,User
1176386,64,1,User
1176430,52,0,User
1176134,12,0,User
1176435,64,1,User
1176603,53,1,User
1176548,12,0,User
1176651,12,1,User
1176680,17,0,User
1176694,71,1,User
1176652,12,0,User
1176726,31,1,User
1176754,12,1,User
1176791,12,0,User
1176933,64,1,User
1176934,21,1,User
1177010,59,1,User
1177044,47,1,User
1177047,71,0,User
1177174,55,1,User
1177182,48,1,User
1177194,14,1,User
1177282,12,0,User
1177270,17,0,User
1177302,12,0,User
1177434,55,0,User
1177519,53,0,User
1177446,12,0,User
1177520,28,0,User
1177547,57,0,User
1177539,14,1,User
1177592,12,1,User
1177562,50,0,User
1177683,60,1,User
1177644,52,0,User
1177619,34,0,User
1177554,36,0,User
1177721,12,0,User
1177906,33,0,User
1177944,59,0,User
1177826,12,1,User
1177920,55,0,User
1177935,71,0,User
1178067,12,1,User
1178077,12,0,User
1178183,52,0,User
1178172,12,1,User
1178270,12,1,User
1178286,12,1,User
1178373,60,1,User
1178314,57,1,User
1178276,12,1,User
1178392,57,1,User
1178411,12,0,User
1178483,14,0,User
1178568,53,1,User
1178578,36,1,User
1178662,12,1,User
1178665,14,1,User
1178825,71,0,User
1178857,12,1,User
1178772,71,1,User
1178879,24,0,User
1179078,60,1,User
1179055,34,1,User
1178921,64,1,User
1179199,38,0,User
1179231,62,0,User
1179208,64,0,User
1179288,14,1,User
1179303,12,1,User
1179334,64,1,User
1179398,12,0,User
1179403,12,1,User
1179511,59,1,User
1179529,14,0,User
1179450,21,0,User
1179389,31,0,User
1179552,26,1,User
1179612,12,0,User
1179773,57,1,User
1179923,12,1,User
1179915,12,0,User
1179955,17,1,User
1179985,12,1,User
1180038,71,1,User
1180070,12,1,User
1180188,12,1,User
1180110,64,0,User
1180250,12,0,User
1180184,12,0,User
1180265,12,0,User
1180352,64,0,User
1180313,14,0,User
1180411,22,1,User
1180372,12,0,User
1180338,12,0,User
1180567,24,0,User
1180478,60,0,User
1180608,12,1,User
1180559,12,1,User
1180614,52,1,User
1180741,12,0,User
1180673,59,0,User
1180604,62,0,User
1180589,14,0,User
1180773,12,1,User
1180811,36,1,User
1180814,47,0,User
1180991,45,1,User
1180798,12,1,User
1181060,66,0,User
1181074,53,0,User
1180887,69,0,User
1181125,50,0,User
1181126,66,1,User
1181053,71,1,User
1181187,55,0,User
1181158,12,1,User
1181100,12,0,User
1181202,14,0,User
1181262,12,1,User
1181371,48,0,User
1181332,72,0,User
1181239,64,0,User
1181232,21,1,User
1181295,12,1,User
1181473,12,1,User
1181408,16,1,User
1181538,67,0,User
1181627,12,1,User
1181656,22,0,User
1181632,12,1,User
1181694,34,1,User
1181731,12,0,User
1181591,67,1,User
1181776,36,0,User
1181723,71,0,User
1181780,36,0,User
1181881,50,0,User
1181896,55,0,User
1181943,12,1,User
1181946,12,0,User
1182040,12,1,User
1181934,12,0,User
1181937,52,0,User
1182068,12,0,User
1182103,12,0,User
1182173,12,1,User
1182087,31,1,User
1181998,48,0,User
1182264,60,0,User
1182305,12,1,User
1182331,12,1,User
1182312,71,1,User
1182402,34,0,User
1182235,53,1,User
1182474,12,1,User
1182529,67,0,User
1182561,62,0,User
1182603,53,1,User
1182599,47,1,User
1182653,12,1,User
1182553,31,0,User
1182684,12,0,User
1182685,12,0,User
1182613,12,1,User
1182584,12,0,User
1182849,12,1,User
1182838,12,1,User
1182764,12,0,User
1182976,12,1,User
1182891,41,0,User
1182977,12,0,User
1183020,36,1,User
1183042,71,1,User
1183044,12,0,User
1183004,16,1,User
1183216,34,0,User
1183094,71,1,User
1183095,26,1,User
1183180,33,1,User
1183170,14,0,User
1183215,55,0,User
1183125,12,0,User
1183110,36,0,User
1183317,12,0,User
1183471,12,0,User
1183593,66,0,User
1183670,59,1,User
1183791,66,0,User
1183740,50,1,User
1183818,12,0,User
1183811,12,0,User
1183523,60,1,User
1183894,12,1,User
1183888,12,0,User
1183952,12,1,User
1184031,12,1,User
1183988,12,0,User
1184136,12,1,User
1183920,12,1,User
1184229,12,1,User
1184079,12,1,User
1184270,12,0,User
1184387,12,1,User
1184388,12,0,User
1184279,12,1,User
1184390,12,1,User
1184506,12,0,User
1184469,12,0,User
1184587,12,0,User
1184644,12,1,User
1184615,64,1,User
1184633,12,0,User
1184352,12,0,User
1184459,12,1,User
1184499,71,1,User
1184791,14,1,User
1184754,47,1,User
1184764,12,0,User
1184766,12,1,User
1184733,33,1,User
1184814,12,1,User
1184787,53,0,User
1184989,12,1,User
1184869,52,0,User
1185020,31,1,User
1184995,12,1,User
1184872,12,1,User
1184966,53,0,User
1185076,12,1,User
1184967,55,1,User
1184879,12,1,User
1185049,28,0,User
1185092,34,1,User
1185054,71,0,User
1185140,71,1,User
1185041,38,1,User
1185090,79,1,User
1185070,12,0,User
1185248,29,1,User
1185249,53,0,User
1185347,62,0,User
1185320,67,1,User
1185345,12,0,User
1185484,29,0,User
1185511,12,0,User
1185419,71,1,User
1185527,64,0,User
1185298,12,0,User
1185300,24,0,User
1185588,14,1,User
1185601,12,1,User
1185539,17,1,User
1185592,12,0,User
1185691,45,1,User
1185831,60,0,User
1185748,60,1,User
1185688,12,1,User
1185889,66,1,User
1185853,45,1,User
1185949,45,0,User
1185964,69,1,User
1185645,12,1,User
1185838,12,1,User
1185764,59,1,User
1186052,71,0,User
1186132,57,0,User
1186011,52,0,User
1186161,12,1,User
1186250,12,1,User
1186218,12,0,User
1186237,12,1,User
1186211,60,1,User
1186314,12,1,User
1186229,59,1,User
1186388,28,1,User
1186390,22,1,User
1186498,12,0,User
1186608,67,0,User
1186582,12,1,User
1186596,40,1,User
1186631,66,0,User
1186528,14,1,User
1186612,29,0,User
1186700,12,1,User
1186759,12,1,User
1186686,12,0,User
1186786,71,0,User
1186831,12,1,User
1186769,12,1,User
1186846,64,1,User
1186710,22,0,User
1186739,45,0,User
1186902,12,0,User
1187090,19,1,User
1186962,41,0,User
1187148,71,1,User
1187179,64,1,User
1187166,14,1,User
1187206,12,0,User
1187218,12,1,User
1187066,12,0,User
1187067,12,1,User
1187258,40,1,User
1187342,64,1,User
1187380,12,1,User
1187421,47,0,User
1187507,12,1,User
1187523,33,1,User
1187513,12,1,User
1187613,12,1,User
1187550,24,1,User
1187640,45,1,User
1187691,14,1,User
1187796,64,0,User
1187684,71,1,User
1187839,12,0,User
1187773,69,1,User
1187900,47,0,User
1187863,71,0,User
1187934,12,1,User
1187998,14,1,User
1187820,12,1,User
1188171,12,0,User
1188142,12,0,User
1188038,57,0,User
1188012,41,1,User
1188118,43,1,User
1188161,69,1,User
1188353,12,1,User
1188279,66,0,User
1188452,55,1,User
1188411,14,1,User
1188402,12,1,User
1188470,12,1,User
1188340,12,1,User
1188691,12,1,User
1188706,12,0,User
1188598,12,1,User
1188774,55,0,User
1188672,12,0,User
1188659,84,1,User
1188825,12,0,User
1188962,12,0,User
1189008,12,1,User
1188983,12,0,User
1188955,55,1,User
1189027,69,1,User
1189114,74,1,User
1189132,34,1,User
1189098,28,1,User
1189101,60,1,User
1189148,12,1,User
1189311,53,1,User
1189239,57,1,User
1189336,14,1,User
1189226,12,1,User
1189285,62,1,User
1189367,28,0,User
1189382,12,0,User
1189397,60,1,User
1189441,64,1,User
1189518,55,1,User
1189538,55,0,User
1189637,62,1,User
1189569,12,1,User
1189625,69,1,User
1189571,12,0,User
1189611,67,1,User
1189641,12,1,User
1189669,14,1,User
1189688,12,0,User
1189620,12,0,User
1189635,62,1,User
1189707,12,0,User
1189768,38,0,User
1189836,47,0,User
1189784,59,0,User
1189882,66,1,User
1189795,14,0,User
1189858,69,0,User
1189845,52,0,User
1189954,66,1,User
1189665,12,1,User
1189870,62,0,User
1189933,55,1,User
1190191,69,0,User
1190266,24,0,User
1190125,16,0,User
1190210,48,1,User
1190158,79,0,User
1190171,59,1,User
1190258,67,1,User
1190341,28,0,User
1190262,22,1,User
1190358,12,1,User
1190277,12,1,User
1190393,64,1,User
1190377,50,0,User
1190511,50,0,User
1190497,12,1,User
1190475,48,1,User
1190500,12,1,User
1190632,12,0,User
1190428,14,0,User
1190672,47,1,User
1190545,12,1,User
1190546,71,1,User
1190747,55,1,User
1190814,12,0,User
1190963,16,1,User
1190950,17,0,User
1191047,12,0,User
1191124,71,1,User
1191126,40,0,User
1191226,26,1,User
1191185,62,1,User
1191087,12,0,User
1191174,12,0,User
1191246,12,1,User
1191238,14,1,User
1191191,36,0,User
1191358,24,1,User
1191068,12,1,User
1191370,59,1,User
1191386,12,0,User
1191484,71,0,User
1191444,12,0,User
1191445,12,1,User
1191587,53,1,User
1191505,50,1,User
1191548,40,1,User
1191632,12,0,User
1191479,17,1,User
1191594,62,1,User
1191480,14,1,User
1191661,12,1,User
1191677,12,0,User
1191554,12,0,User
1191692,12,1,User
1191639,12,0,User
1191767,66,0,User
1191700,19,0,User
1191775,12,0,User
1191844,55,1,User
1191951,59,0,User
1191936,33,0,User
1191825,12,1,User
1191884,71,1,User
1191911,12,0,User
1192113,71,0,User
1192119,12,1,User
1192161,12,1,User
1192138,38,1,User
1192265,43,0,User
1192183,48,1,User
1192295,29,0,User
1192322,50,1,User
1192224,60,0,User
1192259,62,1,User
1192050,12,0,User
1192409,12,1,User
1192583,12,1,User
1192624,12,0,User
1192627,36,1,User
1192619,40,1,User
1192688,12,1,User
1192661,12,0,User
1192706,12,0,User
1192802,12,0,User
1192804,12,0,User
1192943,14,0,User
1192784,12,1,User
1192902,24,0,User
1193034,12,0,User
1193037,45,1,User
1193124,62,0,User
1193068,34,0,User
1193298,34,1,User
1193359,47,1,User
1193377,67,1,User
1193419,41,1,User
1193114,12,1,User
1193626,12,0,User
1193660,12,0,User
1193602,66,1,User
1193647,72,1,User
1193622,55,1,User
1193687,12,0,User
1193624,12,0,User
1193653,64,1,User
1193638,29,0,User
1193683,12,1,User
1193763,34,0,User
1193841,69,1,User
1193742,52,0,User
1193773,16,1,User
1193755,12,1,User
1193959,12,1,User
1193937,50,0,User
1194082,50,0,User
1193925,66,1,User
1194229,12,0,User
1194241,28,1,User
1194262,12,0,User
1194115,67,1,User
1194293,72,0,User
1194320,66,1,User
1194250,12,0,User
1194251,12,1,User
1194454,71,1,User
1194388,33,0,User
1194446,33,1,User
1194402,12,0,User
1194632,12,1,User
1194548,12,0,User
1194592,19,1,User
1194664,12,1,User
1194776,69,0,User
1194860,28,0,User
1194747,12,1,User
1194863,71,1,User
1194780,60,0,User
1194820,62,1,User
1194851,41,0,User
1194823,57,1,User
1194964,12,1,User
1194940,12,1,User
1195000,50,1,User
1195016,50,1,User
1195118,53,0,User
1195204,62,0,User
1195192,12,0,User
1195108,28,1,User
1195252,47,1,User
1195196,62,1,User
1195227,41,0,User
1195309,28,1,User
1195369,50,1,User
1195406,71,1,User
1195375,12,0,User
1195487,22,1,User
1195378,59,0,User
1195230,64,1,User
1195423,47,1,User
1195455,12,1,User
1195523,12,1,User
1195553,62,0,User
1195683,12,1,User
1195684,48,1,User
1195570,12,1,User
1195699,12,1,User
1195515,67,0,User
1195791,12,0,User
1195776,52,0,User
1195797,45,1,User
1195881,12,1,User
1195955,12,1,User
1195929,28,1,User
1195975,12,1,User
1196014,12,1,User
1195979,28,1,User
1196002,19,1,User
1195830,12,1,User
1196193,12,1,User
1196206,34,1,User
1196152,72,1,User
1196182,12,1,User
1196228,12,0,User
1196300,12,0,User
1196349,34,1,User
1196273,12,1,User
1196318,24,1,User
1196364,71,1,User
1196484,12,0,User
1196606,47,1,User
1196591,34,1,User
1196661,48,1,User
1196694,59,1,User
1196638,12,1,User
1196705,12,1,User
1196790,59,0,User
1196817,45,1,User
1196856,12,0,User
1196820,12,1,User
1196918,12,1,User
1196963,12,0,User
1196987,71,1,User
1197032,12,1,User
1196924,64,0,User
1196895,12,1,User
1197037,60,1,User
1197042,12,1,User
1197045,12,1,User
1196999,26,0,User
1197089,69,0,User
1197096,38,1,User
1197153,36,1,User
1197143,24,0,User
1197243,12,0,User
1197207,12,1,User
1197274,41,0,User
1197222,22,1,User
1197235,71,0,User
1197342,12,0,User
1197285,12,1,User
1197482,62,0,User
1197485,12,1,User
1197330,12,0,User
1197506,12,0,User
1197464,50,1,User
1197591,62,1,User
1197647,28,1,User
1197633,12,1,User
1197782,24,0,User
1197731,74,0,User
1197761,67,0,User
1197858,14,0,User
1197888,69,0,User
1197892,12,1,User
1197788,12,0,User
1197912,60,0,User
1198059,64,1,User
1198065,17,0,User
1197879,12,0,User
1198186,12,0,User
1198095,12,0,User
1198161,38,1,User
1197955,57,1,User
1198135,52,1,User
1198136,16,0,User
1198250,12,1,User
1198292,16,1,User
1198167,62,0,User
1198299,12,1,User
1198314,12,1,User
1198382,12,1,User
1198373,12,0,User
1198457,12,1,User
1198332,22,0,User
1198386,53,0,User
1198404,67,0,User
1198408,14,1,User
1198464,12,0,User
1198422,12,1,User
1198365,12,1,User
1198561,12,1,User
1198563,57,1,User
1198622,12,1,User
1198523,45,1,User
1198654,12,0,User
1198616,59,1,User
1198618,45,0,User
1198496,33,0,User
1198801,33,1,User
1198691,12,1,User
1198868,53,1,User
1198860,26,1,User
1199014,12,0,User
1199091,12,1,User
1199268,33,1,User
1199171,34,0,User
1199270,28,1,User
1199272,12,1,User
1199069,26,1,User
1199187,66,1,User
1199070,50,1,User
1199315,50,0,User
1199265,26,1,User
1199339,12,0,User
1199416,12,0,User
1199446,12,0,User
1199528,12,1,User
1199647,12,0,User
1199635,12,1,User
1199608,12,1,User
1199675,40,0,User
1199719,12,1,User
1199782,12,0,User
1199769,14,1,User
1199851,50,0,User
1199811,28,0,User
1199927,14,1,User
1199873,67,0,User
1199831,62,0,User
1199931,12,1,User
1199819,48,0,User
1199973,45,1,User
1199992,12,1,User
1200100,45,0,User
1200067,64,1,User
1199998,12,0,User
1200052,12,1,User
1200042,16,1,User
1200169,12,1,User
1199978,12,0,User
1200170,12,0,User
1200171,12,0,User
1200124,60,0,User
1200175,17,1,User
1200233,26,1,User
1200208,12,0,User
1200334,64,0,User
1200325,12,1,User
1200249,12,0,User
1200453,69,0,User
1200411,60,1,User
1200329,40,1,User
1200431,14,1,User
1200496,12,0,User
1200542,71,0,User
1200563,16,1,User
1200602,12,0,User
1200460,12,1,User
1200651,12,0,User
1200637,12,1,User
1200639,48,1,User
1200682,12,1,User
1200656,47,1,User
1200703,28,0,User
1200770,12,1,User
1200771,12,1,User
1200827,67,1,User
1200877,17,1,User
1200809,71,1,User
1200868,59,0,User
1201051,16,1,User
1200996,12,0,User
1201068,12,0,User
1200987,34,0,User
1201088,12,0,User
1201145,71,0,User
1201183,28,0,User
1201295,67,1,User
1201385,12,1,User
1201401,12,1,User
1201441,50,0,User
1201471,52,1,User
1201404,62,1,User
1201429,12,0,User
1201405,12,1,User
1201488,12,0,User
1201517,71,0,User
1201434,26,0,User
1201521,59,0,User
1201554,31,0,User
1201483,53,1,User
1201540,69,0,User
1201652,36,0,User
1201598,31,1,User
1201616,12,0,User
1201704,12,0,User
1201816,59,0,User
1201772,74,1,User
1201794,62,1,User
1201815,12,1,User
1201853,12,1,User
1201855,12,1,User
1201921,66,1,User
1201869,12,0,User
1201958,12,1,User
1201993,71,0,User
1201888,67,1,User
1201889,45,0,User
1202147,12,0,User
1202107,34,1,User
1202148,60,0,User
1202069,19,1,User
1202237,31,0,User
1202213,21,0,User
1202329,24,1,User
1202372,12,1,User
1202261,12,0,User
1202416,12,1,User
1202354,57,0,User
1202506,12,0,User
1202498,19,1,User
1202558,60,1,User
1202636,62,0,User
1202704,12,0,User
1202706,12,0,User
1202712,12,0,User
1202715,57,1,User
1202742,57,0,User
1202837,71,1,User
1202845,12,0,User
1202775,12,1,User
1202700,69,1,User
1202879,12,0,User
1203016,12,0,User
1203033,21,1,User
1202923,16,1,User
1202940,41,1,User
1203066,16,1,User
1203080,36,0,User
1203211,12,1,User
1203198,12,1,User
1203075,53,0,User
1203244,12,0,User
1203259,53,0,User
1203097,47,0,User
1203304,45,0,User
1203277,19,1,User
1203099,12,0,User
1203292,12,0,User
1203279,31,1,User
1203283,16,1,User
1203100,66,0,User
1203351,12,1,User
1203246,55,1,User
1203270,64,1,User
1203207,62,1,User
1203248,12,0,User
1203105,12,1,User
1203209,12,1,User
1203437,12,1,User
1203255,12,1,User
1203461,71,1,User
1203589,22,1,User
1203574,72,1,User
1203594,66,1,User
1203432,59,1,User
1203598,12,1,User
1203632,12,1,User
1203676,28,0,User
1203520,67,0,User
1203549,12,0,User
1203524,66,0,User
1203655,48,0,User
1203640,71,1,User
1203812,43,0,User
1203802,74,1,User
1203816,16,1,User
1203858,12,1,User
1203804,12,0,User
1203848,12,0,User
1203924,71,0,User
1203934,12,1,User
1203979,78,0,User
1203855,12,1,User
1203837,12,0,User
1204055,67,1,User
1204142,12,0,User
1204160,24,1,User
1204133,57,1,User
1204135,45,0,User
1204150,12,0,User
1204204,41,1,User
1204192,48,0,User
1204138,12,0,User
1204220,53,1,User
1204235,64,1,User
1204280,40,0,User
1204214,12,1,User
1204312,12,0,User
1204328,14,1,User
1204319,12,0,User
1204419,71,0,User
1204365,12,1,User
1204454,59,1,User
1204607,43,0,User
1204541,17,0,User
1204543,14,1,User
1204507,12,1,User
1204508,12,1,User
1204625,12,0,User
1204395,12,1,User
1204469,69,1,User
1204711,52,1,User
1204760,55,1,User
1204640,69,1,User
1204907,66,0,User
1204923,12,1,User
1204926,71,1,User
1204928,62,1,User
1204769,48,0,User
1204874,72,1,User
1204933,12,0,User
1205087,66,0,User
1204961,59,1,User
1205193,41,0,User
1205194,66,0,User
1205208,66,1,User
1205182,43,0,User
1205268,21,1,User
1205243,69,1,User
1205328,64,0,User
1205348,14,1,User
1205303,29,0,User
1205374,14,0,User
1205425,12,1,User
1205509,34,0,User
1205430,64,1,User
1205465,66,0,User
1205601,40,1,User
1205602,29,0,User
1205590,14,0,User
1205626,33,0,User
1205701,69,1,User
1205703,29,0,User
1205766,19,1,User
1205780,71,1,User
1205829,12,1,User
1205527,12,0,User
1205916,12,0,User
1205987,12,1,User
1205868,52,0,User
1205892,12,1,User
1206091,12,1,User
1206109,12,1,User
1205878,57,1,User
1206078,40,1,User
1206132,12,1,User
1206215,64,1,User
1206221,62,1,User
1206290,12,1,User
1206184,64,0,User
1206223,66,1,User
1206335,67,1,User
1206406,60,0,User
1206505,67,1,User
1206556,22,0,User
1206342,12,0,User
1206550,36,1,User
1206534,69,1,User
1206649,14,1,User
1206706,12,1,User
1206627,53,1,User
1206797,64,1,User
1206769,12,0,User
1206710,12,0,User
1206748,64,0,User
1206859,45,1,User
1206820,69,1,User
1206902,71,1,User
1206823,71,1,User
1206847,12,1,User
1206848,12,0,User
1206905,28,1,User
1206921,34,0,User
1207036,53,0,User
1207053,60,1,User
1207020,66,1,User
1207086,12,0,User
1207187,24,0,User
1207093,12,0,User
1207191,60,0,User
1207124,67,1,User
1207265,71,0,User
1207184,12,0,User
1207309,12,1,User
1207254,52,1,User
1207313,67,0,User
1207080,12,0,User
1207290,12,1,User
1207456,12,0,User
1207460,12,1,User
1207413,43,1,User
1207226,12,0,User
1207434,12,0,User
1207502,52,0,User
1207492,12,0,User
1207440,71,0,User
1207652,12,1,User
1207450,45,0,User
1207468,14,1,User
1207674,36,0,User
1207676,64,0,User
1207789,53,0,User
1207776,12,1,User
1207665,45,1,User
1207746,12,0,User
1207807,12,0,User
1207861,47,0,User
1207619,66,0,User
1207853,66,1,User
1207912,12,1,User
1207885,34,1,User
1207944,12,0,User
1207915,12,1,User
1207900,47,1,User
1207986,28,1,User
1208002,14,1,User
1208086,72,0,User
1208103,28,0,User
1208166,38,0,User
1208252,69,0,User
1208222,67,1,User
1208298,48,0,User
1208178,12,1,User
1208277,12,0,User
1208330,12,0,User
1208431,64,1,User
1208376,12,1,User
1208392,21,1,User
1208405,60,0,User
1208364,64,1,User
1208393,53,1,User
1208449,24,1,User
1208551,12,1,User
1208468,19,1,User
1208483,52,0,User
1208485,12,1,User
1208458,12,0,User
1208676,45,1,User
1208635,34,1,User
1208748,26,1,User
1208655,12,0,User
1208668,66,1,User
1208793,66,1,User
1208866,12,1,User
1208811,53,1,User
1208839,52,1,User
1208926,64,1,User
1208915,12,1,User
1208991,52,1,User
1208950,17,0,User
1208907,24,1,User
1208918,50,0,User
1209148,71,0,User
1209256,69,1,User
1209095,64,1,User
1209346,24,1,User
1209130,12,1,User
1209296,17,1,User
1209280,12,1,User
1209379,59,1,User
1209393,71,1,User
1209390,12,0,User
1209542,53,1,User
1209543,21,0,User
1209516,31,0,User
1209603,12,0,User
1209618,57,0,User
1209559,12,0,User
1209565,24,1,User
1209640,36,1,User
1209492,38,1,User
1209753,12,0,User
1209796,12,0,User
1209872,12,0,User
1209782,26,1,User
1209917,12,0,User
1209714,33,1,User
1209879,14,1,User
1209899,12,1,User
1209991,57,1,User
1209915,12,1,User
1209971,47,0,User
1210070,71,1,User
1210114,12,0,User
1210048,52,1,User
1210031,21,1,User
1209989,12,0,User
1210125,12,0,User
1210220,12,1,User
1210223,12,0,User
1210265,66,1,User
1210228,67,1,User
1210384,71,1,User
1210357,64,1,User
1210399,64,0,User
1210449,64,1,User
1210607,71,1,User
1210610,66,1,User
1210636,12,0,User
1210658,45,0,User
1210629,12,0,User
1210617,53,0,User
1210554,12,0,User
1210499,12,1,User
1210647,69,1,User
1210648,48,0,User
1210691,12,1,User
1210817,57,0,User
1210831,57,0,User
1210907,12,1,User
1210784,12,1,User
1210998,69,1,User
1211012,59,1,User
1211071,60,1,User
1211064,12,1,User
1211077,12,0,User
1210970,59,0,User
1211196,12,0,User
1211212,12,1,User
1211229,12,0,User
1211127,69,0,User
1211304,52,1,User
1211129,12,1,User
1211373,52,0,User
1211184,36,1,User
1211418,33,0,User
1211270,50,0,User
1211275,29,1,User
1211364,67,1,User
1211465,57,0,User
1211598,50,1,User
1211600,12,1,User
1211497,12,1,User
1211485,52,0,User
1211488,12,0,User
1211749,45,1,User
1211534,12,0,User
1211707,59,0,User
1211873,71,1,User
1211843,34,0,User
1211989,12,1,User
1211912,41,0,User
1211980,12,1,User
1212062,64,0,User
1212063,12,1,User
1211918,12,0,User
1212071,36,1,User
1212108,12,0,User
1212097,12,1,User
1212114,14,0,User
1212177,12,0,User
1212350,12,1,User
1212263,60,0,User
1212255,12,0,User
1212368,12,1,User
1212325,62,0,User
1212466,12,1,User
1212452,12,0,User
1212345,71,0,User
1212523,47,1,User
1212476,52,0,User
1212559,66,0,User
1212479,64,0,User
1212563,12,1,User
1212619,43,1,User
1212620,64,1,User
1212665,33,0,User
1212736,12,1,User
1212859,12,1,User
1212904,69,1,User
1212934,24,0,User
1212948,12,1,User
1212891,62,0,User
1212964,64,1,User
1213052,12,0,User
1213083,47,0,User
1213039,12,1,User
1212974,34,1,User
1213115,47,0,User
1213073,12,1,User
1213075,59,0,User
1213132,12,0,User
1213156,12,1,User
1213136,45,0,User
1213014,62,1,User
1213079,12,1,User
1213211,12,1,User
1213272,29,1,User
1213398,12,1,User
1213409,40,0,User
1213508,12,0,User
1213522,28,1,User
1213509,12,1,User
1213608,55,0,User
1213643,60,1,User
1213620,59,0,User
1213689,72,0,User
1213742,12,0,User
1213719,12,1,User
1213816,50,0,User
1213851,12,1,User
1213605,26,1,User
1213877,67,0,User
1213800,12,0,User
1213906,12,1,User
1213968,26,1,User
1214008,45,0,User
1214048,12,0,User
1214032,59,0,User
1214223,12,0,User
1214076,12,0,User
1214166,12,1,User
1214085,59,1,User
1214198,12,1,User
1214263,59,0,User
1214310,12,0,User
1214339,71,0,User
1214320,45,0,User
1214552,62,0,User
1214626,62,1,User
1214584,16,0,User
1214517,72,1,User
1214590,12,0,User
1214690,31,1,User
1214637,12,0,User
1214603,67,1,User
1214564,67,1,User
1214752,52,0,User
1214683,71,0,User
1214809,41,0,User
1214755,57,0,User
1214831,12,1,User
1214914,28,1,User
1214815,12,1,User
1214941,57,1,User
1214922,71,1,User
1214959,64,1,User
1215030,60,0,User
1215087,12,0,User
1214999,12,1,User
1215000,52,1,User
1215100,12,1,User
1215157,12,1,User
1215060,12,0,User
1215120,12,1,User
1215160,12,1,User
1215147,59,1,User
1215128,71,1,User
1215221,12,0,User
1215288,12,1,User
1215364,14,0,User
1215351,12,1,User
1215400,36,0,User
1215453,33,1,User
1215511,69,1,User
1215485,47,1,User
1215503,14,1,User
1215604,53,1,User
1215569,52,1,User
1215652,62,1,User
1215598,47,0,User
1215546,12,1,User
1215734,12,1,User
1215873,12,1,User
1215820,40,0,User
1215864,12,0,User
1215848,14,0,User
1215951,12,1,User
1215750,12,1,User
1215959,12,1,User
1215943,31,1,User
1216049,12,1,User
1216237,69,1,User
1216282,28,0,User
1216296,12,0,User
1216260,33,0,User
1216273,71,1,User
1216124,12,1,User
1216458,12,1,User
1216471,57,1,User
1216448,53,0,User
1216505,12,0,User
1216522,62,1,User
1216591,12,1,User
1216528,40,0,User
1216624,71,0,User
1216597,71,0,User
1216684,67,0,User
1216602,12,0,User
1216876,12,1,User
1216812,31,1,User
1216708,62,0,User
1216996,28,1,User
1216882,12,0,User
1216972,59,1,User
1217061,12,1,User
1217101,12,1,User
1217049,69,1,User
1217076,71,0,User
1217148,72,1,User
1217036,59,1,User
1217211,71,1,User
1217252,60,1,User
1217257,12,1,User
1217315,60,1,User
1217361,12,0,User
1217387,66,0,User
1217335,12,1,User
1217402,12,1,User
1217351,12,0,User
1217537,48,0,User
1217325,64,0,User
1217596,12,0,User
1217457,19,1,User
1217589,29,0,User
1217602,14,1,User
1217649,19,0,User
1217709,57,1,User
1217711,12,1,User
1217714,33,0,User
1217772,12,1,User
1217729,16,0,User
1217857,12,0,User
1217830,12,0,User
1217928,12,1,User
1217878,12,1,User
1218047,28,1,User
1218081,66,0,User
1218154,12,0,User
1218233,12,0,User
1218209,12,1,User
1218346,43,0,User
1218118,66,1,User
1218277,12,1,User
1218265,12,0,User
1218329,12,1,User
1218399,12,0,User
1218560,59,0,User
1218531,12,0,User
1218533,71,0,User
1218494,55,0,User
1218678,26,1,User
1218555,21,0,User
1218709,26,0,User
1218669,12,0,User
1218856,66,1,User
1218729,12,1,User
1218777,12,1,User
1218917,12,0,User
1218866,48,0,User
1218757,59,0,User
1218966,50,0,User
1218980,71,0,User
1218996,62,1,User
1218854,12,0,User
1218882,34,1,User
1219033,12,1,User
1219148,12,0,User
1219292,12,0,User
1219123,71,1,User
1219282,55,1,User
1219269,71,0,User
1219243,67,1,User
1219340,57,1,User
1219389,21,0,User
1219489,12,1,User
1219531,40,1,User
1219522,12,1,User
1219607,55,1,User
1219653,57,1,User
1219627,12,1,User
1219718,22,0,User
1219708,17,1,User
1219574,12,1,User
1219786,71,0,User
1219775,12,1,User
1219847,12,1,User
1219776,12,1,User
1219876,12,0,User
1219866,29,0,User
1219952,47,1,User
1219800,12,1,User
1219931,31,1,User
1219960,12,0,User
1219997,55,0,User
1219982,12,0,User
1219975,71,1,User
1220031,12,0,User
1220019,26,0,User
1220050,60,1,User
1220009,69,1,User
1220053,29,0,User
1219995,55,1,User
1220180,12,1,User
1220163,36,1,User
1220252,22,0,User
1220241,17,0,User
1220199,66,1,User
1220216,21,0,User
1220374,12,1,User
1220418,12,0,User
1220434,67,0,User
1220336,12,1,User
1220461,47,1,User
1220435,26,0,User
1220450,40,0,User
1220309,64,0,User
1220489,12,1,User
1220470,66,0,User
1220573,64,0,User
1220545,48,0,User
1220620,12,1,User
1220703,12,1,User
1220766,12,0,User
1220550,12,0,User
1220739,12,0,User
1220760,12,1,User
1220814,12,0,User
1220729,69,1,User
1220903,12,1,User
1220975,26,1,User
1221020,12,1,User
1221049,45,0,User
1221106,12,1,User
1221058,12,1,User
1221073,12,1,User
1221012,52,0,User
1221177,12,1,User
1221218,45,1,User
1221268,12,0,User
1221356,47,0,User
1221413,12,1,User
1221468,12,1,User
1221474,71,1,User
1221520,29,1,User
1221563,41,0,User
1221507,57,0,User
1221648,53,0,User
1221692,47,1,User
1221593,67,0,User
1221714,36,0,User
1221755,12,1,User
1221790,71,0,User
1221818,12,0,User
1221921,66,1,User
1221881,12,1,User
1221967,12,1,User
1221910,12,1,User
1221999,12,0,User
1222066,41,1,User
1222026,52,0,User
1222040,71,0,User
1222075,12,1,User
1221989,69,1,User
1222218,40,0,User
1222351,12,1,User
1222396,12,1,User
1222457,14,0,User
1222363,14,1,User
1222434,12,0,User
1222469,67,1,User
1222581,12,1,User
1222499,55,0,User
1222394,47,1,User
1222699,57,1,User
1222677,59,1,User
1222775,12,1,User
1222573,12,1,User
1222777,45,0,User
1222647,47,1,User
1222425,40,0,User
1222851,12,1,User
1222679,40,1,User
1222720,12,1,User
1222853,12,1,User
1222789,12,0,User
1222892,34,1,User
1222977,12,1,User
1223020,12,1,User
1223117,12,0,User
1223068,29,1,User
1223163,12,1,User
1223153,34,1,User
1223155,57,0,User
1223181,12,1,User
1222934,12,1,User
1223254,12,0,User
1223327,12,1,User
1223315,71,1,User
1223234,12,1,User
1223352,62,1,User
1223338,71,1,User
1223368,12,0,User
1223462,45,0,User
1223421,69,1,User
1223384,83,1,User
1223455,12,0,User
1223472,52,1,User
1223560,14,1,User
1223747,12,1,User
1223806,12,1,User
1223678,50,1,User
1223741,81,0,User
1223792,53,1,User
1223700,12,0,User
1223684,12,1,User
1223873,38,0,User
1223957,12,1,User
1223876,12,1,User
1223865,12,1,User
1223996,12,1,User
1224048,12,1,User
1224049,12,1,User
1224093,12,0,User
1224025,12,1,User
1224169,12,0,User
1224015,12,0,User
1224183,12,0,User
1224211,41,1,User
1224144,12,1,User
1224146,53,0,User
1224164,22,0,User
1224210,40,1,User
1224317,40,1,User
1224179,83,0,User
1224318,12,1,User
1224293,14,1,User
1224225,45,0,User
1224365,12,1,User
1224323,12,1,User
1224372,12,1,User
1224342,14,0,User
1224044,12,1,User
1224439,41,1,User
1224472,14,0,User
1224440,53,1,User
1224508,64,0,User
1224641,12,0,User
1224684,71,1,User
1224752,12,0,User
1224790,24,1,User
1224763,50,1,User
1224675,57,0,User
1224976,50,0,User
1224972,36,0,User
1225186,53,0,User
1225092,60,0,User
1225219,12,0,User
1224929,12,0,User
1225122,69,1,User
1225137,55,1,User
1225248,64,0,User
1225211,12,0,User
1225412,26,1,User
1225430,12,0,User
1225468,62,0,User
1225513,12,1,User
1225483,12,0,User
1225684,33,1,User
1225583,12,0,User
1225718,24,1,User
1225848,50,1,User
1225951,12,0,User
1225945,12,0,User
1226034,12,0,User
1225782,69,1,User
1226045,12,0,User
1226009,17,1,User
1226149,22,1,User
1226136,12,0,User
1226206,12,1,User
1226196,45,0,User
1226207,12,0,User
1226154,47,1,User
1226229,12,0,User
1226300,41,0,User
1226291,38,1,User
1226377,12,1,User
1226387,12,0,User
1226492,12,0,User
1226438,12,0,User
1226496,55,0,User
1226440,22,1,User
1226566,12,0,User
1226556,12,0,User
1226430,38,0,User
1226645,12,1,User
1226514,36,1,User
1226806,52,1,User
1226784,14,0,User
1226881,55,1,User
1226888,12,1,User
1226848,40,0,User
1226912,48,0,User
1226816,69,1,User
1227011,12,1,User
1226997,57,0,User
1227067,12,0,User
1227099,12,1,User
1227085,12,1,User
1227147,60,0,User
1227089,69,1,User
1227103,12,0,User
1227214,12,1,User
1227173,17,0,User
1227189,47,1,User
1227274,12,1,User
1227163,57,1,User
1227334,12,0,User
1227421,50,1,User
1227436,24,1,User
1227395,55,1,User
1227497,41,1,User
1227293,72,1,User
1227443,12,1,User
1227430,12,1,User
1227542,59,0,User
1227495,12,1,User
1227590,12,0,User
1227543,29,1,User
1227550,62,0,User
1227641,62,0,User
1227615,14,0,User
1227715,55,0,User
1227752,12,0,User
1227769,60,1,User
1227817,12,0,User
1227904,40,1,User
1227934,67,1,User
1227854,74,0,User
1228009,12,0,User
1227996,12,0,User
1228025,14,0,User
1228040,12,1,User
1228004,12,1,User
1228130,41,1,User
1228115,33,0,User
1228235,17,1,User
1228319,12,0,User
1228213,12,0,User
1228182,16,0,User
1228348,22,0,User
1228449,33,0,User
1228539,53,0,User
1228581,64,1,User
1228544,12,0,User
1228636,36,1,User
1228651,45,0,User
1228639,36,0,User
1228750,38,0,User
1228879,12,1,User
1228909,55,0,User
1229012,12,0,User
1228961,74,1,User
1229077,12,1,User
1229093,62,1,User
1229001,62,0,User
1229052,17,0,User
1229070,60,0,User
1229136,48,1,User
1229128,33,0,User
1229157,12,0,User
1229342,29,1,User
1229211,71,0,User
1229235,12,0,User
1229449,12,0,User
1229543,62,1,User
1229486,12,0,User
1229440,12,1,User
1229501,16,0,User
1229547,12,1,User
1229573,48,0,User
1229441,12,0,User
1229686,12,0,User
1229675,72,1,User
1229691,52,0,User
1229651,12,0,User
1229810,14,1,User
1229795,12,1,User
1229816,12,1,User
1229788,72,1,User
1229920,45,1,User
1230007,53,0,User
1229863,12,1,User
1230022,71,0,User
1230012,40,1,User
1230000,12,1,User
1230174,69,1,User
1230071,22,0,User
1230157,48,0,User
1230075,12,1,User
1230385,71,1,User
1230371,55,0,User
1230481,55,1,User
1230469,12,1,User
1230418,12,0,User
1230419,69,0,User
1230449,12,1,User
1230465,60,1,User
1230561,71,1,User
1230618,12,1,User
1230678,64,1,User
1230707,69,0,User
1230596,26,1,User
1230600,60,0,User
1230764,12,1,User
1230888,12,1,User
1230918,36,1,User
1230855,38,0,User
1230978,60,1,User
1230882,12,0,User
1231061,12,1,User
1231176,12,1,User
1231248,12,1,User
1231191,60,0,User
1231208,12,1,User
1231254,66,1,User
1231181,12,0,User
1231398,59,1,User
1231154,12,0,User
1231335,12,0,User
1231457,12,1,User
1231501,40,0,User
1231460,66,0,User
1231535,29,1,User
1231561,36,1,User
1231347,12,0,User
1231556,26,0,User
1231606,72,1,User
1231608,16,1,User
1231509,12,1,User
1231639,12,1,User
1231713,12,1,User
1231741,69,1,User
1231756,12,1,User
1231730,12,1,User
1231705,57,1,User
1231525,12,0,User
1231454,14,1,User
1231807,14,0,User
1231738,59,0,User
1231739,12,0,User
1231880,55,1,User
1231856,62,1,User
1231830,12,0,User
1232012,12,1,User
1231930,12,1,User
1231985,66,1,User
1231949,12,1,User
1232078,34,0,User
1232181,67,0,User
1232255,12,1,User
1232241,29,0,User
1232264,64,1,User
1232247,66,0,User
1232248,67,0,User
1232171,53,0,User
1232399,12,0,User
1232496,12,0,User
1232354,34,0,User
1232355,45,1,User
1232613,66,1,User
1232615,12,1,User
1232526,55,1,User
1232682,40,1,User
1232884,59,0,User
1232846,57,1,User
1232888,12,1,User
1232649,12,1,User
1232651,31,0,User
1232905,66,0,User
1232986,31,0,User
1232948,45,0,User
1233049,12,1,User
1233083,12,1,User
1233138,12,1,User
1233098,64,1,User
1233059,40,0,User
1233129,16,0,User
1233120,72,1,User
1233273,48,0,User
1233317,64,0,User
1233194,12,1,User
1233282,29,0,User
1233357,69,0,User
1233451,53,1,User
1233419,12,0,User
1233251,60,1,User
1233493,47,1,User
1233426,12,1,User
1233444,57,1,User
1233446,17,1,User
1233505,12,0,User
1233508,71,0,User
1233622,66,0,User
1233636,12,1,User
1233554,72,0,User
1233722,57,0,User
1233766,12,0,User
1233741,29,1,User
1233743,12,1,User
1233849,41,0,User
1233822,38,1,User
1233961,12,1,User
1233977,71,0,User
1233967,12,1,User
1234058,12,1,User
1234062,12,0,User
1234064,31,1,User
1234165,69,0,User
1234246,60,0,User
1234278,12,1,User
1234212,12,0,User
1234268,47,0,User
1234456,52,0,User
1234430,12,0,User
1234417,12,1,User
1234377,12,0,User
1234420,12,1,User
1234548,12,0,User
1234527,12,0,User
1234655,43,0,User
1234453,67,0,User
1234688,66,1,User
1234787,60,0,User
1234749,12,1,User
1234867,12,0,User
1234838,12,1,User
1234876,62,1,User
1234951,57,0,User
1234718,12,0,User
1234926,69,0,User
1234719,12,1,User
1234942,69,1,User
1235073,33,1,User
1235059,12,1,User
1234994,12,1,User
1235178,12,0,User
1235207,12,1,User
1235156,57,0,User
1235259,12,1,User
1235353,64,0,User
1235354,12,0,User
1235424,24,0,User
1235482,71,1,User
1235626,12,1,User
1235642,12,0,User
1235644,16,0,User
1235503,48,1,User
1235564,12,1,User
1235701,71,0,User
1235718,69,0,User
1235550,12,1,User
1235776,43,1,User
1235695,12,0,User
1235791,12,1,User
1235781,12,0,User
1235796,41,0,User
1235396,28,0,User
1235845,40,0,User
1235942,36,0,User
1235935,60,0,User
1235994,14,0,User
1236031,12,0,User
1235997,12,1,User
1235998,14,0,User
1236097,12,1,User
1236015,12,1,User
1236133,62,0,User
1236090,12,0,User
1236272,22,1,User
1236243,71,0,User
1236292,69,0,User
1236248,12,0,User
1236293,60,1,User
1236239,71,1,User
1236376,57,0,User
1236192,59,0,User
1236285,12,1,User
1236339,12,1,User
1236394,74,0,User
1236374,53,0,User
1236383,14,0,User
1236375,12,0,User
1236438,12,1,User
1236328,28,1,User
1236484,79,0,User
1236490,17,1,User
1236579,12,1,User
1236604,53,0,User
1236655,66,0,User
1236641,12,0,User
1236728,36,0,User
1236887,67,0,User
1236804,12,0,User
1237010,22,0,User
1237023,26,1,User
1237156,12,1,User
1237092,12,0,User
1237093,66,1,User
1237016,67,1,User
1237122,12,1,User
1237193,62,1,User
1237107,12,1,User
1237336,19,1,User
1237344,28,1,User
1237332,55,0,User
1237403,12,1,User
1237392,62,0,User
1237394,12,1,User
1237466,12,1,User
1237408,12,1,User
1237380,52,1,User
1237520,14,0,User
1237607,12,0,User
1237504,12,1,User
1237527,12,1,User
1237449,67,1,User
1237508,12,0,User
1237601,12,1,User
1237727,12,0,User
1237712,41,1,User
1237589,72,0,User
1237590,45,0,User
1237810,64,1,User
1237895,29,0,User
1237784,62,0,User
1237899,60,1,User
1238029,12,1,User
1238018,12,1,User
1237989,12,1,User
1238103,69,1,User
1238147,22,1,User
1238121,67,1,User
1238238,29,1,User
1238138,59,0,User
1238296,64,1,User
1238284,12,1,User
1238201,12,1,User
1238100,12,1,User
1238261,12,0,User
1238288,38,1,User
1238416,12,0,User
1238405,12,0,User
1238395,17,0,User
1238568,16,1,User
1238460,12,1,User
1238445,71,1,User
1238600,16,0,User
1238420,45,0,User
1238623,14,1,User
1238731,12,0,User
1238683,12,0,User
1238779,47,1,User
1238768,12,1,User
1238653,53,1,User
1238824,12,1,User
1238797,38,0,User
1238745,12,0,User
1238854,50,1,User
1238842,14,1,User
1238640,57,1,User
1238859,43,1,User
1238944,60,0,User
1239010,12,1,User
1239137,43,0,User
1239030,43,1,User
1239241,57,1,User
1239175,12,0,User
1239206,31,1,User
1239041,12,0,User
1239101,12,0,User
1239104,50,1,User
1239333,34,1,User
1239314,12,1,User
1239254,12,0,User
1239345,53,1,User
1239456,36,0,User
1239383,52,1,User
1239430,12,0,User
1239547,28,1,User
1239592,12,0,User
1239597,12,1,User
1239751,64,0,User
1239762,62,0,User
1239622,33,1,User
1239814,66,0,User
1239845,14,1,User
1239874,12,0,User
1239911,12,0,User
1239840,53,0,User
1240143,12,1,User
1240116,12,1,User
1240109,14,0,User
1240219,12,1,User
1240250,12,0,User
1240210,47,0,User
1240281,33,0,User
1240177,12,1,User
1240242,40,1,User
1240285,12,0,User
1240400,28,1,User
1240390,14,0,User
1240473,19,1,User
1240375,66,1,User
1240363,34,0,User
1240462,12,0,User
1240452,12,1,User
1240593,62,0,User
1240545,72,1,User
1240599,12,1,User
1240626,12,0,User
1240503,12,0,User
1240673,52,1,User
1240816,62,0,User
1240721,57,0,User
1240512,12,1,User
1240770,14,1,User
1240822,79,0,User
1240895,12,1,User
1240837,17,0,User
1240902,71,1,User
1240882,31,1,User
1240934,64,0,User
1241075,53,0,User
1240963,12,1,User
1241148,12,1,User
1241109,12,1,User
1241153,12,1,User
1241154,12,1,User
1241067,52,0,User
1241268,69,1,User
1241297,12,0,User
1241246,64,1,User
1241218,12,1,User
1241335,12,1,User
1241367,34,0,User
1241468,19,1,User
1241560,31,1,User
1241629,12,1,User
1241673,12,1,User
1241674,12,1,User
1241675,12,0,User
1241659,12,1,User
1241707,12,0,User
1241618,12,1,User
1241837,67,0,User
1241772,41,0,User
1241914,16,0,User
1241712,29,1,User
1241916,64,0,User
1242005,12,0,User
1241730,62,0,User
1241945,12,1,User
1242092,12,1,User
1241906,12,0,User
1242137,53,0,User
1242058,38,1,User
1242170,36,0,User
1242186,28,0,User
1242160,45,1,User
1242187,14,1,User
1242287,71,0,User
1242351,74,0,User
1242391,62,0,User
1242381,64,0,User
1242179,64,1,User
1242397,60,0,User
1242386,12,1,User
1242453,67,0,User
1242469,74,0,User
1242440,12,0,User
1242602,12,1,User
1242565,33,1,User
1242633,36,0,User
1242510,64,0,User
1242570,12,1,User
1242710,67,0,User
1242630,12,0,User
1242665,47,0,User
1242666,57,0,User
1242668,60,0,User
1242746,12,0,User
1242798,12,1,User
1242799,24,1,User
1242673,22,1,User
1242763,12,0,User
1242809,50,1,User
1242858,29,1,User
1242819,52,1,User
1242894,12,0,User
1242895,47,0,User
1242821,12,0,User
1242912,60,1,User
1242861,12,0,User
1243082,12,0,User
1243115,12,0,User
1243130,12,1,User
1243239,12,1,User
1243240,66,0,User
1243158,12,0,User
1243063,12,0,User
1243284,12,1,User
1243312,12,0,User
1243314,16,1,User
1243347,12,1,User
1243489,59,0,User
1243320,12,1,User
1243484,31,0,User
1243558,12,0,User
1243671,12,0,User
1243702,48,1,User
1243764,33,1,User
1243720,64,0,User
1243749,71,0,User
1243751,12,0,User
1243819,12,0,User
1243691,71,0,User
1243872,72,1,User
1243842,53,0,User
1243902,12,1,User
1244001,66,0,User
1244124,64,1,User
1244095,71,0,User
1244110,12,1,User
1244136,12,1,User
1244181,71,1,User
1244313,14,0,User
1244348,28,0,User
1244322,40,0,User
1244469,53,1,User
1244571,12,0,User
1244616,62,0,User
1244657,43,0,User
1244591,38,0,User
1244605,12,1,User
1244511,59,0,User
1244620,66,0,User
1244702,12,1,User
1244716,12,0,User
1244474,12,0,User
1244533,12,1,User
1244821,53,0,User
1244683,21,0,User
1244810,12,1,User
1244800,12,1,User
1244842,14,1,User
1244727,67,0,User
1245063,12,1,User
1245078,12,0,User
1244760,48,1,User
1245162,67,0,User
1245071,22,1,User
1245177,12,1,User
1245059,12,0,User
1245281,71,1,User
1245298,12,0,User
1245204,14,1,User
1245209,38,1,User
1245551,69,0,User
1245619,12,1,User
1245609,12,1,User
1245568,40,1,User
1245684,12,1,User
1245651,12,1,User
1245667,12,1,User
1245690,12,1,User
1245727,33,1,User
1245883,12,1,User
1245981,66,0,User
1245900,59,1,User
1245734,60,1,User
1246111,12,0,User
1246172,71,1,User
1246032,12,0,User
1246216,12,1,User
1246125,40,1,User
1246178,12,1,User
1246297,57,1,User
1246354,67,1,User
1246355,12,0,User
1246505,12,1,User
1246453,12,1,User
1246393,16,1,User
1246463,12,1,User
1246572,47,1,User
1246666,12,0,User
1246600,26,1,User
1246655,38,1,User
1246742,12,1,User
1246743,12,0,User
1246614,47,1,User
1246804,12,1,User
1246834,12,1,User
1246810,55,0,User
1246884,33,0,User
1246720,12,1,User
1246763,48,1,User
1246969,12,1,User
1247029,12,0,User
1246956,66,0,User
1247050,12,0,User
1247067,40,0,User
1247209,34,0,User
1247225,50,1,User
1247008,52,0,User
1247111,12,1,User
1247243,69,1,User
1247311,12,1,User
1247433,53,1,User
1247307,71,1,User
1247277,12,0,User
1247336,12,0,User
1247444,12,1,User
1247469,12,0,User
1247527,59,1,User
1247558,12,1,User
1247323,12,0,User
1247614,67,0,User
1247547,24,1,User
1247764,12,1,User
1247738,59,0,User
1247609,14,1,User
1247753,22,1,User
1247713,36,0,User
1247798,12,1,User
1247843,21,1,User
1247679,14,1,User
1247927,12,0,User
1247682,12,1,User
1247900,12,0,User
1247772,22,1,User
1247944,50,0,User
1247970,24,0,User
1248000,53,1,User
1248152,14,0,User
1248057,12,0,User
1248124,12,1,User
1248396,28,1,User
1248397,43,1,User
1248240,12,0,User
1248483,67,0,User
1248416,53,0,User
1248420,12,0,User
1248329,12,0,User
1248522,29,1,User
1248549,12,0,User
1248579,12,0,User
1248692,45,1,User
1248614,64,0,User
1248726,59,1,User
1248784,12,1,User
1248803,12,1,User
1248951,62,0,User
1248977,12,1,User
1248864,40,1,User
1249009,12,0,User
1248956,14,0,User
1248998,12,0,User
1249051,12,1,User
1249013,33,0,User
1248883,12,0,User
1249153,66,1,User
1249050,67,1,User
1249222,12,0,User
1249181,43,0,User
1249074,38,0,User
1249212,60,1,User
1249386,36,0,User
1249404,67,1,User
1249464,38,0,User
1249435,74,1,User
1249514,66,1,User
1249554,62,0,User
1249712,12,0,User
1249644,12,1,User
1249631,16,1,User
1249746,52,1,User
1249721,12,0,User
1249722,66,0,User
1249734,41,1,User
1249575,71,0,User
1249777,12,1,User
1249853,47,0,User
1249750,47,1,User
1249762,12,1,User
1249932,71,1,User
1250041,12,0,User
1250018,52,0,User
1249843,22,1,User
1250105,21,0,User
1250161,62,1,User
1250187,41,1,User
1250145,12,1,User
1250222,12,0,User
1250270,43,1,User
1250328,57,1,User
1250277,26,0,User
1250408,12,0,User
1250169,12,1,User
1250367,12,0,User
1250577,12,1,User
1250661,12,0,User
1250694,43,0,User
1250761,66,0,User
1250765,41,1,User
1250727,12,0,User
1250758,12,0,User
1250816,12,1,User
1250893,52,0,User
1250843,12,0,User
1250861,67,0,User
1250947,40,0,User
1251065,52,1,User
1251123,69,0,User
1251184,40,0,User
1251038,29,0,User
1251083,45,0,User
1251135,12,1,User
1251234,66,1,User
1251287,66,0,User
1251177,67,0,User
1251248,43,0,User
1251238,72,0,User
1251249,12,0,User
1251251,57,0,User
1251370,53,1,User
1251398,12,1,User
1251375,12,1,User
1251531,64,0,User
1251532,12,0,User
1251480,71,1,User
1251572,12,0,User
1251558,71,0,User
1251575,26,0,User
1251354,12,1,User
1251525,12,1,User
1251596,12,0,User
1251739,69,1,User
1251582,53,1,User
1251640,43,0,User
1251761,48,0,User
1251680,71,0,User
1251694,34,0,User
1251798,12,1,User
1251802,12,1,User
1251808,12,0,User
1251690,12,1,User
1251918,52,0,User
1251961,12,0,User
1251963,12,1,User
1251905,12,0,User
1251994,40,1,User
1251911,12,1,User
1252012,12,1,User
1252081,12,0,User
1251973,12,0,User
1252075,12,0,User
1252027,50,1,User
1252086,12,0,User
1252264,71,0,User
1252280,12,1,User
1252180,12,1,User
1252400,12,0,User
1252331,55,0,User
1252592,12,0,User
1252606,12,0,User
1252513,60,0,User
1252671,71,1,User
1252756,12,0,User
1252700,12,1,User
1252864,59,1,User
1252829,66,0,User
1252850,12,0,User
1252921,34,0,User
1252781,62,1,User
1252997,62,1,User
1252947,60,0,User
1252961,12,0,User
1253027,17,0,User
1252926,66,0,User
1253018,12,1,User
1253045,41,0,User
1252930,47,0,User
1253025,31,0,User
1253149,33,0,User
1253151,59,1,User
1253213,12,0,User
1253198,22,0,User
1253142,12,1,User
1253078,12,0,User
1253095,64,0,User
1253114,12,1,User
1253296,50,1,User
1253344,66,0,User
1253375,59,0,User
1253416,16,0,User
1253355,12,0,User
1253269,12,1,User
1253497,12,1,User
1253536,12,1,User
1253440,12,0,User
1253584,69,0,User
1253571,60,0,User
1253490,16,0,User
1253766,12,0,User
1253807,38,1,User
1253781,67,1,User
1253743,36,0,User
1253694,12,1,User
1253664,12,0,User
1253843,22,1,User
1253860,69,0,User
1253920,66,0,User
1254069,17,0,User
1254049,12,0,User
1253983,66,0,User
1253999,29,1,User
1254075,12,1,User
1254041,12,0,User
1254151,12,1,User
1254139,67,0,User
1254013,64,0,User
1254029,48,1,User
1254143,14,1,User
1253932,40,1,User
1254134,59,1,User
1254226,12,1,User
1254171,12,0,User
1254256,12,0,User
1254236,12,0,User
1254298,12,1,User
1254324,33,1,User
1254282,71,1,User
1254360,28,1,User
1254475,12,0,User
1254461,64,1,User
1254427,29,1,User
1254504,66,0,User
1254465,12,0,User
1254616,71,1,User
1254546,12,0,User
1254576,36,0,User
1254578,22,0,User
1254536,12,0,User
1254523,12,1,User
1254643,47,1,User
1254828,67,1,User
1254876,12,1,User
1254884,12,1,User
1254917,17,0,User
1254780,12,0,User
1254750,12,1,User
1255005,71,0,User
1255022,64,0,User
1255097,12,1,User
1255047,19,0,User
1255113,57,1,User
1255115,12,0,User
1255031,45,0,User
1255171,16,1,User
1255014,38,0,User
1255174,55,0,User
1255163,50,0,User
1255165,12,1,User
1255222,47,0,User
1255267,64,0,User
1255237,12,0,User
1255309,12,0,User
1255339,66,1,User
1255356,12,0,User
1255297,50,1,User
1255314,34,1,User
1255450,16,1,User
1255502,12,1,User
1255409,36,1,User
1255491,12,0,User
1255551,48,1,User
1255496,69,0,User
1255317,14,1,User
1255481,12,0,User
1255500,55,0,User
1255681,14,1,User
1255645,12,1,User
1255648,12,1,User
1255677,12,1,User
1255619,12,1,User
1255764,12,0,User
1255863,71,0,User
1255880,12,1,User
1255664,43,1,User
1255972,12,0,User
1255984,67,0,User
1255985,12,1,User
1255978,12,1,User
1255807,60,1,User
1256014,12,1,User
1256005,12,0,User
1255874,38,1,User
1255935,26,1,User
1256193,12,1,User
1256183,12,1,User
1256109,12,1,User
1256159,12,1,User
1256268,14,0,User
1256282,66,0,User
1256100,60,0,User
1256332,45,0,User
1256336,12,0,User
1256417,62,0,User
1256407,12,1,User
1256526,12,1,User
1256515,12,1,User
1256581,12,0,User
1256596,12,1,User
1256586,12,1,User
1256554,34,1,User
1256603,12,1,User
1256580,67,0,User
1256629,12,0,User
1256615,66,1,User
1256443,26,1,User
1256679,12,1,User
1256655,62,0,User
1256778,12,0,User
1256757,12,1,User
1256867,71,1,User
1256898,72,0,User
1256927,12,1,User
1256965,12,1,User
1257069,12,1,User
1257107,12,1,User
1256906,12,1,User
1256936,12,0,User
1257049,12,0,User
1257146,12,0,User
1257059,55,0,User
1257250,12,1,User
1257240,34,1,User
1257377,45,0,User
1257296,12,1,User
1257399,40,1,User
1257401,12,1,User
1257411,14,1,User
1257416,12,1,User
1257531,29,1,User
1257521,12,1,User
1257435,12,1,User
1257465,12,0,User
1257539,12,1,User
1257488,36,1,User
1257699,21,0,User
1257493,12,1,User
1257797,33,1,User
1257806,52,0,User
1257778,66,0,User
1257916,12,0,User
1257865,47,1,User
1257877,41,1,User
1257984,12,1,User
1257985,12,1,User
1258084,59,0,User
1258028,12,0,User
1258058,14,1,User
1258076,22,0,User
1258158,33,1,User
1258192,14,0,User
1258208,12,0,User
1258196,12,1,User
1258129,12,1,User
1258397,12,1,User
1258348,12,1,User
1258426,12,1,User
1258230,12,1,User
1258413,12,1,User
1258448,12,0,User
1258523,12,1,User
1258588,12,1,User
1258608,12,1,User
1258463,12,1,User
1258651,12,0,User
1258666,12,0,User
1258628,64,1,User
1258601,12,0,User
1258684,53,0,User
1258728,12,1,User
1258604,12,1,User
1258715,12,1,User
1258634,48,0,User
1258834,36,1,User
1258766,71,1,User
1258807,12,1,User
1258680,62,0,User
1258792,62,0,User
1258822,67,1,User
1258942,57,1,User
1258798,12,0,User
1258923,12,1,User
1259018,12,1,User
1259048,14,1,User
1259061,67,0,User
1258904,12,1,User
1258843,64,0,User
1259165,14,1,User
1259104,12,1,User
1259236,22,1,User
1259263,69,0,User
1259284,34,1,User
1259323,43,0,User
1259449,57,0,User
1259408,12,1,User
1259451,12,1,User
1259481,16,1,User
1259368,17,1,User
1259491,14,0,User
1259581,12,0,User
1259511,12,1,User
1259544,64,1,User
1259465,12,1,User
1259535,67,1,User
1259578,12,1,User
1259469,12,1,User
1259601,52,1,User
1259638,66,0,User
1259717,55,1,User
1259616,12,1,User
1259782,64,0,User
1259758,38,0,User
1259832,12,1,User
1259915,62,1,User
1259937,12,1,User
1259892,12,1,User
1259858,69,0,User
1259805,33,1,User
1260105,41,1,User
1260158,12,1,User
1260011,12,1,User
1260212,71,0,User
1260013,12,1,User
1260148,66,0,User
1260119,12,0,User
1260369,12,1,User
1260408,12,1,User
1260385,71,1,User
1260483,12,1,User
1260326,64,1,User
1260400,66,1,User
1260328,45,0,User
1260389,64,1,User
1260424,14,0,User
1260592,59,0,User
1260570,53,1,User
1260725,64,1,User
1260727,64,0,User
1260733,57,0,User
1260773,33,1,User
1260803,12,1,User
1260713,72,0,User
1260940,22,1,User
1260912,53,0,User
1260888,64,1,User
1261084,29,1,User
1261041,31,1,User
1261093,66,1,User
1261246,40,0,User
1261276,12,0,User
1261296,12,1,User
1261228,34,0,User
1261386,36,0,User
1261393,16,0,User
1261476,12,1,User
1261496,12,0,User
1261511,12,0,User
1261500,12,1,User
1261610,12,1,User
1261646,55,0,User
1261659,59,1,User
1261552,14,1,User
1261775,12,0,User
1261729,66,0,User
1261740,69,0,User
1261909,12,0,User
1261812,12,0,User
1261997,52,0,User
1261814,12,1,User
1262036,12,1,User
1262101,12,0,User
1262185,12,0,User
1262143,12,1,User
1262473,12,1,User
1262735,12,1,User
1262791,48,1,User
1262779,12,0,User
1262711,53,0,User
1262632,55,0,User
1262814,14,1,User
1262815,12,0,User
1262851,12,0,User
1262830,52,0,User
1262914,67,1,User
1263064,12,0,User
1263030,55,1,User
1263185,22,1,User
1263191,64,0,User
1263259,55,0,User
1263288,12,0,User
1263333,57,0,User
1263304,12,1,User
1263275,22,0,User
1263338,12,0,User
1263386,12,1,User
1263423,12,1,User
1263373,12,1,User
1263424,14,0,User
1263164,12,0,User
1263411,12,1,User
1263270,12,0,User
1263487,57,1,User
1263515,22,0,User
1263504,40,0,User
1263607,55,0,User
1263473,69,1,User
1263655,53,1,User
1263660,12,0,User
1263766,47,0,User
1263710,69,0,User
1263688,12,1,User
1263742,12,1,User
1263694,62,1,User
1263750,12,1,User
1264037,50,1,User
1264086,12,0,User
1264089,41,0,User
1264005,14,1,User
1264099,12,0,User
1264306,47,1,User
1264163,28,1,User
1264121,53,1,User
1264238,43,1,User
1264280,48,0,User
1264267,17,1,User
1264343,12,0,User
1264473,45,1,User
1264446,12,1,User
1264519,55,0,User
1264440,57,0,User
1264377,12,1,User
1264614,57,1,User
1264601,71,1,User
1264676,55,0,User
1264749,12,0,User
1264806,12,0,User
1264832,12,0,User
1264843,45,0,User
1264908,38,1,User
1264982,12,1,User
1264969,71,1,User
1264998,12,1,User
1264927,69,0,User
1264932,71,1,User
1265105,12,1,User
1265122,12,1,User
1265036,55,0,User
1265181,38,0,User
1265188,12,0,User
1265229,59,1,User
1265299,67,1,User
1265361,12,0,User
1265418,66,0,User
1265353,33,1,User
1265423,12,1,User
1265568,12,1,User
1265556,12,0,User
1265577,67,0,User
1265633,36,0,User
1265459,53,1,User
1265648,72,1,User
1265702,14,1,User
1265638,38,1,User
1265703,12,1,User
1265678,60,1,User
1265762,12,0,User
1265769,12,1,User
1265836,12,0,User
1265745,69,1,User
1265828,59,0,User
1265684,12,1,User
1265833,12,0,User
1265935,12,0,User
1266019,12,1,User
1265964,12,1,User
1265954,19,0,User
1266029,17,1,User
1266182,69,0,User
1266058,52,0,User
1266148,19,0,User
1266207,12,1,User
1266318,47,0,User
1266323,12,0,User
1266267,28,0,User
1266367,29,1,User
1266354,12,0,User
1266313,60,1,User
1266424,12,1,User
1266457,12,0,User
1266527,12,1,User
1266591,12,1,User
1266565,12,1,User
1266402,71,0,User
1266443,12,1,User
1266449,12,1,User
1266500,50,1,User
1266621,53,1,User
1266506,22,0,User
1266600,12,1,User
1266752,12,0,User
1266781,28,0,User
1266717,12,1,User
1266789,48,1,User
1266793,52,0,User
1266871,64,1,User
1266777,12,0,User
1266745,12,0,User
1266763,12,1,User
1266918,12,1,User
1266933,12,0,User
1266908,12,1,User
1266883,76,1,User
1266897,21,1,User
1266979,12,1,User
1266943,12,0,User
1266972,26,0,User
1266863,12,0,User
1267033,12,1,User
1267105,45,0,User
1267189,12,0,User
1267249,38,0,User
1267147,62,1,User
1267303,12,0,User
1267471,38,1,User
1267537,52,0,User
1267592,12,1,User
1267573,66,1,User
1267545,12,1,User
1267639,36,1,User
1267394,17,0,User
1267672,12,0,User
1267673,47,1,User
1267743,14,0,User
1267759,12,0,User
1267690,14,1,User
1267631,22,0,User
1267827,12,0,User
1267910,21,0,User
1267911,12,1,User
1267929,12,1,User
1267767,12,1,User
1268162,14,0,User
1268223,12,1,User
1268251,12,1,User
1268198,12,0,User
1268128,12,1,User
1268247,57,0,User
1268262,12,0,User
1268405,12,0,User
1268322,12,0,User
1268418,38,0,User
1268379,52,0,User
1268465,22,1,User
1268508,19,1,User
1268428,29,1,User
1268388,12,1,User
1268527,48,1,User
1268556,12,0,User
1268459,12,1,User
1268671,14,1,User
1268660,12,1,User
1268688,14,1,User
1268690,12,0,User
1268637,12,0,User
1268808,57,1,User
1268836,12,1,User
1268789,33,1,User
1268941,14,0,User
1268818,64,1,User
1268875,43,0,User
1268905,12,1,User
1269064,12,0,User
1269082,12,1,User
1269152,14,0,User
1269086,53,1,User
1269103,12,0,User
1269089,71,0,User
1269243,12,1,User
1269244,12,1,User
1269302,12,1,User
1269423,12,1,User
1269312,52,0,User
1269403,12,1,User
1269419,12,0,User
1269431,43,0,User
1269464,52,0,User
1269518,50,1,User
1269681,50,0,User
1269706,67,1,User
1269682,12,1,User
1269707,45,0,User
1269552,12,0,User
1269640,53,1,User
1269673,71,0,User
1269739,34,1,User
1269702,62,1,User
1269747,67,1,User
1269832,12,0,User
1269859,12,0,User
1269927,62,1,User
1269774,12,0,User
1269943,59,0,User
1270024,72,1,User
1270069,12,0,User
1270131,69,0,User
1270151,52,0,User
1270013,43,0,User
1270179,66,0,User
1270139,34,0,User
1270254,12,1,User
1270255,12,0,User
1270239,12,0,User
1270257,12,0,User
1270398,26,0,User
1270508,53,0,User
1270510,12,0,User
1270560,12,1,User
1270601,38,0,User
1270670,12,1,User
1270658,12,0,User
1270678,40,1,User
1270832,12,0,User
1270847,21,1,User
1270891,16,1,User
1270897,12,1,User
1270918,12,0,User
1271031,66,0,User
1270900,45,1,User
1270797,53,0,User
1271116,62,1,User
1271133,12,1,User
1271025,12,0,User
1271098,55,0,User
1271297,12,1,User
1271080,40,0,User
1271275,53,1,User
1271254,12,1,User
1271417,22,1,User
1271339,60,0,User
1271141,24,0,User
1271462,12,1,User
1271263,66,1,User
1271525,69,1,User
1271540,31,1,User
1271488,12,1,User
1271630,41,0,User
1271505,12,1,User
1271671,12,1,User
1271680,12,1,User
1271697,12,0,User
1271706,12,1,User
1271781,12,1,User
1271730,53,1,User
1271699,16,1,User
1271751,14,1,User
1271881,29,1,User
1271754,12,1,User
1271941,22,0,User
1271943,12,1,User
1271956,34,1,User
1271949,14,1,User
1272016,12,1,User
1272023,12,1,User
1272076,12,0,User
1271790,69,0,User
1272152,12,0,User
1271999,12,0,User
1271845,71,0,User
1272167,40,0,User
1271850,64,1,User
1272188,12,0,User
1272259,12,1,User
1272425,12,0,User
1272390,12,0,User
1272209,71,0,User
1272473,12,0,User
1272488,36,0,User
1272345,12,0,User
1272593,12,0,User
1272584,69,1,User
1272543,24,1,User
1272594,12,1,User
1272329,64,0,User
1272596,59,1,User
1272738,12,0,User
1272555,38,0,User
1272689,12,1,User
1272786,12,0,User
1272843,12,1,User
1272828,12,1,User
1272844,69,0,User
1272699,12,1,User
1272820,12,0,User
1272822,17,1,User
1272924,17,0,User
1272967,12,1,User
1272853,12,1,User
1273047,12,0,User
1273234,12,1,User
1273277,12,0,User
1273254,71,0,User
1273342,52,0,User
1273312,57,0,User
1273456,71,0,User
1273476,19,1,User
1273480,69,0,User
1273547,19,1,User
1273594,12,1,User
1273598,69,0,User
1273669,12,1,User
1273584,60,1,User
1273736,12,1,User
1273782,12,0,User
1273813,12,1,User
1273852,57,1,User
1273863,71,1,User
1273926,71,1,User
1273911,12,0,User
1273867,12,1,User
1274034,48,1,User
1274132,62,1,User
1274099,38,0,User
1273965,55,0,User
1274256,12,0,User
1274189,12,1,User
1274217,26,0,User
1274053,24,1,User
1274444,66,1,User
1274525,64,0,User
1274596,14,1,User
1274382,12,0,User
1274339,12,1,User
1274616,12,1,User
1274657,40,1,User
1274546,12,1,User
1274645,12,0,User
1274600,29,0,User
1274549,59,0,User
1274693,12,1,User
1274809,60,1,User
1274770,12,1,User
1274729,59,0,User
1274802,12,1,User
1274950,64,1,User
1274922,55,1,User
1275093,24,1,User
1275106,17,1,User
1274863,12,1,User
1275110,12,1,User
1274865,17,1,User
1274871,45,0,User
1275153,12,0,User
1275169,59,0,User
1275196,12,1,User
1275229,74,0,User
1275272,55,0,User
1275259,69,0,User
1275200,36,1,User
1275347,72,1,User
1275284,12,1,User
1275250,12,1,User
1275396,48,0,User
1275448,12,1,User
1275535,71,0,User
1275607,12,1,User
1275539,29,1,User
1275676,71,1,User
1275695,12,0,User
1275671,47,0,User
1275782,64,1,User
1275761,12,1,User
1275644,57,0,User
1275918,12,0,User
1275780,36,1,User
1275882,57,0,User
1275885,40,1,User
1276008,40,0,User
1276236,21,1,User
1276323,12,1,User
1276298,67,1,User
1276229,12,0,User
1276329,67,1,User
1276383,60,1,User
1276200,12,0,User
1276447,34,0,User
1276406,55,1,User
1276464,12,0,User
1276564,16,1,User
1276607,12,1,User
1276487,34,0,User
1276570,55,0,User
1276489,31,0,User
1276758,12,1,User
1276731,12,0,User
1276803,69,0,User
1276722,60,0,User
1276821,17,0,User
1276938,71,0,User
1276870,14,0,User
1276779,12,0,User
1277026,31,1,User
1277089,67,1,User
1277164,12,0,User
1277153,60,1,User
1277199,66,1,User
1277311,12,1,User
1277307,59,1,User
1277262,12,1,User
1277502,12,0,User
1277552,12,0,User
1277558,40,1,User
1277585,71,1,User
1277676,60,0,User
1277749,40,0,User
1277777,33,1,User
1277735,45,0,User
1277713,12,0,User
1277818,12,0,User
1277723,33,0,User
1277887,40,1,User
1277956,12,1,User
1277876,57,0,User
1277961,12,0,User
1277947,52,1,User
1277935,52,0,User
1277992,24,0,User
1277994,12,1,User
1278018,60,0,User
1278082,67,0,User
1278096,12,1,User
1278043,69,0,User
1278115,69,1,User
1278166,40,0,User
1278173,12,1,User
1278133,12,0,User
1278135,12,1,User
1278060,17,0,User
1278248,16,1,User
1278145,12,0,User
1278309,66,0,User
1278147,36,1,User
1278344,12,1,User
1278349,12,1,User
1278440,14,0,User
1278445,36,0,User
1278408,62,1,User
1278484,12,1,User
1278428,12,0,User
1278389,71,1,User
1278529,48,0,User
1278577,67,1,User
1278537,24,0,User
1278594,12,1,User
1278622,12,1,User
1278554,55,1,User
1278582,50,1,User
1278584,38,0,User
1278518,62,1,User
1278669,14,1,User
1278671,52,1,User
1278775,12,1,User
1278748,12,0,User
1278958,14,1,User
1279010,12,0,User
1279055,31,0,User
1279034,12,0,User
1279141,12,0,User
1278909,12,0,User
1279004,14,1,User
1279156,14,1,User
1279174,57,1,User
1279188,12,1,User
1279309,22,1,User
1279120,57,1,User
1279370,12,0,User
1279378,55,0,User
1279260,16,0,User
1279441,29,0,User
1279290,12,0,User
1279435,78,1,User
1279449,12,1,User
1279091,67,0,User
1279388,33,1,User
1279514,53,0,User
1279625,12,0,User
1279496,12,0,User
1279727,12,0,User
1279774,64,0,User
1279820,12,0,User
1279821,16,0,User
1279837,12,1,User
1279798,53,1,User
1279908,55,0,User
1279663,12,1,User
1279813,62,0,User
1280028,55,1,User
1279883,12,1,User
1279945,29,1,User
1280093,12,0,User
1280094,53,1,User
1280099,12,1,User
1280038,12,0,User
1279993,52,0,User
1280282,14,0,User
1280431,62,0,User
1280260,71,1,User
1280380,12,1,User
1280357,12,1,User
1280360,26,0,User
1280468,12,0,User
1280483,47,1,User
1280445,12,1,User
1280628,12,0,User
1280612,12,1,User
1280546,12,1,User
1280560,48,0,User
1280717,12,1,User
1280621,34,1,User
1280719,14,1,User
1280763,12,1,User
1280799,14,1,User
1280513,12,0,User
1280737,29,1,User
1280867,33,0,User
1280831,47,1,User
1280901,22,1,User
1280817,48,1,User
1281067,52,1,User
1281014,14,1,User
1281108,12,0,User
1281098,38,1,User
1281212,59,0,User
1281229,60,0,User
1281120,12,1,User
1281252,12,1,User
1281280,64,0,User
1281281,41,1,User
1281233,12,1,User
1281386,17,0,User
1281450,55,0,User
1281457,43,1,User
1281548,79,0,User
1281549,41,0,User
1281611,12,1,User
1281635,59,1,User
1281510,12,1,User
1281678,12,1,User
1281770,12,0,User
1281829,59,1,User
1281732,17,0,User
1281904,57,0,User
1281881,34,1,User
1281949,12,1,User
1281809,12,0,User
1281956,43,0,User
1282027,71,0,User
1282044,12,0,User
1282142,45,0,User
1282204,71,0,User
1282250,33,0,User
1282135,12,0,User
1282295,71,0,User
1282299,69,0,User
1282312,31,0,User
1282374,60,0,User
1282490,59,0,User
1282451,47,0,User
1282464,33,0,User
1282289,38,1,User
1282549,14,1,User
1282644,52,1,User
1282604,12,0,User
1282729,12,0,User
1282704,21,1,User
1282670,14,1,User
1282775,33,0,User
1282589,45,0,User
1282847,12,1,User
1282766,16,1,User
1282661,36,0,User
1282919,12,1,User
1283071,69,1,User
1283086,12,1,User
1283087,12,1,User
1283032,64,0,User
1282991,12,1,User
1283123,12,0,User
1283149,12,0,User
1283150,66,0,User
1283244,31,0,User
1283386,12,0,User
1283373,66,1,User
1283351,59,0,User
1283428,36,0,User
1283472,47,0,User
1283576,40,0,User
1283753,12,0,User
1283594,59,0,User
1283798,12,0,User
1283842,12,1,User
1283668,12,0,User
1283914,59,1,User
1283899,40,1,User
1283830,66,1,User
1283910,22,0,User
1284145,12,1,User
1284148,62,1,User
1284012,12,0,User
1284074,71,1,User
1284206,33,0,User
1284291,36,0,User
1284351,47,0,User
1284393,12,1,User
1284269,12,1,User
1284282,33,1,User
1284388,12,0,User
1284443,14,1,User
1284496,55,0,User
1284498,45,1,User
1284402,12,0,User
1284490,12,0,User
1284492,12,1,User
1284449,16,1,User
1284597,12,0,User
1284683,47,1,User
1284730,12,0,User
1284604,64,0,User
1284778,12,1,User
1284704,64,1,User
1284941,12,1,User
1284787,12,1,User
1285012,12,0,User
1285020,12,0,User
1284967,12,0,User
1285142,71,0,User
1285105,16,1,User
1285192,83,1,User
1285193,67,1,User
1285236,12,0,User
1285274,55,0,User
1285325,66,0,User
1285383,69,1,User
1285398,66,1,User
1285227,12,0,User
1285229,43,0,User
1285298,33,1,User
1285430,62,1,User
1285463,14,0,User
1285420,12,0,User
1285595,57,0,User
1285667,17,1,User
1285653,59,0,User
1285589,57,1,User
1285679,17,1,User
1285779,38,0,User
1285783,12,0,User
1285850,12,1,User
1285877,57,1,User
1285837,69,1,User
1285892,53,1,User
1285749,12,0,User
1285879,12,1,User
1285620,71,1,User
1285751,12,0,User
1285825,50,0,User
1285863,43,1,User
1285923,53,0,User
1285693,12,0,User
1285815,12,1,User
1286014,52,0,User
1285857,12,1,User
1286094,12,1,User
1286069,12,1,User
1286070,12,0,User
1286111,50,1,User
1286248,52,1,User
1286280,14,0,User
1286289,38,1,User
1286405,67,0,User
1286482,52,0,User
1286583,60,0,User
1286627,36,1,User
1286589,12,1,User
1286565,71,1,User
1286681,12,1,User
1286683,41,1,User
1286824,12,1,User
1286572,67,1,User
1286867,60,1,User
1286842,14,1,User
1286911,36,1,User
1286577,71,1,User
1287002,64,0,User
1286965,12,1,User
1287020,12,1,User
1286907,62,1,User
1287046,12,1,User
1287022,12,0,User
1287010,12,0,User
1286979,12,1,User
1287015,12,0,User
1287167,38,1,User
1287095,12,0,User
1287153,12,1,User
1287194,12,0,User
1287333,12,0,User
1287176,14,0,User
1287383,12,0,User
1287371,12,0,User
1287425,12,1,User
1287426,67,1,User
1287373,28,1,User
1287430,45,1,User
1287444,12,1,User
1287343,12,0,User
1287351,12,0,User
1287505,72,0,User
1287509,17,1,User
1287634,72,0,User
1287654,12,1,User
1287672,40,0,User
1287839,59,0,User
1287904,14,0,User
1287892,12,0,User
1287966,12,0,User
1288021,71,0,User
1287794,12,0,User
1287773,72,1,User
1288040,12,0,User
1287979,14,0,User
1288000,36,0,User
1288146,12,1,User
1288110,52,1,User
1288191,12,1,User
1288310,41,0,User
1288336,12,1,User
1288382,71,1,User
1288329,12,1,User
1288302,48,1,User
1288375,12,0,User
1288415,12,0,User
1288242,69,0,User
1288449,72,1,User
1288502,55,0,User
1288354,78,1,User
1288536,28,0,User
1288578,48,0,User
1288359,71,1,User
1288567,71,0,User
1288610,12,0,User
1288713,12,0,User
1288771,12,1,User
1288846,52,0,User
1288849,14,1,User
1288941,36,1,User
1288753,12,0,User
1288962,12,1,User
1289091,12,0,User
1289052,36,0,User
1288875,12,1,User
1289161,17,0,User
1289126,41,0,User
1289144,12,1,User
1289201,12,0,User
1289301,12,0,User
1289401,12,0,User
1289235,12,1,User
1289275,47,0,User
1289280,12,1,User
1289435,24,1,User
1289257,12,0,User
1289450,12,0,User
1289441,24,0,User
1289325,64,0,User
1289611,64,1,User
1289584,36,0,User
1289644,12,0,User
1289605,12,1,User
1289528,72,0,User
1289689,14,0,User
1289721,71,0,User
1289752,12,0,User
1289806,12,1,User
1289728,12,0,User
1289839,12,1,User
1289843,12,1,User
1289684,50,1,User
1289926,12,1,User
1289934,12,0,User
1289853,79,1,User
1290031,29,0,User
1290015,12,0,User
1290111,12,1,User
1290025,52,0,User
1290089,71,1,User
1290096,69,0,User
1290120,12,0,User
1290214,31,0,User
1290029,52,0,User
1290203,12,1,User
1290271,12,1,User
1290394,67,1,User
1290498,12,0,User
1290426,12,1,User
1290470,50,0,User
1290405,12,0,User
1290504,12,1,User
1290625,69,1,User
1290683,12,1,User
1290726,12,0,User
1290752,14,0,User
1290537,64,0,User
1290813,12,1,User
1290803,34,0,User
1290888,59,1,User
1290936,12,0,User
1290938,67,1,User
1291046,12,1,User
1291081,14,0,User
1290865,12,0,User
1291101,12,1,User
1291231,47,1,User
1291261,41,1,User
1291250,52,1,User
1291225,12,0,User
1291134,12,0,User
1291244,12,1,User
1291302,12,0,User
1291411,59,0,User
1291419,47,0,User
1291459,36,1,User
1291347,12,0,User
1291507,14,0,User
1291542,36,1,User
1291609,40,0,User
1291626,72,1,User
1291757,41,1,User
1291772,41,0,User
1291746,12,0,User
1291773,64,0,User
1291763,43,0,User
1291787,29,1,User
1291663,64,0,User
1291783,43,0,User
1291792,67,0,User
1291840,12,0,User
1291880,12,0,User
1291937,12,0,User
1291911,50,1,User
1291824,14,1,User
1291918,52,1,User
1292098,71,1,User
1292181,47,0,User
1292068,12,0,User
1292172,16,1,User
1292297,16,0,User
1292433,55,0,User
1292439,12,0,User
1292397,67,0,User
1292481,12,1,User
1292425,50,0,User
1292524,71,1,User
1292548,12,1,User
1292626,12,1,User
1292354,12,0,User
1292607,59,0,User
1292660,69,0,User
1292637,12,1,User
1292591,12,1,User
1292718,12,1,User
1292695,69,1,User
1292696,12,0,User
1292680,12,0,User
1292824,66,0,User
1292768,41,0,User
1292782,17,0,User
1292789,52,0,User
1292759,48,0,User
1292971,47,1,User
1292974,12,0,User
1293028,12,0,User
1293090,33,0,User
1293211,12,0,User
1293175,62,1,User
1293276,12,0,User
1293348,12,1,User
1293335,12,1,User
1293323,17,0,User
1293288,69,1,User
1293290,12,1,User
1293380,12,0,User
1293399,16,0,User
1293468,72,0,User
1293497,14,1,User
1293506,57,1,User
1293602,12,1,User
1293448,29,1,User
1293767,12,1,User
1293739,12,0,User
1293540,64,0,User
1293812,26,1,User
1293779,12,1,User
1293817,55,1,User
1293689,12,0,User
1293931,12,0,User
1293833,12,0,User
1293935,53,1,User
1293987,12,0,User
1293996,48,1,User
1293997,67,0,User
1294059,12,0,User
1293807,52,1,User
1294078,12,0,User
1294212,12,1,User
1294237,12,1,User
1294267,52,1,User
1294254,52,0,User
1294487,21,1,User
1294196,12,1,User
1294481,57,1,User
1294394,12,1,User
1294564,12,1,User
1294497,12,1,User
1294511,14,0,User
1294290,12,1,User
1294570,17,1,User
1294591,12,0,User
1294557,12,1,User
1294684,12,1,User
1294670,67,0,User
1294528,62,0,User
1294702,55,0,User
1294720,43,0,User
1294801,29,0,User
1294739,24,0,User
1294575,12,0,User
1294783,52,1,User
1294924,62,1,User
1294872,40,0,User
1294929,12,1,User
1294990,69,1,User
1295043,12,1,User
1295103,31,0,User
1295118,12,0,User
1295078,12,1,User
1295092,12,1,User
1295133,52,0,User
1295153,67,1,User
1295049,67,1,User
1295130,41,1,User
1295145,71,1,User
1295403,47,0,User
1295334,12,1,User
1295396,12,0,User
1295250,12,1,User
1295397,12,0,User
1295508,57,0,User
1295430,48,0,User
1295553,60,0,User
1295456,14,1,User
1295566,34,0,User
1295532,12,1,User
1295627,12,1,User
1295488,12,1,User
1295681,69,1,User
1295709,26,0,User
1295712,38,1,User
1295791,12,1,User
1295822,12,1,User
1295813,12,1,User
1295854,12,1,User
1295869,64,0,User
1295956,48,0,User
1295961,12,1,User
1295962,12,0,User
1296016,33,0,User
1296014,12,0,User
1295985,12,1,User
1296000,12,0,User
1296138,12,0,User
1296128,41,0,User
1296086,12,1,User
1296196,71,1,User
1295935,12,1,User
1296119,17,0,User
1296260,29,1,User
1296263,12,1,User
1296421,62,0,User
1296425,21,1,User
1296383,12,0,User
1296512,12,1,User
1296545,12,0,User
1296518,69,0,User
1296522,57,1,User
1296634,71,0,User
1296697,69,1,User
1296699,12,0,User
1296794,36,0,User
1296713,66,0,User
1296819,67,1,User
1296705,67,1,User
1296902,12,0,User
1296917,55,0,User
1296908,12,0,User
1296968,33,1,User
1296971,12,0,User
1297008,66,1,User
1296975,14,0,User
1297058,31,0,User
1297161,17,1,User
1297163,12,1,User
1297366,45,0,User
1297260,21,1,User
1297392,55,1,User
1297347,12,1,User
1297468,69,1,User
1297437,47,1,User
1297438,12,1,User
1297580,12,1,User
1297455,31,0,User
1297553,12,0,User
1297593,24,1,User
1297526,12,0,User
1297586,59,0,User
1297597,12,1,User
1297512,12,0,User
1297636,33,1,User
1297666,60,0,User
1297652,66,1,User
1297699,12,0,User
1297589,59,1,User
1297729,14,1,User
1297772,12,1,User
1297764,40,1,User
1297826,66,1,User
1297896,12,1,User
1297692,12,0,User
1297940,40,0,User
1297869,71,1,User
1297839,12,1,User
1297871,67,0,User
1297973,12,0,User
1298019,59,1,User
1297949,12,1,User
1298103,28,1,User
1297988,53,1,User
1298180,19,0,User
1298081,24,1,User
1298031,71,0,User
1298255,14,0,User
1298372,40,0,User
1298171,12,0,User
1298172,12,0,User
1298392,14,1,User
1298383,12,1,User
1298420,28,0,User
1298303,62,0,User
1298466,24,0,User
1298483,12,1,User
1298511,67,1,User
1298529,12,0,User
1298542,12,1,User
1298706,59,1,User
1298624,14,1,User
1298694,52,1,User
1298684,69,0,User
1298698,45,1,User
1298685,12,1,User
1298855,12,1,User
1298865,12,1,User
1298892,17,1,User
1299041,12,0,User
1299123,60,0,User
1299100,16,1,User
1299126,12,0,User
1299227,12,1,User
1299027,12,1,User
1299084,14,1,User
1299275,69,1,User
1299290,12,1,User
1299250,12,1,User
1299187,12,1,User
1299319,66,1,User
1299321,12,1,User
1299365,26,0,User
1299217,57,0,User
1299366,12,0,User
1299162,71,1,User
1299400,62,1,User
1299278,52,0,User
1299370,14,0,User
1299356,69,0,User
1299450,12,0,User
1299408,14,0,User
1299526,12,0,User
1299618,26,1,User
1299598,38,1,User
1299569,12,0,User
1299674,12,1,User
1299753,24,1,User
1299730,12,0,User
1299794,12,0,User
1299813,22,0,User
1299902,14,0,User
1299806,12,1,User
1299862,69,1,User
1299810,71,0,User
1299881,17,1,User
1300098,66,1,User
1300042,67,1,User
1300029,12,0,User
1300201,66,1,User
1300277,69,0,User
1300184,22,1,User
1300185,64,0,User
1300242,52,1,User
1300366,59,1,User
1300208,12,1,User
1300596,36,0,User
1300379,45,0,User
1300728,12,1,User
1300731,69,0,User
1300793,12,1,User
1300794,67,1,User
1300721,43,1,User
1300723,57,0,User
1300769,45,0,User
1300880,55,1,User
1300868,67,1,User
1300674,12,1,User
1300860,12,1,User
1300986,12,0,User
1300827,12,1,User
1300992,53,1,User
1301075,12,1,User
1301090,12,1,User
1301192,67,0,User
1301222,12,0,User
1301128,67,0,User
1301240,60,0,User
1301157,38,1,User
1301315,57,1,User
1301360,16,1,User
1301373,60,0,User
1301374,50,0,User
1301249,53,0,User
1301434,55,1,User
1301390,83,1,User
1301376,71,0,User
1301443,22,0,User
1301458,12,1,User
1301536,17,0,User
1301558,12,0,User
1301641,28,0,User
1301608,12,1,User
1301649,12,0,User
1301560,14,0,User
1301747,33,1,User
1301430,12,0,User
1301836,12,1,User
1301637,12,0,User
1301638,36,0,User
1301775,36,1,User
1301817,12,1,User
1301856,47,0,User
1301944,12,1,User
1301895,50,1,User
1301906,12,0,User
1302064,66,1,User
1302166,55,0,User
1302065,14,1,User
1302171,17,1,User
1302071,12,0,User
1302234,12,0,User
1302316,14,1,User
1302318,45,0,User
1302255,33,1,User
1302364,36,0,User
1302338,69,1,User
1302562,53,0,User
1302651,14,0,User
1302665,12,1,User
1302709,14,0,User
1302669,40,0,User
1302489,22,1,User
1302699,12,0,User
1302818,19,0,User
1302799,31,1,User
1302507,12,0,User
1302893,52,0,User
1302958,47,0,User
1303013,14,1,User
1302982,12,1,User
1302985,40,1,User
1303146,69,0,User
1303120,67,0,User
1303147,62,1,User
1303109,33,0,User
1303091,53,0,User
1303307,59,0,User
1303352,12,1,User
1303381,12,1,User
1303339,19,0,User
1303289,53,0,User
1303518,31,1,User
1303440,12,1,User
1303608,55,1,User
1303568,14,1,User
1303696,12,0,User
1303557,12,1,User
1303559,28,0,User
1303721,12,0,User
1303723,14,1,User
1303803,59,1,User
1303692,67,1,User
1303781,14,0,User
1303845,69,1,User
1303870,12,1,User
1303942,69,1,User
1304094,71,0,User
1304165,12,0,User
1304039,12,1,User
1304254,71,1,User
1304136,12,0,User
1304230,38,0,User
1304342,12,0,User
1304317,12,0,User
1304318,28,0,User
1304461,12,0,User
1304295,71,1,User
1304310,12,0,User
1304368,12,0,User
1304508,62,1,User
1304539,14,1,User
1304553,41,0,User
1304516,12,0,User
1304473,12,0,User
1304627,38,1,User
1304442,14,0,User
1304615,12,0,User
1304616,12,0,User
1304547,21,0,User
1304712,50,0,User
1304806,12,0,User
1304685,24,1,User
1304855,50,0,User
1304900,28,1,User
1304877,40,0,User
1304909,12,0,User
1304786,38,1,User
1305004,12,0,User
1304974,57,1,User
1305062,12,0,User
1305084,55,0,User
1305018,62,0,User
1305136,55,0,User
1305116,78,0,User
1305188,33,0,User
1305206,12,0,User
1305087,12,0,User
1305176,22,0,User
1305215,40,0,User
1305316,12,0,User
1305237,45,1,User
1305283,12,0,User
1305423,66,0,User
1305401,12,1,User
1305403,40,1,User
1305456,66,0,User
1305521,69,1,User
1305561,12,1,User
1305612,34,0,User
1305710,71,1,User
1305843,60,0,User
1305746,12,0,User
1305749,12,1,User
1306051,12,1,User
1305982,12,0,User
1306011,12,1,User
1306001,71,0,User
1306087,12,1,User
1306172,50,0,User
1306108,12,1,User
1306181,12,0,User
1306209,62,0,User
1306293,29,0,User
1306252,66,0,User
1306050,12,0,User
1306397,12,1,User
1306286,14,0,User
1306441,59,0,User
1306289,12,0,User
1306350,12,0,User
1306335,12,0,User
1306421,12,1,User
1306474,31,1,User
1306505,12,0,User
1306547,59,1,User
1306479,24,0,User
1306457,12,0,User
1306391,62,1,User
1306647,26,0,User
1306726,12,0,User
1306635,12,1,User
1306737,12,0,User
1306846,12,1,User
1306820,12,1,User
1306834,12,0,User
1306792,12,0,User
1306864,12,1,User
1306798,14,1,User
1306829,12,1,User
1306896,12,0,User
1306959,45,1,User
1307041,12,0,User
1307071,14,1,User
1307047,69,0,User
1307067,57,0,User
1307266,12,0,User
1307113,62,1,User
1307300,64,0,User
1307315,43,0,User
1307360,12,1,User
1307304,28,1,User
1307348,34,1,User
1307423,14,1,User
1307436,66,0,User
1307295,40,0,User
1307494,71,1,User
1307582,14,0,User
1307525,22,0,User
1307530,71,1,User
1307556,12,1,User
1307570,12,0,User
1307571,14,1,User
1307607,29,0,User
1307646,41,0,User
1307632,36,1,User
1307705,12,1,User
1307751,64,1,User
1307836,12,1,User
1307711,16,0,User
1307812,69,1,User
1307896,12,1,User
1307949,60,1,User
1308018,12,0,User
1308042,66,1,User
1307848,40,1,User
1308028,50,1,User
1308197,12,1,User
1308226,71,1,User
1308104,47,0,User
1308117,12,0,User
1308144,12,0,User
1308421,14,1,User
1308397,14,1,User
1308297,67,0,User
1308459,12,1,User
1308620,66,0,User
1308653,12,1,User
1308524,36,0,User
1308387,31,0,User
1308708,12,1,User
1308736,76,0,User
1308680,12,0,User
1308611,60,0,User
1308695,12,0,User
1308630,12,1,User
1308753,76,0,User
1308738,60,1,User
1308593,12,1,User
1309079,12,1,User
1309145,12,1,User
1309080,71,1,User
1309194,69,0,User
1309183,12,0,User
1309264,12,1,User
1309060,12,0,User
1309358,12,0,User
1309388,12,1,User
1309426,52,0,User
1309415,12,1,User
1309065,12,0,User
1309547,29,1,User
1309508,12,0,User
1309469,12,1,User
1309682,50,0,User
1309526,12,0,User
1309675,12,0,User
1309530,12,0,User
1309737,52,0,User
1309789,12,1,User
1309690,12,1,User
1309586,43,0,User
1309589,60,1,User
1309812,38,1,User
1309895,71,1,User
1309785,64,0,User
1309746,67,0,User
1309928,71,0,User
1309754,64,0,User
1310088,33,0,User
1310073,29,0,User
1310029,12,1,User
1310175,29,0,User
1310275,12,0,User
1310347,12,1,User
1310316,69,0,User
1310249,62,0,User
1310461,24,0,User
1310389,62,1,User
1310454,26,0,User
1310501,12,0,User
1310527,64,1,User
1310554,74,1,User
1310307,31,0,User
1310309,12,0,User
1310581,64,1,User
1310532,12,1,User
1310475,59,1,User
1310590,60,0,User
1310607,12,1,User
1310726,12,0,User
1310715,38,0,User
1310534,62,1,User
1310869,12,1,User
1310818,17,1,User
1310759,12,0,User
1310654,66,0,User
1310779,12,1,User
1311049,59,1,User
1311052,12,0,User
1310919,55,0,User
1311087,26,0,User
1311045,16,0,User
1311100,12,0,User
1311228,12,1,User
1311029,36,0,User
1311287,24,0,User
1311288,12,0,User
1311254,48,1,User
1311304,12,1,User
1311221,26,0,User
1311331,12,0,User
1311314,12,1,User
1311419,12,0,User
1311355,60,0,User
1311388,64,0,User
1311547,71,1,User
1311631,12,1,User
1311590,28,0,User
1311555,12,0,User
1311577,60,0,User
1311614,59,1,User
1311711,12,0,User
1311507,64,1,User
1311538,79,0,User
1311811,21,0,User
1311873,71,0,User
1311763,12,1,User
1311847,12,1,User
1311805,24,1,User
1311808,62,0,User
1311688,60,1,User
1311946,72,1,User
1311908,29,1,User
1311911,12,0,User
1311967,48,0,User
1311926,14,1,User
1312010,48,0,User
1312066,31,1,User
1312126,12,0,User
1312117,67,0,User
1312171,12,0,User
1312045,12,1,User
1311988,12,0,User
1312175,12,0,User
1312149,12,1,User
1312216,19,0,User
1312232,12,0,User
1312220,12,1,User
1312211,57,1,User
1312294,36,1,User
1312166,19,0,User
1312398,55,0,User
1312255,12,1,User
1312319,12,1,User
1312449,47,0,User
1312365,45,1,User
1312516,53,0,User
1312464,72,0,User
1312546,66,1,User
1312470,14,0,User
1312544,12,0,User
1312560,12,0,User
1312630,52,0,User
1312676,12,1,User
1312728,67,0,User
1312691,12,0,User
1312789,21,1,User
1312776,71,0,User
1312604,38,0,User
1312793,53,0,User
1312679,12,0,User
1312796,12,0,User
1312868,71,0,User
1312813,12,0,User
1312915,16,1,User
1312855,69,1,User
1312960,12,0,User
1313019,38,0,User
1312979,62,1,User
1313137,36,0,User
1313112,12,1,User
1313051,71,0,User
1313145,41,0,User
1313129,12,0,User
1313130,64,0,User
1313007,12,1,User
1313210,48,0,User
1313184,12,0,User
1313280,12,1,User
1313291,12,1,User
1313417,12,1,User
1313305,31,0,User
1313426,12,0,User
1313445,67,1,User
1313527,12,0,User
1313519,31,1,User
1313612,28,1,User
1313649,69,0,User
1313553,14,0,User
1313701,19,1,User
1313712,59,0,User
1313809,12,1,User
1313822,12,1,User
1313790,60,0,User
1313936,12,0,User
1313891,50,0,User
1313966,12,1,User
1313951,12,0,User
1314005,12,0,User
1314062,48,1,User
1314050,12,0,User
1314108,57,0,User
1314097,16,0,User
1314162,60,1,User
1314099,64,1,User
1314240,69,0,User
1314104,33,0,User
1314150,47,1,User
1314334,41,0,User
1314378,50,0,User
1314299,40,0,User
1314575,41,1,User
1314495,26,0,User
1314706,69,1,User
1314656,12,0,User
1314658,60,1,User
1314645,21,0,User
1314685,12,0,User
1314737,22,0,User
1314555,12,0,User
1314702,12,1,User
1314809,52,1,User
1314978,12,1,User
1315006,60,0,User
1315093,66,0,User
1314900,50,1,User
1315100,14,0,User
1315010,33,0,User
1315132,34,0,User
1315106,76,0,User
1315151,43,0,User
1315075,12,0,User
1315192,50,1,User
1315278,59,1,User
1315227,12,0,User
1315169,47,0,User
1315402,12,0,User
1315435,12,1,User
1315476,21,1,User
1315346,71,0,User
1315487,12,1,User
1315503,12,0,User
1315407,12,0,User
1315554,66,1,User
1315525,12,0,User
1315562,12,0,User
1315670,12,1,User
1315500,67,0,User
1315579,19,1,User
1315742,12,0,User
1315658,14,0,User
1315772,52,1,User
1315774,16,0,User
1315661,12,1,User
1315865,12,1,User
1315837,57,0,User
1315766,12,1,User
1315792,57,1,User
1315793,50,0,User
1315830,14,0,User
1315942,12,0,User
1315928,12,0,User
1316006,12,1,User
1316061,48,0,User
1316116,69,0,User
1316239,71,1,User
1316040,12,0,User
1316269,72,0,User
1316245,64,1,User
1316287,12,1,User
1316235,24,0,User
1316352,31,0,User
1316576,60,0,User
1316688,59,0,User
1316636,66,0,User
1316650,12,0,User
1316655,12,0,User
1316557,53,0,User
1316739,12,1,User
1316559,12,0,User
1316822,60,0,User
1316725,12,0,User
1316927,12,0,User
1316565,62,1,User
1316789,66,0,User
1317004,62,0,User
1317025,26,0,User
1317062,24,1,User
1317092,47,0,User
1317123,12,1,User
1317087,52,0,User
1317116,12,1,User
1317201,12,1,User
1317303,62,1,User
1317290,12,0,User
1317348,12,1,User
1317339,14,0,User
1317426,19,0,User
1317454,55,0,User
1317515,12,0,User
1317252,50,0,User
1317542,60,1,User
1317560,47,1,User
1317603,12,0,User
1317588,12,1,User
1317555,12,1,User
1317664,12,1,User
1317665,53,0,User
1317672,34,0,User
1317816,21,0,User
1317843,69,1,User
1317845,12,1,User
1317748,12,1,User
1317962,57,0,User
1318066,22,1,User
1318086,12,1,User
1317896,45,0,User
1318144,71,0,User
1318132,60,0,User
1318218,66,1,User
1318221,59,1,User
1318248,59,0,User
1318208,12,0,User
1318297,66,0,User
1318354,14,0,User
1318300,69,0,User
1318412,12,0,User
1318318,57,0,User
1318346,52,1,User
1318437,12,0,User
1318331,69,0,User
1318525,12,0,User
1318557,40,0,User
1318589,12,1,User
1318698,64,0,User
1318849,36,1,User
1318826,12,1,User
1318892,24,0,User
1318799,26,0,User
1318940,12,0,User
1318954,14,1,User
1318969,12,0,User
1318809,69,0,User
1318945,67,1,User
1318965,12,1,User
1318948,12,1,User
1319120,12,0,User
1318976,36,1,User
1319085,12,1,User
1319138,53,0,User
1319184,12,1,User
1319188,12,0,User
1319175,12,1,User
1319312,45,0,User
1319099,16,0,User
1319304,16,0,User
1319333,12,1,User
1319389,60,0,User
1319459,64,1,User
1319554,60,0,User
1319503,12,0,User
1319546,19,1,User
1319646,12,0,User
1319701,12,1,User
1319718,12,0,User
1319783,60,0,User
1319623,64,1,User
1319868,12,1,User
1319666,57,0,User
1319826,55,0,User
1319929,59,0,User
1319828,76,1,User
1319978,38,1,User
1319993,12,1,User
1320076,53,1,User
1320063,28,1,User
1320097,43,1,User
1320108,12,1,User
1320089,59,1,User
1320038,12,0,User
1319997,14,0,User
1320059,12,0,User
1320153,12,1,User
1320231,12,1,User
1320030,12,0,User
1320272,12,0,User
1320301,12,1,User
1320313,12,1,User
1320424,12,0,User
1320428,47,1,User
1320434,67,1,User
1320509,12,0,User
1320464,67,1,User
1320577,14,1,User
1320403,31,1,User
1320767,64,0,User
1320585,12,0,User
1320734,66,1,User
1320762,12,1,User
1320891,41,1,User
1320834,12,1,User
1320949,12,0,User
1320950,52,0,User
1320943,12,1,User
1320998,12,1,User
1321078,47,0,User
1320999,62,0,User
1321111,12,0,User
1320959,12,1,User
1321246,12,1,User
1321253,67,1,User
1321104,12,1,User
1321175,67,1,User
1321108,12,1,User
1321166,72,1,User
1321353,67,1,User
1321442,12,0,User
1321458,36,0,User
1321460,12,1,User
1321449,12,1,User
1321522,12,0,User
1321627,66,1,User
1321498,12,1,User
1321718,12,0,User
1321773,66,1,User
1321744,12,1,User
1321797,22,1,User
1321740,12,0,User
1321859,71,0,User
1321815,64,1,User
1321983,12,0,User
1322028,52,1,User
1322058,12,1,User
1322106,12,1,User
1322038,12,1,User
1322048,24,0,User
1322039,12,1,User
1322108,53,1,User
1322179,12,0,User
1322207,55,0,User
1322182,41,1,User
1322053,50,1,User
1322113,29,0,User
1322236,12,1,User
1322252,12,0,User
1322172,12,1,User
1322272,29,0,User
1322404,12,0,User
1322348,62,0,User
1322436,12,1,User
1322393,12,1,User
1322380,24,1,User
1322455,72,1,User
1322598,12,0,User
1322630,48,1,User
1322573,31,1,User
1322594,12,1,User
1322517,12,1,User
1322635,12,1,User
1322748,52,0,User
1322733,12,0,User
1322763,24,1,User
1322625,64,1,User
1322724,14,1,User
1322809,12,0,User
1322824,12,0,User
1322785,12,1,User
1322771,60,0,User
1322942,67,1,User
1322903,12,0,User
1322934,57,0,User
1322978,60,0,User
1323047,16,1,User
1322995,12,1,User
1323082,12,0,User
1323123,62,0,User
1322893,41,1,User
1323154,12,1,User
1323127,22,0,User
1322895,29,0,User
1322969,50,0,User
1323188,53,0,User
1323194,19,0,User
1323363,33,1,User
1323282,59,0,User
1323425,62,0,User
1323374,12,0,User
1323415,67,0,User
1323330,53,0,User
1323432,12,1,User
1323487,19,0,User
1323534,34,1,User
1323519,12,0,User
1323537,12,0,User
1323664,62,1,User
1323654,12,0,User
1323629,12,1,User
1323696,24,1,User
1323770,12,1,User
1323717,12,0,User
1323675,12,1,User
1323802,67,1,User
1323765,12,0,User
1323821,12,0,User
1323834,72,0,User
1323731,33,0,User
1323734,12,0,User
1323705,12,1,User
1323885,12,1,User
1323985,17,0,User
1324057,67,0,User
1324044,43,0,User
1324101,57,1,User
1324015,60,0,User
1324157,53,1,User
1324140,12,1,User
1324152,14,0,User
1324103,12,0,User
1324238,12,1,User
1324257,12,0,User
1324239,12,0,User
1324170,12,0,User
1324383,69,0,User
1324312,53,1,User
1324431,50,0,User
1324363,12,1,User
1324457,12,1,User
1324350,66,1,User
1324451,12,1,User
1324469,38,0,User
1324513,12,1,User
1324622,12,0,User
1324655,12,0,User
1324553,12,1,User
1324693,55,0,User
1324735,12,0,User
1324798,12,0,User
1324851,26,0,User
1324829,64,1,User
1324841,12,0,User
1324926,12,1,User
1324941,53,1,User
1325058,12,1,User
1324960,64,0,User
1325106,60,0,User
1325147,12,0,User
1325204,12,1,User
1325244,12,1,User
1325287,71,1,User
1325262,12,1,User
1325420,47,1,User
1325324,12,0,User
1325172,14,1,User
1325435,47,1,User
1325581,12,1,User
1325525,71,0,User
1325527,34,0,User
1325452,12,0,User
1325656,71,1,User
1325732,19,0,User
1325821,12,0,User
1325794,64,1,User
1325857,59,0,User
1325986,12,0,User
1325891,50,1,User
1325904,48,0,User
1325976,60,0,User
1325963,69,0,User
1325954,66,0,User
1326048,47,1,User
1325970,16,0,User
1326091,71,0,User
1326153,12,1,User
1326168,16,1,User
1326171,60,0,User
1326059,12,1,User
1325992,12,1,User
1326147,12,0,User
1326219,47,0,User
1326102,14,0,User
1326208,12,0,User
1326310,21,0,User
1326391,60,0,User
1326341,12,1,User
1326409,12,0,User
1326410,12,0,User
1326396,12,1,User
1326423,64,1,User
1326444,12,1,User
1326282,12,1,User
1326431,12,1,User
1326527,12,0,User
1326586,12,0,User
1326546,69,0,User
1326567,57,0,User
1326676,12,0,User
1326626,12,1,User
1326667,12,0,User
1326684,12,0,User
1326671,12,0,User
1326746,12,1,User
1326976,22,0,User
1326991,12,1,User
1326894,12,0,User
1326790,36,0,User
1326899,71,1,User
1326959,60,1,User
1326971,62,0,User
1327105,12,0,User
1327078,62,0,User
1327119,12,1,User
1327243,12,1,User
1327063,17,1,User
1327385,12,0,User
1327317,12,0,User
1327408,62,0,User
1327548,12,0,User
1327594,71,1,User
1327595,12,0,User
1327596,67,1,User
1327499,12,1,User
1327555,66,1,User
1327645,67,0,User
1327507,55,1,User
1327692,12,1,User
1327605,62,0,User
1327712,12,1,User
1327704,12,1,User
1327803,19,0,User
1327775,29,1,User
1327720,71,0,User
1327737,12,1,User
1327811,62,0,User
1327782,12,1,User
1327923,12,1,User
1328002,16,0,User
1327784,14,0,User
1327929,12,0,User
1327931,12,1,User
1328125,57,0,User
1328069,43,0,User
1328134,55,0,User
1328236,12,0,User
1328166,55,1,User
1328156,41,1,User
1328225,14,1,User
1328269,12,0,User
1328273,12,0,User
1328090,36,0,User
1328215,60,0,User
1328403,36,0,User
1328220,12,0,User
1328407,17,1,User
1328432,38,0,User
1328477,12,0,User
1328380,66,0,User
1328517,16,0,User
1328560,12,1,User
1328749,12,0,User
1328764,14,0,User
1328806,33,0,User
1328821,14,1,User
1328851,71,0,User
1328781,72,1,User
1328766,12,1,User
1328883,41,1,User
1328886,12,0,User
1328948,62,1,User
1329011,16,0,User
1329077,12,1,User
1329059,12,1,User
1329095,45,1,User
1329170,67,1,User
1329214,34,1,User
1329188,12,1,User
1329237,12,0,User
1329290,12,0,User
1329275,48,1,User
1329374,12,0,User
1329429,12,1,User
1329459,16,1,User
1329543,12,1,User
1329465,66,0,User
1329560,12,1,User
1329574,12,1,User
1329480,12,0,User
1329616,12,1,User
1329632,12,0,User
1329553,62,0,User
1329770,34,0,User
1329663,71,1,User
1329720,34,0,User
1329886,12,0,User
1329793,28,0,User
1329878,12,1,User
1329862,12,0,User
1329848,12,1,User
1329854,47,0,User
1330030,12,1,User
1330034,52,0,User
1330035,12,1,User
1330246,14,0,User
1330165,31,0,User
1330235,47,1,User
1330225,12,1,User
1330365,67,0,User
1330437,12,0,User
1330538,62,1,User
1330622,22,1,User
1330636,12,1,User
1330697,12,1,User
1330667,57,0,User
1330730,41,0,User
1330832,21,0,User
1330833,12,0,User
1330907,28,1,User
1331018,12,1,User
1330979,47,1,User
1331065,57,0,User
1330905,12,1,User
1331132,12,1,User
1331176,12,0,User
1331150,12,1,User
1331233,12,1,User
1331254,12,1,User
1330964,62,1,User
1331123,12,0,User
1331358,12,1,User
1331359,24,0,User
1331351,62,1,User
1331259,12,1,User
1331354,16,1,User
1331262,31,0,User
1331412,28,1,User
1331567,41,0,User
1331555,66,0,User
1331444,12,0,User
1331471,59,0,User
1331499,12,0,User
1331557,64,1,User
1331702,64,1,User
1331680,48,0,User
1331693,12,0,User
1331681,14,0,User
1331852,66,0,User
1331827,66,1,User
1331853,66,1,User
1331838,71,1,User
1331787,34,0,User
1331800,50,0,User
1331927,12,1,User
1331928,12,0,User
1331906,12,1,User
1331940,12,1,User
1331865,12,1,User
1332060,59,0,User
1332168,12,0,User
1332153,67,0,User
1332187,64,0,User
1332258,12,0,User
1332308,59,1,User
1332354,74,0,User
1332310,33,0,User
1332345,12,0,User
1332368,29,0,User
1332453,24,1,User
1332501,14,0,User
1332530,19,0,User
1332489,53,1,User
1332300,12,0,User
1332586,12,1,User
1332587,67,1,User
1332536,12,1,User
1332578,12,0,User
1332649,12,1,User
1332658,53,1,User
1332740,59,1,User
1332718,38,1,User
1332777,62,0,User
1332793,71,0,User
1332890,12,0,User
1332795,28,1,User
1332948,12,1,User
1332984,60,1,User
1332764,40,0,User
1332823,67,1,User
1333069,34,0,User
1332997,12,1,User
1333117,48,1,User
1333090,31,0,User
1333061,12,1,User
1332939,12,1,User
1333065,60,1,User
1333357,71,1,User
1333329,12,1,User
1333374,12,0,User
1333444,12,1,User
1333388,12,1,User
1333347,12,0,User
1333477,60,0,User
1333490,26,1,User
1333439,47,1,User
1333440,12,1,User
1333482,12,0,User
1333527,12,1,User
1333615,12,1,User
1333620,14,0,User
1333648,52,1,User
1333804,12,1,User
1333814,12,1,User
1333575,60,0,User
1333751,12,0,User
1333752,12,1,User
1333865,43,1,User
1334033,71,1,User
1333979,12,1,User
1334089,12,1,User
1334176,14,0,User
1334165,60,1,User
1334190,12,1,User
1334201,12,0,User
1334328,16,0,User
1334447,72,1,User
1334378,45,0,User
1334429,57,1,User
1334324,12,1,User
1334479,24,0,User
1334604,29,0,User
1334684,12,1,User
1334667,12,1,User
1334707,33,1,User
1334837,17,1,User
1334780,66,0,User
1334769,66,1,User
1334867,55,0,User
1334789,12,1,User
1334913,12,1,User
1334914,14,1,User
1334819,29,1,User
1334877,60,0,User
1334958,12,0,User
1335052,67,1,User
1334955,12,0,User
1335076,67,1,User
1334994,12,1,User
1335091,12,0,User
1335111,52,0,User
1335226,14,1,User
1335215,53,1,User
1335201,12,0,User
1335301,57,0,User
1335287,12,1,User
1335303,12,1,User
1335266,36,0,User
1335279,12,1,User
1335363,66,1,User
1335237,48,0,User
1335147,12,0,User
1335149,29,1,User
1335450,12,1,User
1335518,14,1,User
1335313,12,0,User
1335326,48,1,User
1335494,12,1,User
1335585,34,0,User
1335691,12,1,User
1335505,45,0,User
1335569,12,1,User
1335768,12,1,User
1335769,12,1,User
1335690,71,0,User
1335770,12,1,User
1335790,62,1,User
1335732,17,1,User
1335856,12,0,User
1335832,12,1,User
1335891,12,1,User
1335893,64,0,User
1335842,12,1,User
1335983,57,0,User
1336036,29,0,User
1336029,12,1,User
1335913,53,1,User
1336246,59,0,User
1336308,19,1,User
1336290,67,1,User
1336368,40,0,User
1336354,64,1,User
1336426,12,0,User
1336427,12,1,User
1336418,12,1,User
1336350,12,0,User
1336437,12,0,User
1336314,50,1,User
1336483,52,0,User
1336636,60,1,User
1336575,12,0,User
1336672,66,0,User
1336661,12,1,User
1336720,12,1,User
1336760,43,0,User
1336632,24,0,User
1336695,22,0,User
1336586,12,1,User
1336769,12,1,User
1336838,12,1,User
1336853,12,0,User
1336859,72,0,User
1336740,12,0,User
1336939,12,0,User
1337071,12,1,User
1337075,12,1,User
1337083,69,1,User
1337096,50,1,User
1337223,47,0,User
1337169,66,1,User
1337199,12,1,User
1337262,12,0,User
1337040,69,1,User
1337209,12,1,User
1337247,12,0,User
1337300,12,1,User
1337389,12,0,User
1337333,12,0,User
1337438,36,1,User
1337353,53,1,User
1337555,12,1,User
1337354,62,1,User
1337442,12,1,User
1337612,14,1,User
1337574,12,1,User
1337603,47,0,User
1337453,12,1,User
1337548,67,0,User
1337532,21,0,User
1337667,12,1,User
1337718,36,1,User
1337710,12,0,User
1337781,12,0,User
1337740,12,0,User
1337836,12,0,User
1337837,67,0,User
1337928,60,0,User
1337887,64,1,User
1337861,12,1,User
1337920,12,1,User
1338022,53,0,User
1338014,12,1,User
1338027,52,0,User
1338063,64,0,User
1338123,71,0,User
1338152,45,0,User
1338097,12,0,User
1338072,33,0,User
1338209,12,1,User
1338215,12,0,User
1338217,66,1,User
1338058,12,0,User
1338250,12,0,User
1338391,12,0,User
1338293,47,0,User
1338294,16,0,User
1338437,12,1,User
1338345,14,1,User
1338315,48,1,User
1338408,52,1,User
1338470,12,1,User
1338404,12,1,User
1338537,14,0,User
1338525,12,1,User
1338708,12,1,User
1338775,48,1,User
1338846,71,0,User
1338818,36,0,User
1338803,12,1,User
1338947,12,0,User
1338854,41,0,User
1339022,12,1,User
1339127,12,1,User
1339131,57,0,User
1339034,12,0,User
1339217,12,1,User
1339233,12,0,User
1339262,12,1,User
1339236,31,0,User
1339294,12,1,User
1339241,55,1,User
1339339,12,1,User
1339437,12,0,User
1339530,34,1,User
1339469,12,0,User
1339623,12,0,User
1339597,12,0,User
1339275,26,1,User
1339571,55,1,User
1339614,12,0,User
1339659,12,0,User
1339742,12,1,User
1339730,12,1,User
1339832,12,0,User
1339823,38,0,User
1339809,12,1,User
1339795,12,1,User
1339797,12,0,User
1339867,71,1,User
1339857,62,1,User
1339887,36,0,User
1339910,12,1,User
1339968,33,1,User
1339827,12,1,User
1339645,36,0,User
1340045,12,1,User
1340036,57,0,User
1339649,24,1,User
1340180,12,0,User
1340195,12,0,User
1340252,52,0,User
1340271,47,0,User
1340165,71,0,User
1340371,12,1,User
1340373,12,0,User
1340448,12,1,User
1340449,12,0,User
1340441,64,1,User
1340429,12,0,User
1340351,12,0,User
1340306,71,1,User
1340510,12,0,User
1340554,12,1,User
1340512,34,0,User
1340555,12,0,User
1340611,71,0,User
1340614,12,0,User
1340672,12,0,User
1340663,12,0,User
1340705,12,1,User
1340695,12,1,User
1340729,45,1,User
1340826,12,0,User
1340640,43,1,User
1340898,59,0,User
1340809,52,0,User
1340971,12,0,User
1340925,59,1,User
1340862,12,0,User
1340962,16,1,User
1341019,40,1,User
1340993,31,0,User
1341051,12,0,User
1340967,12,0,User
1341013,12,1,User
1341070,12,0,User
1341227,12,0,User
1341319,31,0,User
1341293,60,1,User
1341175,48,0,User
1341424,12,0,User
1341322,22,0,User
1341343,12,0,User
1341394,14,1,User
1341413,71,1,User
1341385,12,1,User
1341446,12,1,User
1341474,57,0,User
1341556,12,0,User
1341405,59,0,User
1341594,12,1,User
1341534,62,0,User
1341725,12,0,User
1341709,29,1,User
1341657,12,1,User
1341688,12,1,User
1341894,14,1,User
1341837,64,0,User
1341794,12,0,User
1341746,12,0,User
1341863,12,1,User
1341821,69,1,User
1342012,67,1,User
1341910,21,1,User
1341971,59,1,User
1341851,16,0,User
1341879,12,1,User
1341973,53,0,User
1341881,22,1,User
1341914,12,1,User
1342074,12,1,User
1342133,59,1,User
1342091,12,0,User
1342265,59,1,User
1342271,12,1,User
1342188,69,1,User
1342286,55,0,User
1342181,14,1,User
1342354,12,0,User
1342393,12,1,User
1342448,12,0,User
1342452,29,1,User
1342401,69,0,User
1342558,17,0,User
1342363,40,0,User
1342478,12,0,User
1342699,12,1,User
1342671,17,1,User
1342588,12,1,User
1342663,12,1,User
1342703,66,1,User
1342734,55,0,User
1342735,48,1,User
1342762,48,0,User
1342615,12,0,User
1342798,12,0,User
1342881,66,0,User
1342738,12,0,User
1342900,14,1,User
1342819,12,1,User
1342979,12,0,User
1342987,12,0,User
1342999,31,0,User
1342829,12,0,User
1342939,24,0,User
1343086,12,1,User
1342889,12,0,User
1342949,12,1,User
1343184,12,0,User
1343227,12,0,User
1343232,12,1,User
1343050,71,1,User
1343267,12,1,User
1343125,12,0,User
1343155,12,0,User
1343368,62,0,User
1343521,14,1,User
1343410,24,0,User
1343459,12,1,User
1343541,12,0,User
1343550,36,1,User
1343572,45,0,User
1343576,12,1,User
1343556,12,0,User
1343519,28,0,User
1343851,12,0,User
1343756,72,0,User
1343827,16,0,User
1343885,12,0,User
1343942,59,1,User
1343928,22,1,User
1343959,28,0,User
1343876,67,1,User
1344001,57,0,User
1344031,12,1,User
1344007,12,1,User
1344033,57,1,User
1344034,12,1,User
1344052,62,1,User
1344069,55,1,User
1344060,53,0,User
1344131,12,1,User
1344105,38,1,User
1344133,12,0,User
1343939,38,0,User
1344259,14,0,User
1344231,12,0,User
1344331,67,1,User
1344192,12,0,User
1344378,71,1,User
1344392,48,0,User
1344325,64,1,User
1344429,12,1,User
1344398,43,1,User
1344355,16,1,User
1344358,48,1,User
1344310,12,0,User
1344404,12,0,User
1344617,62,0,User
1344637,47,0,User
1344676,12,1,User
1344649,21,0,User
1344598,21,0,User
1344708,57,1,User
1344699,12,1,User
1344700,12,0,User
1344961,12,1,User
1344846,67,1,User
1344860,12,0,User
1344863,74,0,User
1344911,29,0,User
1344998,12,1,User
1344936,12,1,User
1345025,50,1,User
1345083,66,1,User
1345031,12,0,User
1345105,69,1,User
1344945,12,1,User
1345221,62,0,User
1345228,66,1,User
1345251,53,0,User
1345351,12,1,User
1345382,12,0,User
1345370,31,1,User
1345244,60,0,User
1345357,12,0,User
1345345,14,1,User
1345427,26,1,User
1345460,12,1,User
1345273,33,1,User
1345463,12,1,User
1345482,45,1,User
1345413,12,0,User
1345401,22,0,User
1345402,12,1,User
1345410,21,0,User
1345668,12,0,User
1345683,57,1,User
1345653,66,0,User
1345711,22,1,User
1345597,12,1,User
1345599,12,0,User
1345735,31,1,User
1345605,52,0,User
1345804,12,0,User
1345797,12,1,User
1345821,12,1,User
1345863,66,1,User
1345799,71,1,User
1345907,12,1,User
1345857,14,1,User
1345896,71,1,User
1345966,22,1,User
1345975,12,0,User
1345838,12,0,User
1345841,12,1,User
1345590,12,0,User
1346073,71,0,User
1345994,67,0,User
1345941,38,1,User
1346014,67,0,User
1346149,67,1,User
1346001,45,1,User
1346170,12,1,User
1346186,12,0,User
1346200,12,1,User
1346224,14,1,User
1346145,14,1,User
1346174,12,1,User
1346268,38,0,User
1346313,67,1,User
1346256,12,1,User
1346307,12,1,User
1346491,12,0,User
1346439,12,1,User
1346466,52,1,User
1346537,12,0,User
1346470,45,0,User
1346471,52,1,User
1346612,19,0,User
1346702,31,1,User
1346687,52,1,User
1346619,59,0,User
1346675,33,0,User
1346677,12,0,User
1346753,12,0,User
1346728,71,1,User
1346883,12,0,User
1346768,67,1,User
1346899,24,0,User
1346913,12,1,User
1346772,12,1,User
1346962,12,1,User
1346994,12,0,User
1346842,12,1,User
1347030,12,1,User
1347272,12,1,User
1347209,16,1,User
1347331,12,1,User
1347311,36,0,User
1347333,60,0,User
1347193,36,0,User
1347397,12,1,User
1347483,47,0,User
1347498,34,1,User
1347513,29,0,User
1347425,12,0,User
1347413,12,1,User
1347367,17,1,User
1347577,60,0,User
1347637,12,1,User
1347662,12,1,User
1347495,12,1,User
1347693,12,0,User
1347737,43,0,User
1347709,12,1,User
1347656,17,1,User
1347785,47,0,User
1347674,12,0,User
1347730,12,0,User
1347746,12,0,User
1347877,53,0,User
1347932,19,0,User
1347947,62,1,User
1347992,12,0,User
1348021,48,1,User
1348014,43,1,User
1348085,12,0,User
1348061,28,0,User
1348103,12,0,User
1347999,12,1,User
1348000,62,0,User
1348043,67,1,User
1348204,12,1,User
1348123,52,0,User
1348241,12,0,User
1348269,12,0,User
1348193,12,1,User
1348194,71,0,User
1348342,47,0,User
1348516,57,1,User
1348533,19,1,User
1348395,12,0,User
1348681,72,0,User
1348683,60,1,User
1348758,14,1,User
1348759,53,0,User
1348804,12,1,User
1348770,31,0,User
1348846,64,1,User
1348849,12,1,User
1348819,60,0,User
1348795,40,1,User
1348811,43,1,User
1348893,41,0,User
1348924,12,0,User
1348890,64,0,User
1348844,67,0,User
1348972,71,0,User
1349004,55,1,User
1349080,12,1,User
1349102,12,1,User
1348928,57,0,User
1348947,71,1,User
1349153,36,0,User
1349114,12,1,User
1349244,66,0,User
1349402,17,0,User
1349408,12,0,User
1349381,12,0,User
1349313,55,1,User
1349235,12,0,User
1349603,17,1,User
1349501,12,0,User
1349565,12,1,User
1349735,12,0,User
1349579,12,0,User
1349714,12,1,User
1349745,57,1,User
1349944,12,1,User
1349900,12,0,User
1349877,71,0,User
1349916,12,1,User
1350039,45,1,User
1350151,12,1,User
1350067,12,0,User
1350243,43,1,User
1350244,71,1,User
1349985,14,0,User
1350297,12,0,User
1350310,12,1,User
1350376,12,0,User
1350380,12,0,User
1350399,12,0,User
1350572,17,0,User
1350502,12,1,User
1350532,57,0,User
1350548,14,0,User
1350647,66,0,User
1350576,36,0,User
1350595,64,1,User
1350676,19,0,User
1350634,12,1,User
1350672,12,1,User
1350713,34,1,User
1350747,12,1,User
1350833,16,0,User
1350857,47,1,User
1350850,12,1,User
1350918,17,1,User
1350961,67,0,User
1350757,48,1,User
1350804,41,1,User
1351001,12,0,User
1351053,12,1,User
1351016,69,1,User
1351070,64,1,User
1351100,12,1,User
1350986,64,0,User
1351090,12,0,User
1351091,12,1,User
1351026,12,0,User
1351061,57,0,User
1351234,71,1,User
1351128,62,0,User
1351155,12,1,User
1351182,69,0,User
1351240,12,0,User
1351343,78,1,User
1351348,19,1,User
1351389,38,1,User
1351593,12,1,User
1351652,12,1,User
1351602,60,0,User
1351616,12,0,User
1351707,12,1,User
1351659,12,1,User
1351725,12,1,User
1351575,12,0,User
1351750,64,1,User
1351791,12,1,User
1351957,26,1,User
1351781,40,1,User
1351983,12,0,User
1351885,19,0,User
1352052,12,1,User
1352075,67,1,User
1352167,12,1,User
1351990,28,0,User
1352070,57,1,User
1352196,12,1,User
1352145,67,1,User
1352128,16,1,User
1352155,28,1,User
1352156,12,0,User
1352271,12,0,User
1352394,22,1,User
1352250,12,0,User
1352454,12,0,User
1352556,66,1,User
1352632,71,1,User
1352634,12,1,User
1352671,12,1,User
1352639,12,0,User
1352665,12,1,User
1352737,12,1,User
1352837,12,1,User
1352914,12,1,User
1352760,72,1,User
1352815,57,0,User
1352868,14,1,User
1352919,50,0,User
1352801,21,0,User
1353064,45,1,User
1353019,40,1,User
1353152,12,1,User
1353141,48,1,User
1353111,64,0,User
1353118,59,1,User
1353189,71,0,User
1353135,12,0,User
1353316,60,0,User
1353307,12,1,User
1353406,48,0,User
1353467,12,1,User
1353428,45,0,User
1353352,57,1,User
1353359,45,1,User
1353546,12,1,User
1353647,12,0,User
1353625,12,1,User
1353461,12,0,User
1353538,53,0,User
1353738,69,0,User
1353552,12,1,User
1353842,12,1,User
1353857,12,1,User
1353918,12,0,User
1354029,12,1,User
1354068,12,1,User
1354114,62,0,User
1354262,66,1,User
1354292,14,0,User
1354253,69,1,User
1354366,12,1,User
1354408,22,0,User
1354490,12,0,User
1354465,29,1,User
1354495,12,0,User
1354562,48,0,User
1354378,12,1,User
1354583,12,1,User
1354585,12,1,User
1354654,72,0,User
1354634,12,1,User
1354335,22,1,User
1354599,12,1,User
1354675,12,1,User
1354611,12,0,User
1354736,12,1,User
1354766,12,0,User
1354867,60,0,User
1354940,12,1,User
1354928,22,1,User
1354930,52,0,User
1354955,12,1,User
1354853,12,1,User
1354754,12,1,User
1355022,43,0,User
1355125,28,0,User
1355251,12,0,User
1355253,12,1,User
1355229,50,0,User
1355258,53,1,User
1355372,84,1,User
1355362,12,0,User
1355353,12,0,User
1355435,14,0,User
1355466,12,0,User
1355538,12,0,User
1355494,55,0,User
1355427,71,0,User
1355515,12,0,User
1355596,59,0,User
1355575,12,0,User
1355734,12,1,User
1355708,31,0,User
1355720,12,0,User
1355722,12,1,User
1355711,41,0,User
1355767,19,1,User
1355744,12,0,User
1355668,12,0,User
1355942,12,0,User
1355945,62,0,User
1355887,12,0,User
1355954,12,0,User
1356079,50,1,User
1356104,12,1,User
1356280,12,1,User
1356131,50,0,User
1356511,12,0,User
1356484,12,1,User
1356594,26,0,User
1356566,71,1,User
1356606,12,0,User
1356577,55,1,User
1356539,14,1,User
1356637,12,1,User
1356652,36,0,User
1356712,47,1,User
1356813,40,0,User
1356671,12,1,User
1356744,12,0,User
1356832,16,1,User
1356834,48,0,User
1356850,34,0,User
1356809,12,1,User
1356916,12,1,User
1356890,40,1,User
1356681,12,1,User
1356936,12,0,User
1356923,12,0,User
1357039,71,1,User
1356958,57,1,User
1357127,64,0,User
1357187,21,1,User
1357232,60,1,User
1357336,55,0,User
1357293,71,1,User
1357324,38,1,User
1357327,48,0,User
1357298,12,0,User
1357379,12,0,User
1357259,14,0,User
1357467,12,0,User
1357521,66,0,User
1357525,71,1,User
1357544,12,1,User
1357669,71,1,User
1357647,12,1,User
1357716,71,1,User
1357759,60,1,User
1357650,38,0,User
1357690,36,1,User
1357680,12,0,User
1357764,62,1,User
1357751,69,1,User
1357855,12,1,User
1357997,12,1,User
1357873,12,0,User
1357942,12,0,User
1358046,71,1,User
1357987,12,1,User
1358060,12,1,User
1358084,12,0,User
1358195,64,1,User
1358255,28,1,User
1358316,12,0,User
1358330,12,1,User
1358416,66,0,User
1358219,12,0,User
1358442,12,1,User
1358457,12,1,User
1358487,62,1,User
1358581,12,0,User
1358556,38,0,User
1358627,52,1,User
1358548,38,0,User
1358578,38,1,User
1358702,12,1,User
1358720,50,1,User
1358654,12,1,User
1358777,12,1,User
1358681,36,0,User
1358684,17,0,User
1358685,21,1,User
1358818,43,0,User
1358915,24,0,User
1358958,12,1,User
1358960,72,1,User
1358835,33,1,User
1358873,72,0,User
1359016,43,1,User
1359136,60,1,User
1359066,17,0,User
1359073,64,1,User
1359164,40,1,User
1359090,12,1,User
1359292,12,1,User
1359453,12,0,User
1359455,40,1,User
1359471,66,0,User
1359512,74,0,User
1359541,12,1,User
1359545,12,1,User
1359635,12,0,User
1359676,12,0,User
1359723,43,0,User
1359554,67,0,User
1359778,12,1,User
1359801,22,1,User
1359830,12,0,User
1359906,21,1,User
1359791,12,1,User
1359854,34,1,User
1359792,53,1,User
1359765,14,1,User
1359869,50,1,User
1359971,12,0,User
1360057,12,1,User
1360127,12,0,User
1360108,12,1,User
1360174,34,1,User
1360262,34,1,User
1360263,12,1,User
1360307,12,1,User
1360367,71,0,User
1360368,71,1,User
1360339,67,0,User
1360441,12,1,User
1360359,53,0,User
1360347,52,0,User
1360349,12,1,User
1360461,12,1,User
1360508,12,1,User
1360509,76,1,User
1360511,34,1,User
1360636,40,1,User
1360584,14,0,User
1360714,14,0,User
1360715,36,1,User
1360729,60,0,User
1360676,52,1,User
1360789,22,1,User
1360724,12,1,User
1360793,12,0,User
1360864,29,1,User
1360830,12,1,User
1360980,57,1,User
1360998,64,0,User
1361033,12,1,User
1360931,31,1,User
1361017,14,0,User
1361065,12,1,User
1361147,38,0,User
1361124,48,0,User
1361166,52,1,User
1361281,12,1,User
1361154,12,1,User
1361270,19,0,User
1361276,40,0,User
1361277,34,0,User
1361347,62,0,User
1361295,12,0,User
1361416,60,0,User
1361366,47,0,User
1361393,12,1,User
1361540,12,0,User
1361559,47,0,User
1361627,12,1,User
1361518,12,1,User
1361587,12,0,User
1361732,66,0,User
1361593,12,1,User
1361810,12,1,User
1361856,12,0,User
1361962,55,0,User
1362034,66,1,User
1362116,48,0,User
1362138,67,0,User
1362216,12,1,User
1362222,43,0,User
1362363,21,0,User
1362364,12,1,User
1362389,12,1,User
1362497,60,1,User
1362390,67,1,User
1362558,12,0,User
1362503,41,0,User
1362560,67,1,User
1362610,43,1,User
1362661,50,1,User
1362612,12,0,User
1362551,62,0,User
1362755,12,1,User
1362641,12,1,User
1362740,12,1,User
1362772,34,0,User
1362702,67,0,User
1362744,47,0,User
1362904,21,1,User
1362905,71,0,User
1362893,29,1,User
1362975,34,1,User
1363120,69,1,User
1363221,81,1,User
1363225,12,0,User
1363265,12,1,User
1363169,12,0,User
1363229,21,0,User
1363155,59,1,User
1363325,12,1,User
1363353,12,1,User
1363288,12,0,User
1363248,60,0,User
1363401,57,1,User
1363405,12,0,User
1363436,12,1,User
1363491,12,1,User
1363511,12,0,User
1363569,12,0,User
1363560,47,0,User
1363540,12,0,User
1363682,22,1,User
1363659,66,1,User
1363676,12,0,User
1363680,60,0,User
1363737,12,1,User
1363798,12,0,User
1363743,14,1,User
1363868,12,0,User
1363872,53,0,User
1363997,34,0,User
1363984,72,1,User
1363932,12,1,User
1364005,40,0,User
1364007,59,0,User
1364052,12,0,User
1364082,12,1,User
1364127,14,0,User
1364140,52,1,User
1364281,12,0,User
1363991,12,0,User
1364330,12,1,User
1364186,60,0,User
1364290,14,0,User
1364372,31,0,User
1364348,62,0,User
1364447,62,0,User
1364506,33,1,User
1364437,22,0,User
1364469,69,0,User
1364603,66,0,User
1364430,64,0,User
1364501,28,0,User
1364622,43,0,User
1364701,12,0,User
1364666,69,0,User
1364778,16,1,User
1364713,12,0,User
1364808,67,1,User
1364798,14,1,User
1364756,12,1,User
1364801,74,0,User
1364828,64,0,User
1364855,53,0,User
1364846,12,0,User
1364942,71,0,User
1364988,26,1,User
1365004,69,0,User
1365005,22,0,User
1365121,12,0,User
1365041,55,0,User
1365012,12,1,User
1365166,12,0,User
1365127,21,0,User
1364985,12,0,User
1365144,43,0,User
1365206,12,0,User
1365318,12,1,User
1365285,22,0,User
1365393,53,0,User
1365456,12,0,User
1365370,12,0,User
1365327,40,1,User
1365416,14,1,User
1365358,67,1,User
1365450,41,1,User
1365404,57,0,User
1365405,12,1,User
1365588,12,1,User
1365548,62,1,User
1365430,43,1,User
1365524,14,0,User
1365565,12,1,User
1365661,12,0,User
1365692,12,1,User
1365706,59,0,User
1365781,43,0,User
1365799,12,1,User
1365771,33,1,User
1365743,12,1,User
1365687,12,0,User
1365789,12,1,User
1365715,59,0,User
1366023,38,1,User
1366042,76,0,User
1365836,12,0,User
1366082,12,1,User
1366056,12,1,User
1366011,14,0,User
1366000,12,1,User
1366085,12,1,User
1366101,17,1,User
1366003,12,1,User
1366131,29,0,User
1366089,12,1,User
1366158,12,1,User
1366064,12,1,User
1366155,71,1,User
1366018,33,0,User
1366185,64,1,User
1366308,34,1,User
1366119,12,0,User
1366266,12,1,User
1366225,12,0,User
1366227,40,0,User
1366212,12,0,User
1366199,12,1,User
1366285,12,0,User
1366300,62,0,User
1366420,16,1,User
1366517,57,1,User
1366425,64,0,User
1366468,12,0,User
1366510,12,1,User
1366539,69,0,User
1366712,12,0,User
1366807,33,0,User
1366827,12,1,User
1366798,60,0,User
1366864,41,0,User
1366908,66,0,User
1366899,12,1,User
1366858,72,0,User
1366871,48,1,User
1367032,12,1,User
1367066,19,0,User
1367128,69,1,User
1367217,12,0,User
1367231,41,0,User
1367260,36,0,User
1367361,12,0,User
1367348,12,1,User
1367336,12,0,User
1367462,57,0,User
1367463,48,0,User
1367426,12,1,User
1367438,33,0,User
1367518,60,0,User
1367534,59,1,User
1367628,31,1,User
1367548,12,0,User
1367593,12,0,User
1367733,12,0,User
1367765,34,1,User
1367793,43,1,User
1367807,12,0,User
1367729,12,1,User
1367842,12,1,User
1367885,12,0,User
1367608,16,1,User
1367908,55,1,User
1368006,26,0,User
1368167,48,1,User
1368154,14,0,User
1368200,31,1,User
1368173,12,0,User
1368119,59,1,User
1368203,12,0,User
1368266,12,1,User
1368305,50,0,User
1368255,14,0,User
1368354,36,1,User
1368453,12,1,User
1368481,12,1,User
1368499,50,0,User
1368507,47,1,User
1368608,12,0,User
1368693,59,0,User
1368723,12,0,User
1368645,12,0,User
1368856,12,0,User
1368859,62,0,User
1368866,62,1,User
1368907,38,0,User
1368921,64,0,User
1368765,12,1,User
1368749,50,1,User
1368884,74,1,User
1368885,12,1,User
1369008,12,0,User
1368998,26,0,User
1369144,34,0,User
1369089,12,1,User
1369190,36,1,User
1369108,71,1,User
1369160,12,0,User
1369175,71,1,User
1369176,57,0,User
1369266,36,1,User
1369240,43,1,User
1369367,53,0,User
1369473,31,0,User
1369334,60,1,User
1369454,12,1,User
1369484,66,1,User
1369580,71,1,User
1369588,45,1,User
1369515,67,1,User
1369711,60,0,User
1369683,12,1,User
1369634,12,0,User
1369867,12,1,User
1369952,12,0,User
1369924,12,1,User
1369910,47,0,User
1369828,50,0,User
1370041,12,1,User
1370072,12,0,User
1370047,71,1,User
1370077,38,0,User
1370023,62,1,User
1370092,33,1,User
1370068,45,0,User
1370207,43,0,User
1370151,53,0,User
1370168,12,1,User
1370326,17,0,User
1370371,12,0,User
1370328,62,0,User
1370387,12,0,User
1370389,12,1,User
1370422,62,1,User
1370202,12,1,User
1370414,69,0,User
1370427,62,1,User
1370469,57,1,User
1370509,66,1,User
1370315,12,1,User
1370514,24,0,User
1370317,41,0,User
1370529,12,1,User
1370646,67,1,User
1370703,12,0,User
1370696,66,1,User
1370750,12,1,User
1370808,12,1,User
1370712,67,0,User
1370755,12,0,User
1370913,12,0,User
1370891,12,1,User
1370856,12,1,User
1370894,12,1,User
1371044,62,1,User
1370980,66,0,User
1371127,71,1,User
1371246,55,1,User
1371210,69,1,User
1371307,47,1,User
1371334,31,1,User
1371263,33,0,User
1371407,33,1,User
1371328,62,1,User
1371343,64,0,User
1371472,12,1,User
1371528,47,0,User
1371516,12,0,User
1371586,59,0,User
1371494,12,1,User
1371509,12,1,User
1371523,12,1,User
1371631,34,0,User
1371584,62,0,User
1371595,33,1,User
1371649,16,1,User
1371598,12,1,User
1371729,12,1,User
1371811,16,0,User
1371710,57,0,User
1371787,64,1,User
1371803,12,0,User
1371806,57,1,User
1371868,36,0,User
1372015,12,1,User
1371945,12,0,User
1372064,12,0,User
1372094,12,0,User
1372042,12,0,User
1372110,22,0,User
1371928,12,0,User
1372251,12,0,User
1372281,69,0,User
1372214,67,0,User
1372230,12,1,User
1372271,12,1,User
1372441,40,1,User
1372443,53,0,User
1372455,12,0,User
1372533,64,0,User
1372469,47,1,User
1372654,12,0,User
1372650,24,0,User
1372848,52,0,User
1372891,12,0,User
1372822,12,1,User
1372811,69,1,User
1372863,71,1,User
1372923,59,0,User
1372898,71,0,User
1372874,12,1,User
1372917,16,0,User
1373191,67,0,User
1373229,67,0,User
1373255,41,0,User
1373274,12,0,User
1373328,12,0,User
1373304,69,1,User
1373356,12,0,User
1373262,66,1,User
1373414,64,0,User
1373429,43,0,User
1373548,71,0,User
1373456,12,0,User
1373621,12,0,User
1373776,12,0,User
1373648,16,1,User
1373693,12,1,User
1373898,12,0,User
1373772,12,1,User
1373891,12,1,User
1373991,14,1,User
1374092,12,1,User
1374109,12,0,User
1374151,14,1,User
1373983,47,1,User
1374227,62,0,User
1374163,12,0,User
1374248,60,0,User
1374451,12,1,User
1374356,12,1,User
1374439,47,1,User
1374413,12,1,User
1374401,12,1,User
1374484,12,0,User
1374541,12,1,User
1374586,71,0,User
1374535,14,1,User
1374563,12,0,User
1374656,52,1,User
1374599,12,1,User
1374689,71,0,User
1374826,48,1,User
1374892,12,0,User
1374877,53,1,User
1374807,57,0,User
1374868,48,1,User
1374966,12,0,User
1375082,12,0,User
1375020,12,0,User
1375089,12,1,User
1375190,36,1,User
1375204,12,0,User
1375192,12,1,User
1375063,53,1,User
1375370,12,1,User
1375426,12,0,User
1375402,60,1,User
1375375,12,1,User
1375379,52,0,User
1375486,12,0,User
1375533,12,0,User
1375349,50,1,User
1375514,12,0,User
1375587,12,1,User
1375570,45,0,User
1375572,40,0,User
1375659,24,0,User
1375633,12,0,User
1375816,24,0,User
1375724,48,1,User
1375694,59,0,User
1375804,14,0,User
1375892,12,1,User
1375906,12,1,User
1375824,62,1,User
1375883,57,0,User
1375766,12,1,User
1375937,12,0,User
1375970,66,1,User
1376031,62,1,User
1376018,12,1,User
1376106,47,0,User
1376132,57,1,User
1376083,53,0,User
1376085,69,1,User
1376124,12,0,User
1376157,12,0,User
1376173,71,1,User
1376141,41,0,User
1376257,12,1,User
1376272,12,1,User
1376244,34,1,User
1376298,12,0,User
1376261,16,1,User
1376327,12,0,User
1376246,19,0,User
1376304,29,0,User
1376405,19,0,User
1376498,12,0,User
1376515,12,1,User
1376641,59,1,User
1376571,12,1,User
1376590,12,0,User
1376624,12,0,User
1376749,62,0,User
1376778,67,0,User
1376852,59,0,User
1376889,12,1,User
1376903,29,0,User
1376923,62,0,User
1377022,17,0,User
1377045,12,1,User
1377055,26,1,User
1377157,59,0,User
1377256,60,0,User
1377274,52,1,User
1377223,12,0,User
1377224,41,1,User
1377135,43,1,User
1377313,12,0,User
1377370,12,0,User
1377511,12,1,User
1377646,12,1,User
1377479,12,1,User
1377554,59,0,User
1377651,33,0,User
1377783,67,0,User
1377749,12,1,User
1377811,12,1,User
1377810,12,1,User
1377904,12,1,User
1377836,47,1,User
1377900,48,0,User
1378098,12,0,User
1378073,12,0,User
1378133,29,0,User
1378090,12,1,User
1378205,52,0,User
1378152,12,1,User
1378189,36,0,User
1378063,12,0,User
1378234,12,1,User
1378323,12,0,User
1378239,12,1,User
1378295,69,1,User
1378243,53,0,User
1378328,40,0,User
1378353,47,1,User
1378397,12,0,User
1378304,14,0,User
1378429,60,1,User
1378184,14,1,User
1378536,17,0,User
1378523,12,1,User
1378593,14,0,User
1378621,12,0,User
1378393,12,1,User
1378655,71,0,User
1378641,12,0,User
1378744,52,0,User
1378802,62,0,User
1378615,12,0,User
1378751,12,1,User
1378804,12,0,User
1378805,12,1,User
1378908,12,1,User
1378824,12,1,User
1378895,48,1,User
1378856,36,1,User
1378951,41,0,User
1379045,12,0,User
1378871,12,1,User
1379081,12,1,User
1379211,29,1,User
1379202,52,0,User
1379356,12,0,User
1379235,71,1,User
1379317,60,0,User
1379346,66,0,User
1379389,14,0,User
1379552,12,0,User
1379454,55,0,User
1379537,12,1,User
1379571,36,1,User
1379533,12,1,User
1379517,12,1,User
1379397,36,1,User
1379578,12,0,User
1379734,12,1,User
1379723,69,0,User
1379751,14,0,User
1379853,12,0,User
1379882,12,1,User
1379828,12,0,User
1379941,12,1,User
1379920,16,0,User
1379998,24,0,User
1380025,12,1,User
1379999,50,0,User
1380012,12,1,User
1379879,12,1,User
1380034,71,0,User
1380035,14,0,User
1380174,48,1,User
1380111,12,0,User
1380115,14,1,User
1380207,12,0,User
1380287,12,0,User
1380180,66,1,User
1380274,12,1,User
1380340,12,1,User
1380436,14,1,User
1380327,62,0,User
1380403,12,0,User
1380519,16,0,User
1380570,74,0,User
1380615,12,1,User
1380596,12,1,User
1380695,19,1,User
1380738,12,1,User
1380670,12,0,User
1380739,12,0,User
1380711,47,0,User
1380697,12,0,User
1380769,50,0,User
1380675,31,0,User
1380832,12,1,User
1380874,14,0,User
1380775,12,1,User
1380805,28,1,User
1380750,12,1,User
1380932,64,1,User
1380967,60,1,User
1380915,16,0,User
1381053,12,0,User
1380690,24,1,User
1380983,69,0,User
1381262,16,0,User
1381180,12,1,User
1381295,12,1,User
1381200,50,0,User
1381286,12,0,User
1381289,12,1,User
1381305,45,0,User
1381441,12,1,User
1381376,47,0,User
1381386,12,1,User
1381212,12,0,User
1381333,12,0,User
1381423,12,0,User
1381228,12,1,User
1381493,38,1,User
1381597,28,1,User
1381582,71,1,User
1381601,14,0,User
1381732,22,1,User
1381705,64,1,User
1381848,52,1,User
1381769,50,0,User
1381883,60,1,User
1381857,69,0,User
1381838,12,1,User
1381799,62,0,User
1381650,12,1,User
1382113,40,0,User
1382252,12,0,User
1382281,33,1,User
1382212,12,0,User
1382271,52,0,User
1382286,33,0,User
1382302,60,0,User
1382258,12,1,User
1382185,19,0,User
1382231,16,1,User
1382219,29,1,User
1382365,66,1,User
1382461,22,1,User
1382427,33,1,User
1382456,24,0,User
1382525,38,1,User
1382410,19,1,User
1382602,12,0,User
1382717,29,0,User
1382682,12,1,User
1382799,12,0,User
1382872,29,1,User
1382916,52,1,User
1382802,45,1,User
1382895,14,0,User
1382829,12,1,User
1382804,12,1,User
1383017,12,1,User
1383004,12,0,User
1382947,12,0,User
1382950,43,1,User
1383037,48,1,User
1382788,12,0,User
1383015,12,1,User
1382997,12,1,User
1383302,12,1,User
1383332,59,1,User
1383310,72,0,User
1383401,12,0,User
1383327,29,1,User
1383432,12,0,User
1383480,12,1,User
1383576,66,1,User
1383595,57,1,User
1383761,12,1,User
1383832,14,1,User
1383659,12,1,User
1383919,48,1,User
1383822,12,1,User
1383927,12,1,User
1383951,12,1,User
1383996,12,1,User
1384014,12,1,User
1384018,17,1,User
1384114,52,0,User
1384004,45,0,User
1384278,69,0,User
1384258,12,1,User
1384459,12,0,User
1384349,14,0,User
1384433,12,1,User
1384375,12,0,User
1384487,67,0,User
1384482,12,1,User
1384548,12,0,User
1384470,12,1,User
1384454,52,1,User
1384552,29,0,User
1384613,12,1,User
1384644,12,0,User
1384587,12,1,User
1384635,12,0,User
1384773,12,1,User
1384788,12,0,User
1384833,12,1,User
1384797,12,0,User
1384759,14,1,User
1384856,12,1,User
1384966,57,0,User
1384985,12,0,User
1384944,55,0,User
1385032,47,1,User
1385009,36,1,User
1384902,12,0,User
1385049,12,1,User
1385102,12,0,User
1385054,66,0,User
1385136,12,0,User
1385210,12,0,User
1385224,67,0,User
1385173,12,0,User
1385068,60,0,User
1385261,12,1,User
1385346,40,1,User
1385307,43,0,User
1385380,67,0,User
1385463,71,1,User
1385454,31,0,User
1385484,71,0,User
1385524,12,1,User
1385582,12,0,User
1385600,12,0,User
1385643,12,1,User
1385701,12,1,User
1385722,12,1,User
1385747,12,1,User
1385748,31,0,User
1385670,62,0,User
1385625,12,0,User
1385810,12,1,User
1385783,12,0,User
1385911,66,0,User
1385856,41,1,User
1385915,12,1,User
1385920,66,0,User
1385903,53,1,User
1385949,12,0,User
1386062,67,0,User
1385980,41,1,User
1386120,24,0,User
1386189,66,0,User
1386248,72,0,User
1386354,12,1,User
1386429,12,0,User
1386444,55,1,User
1386419,40,1,User
1386492,55,0,User
1386449,53,1,User
1386523,12,0,User
1386373,12,0,User
1386640,48,0,User
1386773,16,1,User
1386733,26,0,User
1386885,12,1,User
1387052,69,0,User
1387157,74,1,User
1387019,12,0,User
1387047,12,1,User
1387172,12,1,User
1387078,12,0,User
1387174,53,0,User
1387231,12,0,User
1387122,69,0,User
1387191,53,1,User
1387278,12,1,User
1387382,48,0,User
1387397,55,1,User
1387301,33,0,User
1387357,12,0,User
1387371,12,0,User
1387333,12,1,User
1387377,19,1,User
1387335,12,0,User
1387447,69,0,User
1387504,12,1,User
1387439,60,1,User
1387440,33,0,User
1387499,12,0,User
1387622,64,0,User
1387654,24,0,User
1387410,69,0,User
1387727,71,0,User
1387543,14,1,User
1387757,12,1,User
1387674,14,0,User
1387736,12,0,User
1387839,69,1,User
1387909,12,0,User
1387779,12,1,User
1387998,12,1,User
1387919,12,0,User
1387762,12,1,User
1388049,12,1,User
1388123,12,1,User
1388213,26,1,User
1388342,12,1,User
1388372,12,0,User
1388274,12,0,User
1388560,12,1,User
1388646,48,0,User
1388672,57,0,User
1388535,69,0,User
1388625,21,0,User
1388795,67,1,User
1388725,12,1,User
1388834,12,0,User
1388921,12,1,User
1388895,12,1,User
1388773,12,0,User
1388775,17,0,User
1388845,12,1,User
1389025,12,1,User
1389045,12,0,User
1389196,36,1,User
1388963,12,1,User
1389230,66,1,User
1389147,40,0,User
1389317,16,1,User
1389150,66,0,User
1389318,12,0,User
1389253,12,0,User
1389210,22,1,User
1389346,47,1,User
1389278,14,1,User
1389310,12,0,User
1389395,12,0,User
1389191,71,0,User
1389592,12,0,User
1389661,21,0,User
1389634,12,1,User
1389617,12,0,User
1389649,12,1,User
1389698,12,0,User
1389714,12,0,User
1389552,34,1,User
1389704,12,1,User
1389687,12,0,User
1389761,52,0,User
1389762,12,1,User
1389744,34,0,User
1389872,14,0,User
1389902,12,0,User
1389750,24,0,User
1389839,12,0,User
1389854,57,0,User
1389949,12,1,User
1389898,14,1,User
1389899,71,1,User
1389900,34,1,User
1389773,38,0,User
1390053,60,1,User
1390096,45,1,User
1389922,12,1,User
1389977,12,0,User
1389944,12,0,User
1390071,12,0,User
1390050,12,1,User
1390093,64,0,User
1390139,12,1,User
1390193,12,1,User
1390168,12,0,User
1390250,64,1,User
1390251,12,0,User
1390291,12,1,User
1390183,26,0,User
1390109,47,0,User
1390336,12,1,User
1390080,12,1,User
1390361,17,0,User
1390401,12,1,User
1390393,12,0,User
1390424,12,1,User
1390549,12,1,User
1390454,53,1,User
1390467,12,1,User
1390565,12,0,User
1390577,12,0,User
1390606,12,1,User
1390621,71,1,User
1390483,12,1,User
1390436,12,0,User
1390651,12,1,User
1390515,12,1,User
1390571,71,1,User
1390646,71,1,User
1390728,12,1,User
1390669,12,0,User
1390440,12,1,User
1390725,12,0,User
1390833,12,0,User
1390807,12,0,User
1390866,69,0,User
1390893,12,0,User
1390908,66,1,User
1390650,62,1,User
1390931,71,1,User
1390855,12,1,User
1390798,12,0,User
1391023,60,0,User
1391150,12,1,User
1391176,12,1,User
1391008,12,1,User
1391179,12,1,User
1391239,12,0,User
1391069,12,0,User
1391204,66,0,User
1391220,12,0,User
1391308,12,0,User
1391411,66,0,User
1391551,72,0,User
1391487,12,1,User
1391617,59,1,User
1391547,48,1,User
1391658,67,0,User
1391702,12,1,User
1391459,12,1,User
1391822,62,1,User
1391714,12,0,User
1391753,69,0,User
1391912,14,1,User
1391818,12,1,User
1391579,12,1,User
1391916,16,0,User
1392001,12,1,User
1391865,45,1,User
1392020,12,1,User
1391923,12,1,User
1392022,12,1,User
1391891,12,0,User
1392032,17,1,User
1391834,21,0,User
1392039,31,1,User
1392109,34,1,User
1392096,12,1,User
1392045,60,1,User
1392075,19,0,User
1392214,12,0,User
1392218,12,1,User
1391970,12,0,User
1392232,12,1,User
1392265,12,1,User
1392393,12,0,User
1392381,12,0,User
1392412,12,1,User
1392527,12,0,User
1392149,12,1,User
1392582,12,1,User
1392546,28,0,User
1392548,12,1,User
1392624,12,0,User
1392683,12,1,User
1392788,12,0,User
1392702,12,0,User
1392759,31,0,User
1392888,28,0,User
1392961,12,0,User
1392837,62,1,User
1392978,12,1,User
1393053,12,0,User
1393013,16,0,User
1393068,50,0,User
1393002,34,0,User
1392929,52,1,User
1393018,12,1,User
1393098,48,0,User
1393158,47,1,User
1393135,12,0,User
1393163,17,1,User
1392862,14,1,User
1392863,38,1,User
1393104,64,0,User
1393342,16,1,User
1393426,12,0,User
1393399,12,0,User
1393061,12,1,User
1393365,14,1,User
1393580,12,0,User
1393596,12,0,User
1393637,12,0,User
1393638,67,0,User
1393654,62,0,User
1393712,12,1,User
1393692,12,1,User
1393745,53,1,User
1393776,71,1,User
1393792,41,1,User
1393841,12,1,User
1393857,12,1,User
1393860,12,0,User
1394000,66,1,User
1393978,12,1,User
1394002,74,0,User
1394087,12,0,User
1394077,26,1,User
1394066,12,0,User
1394152,12,0,User
1394082,12,1,User
1394194,22,1,User
1393905,16,0,User
1394253,12,1,User
1394247,12,0,User
1394293,12,1,User
1394365,31,1,User
1394600,64,1,User
1394516,12,0,User
1394547,69,1,User
1394719,12,0,User
1394693,50,0,User
1394694,16,1,User
1394795,69,1,User
1394852,12,1,User
1394945,14,1,User
1394948,71,0,User
1394922,22,1,User
1394952,12,0,User
1394954,62,0,User
1394939,55,1,User
1395073,50,0,User
1395274,12,0,User
1395288,62,1,User
1395306,36,1,User
1395422,67,0,User
1395309,12,0,User
1395395,12,0,User
1395427,12,0,User
1395455,12,0,User
1395470,12,0,User
1395530,12,0,User
1395536,12,1,User
1395523,64,0,User
1395635,12,0,User
1395600,64,0,User
1395712,64,0,User
1395715,28,0,User
1395680,12,1,User
1395681,47,0,User
1395733,47,1,User
1395796,12,0,User
1395465,16,0,User
1395585,62,0,User
1395650,55,0,User
1395623,12,0,User
1395844,55,0,User
1395629,12,0,User
1395793,47,0,User
1395630,12,1,User
1395870,14,1,User
1395750,71,0,User
1396037,12,1,User
1395983,36,0,User
1396114,59,1,User
1396115,28,0,User
1396139,55,1,User
1395930,12,1,User
1396174,45,1,User
1396109,12,0,User
1396148,14,1,User
1396225,57,1,User
1396181,12,1,User
1396314,12,0,User
1396433,12,0,User
1396362,12,0,User
1396702,47,0,User
1396866,69,1,User
1396904,12,1,User
1397012,16,0,User
1397013,12,0,User
1396917,34,0,User
1396984,12,0,User
1397061,48,0,User
1397004,12,0,User
1397092,33,0,User
1397119,12,1,User
1397111,12,1,User
1397038,12,0,User
1397099,12,1,User
1397221,12,1,User
1397267,12,1,User
1397241,12,0,User
1397268,50,0,User
1397159,12,0,User
1397271,12,1,User
1397160,12,0,User
1397289,72,0,User
1397279,12,0,User
1397390,69,0,User
1397321,12,0,User
1397463,12,1,User
1397453,12,0,User
1397372,52,1,User
1397551,55,1,User
1397486,57,0,User
1397503,12,1,User
1397716,12,0,User
1397624,31,1,User
1397660,57,1,User
1397682,66,1,User
1397750,55,0,User
1397684,12,1,User
1397649,36,1,User
1397806,12,0,User
1397752,69,0,User
1397665,12,0,User
1397812,12,0,User
1397788,12,1,User
1397846,71,0,User
1397900,62,0,User
1397892,12,0,User
1397991,45,0,User
1398000,12,1,User
1398015,34,0,User
1398097,12,0,User
1398188,12,0,User
1398231,12,0,User
1398234,14,0,User
1397970,12,0,User
1398288,12,0,User
1398221,33,1,User
1398270,12,0,User
1398300,67,1,User
1398359,12,1,User
1398526,12,1,User
1398547,26,0,User
1398615,57,1,User
1398509,12,1,User
1398739,22,1,User
1398754,12,0,User
1398727,12,1,User
1398525,12,1,User
1398902,12,0,User
1398675,12,0,User
1398933,12,1,User
1398935,36,1,User
1398938,29,0,User
1398997,12,0,User
1399004,12,0,User
1399005,12,1,User
1399058,12,0,User
1398911,47,0,User
1399089,24,1,User
1399147,12,1,User
1399094,69,0,User
1399223,12,0,User
1399293,69,0,User
1399284,66,0,User
1399427,12,0,User
1399442,12,0,User
1399420,12,1,User
1399406,12,1,User
1399489,12,0,User
1399450,48,0,User
1399425,12,0,User
1399561,71,1,User
1399508,12,0,User
1399576,40,0,User
1399496,45,0,User
1399481,12,0,User
1399734,12,1,User
1399786,55,0,User
1399603,12,0,User
1399765,12,0,User
1399866,66,0,User
1399710,12,1,User
1399922,67,1,User
1399953,19,1,User
1399982,12,1,User
1400000,12,1,User
1399990,12,1,User
1399883,67,0,User
1399887,12,1,User
1400164,12,1,User
1400113,12,1,User
1400141,19,0,User
1400115,29,1,User
1400190,12,1,User
1400233,40,0,User
1400305,12,1,User
1400306,22,1,User
1400418,12,0,User
1400495,12,1,User
1400496,12,1,User
1400567,21,0,User
1400530,43,0,User
1400561,12,0,User
1400672,12,0,User
1400676,12,1,User
1400705,36,1,User
1400711,67,0,User
1400607,12,0,User
1400608,69,1,User
1400774,38,0,User
1400868,19,0,User
1400875,53,0,User
1400880,71,0,User
1400802,12,1,User
1401036,38,1,User
1400907,43,0,User
1401153,12,0,User
1401096,12,0,User
1401101,59,0,User
1401174,36,0,User
1401128,53,1,User
1400997,12,0,User
1401288,52,0,User
1401294,60,0,User
1401394,12,0,User
1401501,69,1,User
1401420,12,0,User
1401461,12,1,User
1401513,12,1,User
1401557,72,0,User
1401510,71,0,User
1401647,12,0,User
1401691,50,1,User
1401390,55,1,User
1401724,64,0,User
1401717,12,0,User
1401719,41,0,User
1401733,12,0,User
1401735,50,1,User
1401917,12,1,User
1401889,55,0,User
1401882,12,1,User
1401852,12,0,User
1401948,71,0,User
1402081,12,1,User
1402073,12,1,User
1401958,67,0,User
1402206,12,0,User
1402222,12,1,User
1402279,12,0,User
1402311,12,1,User
1402151,12,1,User
1402301,12,1,User
1402240,12,1,User
1402463,12,0,User
1402393,12,0,User
1402524,53,0,User
1402550,57,1,User
1402556,29,1,User
1402501,71,0,User
1402629,45,1,User
1402589,50,0,User
1402673,50,0,User
1402658,12,1,User
1402678,60,0,User
1402680,59,1,User
1402558,72,0,User
1402728,71,0,User
1402743,12,0,User
1402709,12,0,User
1402803,48,0,User
1402648,12,0,User
1402769,12,0,User
1402771,43,0,User
1402748,12,1,User
1402972,12,0,User
1402605,67,1,User
1403007,29,0,User
1403014,62,0,User
1402900,12,1,User
1403032,62,0,User
1403226,12,0,User
1403166,12,0,User
1403244,48,1,User
1402946,29,0,User
1403280,59,0,User
1402952,66,1,User
1402916,12,0,User
1403376,47,0,User
1403424,14,1,User
1403450,12,0,User
1403278,12,0,User
1403279,14,1,User
1403474,12,1,User
1403607,12,0,User
1403631,12,1,User
1403741,62,1,User
1403754,12,0,User
1403798,12,0,User
1403854,64,0,User
1403904,12,1,User
1403934,38,1,User
1403936,38,1,User
1403941,14,0,User
1404050,12,0,User
1404072,12,0,User
1404086,12,1,User
1404155,12,1,User
1404246,12,0,User
1404363,12,0,User
1404377,12,1,User
1404433,12,0,User
1404458,12,1,User
1404478,60,0,User
1404520,57,0,User
1404530,53,1,User
1404567,14,0,User
1404570,12,0,User
1404590,12,0,User
1404603,16,0,User
1404617,12,0,User
1404666,12,0,User
1404693,12,0,User
1404810,67,0,User
1404878,62,1,User
1404910,12,0,User
1404914,12,0,User
1404954,12,1,User
1405007,12,0,User
1405048,71,1,User
1405096,69,0,User
1405141,12,1,User
1405152,12,0,User
1405218,72,0,User
1405225,14,0,User
1405248,16,0,User
1405267,21,0,User
1405270,67,0,User
1405276,12,1,User
1405288,47,0,User
1405323,12,0,User
1405338,12,1,User
1405344,12,1,User
1405378,34,1,User
1405405,12,0,User
1405409,48,0,User
1405412,60,1,User
1405439,59,0,User
1405458,36,0,User
1405463,71,0,User
1405495,59,0,User
1405503,12,0,User
1405555,47,0,User
1405584,12,0,User
1405587,12,1,User
1405644,12,0,User
1405655,71,0,User
1405670,24,0,User
1405703,12,0,User
1405745,12,0,User
1405749,12,0,User
1405763,12,0,User
1405797,31,0,User
1405803,41,1,User
1405878,12,0,User
1405896,12,0,User
1405915,12,1,User
1405920,12,0,User
1405944,62,1,User
1405971,12,0,User
1406062,12,0,User
1406172,16,0,User
1406191,12,1,User
1406234,47,1,User
1406280,12,0,User
1406326,57,0,User
1406361,40,0,User
1406364,31,0,User
1406368,12,1,User
1406412,47,1,User
1406426,34,0,User
1406467,41,1,User
1406491,38,1,User
1406499,12,1,User
1406507,34,0,User
1406540,48,1,User
1406618,67,0,User
1406629,14,0,User
1406646,12,1,User
1406705,12,1,User
1406721,12,0,User
1406729,31,0,User
1406737,12,1,User
1406770,12,0,User
1406881,67,1,User
1406882,52,1,User
1406917,12,1,User
1406987,12,0,User
1406998,71,0,User
1407006,12,0,User
1407103,12,1,User
1407105,12,1,User
1407132,12,0,User
1407188,71,1,User
1407256,57,1,User
1407285,12,1,User
1407307,12,0,User
1407365,12,0,User
1407372,12,0,User
1407385,22,0,User
1407403,43,1,User
1407408,17,0,User
1407422,64,1,User
1407485,55,1,User
1407537,33,0,User
1407631,12,1,User
1407633,48,0,User
1407730,12,1,User
1407765,28,1,User
1407767,12,1,User
1407842,26,0,User
1407957,12,0,User
1408089,14,1,User
1408144,12,0,User
1408216,48,0,User
1408224,12,1,User
1408242,12,1,User
1408250,12,0,User
1408316,48,1,User
1408479,14,0,User
1408502,12,1,User
1408503,71,0,User
1408531,12,1,User
1408535,29,0,User
1408569,12,1,User
1408612,12,1,User
1408670,36,0,User
1408671,17,1,User
1408678,12,1,User
1408743,12,1,User
1408833,12,0,User
1408847,53,1,User
1408898,57,1,User
1408904,12,0,User
1408926,40,0,User
1408933,12,1,User
1408935,12,1,User
1408953,12,0,User
1408984,12,0,User
1409023,12,0,User
1409081,62,1,User
1409112,19,1,User
1409126,59,1,User
1409154,67,0,User
1409159,12,0,User
1409168,67,1,User
1409227,12,0,User
1409257,34,0,User
1409325,12,1,User
1409348,12,0,User
1409357,57,1,User
1409365,24,1,User
1409378,12,0,User
1409429,12,0,User
1409437,60,0,User
1409462,67,1,User
1409464,16,0,User
1409520,12,1,User
1409537,12,0,User
1409555,12,1,User
1409575,12,0,User
1409676,12,1,User
1409683,47,0,User
1409714,12,0,User
1409737,41,1,User
1409794,50,1,User
1409800,12,0,User
1409832,12,0,User
1409839,12,1,User
1409841,59,0,User
1409842,12,0,User
1409871,31,0,User
1409877,12,1,User
1409899,41,1,User
1409937,36,1,User
1409995,41,0,User
1410024,12,1,User
1410036,12,0,User
1410125,12,1,User
1410142,12,0,User
1410160,12,0,User
1410167,12,0,User
1410227,59,1,User
1410234,12,0,User
1410262,12,1,User
1410347,26,1,User
1410366,57,0,User
1410388,38,1,User
1410394,12,0,User
1410398,12,1,User
1410412,67,0,User
1410456,12,0,User
1410467,12,1,User
1410483,67,1,User
1410516,22,0,User
1410593,14,1,User
1410627,71,1,User
1410674,59,1,User
1410685,71,1,User
1410692,66,0,User
1410786,29,0,User
1410834,28,0,User
1410868,64,0,User
1410916,22,0,User
1410921,12,0,User
1410965,12,1,User
1410985,12,1,User
1411036,12,0,User
1411041,59,0,User
1411057,12,0,User
1411072,12,1,User
1411107,12,0,User
1411118,12,1,User
1411128,12,0,User
1411168,12,1,User
1411183,12,0,User
1411212,71,1,User
1411370,12,0,User
1411395,12,0,User
1411417,12,1,User
1411424,12,0,User
1411485,57,1,User
1411500,12,0,User
1411504,12,0,User
1411507,12,1,User
1411555,28,1,User
1411572,12,1,User
1411583,12,1,User
1411606,12,0,User
1411621,12,1,User
1411751,60,0,User
1411793,12,0,User
1411835,12,1,User
1411848,47,0,User
1411854,12,0,User
1411883,55,0,User
1411896,71,1,User
1411925,66,1,User
1411937,22,0,User
1411943,52,1,User
1411995,71,1,User
1412019,57,0,User
1412052,12,1,User
1412054,12,1,User
1412098,19,1,User
1412126,71,1,User
1412138,33,1,User
1412174,59,0,User
1412190,12,0,User
1412194,12,1,User
1412206,12,0,User
1412278,12,1,User
1412299,26,1,User
1412338,12,0,User
1412346,12,0,User
1412377,71,0,User
1412562,64,0,User
1412591,57,0,User
1412610,12,0,User
1412669,28,0,User
1412742,12,0,User
1412743,59,0,User
1412781,12,0,User
1412822,28,0,User
1412827,12,1,User
1412930,12,1,User
1412938,12,0,User
1413006,60,0,User
1413024,59,0,User
1413057,12,1,User
1413065,69,1,User
1413067,71,0,User
1413083,12,0,User
1413107,43,1,User
1413171,12,0,User
1413237,12,0,User
1413308,12,0,User
1413323,12,1,User
1413386,34,1,User
1413513,17,1,User
1413578,47,1,User
1413603,12,0,User
1413625,52,0,User
1413643,12,1,User
1413670,12,1,User
1413672,53,1,User
1413689,60,1,User
1413715,12,1,User
1413751,60,0,User
1413760,12,1,User
1413764,12,0,User
1413773,57,0,User
1413789,45,1,User
1413793,59,1,User
1413802,24,0,User
1413835,48,0,User
1413840,12,0,User
1413912,43,0,User
1413941,12,1,User
1413945,12,1,User
1413954,57,0,User
1413969,12,0,User
1413971,12,0,User
1414000,38,0,User
1414069,12,0,User
1414070,71,0,User
1414109,64,0,User
1414162,14,0,User
1414179,60,1,User
1414204,12,1,User
1414310,41,1,User
1414382,71,1,User
1414398,19,0,User
1414402,12,0,User
1414409,31,0,User
1414417,12,0,User
1414519,50,1,User
1414579,12,0,User
1414582,69,1,User
1414599,12,1,User
1414652,38,0,User
1414801,12,1,User
1414862,12,0,User
1414940,12,0,User
1414978,12,1,User
1414984,12,1,User
1415015,12,1,User
1415107,12,0,User
1415161,12,1,User
1415196,67,0,User
1415221,67,0,User
1415222,21,1,User
1415225,14,0,User
1415234,12,1,User
1415272,64,0,User
1415304,12,1,User
1415313,62,1,User
1415331,12,1,User
1415387,53,0,User
1415394,12,0,User
1415425,59,0,User
1415489,71,0,User
1415565,64,1,User
1415787,12,0,User
1415825,60,1,User
1415841,12,0,User
1415863,12,0,User
1415986,22,1,User
1416002,43,1,User
1416054,50,0,User
1416088,29,1,User
1416114,12,0,User
1416134,12,0,User
1416141,12,0,User
1416166,12,1,User
1416176,43,0,User
1416180,28,0,User
1416231,12,0,User
1416237,12,0,User
1416263,72,1,User
1416318,12,1,User
1416350,12,1,User
1416390,16,1,User
1416400,12,0,User
1416417,57,1,User
1416423,38,1,User
1416464,12,1,User
1416465,12,1,User
1416478,12,0,User
1416481,12,0,User
1416491,64,1,User
1416497,12,0,User
1416537,41,1,User
1416579,45,0,User
1416583,12,1,User
1416621,12,0,User
1416626,12,1,User
1416647,12,1,User
1416666,12,1,User
1416673,43,0,User
1416702,12,0,User
1416793,12,0,User
1416912,12,1,User
1416928,12,0,User
1417081,12,1,User
1417090,71,0,User
1417119,12,1,User
1417164,67,0,User
1417176,12,1,User
1417193,12,1,User
1417249,12,1,User
1417312,48,1,User
1417351,71,1,User
1417500,60,0,User
1417630,55,1,User
1417660,33,0,User
1417670,12,1,User
1417680,12,1,User
1417770,45,1,User
1417834,12,1,User
1417841,12,0,User
1417872,64,1,User
1417873,36,0,User
1417950,66,0,User
1417973,12,1,User
1417992,12,0,User
1418029,12,0,User
1418161,69,0,User
1418172,12,0,User
1418204,60,0,User
1418259,36,1,User
1418275,17,1,User
1418277,53,1,User
1418342,43,0,User
1418344,12,0,User
1418346,43,0,User
1418376,71,0,User
1418377,26,1,User
1418383,16,1,User
1418437,64,1,User
1418467,50,0,User
1418468,60,1,User
1418470,17,0,User
1418479,12,0,User
1418488,45,0,User
1418550,17,0,User
1418695,36,0,User
1418738,14,0,User
1418753,12,1,User
1418816,72,0,User
1418845,12,1,User
1418897,29,0,User
1418916,12,1,User
1419052,12,0,User
1419057,12,0,User
1419086,43,0,User
1419149,12,1,User
1419207,12,0,User
1419216,59,1,User
1419254,12,0,User
1419269,29,1,User
1419272,71,0,User
1419308,12,0,User
1419339,48,1,User
1419429,12,1,User
1419530,72,1,User
1419586,34,0,User
1419589,60,1,User
1419614,12,1,User
1419627,12,1,User
1419667,67,0,User
1419669,59,0,User
1419701,12,0,User
1419732,66,1,User
1419800,12,1,User
1419905,66,0,User
1419921,12,0,User
1419985,57,0,User
1419995,34,1,User
1420046,12,0,User
1420135,12,0,User
1420157,43,0,User
1420175,12,1,User
1420225,60,0,User
1420273,12,0,User
1420353,16,1,User
1420432,12,0,User
1420489,12,1,User
1420511,12,1,User
1420531,12,0,User
1420558,12,1,User
1420572,31,0,User
1420600,45,0,User
1420619,48,0,User
1420650,50,0,User
1420665,12,0,User
1420698,12,1,User
1420710,59,0,User
1420747,12,0,User
1420893,12,0,User
1420907,12,1,User
1420954,12,0,User
1421001,21,0,User
1421051,12,1,User
1421217,12,0,User
1421291,12,1,User
1421294,60,1,User
1421296,48,1,User
1421311,14,1,User
1421431,12,0,User
1421462,24,0,User
1421542,12,1,User
1421599,12,1,User
1421618,38,0,User
1421641,12,0,User
1421680,12,0,User
1421682,12,1,User
1421710,12,1,User
1421810,12,0,User
1421816,12,1,User
1421822,62,0,User
1421830,12,1,User
1421900,12,1,User
1421902,12,1,User
1421923,48,1,User
1421965,12,0,User
1421983,12,1,User
1422072,12,1,User
1422113,24,0,User
1422150,69,1,User
1422157,12,0,User
1422162,17,1,User
1422225,69,0,User
1422238,47,0,User
1422256,40,0,User
1422281,12,1,User
1422291,53,1,User
1422363,29,0,User
1422397,69,0,User
1422417,12,0,User
1422430,64,1,User
1422574,12,1,User
1422581,62,0,User
1422590,71,1,User
1422602,55,1,User
1422606,12,0,User
1422633,12,0,User
1422638,64,0,User
1422640,12,1,User
1422687,14,1,User
1422690,59,1,User
1422695,12,1,User
1422731,12,1,User
1422746,12,1,User
1422761,12,0,User
1422800,12,1,User
1422812,12,0,User
1422909,57,0,User
1422927,60,1,User
1422958,59,1,User
1423021,12,0,User
1423034,66,0,User
1423179,17,0,User
1423189,16,1,User
1423192,12,1,User
1423205,69,0,User
1423206,57,0,User
1423212,59,1,User
1423331,12,0,User
1423363,12,1,User
1423367,12,0,User
1423386,34,0,User
1423402,12,1,User
1423405,59,0,User
1423519,12,0,User
1423555,12,1,User
1423598,28,0,User
1423603,12,1,User
1423691,57,1,User
1423722,40,1,User
1423725,12,0,User
1423742,52,0,User
1423782,59,0,User
1423808,14,1,User
1423812,12,0,User
1423836,71,0,User
1423877,47,0,User
1423952,14,1,User
1423965,12,0,User
1423982,12,0,User
1423991,31,0,User
1424053,29,0,User
1424100,12,0,User
1424123,12,0,User
1424152,12,0,User
1424162,71,0,User
1424181,16,0,User
1424192,12,0,User
1424247,26,0,User
1424272,14,1,User
1424321,12,0,User
1424409,53,1,User
1424472,12,0,User
1424494,12,1,User
1424502,12,1,User
1424591,12,0,User
1424623,12,1,User
1424644,71,1,User
1424670,12,0,User
1424725,16,0,User
1424755,50,0,User
1424778,72,0,User
1424785,60,0,User
1424788,40,0,User
1424972,12,0,User
1424980,29,0,User
1425133,67,0,User
1425184,29,0,User
1425219,62,1,User
1425309,12,1,User
1425467,66,1,User
1425508,12,1,User
1425571,12,0,User
1425580,12,1,User
1425667,12,0,User
1425673,12,1,User
1425712,69,0,User
1425722,62,0,User
1425751,12,0,User
1425770,31,1,User
1425784,31,0,User
1425789,69,1,User
1425836,50,1,User
1425858,64,1,User
1425887,21,1,User
1425904,66,0,User
1425915,12,1,User
1425931,12,0,User
1425933,12,0,User
1425945,45,1,User
1425947,59,0,User
1425952,12,0,User
1425964,12,0,User
1426046,12,1,User
1426050,53,1,User
1426114,74,1,User
1426122,12,0,User
1426131,71,0,User
1426136,12,1,User
1426138,48,1,User
1426156,12,1,User
1426180,12,0,User
1426218,12,0,User
1426267,24,0,User
1426281,12,0,User
1426363,34,1,User
1426373,12,0,User
1426415,12,1,User
1426419,12,1,User
1426437,29,1,User
1426467,12,1,User
1426482,16,0,User
1426495,22,1,User
1426558,12,1,User
1426564,12,0,User
1426607,12,0,User
1426639,12,0,User
1426670,62,0,User
1426688,12,0,User
1426707,12,0,User
1426710,45,0,User
1426726,12,1,User
1426732,64,0,User
1426747,69,1,User
1426750,52,0,User
1426780,67,0,User
1426790,57,0,User
1426795,12,1,User
1426841,29,0,User
1426853,12,0,User
1426904,12,0,User
1426933,36,0,User
1426943,14,0,User
1426990,64,1,User
1427013,12,0,User
1427067,14,1,User
1427129,48,0,User
1427140,52,1,User
1427146,66,0,User
1427245,12,0,User
1427319,12,0,User
1427332,67,1,User
1427372,64,0,User
1427386,12,0,User
1427390,12,1,User
1427394,12,0,User
1427404,21,0,User
1427463,12,0,User
1427538,14,1,User
1427574,12,0,User
1427600,52,1,User
1427601,40,1,User
1427607,12,1,User
1427619,34,0,User
1427621,64,0,User
1427623,43,0,User
1427738,14,1,User
1427743,62,1,User
1427750,52,1,User
1427757,12,1,User
1427764,16,0,User
1427797,12,0,User
1427799,12,0,User
1427857,24,0,User
1427859,12,0,User
1427872,12,1,User
1427873,60,0,User
1427875,55,1,User
1427890,12,0,User
1427896,50,0,User
1427940,12,0,User
1427947,43,1,User
1427956,67,1,User
1427997,71,0,User
1428078,12,0,User
1428080,21,1,User
1428086,12,1,User
1428126,12,0,User
1428138,67,0,User
1428271,12,1,User
1428349,12,0,User
1428371,14,1,User
1428433,55,1,User
1428453,74,0,User
1428463,64,0,User
1428472,12,0,User
1428511,40,0,User
1428605,12,1,User
1428620,12,1,User
1428638,22,1,User
1428678,12,0,User
1428690,12,1,User
1428692,24,1,User
1428723,41,0,User
1428807,12,0,User
1428817,12,1,User
1428851,12,1,User
1428920,12,0,User
1428981,12,0,User
1429029,59,1,User
1429112,69,1,User
1429147,12,1,User
1429218,26,0,User
1429239,66,1,User
1429411,47,0,User
1429434,55,0,User
1429443,12,0,User
1429460,62,0,User
1429468,12,0,User
1429504,12,0,User
1429522,14,0,User
1429592,64,1,User
1429621,12,0,User
1429632,12,1,User
1429835,12,1,User
1429886,59,0,User
1429940,12,1,User
1429943,60,0,User
1429978,62,0,User
1429999,43,1,User
1430071,12,0,User
1430085,12,0,User
1430091,47,1,User
1430139,24,1,User
1430147,28,1,User
1430149,12,0,User
1430198,12,1,User
1430217,71,1,User
1430245,47,1,User
1430273,12,0,User
1430313,12,0,User
1430339,53,0,User
1430440,12,0,User
1430468,14,0,User
1430471,36,0,User
1430474,12,0,User
1430575,64,0,User
1430599,12,1,User
1430646,12,0,User
1430730,12,1,User
1430792,12,1,User
1430848,12,1,User
1430868,67,0,User
1430929,59,1,User
1431021,12,1,User
1431050,12,0,User
1431077,69,1,User
1431078,12,0,User
1431088,76,0,User
1431115,41,1,User
1431148,12,1,User
1431165,41,0,User
1431223,12,0,User
1431236,12,1,User
1431305,26,1,User
1431383,12,1,User
1431415,12,0,User
1431421,12,0,User
1431482,12,1,User
1431565,22,0,User
1431636,12,1,User
1431662,12,1,User
1431663,41,0,User
1431666,12,0,User
1431694,55,1,User
1431702,29,0,User
1431752,12,1,User
1431760,22,0,User
1431781,12,0,User
1431783,26,0,User
1431843,12,0,User
1431919,12,1,User
1431994,12,0,User
1432022,12,0,User
1432029,12,1,User
1432091,43,1,User
1432097,64,1,User
1432130,29,0,User
1432153,12,0,User
1432252,50,0,User
1432271,62,1,User
1432325,36,1,User
1432329,12,0,User
1432478,60,1,User
1432492,12,1,User
1432551,40,0,User
1432557,12,1,User
1432644,28,0,User
1432657,57,1,User
1432686,47,1,User
1432906,12,0,User
1432973,12,0,User
1432980,21,0,User
1432981,12,1,User
1432992,12,1,User
1433023,12,1,User
1433053,41,0,User
1433109,12,1,User
1433136,12,1,User
1433164,12,0,User
1433179,12,1,User
1433183,12,0,User
1433196,12,0,User
1433220,12,1,User
1433250,12,1,User
1433276,12,0,User
1433359,12,1,User
1433389,12,0,User
1433391,12,0,User
1433436,53,0,User
1433448,12,1,User
1433496,48,0,User
1433545,53,0,User
1433551,50,1,User
1433619,14,1,User
1433632,12,1,User
1433661,12,0,User
1433689,12,1,User
1433706,55,0,User
1433734,12,0,User
1433747,12,0,User
1433856,31,1,User
1433865,17,0,User
1433876,12,0,User
1433981,29,0,User
1434055,12,0,User
1434100,43,0,User
1434115,62,1,User
1434117,48,0,User
1434119,71,0,User
1434129,22,0,User
1434141,12,1,User
1434194,47,1,User
1434206,12,0,User
1434224,28,1,User
1434266,38,0,User
1434273,12,1,User
1434288,12,1,User
1434314,12,1,User
1434330,57,1,User
1434395,12,0,User
1434400,48,1,User
1434405,67,0,User
1434419,12,1,User
1434451,69,1,User
1434482,36,0,User
1434495,12,0,User
1434574,22,1,User
1434582,12,0,User
1434745,12,0,User
1434778,64,1,User
1434785,33,1,User
1434790,67,0,User
1434816,50,1,User
1434827,12,1,User
1434884,12,0,User
1434929,55,0,User
1434938,12,0,User
1434952,66,0,User
1434976,12,0,User
1434983,59,1,User
1434994,69,0,User
1435025,40,0,User
1435062,12,1,User
1435071,26,1,User
1435079,71,0,User
1435121,12,1,User
1435131,47,0,User
1435194,66,1,User
1435219,12,0,User
1435269,57,1,User
1435276,12,0,User
1435278,71,1,User
1435312,12,1,User
1435343,12,1,User
1435466,12,1,User
1435508,12,1,User
1435544,12,1,User
1435567,12,1,User
1435660,12,0,User
1435694,26,0,User
1435698,47,0,User
1435704,62,0,User
1435710,55,0,User
1435766,40,1,User
1435780,12,1,User
1435791,71,1,User
1435849,12,0,User
1435866,60,1,User
1435962,12,0,User
1435976,71,0,User
1436011,14,1,User
1436110,12,1,User
1436127,12,1,User
1436197,64,1,User
1436211,48,0,User
1436280,71,0,User
1436298,59,1,User
1436299,12,1,User
1436342,14,1,User
1436373,36,0,User
1436414,12,1,User
1436437,12,0,User
1436483,12,0,User
1436507,12,0,User
1436558,71,1,User
1436563,72,0,User
1436603,14,0,User
1436648,60,1,User
1436679,12,0,User
1436696,41,0,User
1436705,12,0,User
1436711,33,0,User
1436715,12,1,User
1436745,12,1,User
1436755,14,1,User
1436794,57,0,User
1436803,12,0,User
1436808,57,0,User
1436812,55,0,User
1436818,12,0,User
1436852,57,0,User
1436867,12,1,User
1436872,52,1,User
1436923,12,0,User
1436968,47,0,User
1436979,12,1,User
1437058,53,0,User
1437065,45,0,User
1437161,28,0,User
1437275,29,0,User
1437314,34,1,User
1437316,12,1,User
1437347,12,1,User
1437377,43,1,User
1437431,12,0,User
1437489,12,1,User
1437498,45,0,User
1437500,29,1,User
1437501,24,0,User
1437609,55,0,User
1437636,12,0,User
1437650,12,1,User
1437654,12,1,User
1437658,12,0,User
1437690,12,1,User
1437712,12,0,User
1437738,60,0,User
1437743,12,1,User
1437748,12,1,User
1437752,12,0,User
1437758,12,0,User
1437764,64,1,User
1437769,24,0,User
1437800,59,0,User
1437811,60,0,User
1437841,12,1,User
1437985,14,0,User
1438057,64,0,User
1438075,12,1,User
1438108,12,0,User
1438137,67,0,User
1438156,29,0,User
1438181,52,0,User
1438183,12,0,User
1438205,12,1,User
1438259,40,1,User
1438298,12,0,User
1438353,53,1,User
1438378,24,0,User
1438401,28,0,User
1438473,38,0,User
1438475,12,0,User
1438491,55,0,User
1438508,67,0,User
1438535,12,0,User
1438547,62,0,User
1438569,40,0,User
1438698,55,0,User
1438713,12,0,User
1438724,72,1,User
1438749,12,0,User
1438776,33,0,User
1438808,48,0,User
1438840,12,0,User
1438844,62,0,User
1438867,12,0,User
1438876,12,0,User
1438896,21,0,User
1438924,33,1,User
1438988,60,0,User
1439027,12,1,User
1439029,12,1,User
1439036,71,1,User
1439069,71,0,User
1439072,12,0,User
1439105,12,1,User
1439135,71,0,User
1439151,12,0,User
1439170,45,1,User
1439192,12,0,User
1439199,48,1,User
1439214,38,0,User
1439217,12,1,User
1439222,12,1,User
1439258,19,0,User
1439327,19,1,User
1439338,12,0,User
1439346,12,0,User
1439405,12,0,User
1439443,14,1,User
1439464,12,1,User
1439513,33,1,User
1439582,24,0,User
1439587,12,0,User
1439592,59,1,User
1439626,12,1,User
1439654,12,0,User
1439853,55,0,User
1439873,12,0,User
1439901,38,1,User
1439915,26,1,User
1439917,12,1,User
1439935,60,1,User
1439944,12,0,User
1439984,64,1,User
1439988,45,0,User
1440037,12,0,User
1440045,67,1,User
1440063,22,1,User
1440090,12,1,User
1440101,12,1,User
1440117,12,0,User
1440189,52,1,User
1440206,60,0,User
1440303,12,0,User
1440316,71,1,User
1440343,55,1,User
1440376,50,1,User
1440441,12,0,User
1440448,62,1,User
1440488,16,0,User
1440511,12,0,User
1440528,52,0,User
1440538,59,0,User
1440577,66,0,User
1440580,26,0,User
1440590,40,1,User
1440604,28,0,User
1440619,38,0,User
1440625,12,1,User
1440640,59,1,User
1440757,12,0,User
1440773,12,0,User
1440846,12,1,User
1440849,29,0,User
1440872,12,1,User
1440883,12,0,User
1440909,59,0,User
1440918,59,0,User
1441049,12,1,User
1441067,12,0,User
1441109,12,1,User
1441118,12,1,User
1441133,38,0,User
1441140,71,1,User
1441161,79,0,User
1441194,12,1,User
1441205,69,1,User
1441256,33,0,User
1441261,55,0,User
1441276,50,0,User
1441288,12,0,User
1441338,16,1,User
1441372,12,0,User
1441387,12,1,User
1441411,12,0,User
1441446,12,0,User
1441485,12,1,User
1441486,36,0,User
1441496,12,1,User
1441550,60,1,User
1441555,66,0,User
1441641,12,0,User
1441671,67,1,User
1441683,12,1,User
1441772,12,0,User
1441853,12,0,User
1441918,12,0,User
1441922,66,0,User
1441972,17,0,User
1442028,12,0,User
1442059,48,1,User
1442095,12,0,User
1442115,12,0,User
1442141,14,0,User
1442214,40,0,User
1442227,38,0,User
1442237,59,0,User
1442273,12,0,User
1442287,12,1,User
1442293,12,0,User
1442317,12,0,User
1442424,12,0,User
1442462,12,0,User
1442467,12,1,User
1442494,62,1,User
1442516,12,0,User
1442540,26,0,User
1442555,12,1,User
1442573,14,0,User
1442629,69,1,User
1442649,59,1,User
1442677,59,0,User
1442686,12,0,User
1442706,12,0,User
1442732,12,0,User
1442755,12,0,User
1442779,16,1,User
1442794,12,1,User
1442795,53,0,User
1442800,12,0,User
1442814,24,0,User
1442838,12,0,User
1442845,12,1,User
1442847,62,0,User
1442908,62,0,User
1442932,41,0,User
1442972,64,0,User
1442986,12,1,User
1442992,22,1,User
1442997,12,0,User
1442999,17,1,User
1443077,12,0,User
1443089,12,0,User
1443117,12,1,User
1443150,26,0,User
1443155,12,1,User
1443192,12,0,User
1443234,12,1,User
1443251,50,0,User
1443272,12,1,User
1443283,14,1,User
1443349,50,1,User
1443381,12,1,User
1443384,12,0,User
1443398,60,0,User
1443411,12,1,User
1443416,47,0,User
1443434,12,0,User
1443458,12,0,User
1443513,60,0,User
1443653,12,1,User
1443675,14,0,User
1443680,36,0,User
1443688,38,0,User
1443690,12,0,User
1443709,12,0,User
1443736,12,0,User
1443753,12,0,User
1443765,43,1,User
1443773,67,0,User
1443820,67,0,User
1443822,69,1,User
1443850,12,0,User
1443852,66,1,User
1443872,12,0,User
1443921,62,0,User
1444034,50,0,User
1444052,12,0,User
1444108,12,1,User
1444137,12,0,User
1444205,12,1,User
1444250,12,1,User
1444347,22,1,User
1444383,60,0,User
1444441,12,0,User
1444458,12,0,User
1444478,71,0,User
1444493,41,1,User
1444551,12,0,User
1444598,12,0,User
1444614,34,0,User
1444674,12,0,User
1444678,12,1,User
1444685,12,0,User
1444732,12,0,User
1444786,66,1,User
1444825,12,0,User
1444835,12,1,User
1444883,12,0,User
1444887,34,1,User
1444891,12,1,User
1444950,62,0,User
1444980,21,1,User
1445049,12,0,User
1445124,50,1,User
1445150,55,0,User
1445160,12,1,User
1445230,52,0,User
1445291,29,0,User
1445314,76,0,User
1445456,12,1,User
1445475,12,0,User
1445603,12,0,User
1445614,12,0,User
1445638,12,1,User
1445648,29,0,User
1445697,12,1,User
1445702,12,1,User
1445718,12,1,User
1445749,22,0,User
1445786,71,0,User
1445803,43,1,User
1445827,12,1,User
1445918,12,1,User
1445943,64,1,User
1446001,52,1,User
1446003,67,1,User
1446007,12,0,User
1446020,67,0,User
1446021,12,1,User
1446060,38,0,User
1446096,12,1,User
1446122,12,1,User
1446188,12,0,User
1446197,12,1,User
1446225,71,1,User
1446285,12,0,User
1446343,48,0,User
1446377,24,1,User
1446427,12,1,User
1446456,12,0,User
1446565,66,0,User
1446605,29,0,User
1446634,57,0,User
1446676,71,1,User
1446694,12,0,User
1446696,41,1,User
1446757,12,1,User
1446827,12,1,User
1446916,12,0,User
1446920,12,0,User
1447003,14,1,User
1447020,12,1,User
1447066,12,1,User
1447083,33,0,User
1447098,29,1,User
1447138,12,0,User
1447152,12,0,User
1447167,43,0,User
1447230,71,1,User
1447325,12,0,User
1447348,48,0,User
1447356,34,1,User
1447370,38,0,User
1447591,12,1,User
1447625,12,0,User
1447658,12,0,User
1447676,12,0,User
1447687,53,1,User
1447703,12,1,User
1447721,31,0,User
1447746,12,0,User
1447783,57,0,User
1447810,69,0,User
1447842,12,0,User
1447864,12,0,User
1447870,52,1,User
1447913,12,0,User
1447915,34,0,User
1447921,14,0,User
1447936,34,1,User
1447940,12,1,User
1447980,12,1,User
1447999,62,0,User
1448014,12,0,User
1448040,22,0,User
1448061,12,0,User
1448120,12,1,User
1448167,41,0,User
1448251,12,1,User
1448261,12,0,User
1448403,45,0,User
1448452,12,0,User
1448459,36,1,User
1448465,59,0,User
1448493,47,0,User
1448514,12,0,User
1448534,62,0,User
1448578,66,1,User
1448595,26,0,User
1448597,69,0,User
1448632,71,0,User
1448640,33,1,User
1448661,12,1,User
1448734,40,0,User
1448737,12,0,User
1448740,12,0,User
1448836,12,0,User
1448859,57,1,User
1448877,36,0,User
1448914,26,1,User
1448970,12,1,User
1448977,12,1,User
1449027,12,0,User
1449054,62,0,User
1449063,67,0,User
1449071,71,1,User
1449108,12,0,User
1449120,12,1,User
1449141,64,0,User
1449255,48,1,User
1449350,29,1,User
1449387,12,0,User
1449392,66,1,User
1449403,14,0,User
1449409,12,1,User
1449438,12,0,User
1449473,22,1,User
1449492,12,0,User
1449570,12,0,User
1449618,48,0,User
1449644,47,0,User
1449782,12,1,User
1449802,12,1,User
1449847,12,1,User
1449868,67,1,User
1449884,67,0,User
1449885,12,1,User
1449953,12,1,User
1449974,12,0,User
1450037,12,1,User
1450087,64,0,User
1450129,69,1,User
1450147,67,1,User
1450203,38,1,User
1450281,12,1,User
1450359,12,0,User
1450381,12,0,User
1450385,12,0,User
1450401,12,1,User
1450411,12,1,User
1450413,47,1,User
1450421,45,0,User
1450425,31,0,User
1450428,67,1,User
1450488,12,1,User
1450492,47,0,User
1450557,12,0,User
1450617,55,0,User
1450622,12,1,User
1450674,21,0,User
1450718,66,0,User
1450723,45,0,User
1450729,12,0,User
1450739,12,1,User
1450741,12,0,User
1450763,41,1,User
1450764,12,1,User
1450779,16,1,User
1450798,12,0,User
1450800,12,0,User
1450802,12,1,User
1450828,62,0,User
1450951,57,1,User
1451048,67,0,User
1451068,33,1,User
1451076,12,0,User
1451086,12,1,User
1451141,12,1,User
1451169,12,1,User
1451206,38,0,User
1451238,12,0,User
1451276,48,0,User
1451277,12,0,User
1451282,12,1,User
1451292,14,1,User
1451419,12,0,User
1451437,14,0,User
1451440,12,0,User
1451509,12,1,User
1451525,40,1,User
1451537,12,0,User
1451594,34,1,User
1451660,45,0,User
1451665,47,1,User
1451708,12,1,User
1451737,12,0,User
1451754,12,0,User
1451875,71,0,User
1451955,66,0,User
1451976,14,0,User
1451979,12,0,User
1452020,12,1,User
1452027,12,0,User
1452044,16,0,User
1452060,12,1,User
1452095,12,0,User
1452112,12,1,User
1452117,12,0,User
1452138,12,0,User
1452159,12,0,User
1452223,71,0,User
1452236,59,1,User
1452237,12,0,User
1452241,67,0,User
1452244,12,1,User
1452247,29,1,User
1452268,38,0,User
1452300,19,1,User
1452304,14,0,User
1452340,29,0,User
1452350,12,0,User
1452361,45,1,User
1452397,12,0,User
1452432,66,1,User
1452594,38,1,User
1452652,14,1,User
1452683,12,0,User
1452758,78,1,User
1452817,12,0,User
1452835,55,0,User
1452910,12,1,User
1452919,47,1,User
1452976,12,1,User
1453002,50,1,User
1453046,12,0,User
1453066,16,1,User
1453103,12,0,User
1453139,12,1,User
1453209,43,1,User
1453291,12,1,User
1453344,12,0,User
1453364,12,0,User
1453373,16,0,User
1453384,14,1,User
1453401,34,1,User
1453430,69,1,User
1453451,12,1,User
1453469,12,0,User
1453473,12,0,User
1453478,12,0,User
1453479,67,1,User
1453588,12,1,User
1453625,12,0,User
1453677,12,1,User
1453679,28,1,User
1453752,71,1,User
1453765,59,0,User
1453799,12,0,User
1453803,12,0,User
1453822,38,0,User
1453861,12,1,User
1453923,29,1,User
1454136,12,1,User
1454173,14,1,User
1454185,55,0,User
1454232,14,1,User
1454272,12,0,User
1454276,48,1,User
1454282,12,1,User
1454356,12,1,User
1454400,12,1,User
1454465,55,1,User
1454468,47,1,User
1454491,12,0,User
1454661,50,1,User
1454667,33,1,User
1454714,28,0,User
1454757,47,0,User
1454767,12,0,User
1454799,12,0,User
1454800,12,0,User
1454838,12,1,User
1454841,12,1,User
1454878,12,1,User
1454957,62,1,User
1455051,57,0,User
1455059,14,1,User
1455063,16,0,User
1455088,43,1,User
1455126,12,1,User
1455234,69,0,User
1455273,12,1,User
1455290,29,0,User
1455308,12,0,User
1455324,12,0,User
1455349,12,1,User
1455434,53,0,User
1455569,12,1,User
1455594,12,1,User
1455631,66,0,User
1455669,29,0,User
1455680,12,0,User
1455742,12,1,User
1455749,66,0,User
1455763,22,0,User
1455767,12,0,User
1455779,12,1,User
1455796,12,0,User
1455864,19,0,User
1455870,22,1,User
1455894,71,1,User
1455932,71,0,User
1455986,12,0,User
1456009,48,0,User
1456023,12,0,User
1456040,12,1,User
1456058,67,1,User
1456060,12,1,User
1456069,12,0,User
1456118,0,,User
1456188,67,1,User
1456245,12,1,User
1456252,12,1,User
1456263,14,1,User
1456267,12,1,User
1456272,48,1,User
1456316,12,0,User
1456330,43,1,User
1456342,12,1,User
1456366,12,0,User
1456431,43,0,User
1456500,12,1,User
1456502,12,0,User
1456518,12,1,User
1456535,24,1,User
1456572,64,1,User
1456693,67,0,User
1456701,14,0,User
1456728,64,0,User
1456810,12,1,User
1456911,12,0,User
1456912,14,1,User
1456947,59,1,User
1456960,40,0,User
1457042,12,0,User
1457066,12,1,User
1457070,12,1,User
1457078,12,0,User
1457085,43,0,User
1457195,12,0,User
1457239,43,0,User
1457291,12,1,User
1457321,45,1,User
1457323,57,1,User
1457336,12,0,User
1457360,12,1,User
1457372,48,1,User
1457412,53,0,User
1457417,22,0,User
1457483,50,1,User
1457498,69,0,User
1457564,12,1,User
1457570,12,0,User
1457605,12,1,User
1457619,12,0,User
1457760,72,1,User
1457815,12,0,User
1457829,29,1,User
1457830,12,0,User
1457865,67,0,User
1457960,57,0,User
1457965,12,1,User
1458011,53,0,User
1458041,12,1,User
1458050,12,1,User
1458078,12,0,User
1458094,14,0,User
1458140,36,1,User
1458162,12,1,User
1458211,12,1,User
1458236,12,0,User
1458252,62,0,User
1458299,12,1,User
1458319,12,1,User
1458323,60,0,User
1458355,12,1,User
1458399,12,0,User
1458401,14,0,User
1458437,12,0,User
1458463,12,0,User
1458497,12,0,User
1458520,12,0,User
1458526,53,1,User
1458545,12,1,User
1458607,71,0,User
1458681,64,1,User
1458739,12,1,User
1458792,60,1,User
1458811,12,0,User
1458827,17,1,User
1458828,12,1,User
1458829,66,1,User
1458860,14,1,User
1458874,52,0,User
1458882,12,0,User
1458899,12,1,User
1459002,12,1,User
1459008,66,1,User
1459022,41,0,User
1459033,71,1,User
1459074,67,0,User
1459104,22,1,User
1459120,55,1,User
1459124,12,1,User
1459141,71,1,User
1459160,12,1,User
1459174,64,1,User
1459297,12,0,User
1459344,12,0,User
1459445,12,1,User
1459458,21,1,User
1459460,12,1,User
1459472,67,1,User
1459496,12,0,User
1459532,12,1,User
1459562,12,0,User
1459563,12,1,User
1459693,12,0,User
1459725,12,1,User
1459730,12,1,User
1459744,48,0,User
1459816,12,0,User
1459902,12,1,User
1459907,71,1,User
1459943,12,0,User
1459952,34,1,User
1460030,50,1,User
1460034,67,1,User
1460044,12,1,User
1460073,55,1,User
1460082,17,1,User
1460164,12,0,User
1460263,12,1,User
1460289,34,0,User
1460359,12,1,User
1460366,12,1,User
1460430,12,1,User
1460463,12,0,User
1460468,12,0,User
1460529,62,0,User
1460544,45,1,User
1460609,12,0,User
1460620,12,1,User
1460625,12,0,User
1460676,12,0,User
1460735,12,0,User
1460778,62,1,User
1460798,12,1,User
1460848,12,1,User
1460928,53,1,User
1461060,12,0,User
1461062,12,0,User
1461089,12,0,User
1461104,34,0,User
1461162,17,0,User
1461168,19,0,User
1461181,12,0,User
1461195,26,1,User
1461283,60,1,User
1461315,64,1,User
1461328,12,0,User
1461329,69,1,User
1461364,12,0,User
1461400,69,1,User
1461475,64,1,User
1461600,12,1,User
1461673,29,0,User
1461709,12,1,User
1461760,12,1,User
1461785,12,1,User
1461809,69,0,User
1461838,33,0,User
1461907,40,0,User
1461957,22,0,User
1461993,12,0,User
1462004,12,1,User
1462018,12,0,User
1462101,12,0,User
1462167,12,0,User
1462452,43,1,User
1462482,47,1,User
1462519,12,1,User
1462568,36,0,User
1462618,12,0,User
1462631,12,0,User
1462670,59,1,User
1462740,47,0,User
1462761,12,0,User
1462767,53,0,User
1462811,12,1,User
1462903,43,1,User
1462996,60,0,User
1463005,12,1,User
1463029,43,1,User
1463062,12,1,User
1463063,12,1,User
1463117,76,1,User
1463130,12,1,User
1463180,12,0,User
1463194,47,1,User
1463197,12,1,User
1463209,12,1,User
1463221,36,1,User
1463228,12,1,User
1463231,12,1,User
1463260,12,1,User
1463267,12,0,User
1463307,16,1,User
1463315,66,0,User
1463342,59,0,User
1463425,21,0,User
1463479,31,1,User
1463482,24,0,User
1463519,12,1,User
1463543,12,1,User
1463547,53,1,User
1463548,71,1,User
1463558,12,1,User
1463595,12,0,User
1463606,12,1,User
1463609,59,0,User
1463634,12,1,User
1463653,12,1,User
1463677,57,0,User
1463688,12,1,User
1463743,24,1,User
1463777,12,0,User
1463792,12,0,User
1463816,12,0,User
1463842,12,1,User
1463856,12,1,User
1463860,12,1,User
1463903,12,1,User
1463946,12,0,User
1463986,12,1,User
1464043,31,0,User
1464072,66,1,User
1464121,60,1,User
1464150,12,1,User
1464183,12,1,User
1464205,12,1,User
1464259,38,1,User
1464305,12,1,User
1464309,59,0,User
1464364,12,0,User
1464420,12,1,User
1464448,14,1,User
1464470,48,1,User
1464506,33,1,User
1464557,41,1,User
1464564,12,1,User
1464582,67,0,User
1464586,14,1,User
1464624,48,1,User
1464644,12,0,User
1464650,22,0,User
1464661,64,0,User
1464671,22,1,User
1464693,12,0,User
1464697,12,0,User
1464807,69,0,User
1464819,40,1,User
1464851,12,1,User
1464896,12,0,User
1464904,12,1,User
1464910,71,1,User
1464928,12,0,User
1464962,21,1,User
1464981,12,1,User
1465034,12,0,User
1465060,12,1,User
1465111,57,0,User
1465120,12,1,User
1465168,34,1,User
1465184,12,0,User
1465212,47,0,User
1465264,62,1,User
1465292,60,0,User
1465315,12,1,User
1465324,12,1,User
1465328,40,1,User
1465363,12,1,User
1465367,12,1,User
1465373,53,1,User
1465374,33,0,User
1465396,12,0,User
1465447,21,1,User
1465448,12,1,User
1465459,12,1,User
1465625,12,0,User
1465627,71,0,User
1465638,55,1,User
1465643,12,1,User
1465644,38,0,User
1465647,45,0,User
1465654,40,1,User
1465705,67,0,User
1465798,31,1,User
1465832,12,1,User
1465879,12,1,User
1465895,34,1,User
1465903,12,0,User
1465907,12,1,User
1465942,67,0,User
1465970,12,0,User
1465984,12,0,User
1466092,12,1,User
1466108,59,1,User
1466109,28,0,User
1466164,12,0,User
1466197,12,1,User
1466222,12,0,User
1466247,71,1,User
1466262,19,0,User
1466303,12,1,User
1466350,67,1,User
1466357,38,0,User
1466372,12,1,User
1466385,14,0,User
1466444,12,1,User
1466483,60,0,User
1466517,12,0,User
1466524,16,1,User
1466550,60,0,User
1466551,33,0,User
1466618,28,1,User
1466619,28,1,User
1466629,21,1,User
1466651,12,0,User
1466654,76,1,User
1466717,69,1,User
1466747,28,0,User
1466792,40,0,User
1466861,31,0,User
1466978,12,1,User
1466979,64,0,User
1467022,12,1,User
1467032,12,0,User
1467036,16,0,User
1467055,59,1,User
1467069,67,1,User
1467091,12,0,User
1467101,62,0,User
1467103,59,1,User
1467109,12,0,User
1467147,19,0,User
1467167,12,1,User
1467183,12,0,User
1467209,12,1,User
1467274,17,0,User
1467303,34,0,User
1467319,55,1,User
1467335,12,1,User
1467360,17,1,User
1467383,12,1,User
1467412,12,0,User
1467422,62,1,User
1467453,67,0,User
1467632,12,0,User
1467659,12,1,User
1467687,60,1,User
1467775,48,1,User
1467793,12,0,User
1467826,41,1,User
1467942,12,1,User
1468002,12,1,User
1468061,12,0,User
1468086,24,1,User
1468128,60,1,User
1468138,50,0,User
1468144,36,1,User
1468171,12,1,User
1468192,43,1,User
1468197,57,0,User
1468222,12,1,User
1468279,26,1,User
1468281,60,1,User
1468380,12,0,User
1468410,66,0,User
1468424,12,1,User
1468458,38,1,User
1468477,53,1,User
1468518,12,0,User
1468544,12,1,User
1468750,12,1,User
1468751,45,1,User
1468769,17,1,User
1468809,34,0,User
1468816,12,1,User
1468919,60,1,User
1468924,12,1,User
1468958,12,0,User
1468991,12,1,User
1469001,66,1,User
1469019,12,0,User
1469069,48,0,User
1469088,12,1,User
1469098,33,0,User
1469105,62,1,User
1469127,12,0,User
1469163,14,1,User
1469273,12,0,User
1469295,57,1,User
1469308,12,1,User
1469371,12,1,User
1469418,60,0,User
1469436,12,1,User
1469475,12,1,User
1469487,33,0,User
1469538,12,1,User
1469586,52,1,User
1469674,12,1,User
1469678,12,1,User
1469689,69,0,User
1469727,12,0,User
1469775,71,1,User
1469803,12,1,User
1469808,12,1,User
1469995,36,1,User
1470063,12,1,User
1470186,12,0,User
1470229,12,0,User
1470238,12,1,User
1470273,12,0,User
1470313,62,1,User
1470486,12,0,User
1470487,12,0,User
1470591,43,1,User
1470609,62,1,User
1470615,28,0,User
1470704,71,0,User
1470717,12,0,User
1470731,12,1,User
1470764,12,1,User
1470770,12,1,User
1470773,50,1,User
1470779,12,0,User
1470790,12,1,User
1470828,12,1,User
1470832,53,0,User
1470837,12,1,User
1470855,50,0,User
1470906,57,0,User
1470909,26,0,User
1470928,69,0,User
1471034,60,1,User
1471055,71,0,User
1471102,12,0,User
1471158,67,0,User
1471181,14,0,User
1471186,50,0,User
1471249,19,1,User
1471276,26,0,User
1471277,12,1,User
1471346,12,1,User
1471367,16,0,User
1471425,12,0,User
1471433,33,0,User
1471454,12,1,User
1471466,53,0,User
1471488,12,1,User
1471498,47,1,User
1471499,41,0,User
1471512,57,1,User
1471588,12,0,User
1471592,12,0,User
1471646,71,1,User
1471706,12,0,User
1471730,12,1,User
1471756,66,0,User
1471819,12,1,User
1471831,12,0,User
1471888,60,1,User
1471900,31,0,User
1471942,33,0,User
1471987,57,0,User
1472024,14,1,User
1472047,12,0,User
1472050,12,0,User
1472160,12,1,User
1472162,47,0,User
1472177,12,0,User
1472185,12,1,User
1472206,53,0,User
1472227,12,1,User
1472251,33,0,User
1472287,62,0,User
1472311,12,1,User
1472331,12,0,User
1472340,12,0,User
1472360,12,0,User
1472363,64,1,User
1472387,14,1,User
1472388,40,0,User
1472446,33,0,User
1472528,12,1,User
1472572,12,1,User
1472591,62,1,User
1472598,12,1,User
1472683,12,1,User
1472702,12,1,User
1472734,71,0,User
1472745,12,1,User
1472770,12,1,User
1472778,55,1,User
1472779,12,0,User
1472796,50,1,User
1472804,60,0,User
1472813,12,0,User
1472818,12,1,User
1472819,60,1,User
1472839,12,1,User
1472853,12,0,User
1472865,64,1,User
1472900,12,1,User
1472933,38,0,User
1472967,12,1,User
1473014,12,0,User
1473048,24,0,User
1473099,31,1,User
1473103,12,0,User
1473140,62,1,User
1473219,12,0,User
1473230,60,1,User
1473232,12,1,User
1473257,12,0,User
1473281,59,1,User
1473299,12,1,User
1473380,57,0,User
1473504,33,1,User
1473583,12,1,User
1473651,36,1,User
1473654,26,1,User
1473792,12,0,User
1473806,67,0,User
1473841,12,0,User
1473860,16,0,User
1473877,14,0,User
1473953,59,1,User
1473969,31,1,User
1473976,36,0,User
1473988,16,0,User
1474003,12,0,User
1474008,12,0,User
1474014,45,0,User
1474017,36,0,User
1474072,12,0,User
1474094,12,0,User
1474115,12,0,User
1474185,12,1,User
1474207,12,0,User
1474237,12,0,User
1474268,12,0,User
1474311,55,0,User
1474356,12,1,User
1474357,12,0,User
1474362,64,1,User
1474405,12,0,User
1474408,12,0,User
1474422,12,0,User
1474439,47,1,User
1474450,12,0,User
1474520,60,0,User
1474527,67,0,User
1474546,29,0,User
1474607,12,1,User
1474616,12,0,User
1474626,52,0,User
1474664,38,1,User
1474684,24,0,User
1474686,55,1,User
1474756,34,0,User
1474770,12,0,User
1474780,12,0,User
1474897,12,0,User
1474898,12,1,User
1474905,12,1,User
1474913,40,1,User
1474927,12,0,User
1474938,12,1,User
1474941,12,0,User
1474995,48,1,User
1475054,12,0,User
1475061,12,0,User
1475128,53,0,User
1475153,57,1,User
1475164,12,0,User
1475175,14,0,User
1475195,12,1,User
1475198,12,1,User
1475230,50,1,User
1475275,62,0,User
1475293,12,1,User
1475294,12,1,User
1475309,12,1,User
1475320,36,1,User
1475344,12,1,User
1475371,64,1,User
1475377,17,0,User
1475391,38,0,User
1475483,12,1,User
1475565,69,0,User
1475582,12,1,User
1475616,12,1,User
1475628,12,1,User
1475686,12,0,User
1475714,34,1,User
1475716,12,1,User
1475732,57,0,User
1475775,12,1,User
1475792,12,1,User
1475897,12,1,User
1475934,12,1,User
1475976,14,1,User
1475993,12,1,User
1476006,19,0,User
1476065,12,1,User
1476090,12,0,User
1476117,12,1,User
1476119,12,0,User
1476158,12,0,User
1476159,12,0,User
1476162,31,0,User
1476212,26,0,User
1476275,66,0,User
1476283,38,0,User
1476291,71,1,User
1476304,57,1,User
1476332,12,1,User
1476385,52,0,User
1476463,12,1,User
1476466,66,0,User
1476471,12,1,User
1476474,12,1,User
1476532,50,0,User
1476565,12,1,User
1476583,12,0,User
1476615,12,1,User
1476616,12,1,User
1476641,12,1,User
1476650,12,1,User
1476676,12,0,User
1476682,12,0,User
1476728,12,1,User
1476749,59,1,User
1476761,17,1,User
1476782,60,1,User
1476789,12,1,User
1476816,12,1,User
1476860,12,0,User
1477005,69,1,User
1477006,12,1,User
1477033,17,0,User
1477058,47,0,User
1477062,41,1,User
1477082,12,0,User
1477096,12,1,User
1477106,50,1,User
1477108,12,1,User
1477130,12,0,User
1477157,34,0,User
1477189,12,1,User
1477190,12,0,User
1477240,12,1,User
1477284,40,0,User
1477341,12,1,User
1477342,12,1,User
1477370,12,1,User
1477373,12,1,User
1477386,12,0,User
1477446,40,1,User
1477452,67,0,User
1477459,31,0,User
1477516,69,1,User
1477563,14,0,User
1477580,12,0,User
1477615,12,0,User
1477624,40,1,User
1477655,12,0,User
1477682,31,1,User
1477774,12,0,User
1477779,12,0,User
1477816,71,1,User
1477841,28,0,User
1477849,45,1,User
1477860,12,1,User
1477877,40,1,User
1477977,38,1,User
1478020,62,1,User
1478054,12,0,User
1478088,12,1,User
1478130,12,1,User
1478145,48,0,User
1478210,36,0,User
1478416,12,1,User
1478512,36,0,User
1478536,12,1,User
1478580,64,1,User
1478643,34,1,User
1478664,67,0,User
1478667,12,0,User
1478739,67,1,User
1478818,12,0,User
1478835,14,1,User
1478844,40,0,User
1478862,31,1,User
1478867,29,1,User
1478874,12,1,User
1478948,53,1,User
1478998,40,1,User
1479042,12,0,User
1479044,12,1,User
1479121,12,1,User
1479171,64,1,User
1479190,31,1,User
1479195,12,1,User
1479205,12,1,User
1479211,12,1,User
1479230,12,0,User
1479237,12,0,User
1479274,12,0,User
1479414,12,1,User
1479417,12,0,User
1479444,12,0,User
1479567,12,1,User
1479571,41,0,User
1479594,33,0,User
1479615,12,1,User
1479641,12,1,User
1479658,71,1,User
1479661,41,0,User
1479665,55,1,User
1479697,12,1,User
1479731,66,0,User
1479746,12,0,User
1479769,12,1,User
1479853,12,0,User
1479950,12,1,User
1479988,52,0,User
1480074,12,0,User
1480127,67,1,User
1480144,12,0,User
1480165,43,1,User
1480178,12,0,User
1480196,47,0,User
1480207,12,1,User
1480222,12,1,User
1480324,12,1,User
1480325,12,1,User
1480328,69,1,User
1480421,12,1,User
1480585,12,0,User
1480640,31,0,User
1480681,12,1,User
1480708,59,0,User
1480724,12,0,User
1480740,34,0,User
1480911,64,0,User
1480919,12,1,User
1480925,12,1,User
1480962,52,0,User
1481004,12,1,User
1481155,12,1,User
1481227,50,0,User
1481293,45,1,User
1481297,12,0,User
1481310,12,1,User
1481328,34,1,User
1481337,14,1,User
1481343,12,0,User
1481384,12,0,User
1481445,43,1,User
1481446,57,1,User
1481508,12,0,User
1481517,48,0,User
1481526,40,1,User
1481549,21,0,User
1481565,38,0,User
1481633,29,0,User
1481637,53,0,User
1481664,57,0,User
1481702,14,0,User
1481713,12,0,User
1481754,12,1,User
1481770,12,0,User
1481817,12,1,User
1481837,12,1,User
1481845,12,1,User
1481855,12,1,User
1481904,12,0,User
1481947,64,1,User
1481950,12,1,User
1481989,14,1,User
1482022,12,0,User
1482024,19,0,User
1482035,14,0,User
1482173,12,0,User
1482208,41,0,User
1482251,12,1,User
1482279,12,1,User
1482352,12,0,User
1482481,12,0,User
1482512,22,0,User
1482543,12,0,User
1482558,12,0,User
1482589,66,1,User
1482620,50,0,User
1482628,48,0,User
1482697,31,0,User
1482724,12,0,User
1482725,12,0,User
1482790,12,1,User
1482867,48,0,User
1482912,12,0,User
1482927,33,1,User
1482940,48,1,User
1482944,59,1,User
1482976,12,0,User
1483007,12,1,User
1483050,12,1,User
1483057,12,1,User
1483101,12,1,User
1483106,14,0,User
1483117,34,0,User
1483118,34,1,User
1483178,12,0,User
1483179,16,0,User
1483182,12,0,User
1483210,71,1,User
1483218,47,0,User
1483251,33,0,User
1483316,12,1,User
1483336,59,0,User
1483344,43,1,User
1483369,12,0,User
1483381,29,0,User
1483435,12,0,User
1483455,48,0,User
1483473,72,1,User
1483514,47,1,User
1483533,12,1,User
1483583,38,0,User
1483599,38,0,User
1483663,45,1,User
1483665,12,0,User
1483671,12,0,User
1483681,67,1,User
1483687,67,1,User
1483694,12,1,User
1483805,12,1,User
1483808,71,0,User
1483842,43,0,User
1483857,12,0,User
1483880,12,1,User
1483896,12,1,User
1483964,60,1,User
1484007,67,0,User
1484061,12,0,User
1484216,59,1,User
1484236,12,0,User
1484240,24,1,User
1484291,40,1,User
1484332,12,0,User
1484367,12,0,User
1484379,12,0,User
1484385,12,0,User
1484464,12,1,User
1484594,38,1,User
1484690,67,1,User
1484705,26,1,User
1484728,12,1,User
1484738,12,1,User
1484796,12,0,User
1484880,36,0,User
1484977,12,1,User
1485048,12,0,User
1485073,45,0,User
1485144,62,1,User
1485151,45,0,User
1485181,45,0,User
1485250,12,1,User
1485267,64,1,User
1485275,12,0,User
1485298,12,1,User
1485322,12,1,User
1485339,12,1,User
1485379,22,1,User
1485389,60,1,User
1485400,12,1,User
1485430,60,0,User
1485443,12,1,User
1485594,12,0,User
1485712,12,1,User
1485740,33,1,User
1485804,12,1,User
1485842,12,1,User
1485864,36,1,User
1485867,60,0,User
1485878,12,1,User
1485917,12,1,User
1485919,38,1,User
1485975,12,0,User
1485978,53,1,User
1485992,64,1,User
1486001,12,1,User
1486061,12,1,User
1486078,12,1,User
1486191,12,1,User
1486192,12,0,User
1486201,12,1,User
1486281,12,1,User
1486309,12,1,User
1486329,16,1,User
1486336,55,0,User
1486343,12,0,User
1486350,19,1,User
1486381,12,1,User
1486443,12,1,User
1486475,29,0,User
1486539,66,1,User
1486564,84,0,User
1486582,48,0,User
1486648,12,0,User
1486655,16,1,User
1486667,12,0,User
1486723,12,0,User
1486769,21,0,User
1486774,12,1,User
1486797,12,1,User
1486800,12,0,User
1486810,57,0,User
1486813,12,1,User
1486871,67,0,User
1486893,71,0,User
1486933,12,1,User
1486938,12,1,User
1486965,62,1,User
1486976,71,0,User
1486985,12,1,User
1486999,31,1,User
1487030,12,0,User
1487070,57,0,User
1487076,62,1,User
1487081,12,1,User
1487098,12,1,User
1487172,26,1,User
1487183,38,1,User
1487200,12,1,User
1487220,12,1,User
1487245,12,1,User
1487255,26,1,User
1487315,12,1,User
1487330,55,1,User
1487347,12,1,User
1487353,12,1,User
1487453,12,0,User
1487473,62,0,User
1487480,60,0,User
1487527,66,0,User
1487566,69,1,User
1487617,12,1,User
1487706,12,1,User
1487753,64,1,User
1487779,12,0,User
1487794,59,1,User
1487840,12,1,User
1487895,12,0,User
1487912,12,0,User
1487925,34,1,User
1487930,64,1,User
1487958,12,1,User
1487990,12,1,User
1487994,14,1,User
1488155,50,0,User
1488195,12,0,User
1488210,12,1,User
1488228,12,1,User
1488251,50,0,User
1488261,43,0,User
1488300,66,1,User
1488325,12,1,User
1488338,45,0,User
1488342,69,0,User
1488357,60,1,User
1488381,71,1,User
1488390,12,1,User
1488415,57,0,User
1488466,12,1,User
1488472,12,1,User
1488519,12,0,User
1488615,14,0,User
1488633,16,1,User
1488659,12,1,User
1488667,12,0,User
1488672,12,1,User
1488674,34,0,User
1488678,12,0,User
1488690,12,0,User
1488700,22,1,User
1488795,12,1,User
1488857,12,0,User
1488862,48,1,User
1488895,24,0,User
1488904,12,1,User
1488906,12,1,User
1488945,12,0,User
1488986,64,0,User
1489025,50,1,User
1489060,55,0,User
1489064,12,1,User
1489119,50,1,User
1489164,21,0,User
1489177,59,1,User
1489273,12,0,User
1489353,12,1,User
1489531,71,1,User
1489590,67,0,User
1489627,12,1,User
1489720,12,1,User
1489733,12,0,User
1489840,72,0,User
1489863,12,1,User
1489891,12,1,User
1489900,53,1,User
1489908,66,1,User
1489930,12,1,User
1489939,12,1,User
1489942,52,1,User
1489950,12,1,User
1489952,52,1,User
1489964,34,1,User
1489981,22,1,User
1489983,12,1,User
1490018,52,0,User
1490029,12,1,User
1490034,12,0,User
1490069,12,1,User
1490127,29,0,User
1490131,12,1,User
1490139,12,1,User
1490181,52,1,User
1490190,40,1,User
1490199,57,1,User
1490212,14,0,User
1490288,71,1,User
1490315,88,0,User
1490334,12,0,User
1490422,50,0,User
1490441,12,0,User
1490528,76,0,User
1490549,12,0,User
1490609,12,1,User
1490620,12,0,User
1490625,12,1,User
1490647,12,1,User
1490683,12,0,User
1490716,12,1,User
1490718,12,0,User
1490783,12,1,User
1490834,12,0,User
1490846,16,0,User
1490849,12,1,User
1490870,71,0,User
1490927,57,1,User
1490931,47,1,User
1490938,12,0,User
1490963,12,1,User
1491006,31,1,User
1491020,12,1,User
1491028,12,1,User
1491080,12,0,User
1491104,12,1,User
1491151,62,1,User
1491152,59,0,User
1491192,59,1,User
1491203,22,1,User
1491223,12,1,User
1491233,12,1,User
1491282,12,1,User
1491299,31,1,User
1491302,12,1,User
1491304,69,0,User
1491314,16,0,User
1491334,12,0,User
1491371,43,0,User
1491382,33,1,User
1491466,12,1,User
1491496,29,0,User
1491527,55,1,User
1491551,55,1,User
1491625,69,0,User
1491697,12,1,User
1491730,24,1,User
1491768,12,1,User
1491851,26,1,User
1491859,12,1,User
1491864,41,1,User
1491873,12,0,User
1491881,69,1,User
1491930,12,0,User
1491937,47,1,User
1491968,12,1,User
1492062,60,1,User
1492099,12,0,User
1492138,12,0,User
1492171,12,1,User
1492188,12,1,User
1492218,12,1,User
1492240,29,1,User
1492245,26,0,User
1492246,12,0,User
1492276,12,0,User
1492278,12,0,User
1492325,12,0,User
1492332,67,1,User
1492373,12,1,User
1492391,64,1,User
1492411,12,0,User
1492485,12,1,User
1492548,12,1,User
1492563,12,1,User
1492569,28,0,User
1492595,12,1,User
1492623,12,0,User
1492665,12,1,User
1492717,14,1,User
1492745,12,0,User
1492749,12,1,User
1492769,12,1,User
1492810,67,1,User
1492860,50,0,User
1492869,69,1,User
1492872,12,0,User
1492898,29,1,User
1492943,12,0,User
1492965,12,0,User
1492977,38,1,User
1492982,12,1,User
1493003,12,1,User
1493006,47,1,User
1493059,36,1,User
1493065,31,1,User
1493092,12,1,User
1493095,48,0,User
1493106,12,1,User
1493110,12,1,User
1493132,36,1,User
1493153,34,1,User
1493200,36,0,User
1493267,26,1,User
1493332,12,1,User
1493375,12,1,User
1493390,36,0,User
1493454,19,1,User
1493458,12,0,User
1493485,12,1,User
1493496,12,0,User
1493501,66,1,User
1493587,62,1,User
1493672,12,1,User
1493708,67,1,User
1493722,59,0,User
1493751,22,0,User
1493845,12,1,User
1493863,26,0,User
1493880,12,1,User
1493966,12,0,User
1493991,14,0,User
1494016,12,1,User
1494058,57,1,User
1494159,38,1,User
1494211,12,0,User
1494287,12,1,User
1494289,60,1,User
1494290,16,1,User
1494291,34,0,User
1494309,12,1,User
1494413,12,1,User
1494426,12,0,User
1494495,12,1,User
1494499,12,0,User
1494502,41,1,User
1494509,16,1,User
1494512,12,1,User
1494523,62,1,User
1494531,38,0,User
1494534,50,1,User
1494642,60,1,User
1494669,14,1,User
1494708,47,0,User
1494726,71,0,User
1494732,12,0,User
1494740,12,0,User
1494767,12,0,User
1494780,24,0,User
1494787,53,1,User
1494807,12,0,User
1494808,59,1,User
1494874,17,1,User
1494956,12,1,User
1494961,60,0,User
1495023,14,0,User
1495075,22,0,User
1495101,21,0,User
1495126,12,0,User
1495142,12,1,User
1495164,12,1,User
1495202,67,0,User
1495234,12,0,User
1495240,14,1,User
1495252,69,0,User
1495321,69,1,User
1495362,71,1,User
1495376,12,1,User
1495378,12,0,User
1495429,12,1,User
1495441,45,0,User
1495458,12,1,User
1495535,12,1,User
1495552,12,1,User
1495585,12,0,User
1495597,12,1,User
1495679,12,1,User
1495690,12,0,User
1495700,31,1,User
1495750,67,0,User
1495804,57,1,User
1495858,12,0,User
1495883,71,0,User
1495887,12,1,User
1495906,48,1,User
1496006,76,0,User
1496066,12,1,User
1496113,12,1,User
1496248,12,1,User
1496272,52,1,User
1496298,41,1,User
1496371,43,1,User
1496409,48,0,User
1496442,12,1,User
1496518,12,1,User
1496541,12,1,User
1496664,12,0,User
1496666,12,1,User
1496701,12,1,User
1496741,62,1,User
1496758,12,1,User
1496853,12,0,User
1496874,12,0,User
1496911,12,1,User
1496913,12,1,User
1496919,57,0,User
1496938,53,0,User
1496966,12,0,User
1496993,29,1,User
1497142,12,0,User
1497167,12,1,User
1497227,36,0,User
1497250,14,1,User
1497253,12,1,User
1497287,12,1,User
1497298,48,1,User
1497324,12,1,User
1497374,69,1,User
1497380,53,0,User
1497388,14,1,User
1497391,66,1,User
1497395,12,0,User
1497404,12,0,User
1497501,12,0,User
1497537,12,1,User
1497538,12,0,User
1497546,19,1,User
1497603,24,1,User
1497607,12,0,User
1497648,12,0,User
1497653,50,1,User
1497694,38,0,User
1497706,12,0,User
1497726,72,0,User
1497731,12,1,User
1497788,36,0,User
1497836,62,0,User
1497846,12,0,User
1497854,12,0,User
1497860,40,1,User
1497911,74,0,User
1497913,62,0,User
1497947,62,0,User
1497960,71,0,User
1497992,12,0,User
1498014,12,0,User
1498040,12,0,User
1498048,14,0,User
1498052,12,0,User
1498053,12,0,User
1498071,12,0,User
1498072,12,1,User
1498088,14,0,User
1498131,12,0,User
1498140,69,0,User
1498171,26,0,User
1498208,67,1,User
1498211,12,1,User
1498255,12,1,User
1498283,12,1,User
1498437,24,1,User
1498438,71,1,User
1498439,12,1,User
1498447,12,0,User
1498455,12,1,User
1498507,69,1,User
1498515,12,1,User
1498549,12,1,User
1498556,12,0,User
1498564,45,1,User
1498618,12,1,User
1498680,12,0,User
1498699,12,0,User
1498788,12,0,User
1498889,12,1,User
1498892,12,0,User
1498901,12,0,User
1499012,12,1,User
1499017,62,1,User
1499104,12,0,User
1499134,12,1,User
1499141,41,1,User
1499158,12,1,User
1499169,12,1,User
1499182,31,1,User
1499221,14,1,User
1499230,12,1,User
1499244,12,1,User
1499415,12,0,User
1499421,66,0,User
1499446,12,0,User
1499448,12,0,User
1499474,12,0,User
1499492,12,0,User
1499513,12,1,User
1499514,12,1,User
1499555,12,1,User
1499585,12,1,User
1499590,12,0,User
1499607,12,1,User
1499640,12,0,User
1499648,66,0,User
1499732,66,1,User
1499733,12,0,User
1499736,12,0,User
1499752,60,1,User
1499759,12,0,User
1499770,12,0,User
1499818,55,0,User
1499830,26,1,User
1499900,53,1,User
1499921,12,0,User
1499925,21,1,User
1499971,60,1,User
1499984,14,1,User
1500038,12,1,User
1500091,12,1,User
1500092,12,1,User
1500113,14,1,User
1500145,12,1,User
1500156,22,1,User
1500159,12,1,User
1500246,12,0,User
1500248,64,0,User
1500278,60,1,User
1500347,34,0,User
1500422,12,0,User
1500448,12,0,User
1500480,45,1,User
1500482,60,0,User
1500500,12,1,User
1500651,12,1,User
1500658,12,1,User
1500685,12,1,User
1500719,62,0,User
1500780,48,1,User
1500792,28,1,User
1500821,71,1,User
1500831,12,0,User
1500873,12,0,User
1500915,12,0,User
1500929,12,0,User
1500986,12,0,User
1501004,12,1,User
1501026,12,0,User
1501067,12,0,User
1501149,64,0,User
1501160,12,0,User
1501201,71,1,User
1501218,12,0,User
1501231,28,1,User
1501245,24,0,User
1501300,60,0,User
1501306,12,0,User
1501321,12,0,User
1501335,12,0,User
1501339,14,1,User
1501354,28,0,User
1501392,12,0,User
1501585,71,0,User
1501588,12,0,User
1501613,55,1,User
1501633,12,1,User
1501664,12,1,User
1501688,19,1,User
1501694,12,1,User
1501696,12,0,User
1501721,69,1,User
1501756,53,0,User
1501782,36,0,User
1501823,12,1,User
1501860,33,0,User
1501873,12,0,User
1501874,16,0,User
1502008,12,1,User
1502011,71,1,User
1502022,19,1,User
1502082,12,0,User
1502089,12,1,User
1502113,34,0,User
1502138,59,0,User
1502195,12,1,User
1502268,19,1,User
1502287,52,0,User
1502294,12,1,User
1502297,12,0,User
1502325,67,0,User
1502388,12,0,User
1502394,69,0,User
1502409,12,0,User
1502422,12,1,User
1502473,12,0,User
1502487,12,1,User
1502498,62,0,User
1502544,14,1,User
1502549,12,1,User
1502563,67,0,User
1502611,12,1,User
1502668,69,0,User
1502713,12,1,User
1502716,12,1,User
1502721,12,0,User
1502789,12,1,User
1502808,67,0,User
1502844,17,1,User
1502850,71,1,User
1502862,14,0,User
1502988,12,1,User
1503016,60,1,User
1503192,12,0,User
1503240,12,1,User
1503274,12,1,User
1503326,67,1,User
1503344,38,0,User
1503372,28,0,User
1503403,21,1,User
1503466,62,0,User
1503507,71,1,User
1503522,12,1,User
1503608,12,1,User
1503632,12,1,User
1503656,26,0,User
1503674,12,0,User
1503704,12,0,User
1503745,12,0,User
1503841,62,1,User
1503911,12,0,User
1503934,12,1,User
1503978,45,0,User
1503994,12,1,User
1503996,26,0,User
1504046,69,0,User
1504051,12,0,User
1504072,69,0,User
1504077,47,0,User
1504162,12,0,User
1504178,71,0,User
1504180,12,0,User
1504192,71,0,User
1504227,14,0,User
1504247,12,1,User
1504357,12,0,User
1504404,12,1,User
1504421,24,0,User
1504443,12,0,User
1504488,12,1,User
1504543,12,1,User
1504568,43,0,User
1504605,12,1,User
1504663,69,1,User
1504671,60,0,User
1504745,12,1,User
1504798,12,1,User
1504804,12,1,User
1504822,12,1,User
1504897,12,1,User
1504931,69,1,User
1504953,59,1,User
1504994,67,1,User
1505004,0,,User
1505014,14,1,User
1505027,55,1,User
1505045,12,1,User
1505121,12,1,User
1505134,12,0,User
1505198,48,0,User
1505219,12,0,User
1505247,12,1,User
1505277,12,0,User
1505281,12,0,User
1505290,12,1,User
1505328,12,0,User
1505374,17,0,User
1505380,66,0,User
1505395,12,1,User
1505490,12,1,User
1505497,12,1,User
1505499,12,1,User
1505539,12,0,User
1505570,12,1,User
1505633,12,1,User
1505649,59,0,User
1505663,59,1,User
1505696,38,1,User
1505735,47,1,User
1505767,12,1,User
1505827,12,1,User
1505852,12,0,User
1505908,12,1,User
1505953,17,0,User
1505988,22,1,User
1506039,12,1,User
1506061,53,1,User
1506154,12,1,User
1506195,12,0,User
1506220,12,0,User
1506222,48,1,User
1506271,17,0,User
1506272,67,0,User
1506312,12,1,User
1506335,12,1,User
1506339,26,0,User
1506352,12,1,User
1506380,47,1,User
1506405,12,1,User
1506445,21,1,User
1506468,34,0,User
1506505,12,0,User
1506513,29,0,User
1506560,12,1,User
1506571,71,1,User
1506631,50,0,User
1506653,12,0,User
1506697,12,1,User
1506703,71,1,User
1506706,53,0,User
1506782,12,0,User
1506787,12,0,User
1506842,33,0,User
1506891,34,1,User
1506897,45,0,User
1506917,12,0,User
1506936,12,1,User
1506951,16,1,User
1506955,12,0,User
1506959,12,1,User
1506969,12,1,User
1506979,50,1,User
1507033,12,1,User
1507058,53,1,User
1507059,12,1,User
1507079,12,1,User
1507087,41,0,User
1507105,36,1,User
1507167,55,0,User
1507235,12,1,User
1507291,12,1,User
1507318,12,1,User
1507343,57,0,User
1507425,12,0,User
1507528,12,1,User
1507532,12,0,User
1507548,43,0,User
1507581,26,1,User
1507664,12,0,User
1507691,12,1,User
1507728,36,0,User
1507790,12,0,User
1507794,62,0,User
1507861,12,0,User
1507928,12,0,User
1507938,43,1,User
1507948,12,1,User
1508025,12,1,User
1508075,12,0,User
1508093,50,1,User
1508133,62,1,User
1508161,12,0,User
1508168,59,1,User
1508287,71,1,User
1508329,12,1,User
1508411,12,1,User
1508472,14,1,User
1508508,12,0,User
1508533,60,0,User
1508744,12,0,User
1508766,12,0,User
1508786,12,0,User
1508835,12,0,User
1508888,12,0,User
1508890,62,1,User
1508912,12,0,User
1508950,12,1,User
1508998,12,1,User
1509022,12,0,User
1509108,12,1,User
1509188,67,1,User
1509244,12,1,User
1509264,14,1,User
1509299,12,1,User
1509331,55,0,User
1509352,12,0,User
1509356,62,0,User
1509362,50,0,User
1509371,53,0,User
1509383,53,1,User
1509428,12,1,User
1509512,43,1,User
1509520,12,0,User
1509524,64,1,User
1509536,12,1,User
1509537,78,1,User
1509590,12,0,User
1509594,12,1,User
1509602,19,0,User
1509606,12,1,User
1509700,55,0,User
1509726,12,0,User
1509759,24,0,User
1509790,69,0,User
1509803,12,1,User
1509804,12,1,User
1509807,14,0,User
1509852,12,0,User
1509886,62,1,User
1509931,14,0,User
1509952,48,1,User
1509982,12,0,User
1509994,36,1,User
1510026,12,0,User
1510036,47,1,User
1510073,43,0,User
1510087,12,1,User
1510094,12,1,User
1510103,64,1,User
1510137,62,0,User
1510198,12,0,User
1510243,12,0,User
1510273,12,0,User
1510278,33,0,User
1510349,12,0,User
1510364,66,1,User
1510399,12,0,User
1510403,12,0,User
1510520,36,1,User
1510550,12,1,User
1510552,33,0,User
1510578,12,0,User
1510591,62,1,User
1510610,62,0,User
1510635,45,1,User
1510639,24,0,User
1510666,12,1,User
1510710,12,0,User
1510731,48,1,User
1510743,12,1,User
1510759,14,1,User
1510764,12,1,User
1510777,57,0,User
1510808,12,0,User
1510863,12,1,User
1510943,50,1,User
1510984,41,0,User
1511008,12,1,User
1511084,64,1,User
1511157,12,0,User
1511162,12,0,User
1511186,22,0,User
1511243,12,1,User
1511267,47,0,User
1511282,12,1,User
1511302,12,1,User
1511305,12,1,User
1511490,12,1,User
1511498,12,0,User
1511523,57,1,User
1511541,45,1,User
1511560,62,1,User
1511569,62,1,User
1511574,71,1,User
1511575,31,0,User
1511606,40,1,User
1511611,12,1,User
1511720,12,0,User
1511729,12,0,User
1511733,12,0,User
1511769,16,1,User
1511770,21,1,User
1511773,67,0,User
1511859,45,0,User
1511891,12,1,User
1511911,52,0,User
1511992,12,1,User
1512080,12,0,User
1512082,26,1,User
1512088,12,1,User
1512183,14,0,User
1512195,60,0,User
1512210,12,1,User
1512278,12,1,User
1512292,12,1,User
1512336,12,0,User
1512343,12,0,User
1512374,12,0,User
1512442,12,1,User
1512469,12,0,User
1512502,12,0,User
1512507,14,1,User
1512530,12,1,User
1512616,12,1,User
1512636,12,1,User
1512641,12,0,User
1512663,12,0,User
1512666,12,0,User
1512668,12,0,User
1512750,12,1,User
1512785,43,1,User
1512822,12,1,User
1512889,28,1,User
1512948,69,1,User
1512965,66,1,User
1513027,34,0,User
1513071,28,1,User
1513121,12,0,User
1513144,12,0,User
1513171,48,0,User
1513202,60,1,User
1513240,29,1,User
1513344,22,1,User
1513363,66,1,User
1513406,21,1,User
1513428,12,1,User
1513461,12,1,User
1513492,64,0,User
1513557,55,0,User
1513564,12,0,User
1513599,12,1,User
1513634,12,0,User
1513645,12,1,User
1513674,12,1,User
1513696,40,1,User
1513717,16,1,User
1513785,12,0,User
1513795,55,0,User
1513807,12,0,User
1513813,12,1,User
1513840,12,1,User
1513899,67,0,User
1513952,12,0,User
1513959,12,0,User
1513960,52,0,User
1513963,33,1,User
1514065,12,0,User
1514069,60,0,User
1514075,19,0,User
1514119,62,0,User
1514148,64,0,User
1514166,50,0,User
1514167,12,0,User
1514182,33,1,User
1514187,26,0,User
1514229,57,0,User
1514242,41,0,User
1514301,12,1,User
1514335,12,1,User
1514349,62,0,User
1514356,48,1,User
1514360,12,1,User
1514394,12,1,User
1514429,66,1,User
1514449,67,0,User
1514455,12,0,User
1514487,12,1,User
1514497,12,0,User
1514498,71,0,User
1514533,12,1,User
1514542,12,1,User
1514599,26,0,User
1514619,48,1,User
1514642,12,1,User
1514715,52,1,User
1514770,12,0,User
1514772,12,0,User
1514779,41,1,User
1514806,12,0,User
1514841,33,0,User
1514877,12,1,User
1514884,28,1,User
1514892,50,0,User
1514898,62,0,User
1514900,12,1,User
1514978,12,1,User
1514991,12,1,User
1514997,43,0,User
1515002,12,0,User
1515007,55,1,User
1515033,16,0,User
1515084,12,1,User
1515090,41,0,User
1515091,12,0,User
1515117,57,0,User
1515147,24,1,User
1515157,12,0,User
1515182,36,0,User
1515251,12,0,User
1515252,53,0,User
1515263,16,1,User
1515269,74,1,User
1515292,12,1,User
1515298,12,1,User
1515314,12,1,User
1515325,71,1,User
1515371,12,1,User
1515375,12,0,User
1515393,14,0,User
1515448,66,0,User
1515471,71,0,User
1515564,12,0,User
1515568,12,1,User
1515592,12,1,User
1515604,12,0,User
1515606,31,1,User
1515618,60,0,User
1515656,12,0,User
1515693,57,1,User
1515707,16,1,User
1515708,29,1,User
1515717,12,0,User
1515759,12,0,User
1515833,12,1,User
1515846,50,1,User
1515855,14,0,User
1515857,12,0,User
1515870,12,0,User
1515888,12,1,User
1515890,12,1,User
1515960,12,0,User
1515961,12,1,User
1515966,31,0,User
1516020,12,1,User
1516025,12,1,User
1516039,14,0,User
1516040,66,0,User
1516049,12,0,User
1516052,62,1,User
1516057,67,0,User
1516071,12,1,User
1516142,47,0,User
1516157,12,1,User
1516164,36,1,User
1516194,16,1,User
1516216,12,0,User
1516229,67,0,User
1516326,12,0,User
1516359,12,1,User
1516360,12,0,User
1516386,12,1,User
1516394,12,0,User
1516426,47,1,User
1516467,43,1,User
1516472,12,1,User
1516487,53,0,User
1516489,14,0,User
1516498,12,1,User
1516527,66,0,User
1516550,12,1,User
1516553,12,1,User
1516594,12,1,User
1516653,21,0,User
1516717,16,1,User
1516755,12,1,User
1516783,34,0,User
1516838,12,1,User
1516862,22,0,User
1516942,40,0,User
1516965,34,0,User
1516985,59,0,User
1516994,12,1,User
1517045,26,0,User
1517102,12,1,User
1517131,50,1,User
1517165,12,1,User
1517264,38,1,User
1517349,38,1,User
1517405,12,0,User
1517412,55,0,User
1517440,12,0,User
1517446,12,1,User
1517504,12,1,User
1517560,62,1,User
1517569,71,1,User
1517597,66,0,User
1517614,12,0,User
1517643,12,1,User
1517683,14,0,User
1517701,12,1,User
1517731,67,1,User
1517758,21,1,User
1517783,40,0,User
1517784,12,0,User
1517799,22,1,User
1517920,12,1,User
1517941,21,0,User
1517961,12,1,User
1517990,69,1,User
1518000,57,0,User
1518001,12,1,User
1518037,12,1,User
1518056,12,1,User
1518062,12,0,User
1518078,12,1,User
1518105,12,1,User
1518110,12,1,User
1518157,38,1,User
1518158,12,0,User
1518199,45,0,User
1518204,62,1,User
1518216,12,0,User
1518220,22,1,User
1518229,64,0,User
1518238,17,0,User
1518266,12,0,User
1518272,12,1,User
1518312,12,0,User
1518397,71,1,User
1518415,12,0,User
1518422,16,1,User
1518445,12,1,User
1518495,12,1,User
1518502,12,0,User
1518516,12,1,User
1518539,31,1,User
1518580,12,0,User
1518758,12,0,User
1518765,50,1,User
1518817,66,1,User
1518844,12,0,User
1518873,12,0,User
1518908,12,1,User
1518909,12,0,User
1518910,12,1,User
1518920,12,1,User
1518926,12,0,User
1518941,34,1,User
1518969,12,1,User
1518985,12,1,User
1519009,12,0,User
1519068,12,1,User
1519195,12,0,User
1519204,12,0,User
1519205,57,1,User
1519248,12,0,User
1519263,12,0,User
1519295,12,0,User
1519305,12,1,User
1519319,12,1,User
1519326,12,0,User
1519346,53,0,User
1519368,12,0,User
1519389,12,0,User
1519393,12,0,User
1519394,71,1,User
1519455,34,0,User
1519462,12,1,User
1519489,12,1,User
1519558,41,1,User
1519566,12,0,User
1519635,12,0,User
1519665,17,1,User
1519708,43,1,User
1519761,38,0,User
1519773,31,1,User
1519806,12,0,User
1519841,12,0,User
1519873,34,0,User
1519954,17,0,User
1519970,43,1,User
1519992,12,0,User
1520043,17,1,User
1520075,12,0,User
1520101,72,0,User
1520162,12,1,User
1520166,12,1,User
1520177,59,0,User
1520187,12,0,User
1520257,12,1,User
1520276,59,0,User
1520303,12,1,User
1520304,12,0,User
1520309,41,0,User
1520326,12,1,User
1520483,62,1,User
1520550,43,0,User
1520575,59,0,User
1520611,71,1,User
1520627,48,0,User
1520670,12,0,User
1520708,12,0,User
1520712,12,0,User
1520716,64,0,User
1520764,14,1,User
1520801,12,1,User
1520822,28,1,User
1520828,12,0,User
1520918,12,0,User
1520930,12,0,User
1521015,28,0,User
1521019,12,0,User
1521077,52,0,User
1521102,12,0,User
1521114,45,1,User
1521118,12,0,User
1521128,12,0,User
1521144,12,1,User
1521146,12,1,User
1521160,66,0,User
1521208,71,1,User
1521235,12,0,User
1521299,12,0,User
1521305,38,0,User
1521306,12,0,User
1521308,29,0,User
1521332,38,0,User
1521435,12,1,User
1521438,12,1,User
1521462,47,1,User
1521474,16,0,User
1521487,53,0,User
1521491,16,1,User
1521597,12,0,User
1521601,33,1,User
1521615,12,0,User
1521636,71,1,User
1521638,31,0,User
1521656,38,0,User
1521657,71,0,User
1521668,12,1,User
1521679,12,0,User
1521791,12,0,User
1521827,12,0,User
1521900,72,0,User
1521983,12,0,User
1521989,12,1,User
1522003,12,1,User
1522048,12,1,User
1522054,12,0,User
1522064,12,1,User
1522068,14,0,User
1522096,67,1,User
1522221,14,0,User
1522231,12,1,User
1522269,31,0,User
1522271,12,1,User
1522319,67,1,User
1522322,12,1,User
1522340,50,1,User
1522393,12,0,User
1522414,12,1,User
1522492,12,0,User
1522511,47,1,User
1522512,21,1,User
1522606,57,0,User
1522660,12,1,User
1522687,59,0,User
1522750,12,1,User
1522772,12,1,User
1522821,66,1,User
1522823,62,0,User
1522824,12,1,User
1522825,12,1,User
1522846,43,1,User
1522859,12,0,User
1522897,12,0,User
1522917,12,1,User
1522923,12,0,User
1522957,50,1,User
1522975,12,1,User
1522977,12,0,User
1522978,64,0,User
1523083,12,1,User
1523086,17,1,User
1523127,40,0,User
1523162,12,1,User
1523168,62,0,User
1523336,69,1,User
1523378,12,0,User
1523381,52,0,User
1523400,62,1,User
1523527,12,1,User
1523547,12,1,User
1523606,12,0,User
1523621,45,0,User
1523646,59,1,User
1523703,12,0,User
1523749,12,1,User
1523763,71,0,User
1523780,12,0,User
1523792,12,0,User
1523802,43,0,User
1523890,12,1,User
1523940,12,1,User
1523979,26,1,User
1523989,52,1,User
1524025,22,0,User
1524064,67,0,User
1524141,12,1,User
1524188,12,0,User
1524284,12,0,User
1524285,19,1,User
1524339,12,0,User
1524347,33,0,User
1524456,12,0,User
1524478,14,1,User
1524497,12,0,User
1524518,12,0,User
1524583,12,0,User
1524592,57,0,User
1524618,12,1,User
1524650,21,1,User
1524727,12,0,User
1524756,36,0,User
1524805,12,1,User
1524810,29,0,User
1524827,60,1,User
1524889,12,1,User
1524987,12,0,User
1525030,12,0,User
1525044,17,0,User
1525057,21,1,User
1525077,34,1,User
1525136,38,1,User
1525240,12,1,User
1525251,12,0,User
1525301,12,1,User
1525304,12,0,User
1525315,12,1,User
1525325,19,0,User
1525329,53,1,User
1525342,12,1,User
1525354,12,1,User
1525395,26,1,User
1525569,12,1,User
1525575,26,0,User
1525592,12,1,User
1525613,45,1,User
1525676,12,0,User
1525722,12,1,User
1525745,12,0,User
1525754,12,0,User
1525777,12,0,User
1525809,12,0,User
1525841,12,1,User
1525856,33,1,User
1525922,12,0,User
1525940,24,1,User
1525951,14,1,User
1525969,66,1,User
1526006,12,0,User
1526010,14,0,User
1526024,69,1,User
1526036,12,0,User
1526061,69,1,User
1526106,12,0,User
1526144,38,0,User
1526174,12,0,User
1526196,64,1,User
1526217,14,1,User
1526230,12,1,User
1526294,26,0,User
1526334,47,0,User
1526341,47,1,User
1526452,55,1,User
1526463,12,1,User
1526483,12,0,User
1526489,12,1,User
1526494,31,0,User
1526508,12,1,User
1526522,16,0,User
1526567,26,1,User
1526643,14,0,User
1526667,14,0,User
1526727,12,0,User
1526732,12,1,User
1526742,12,0,User
1526781,12,0,User
1526887,71,1,User
1526955,12,0,User
1527018,12,0,User
1527065,12,1,User
1527100,12,0,User
1527174,31,1,User
1527179,12,0,User
1527208,12,1,User
1527221,12,1,User
1527258,67,0,User
1527287,55,1,User
1527291,29,0,User
1527298,12,1,User
1527328,12,0,User
1527401,12,0,User
1527432,12,0,User
1527454,59,1,User
1527464,71,0,User
1527488,69,0,User
1527518,12,0,User
1527610,12,1,User
1527618,67,1,User
1527638,14,1,User
1527845,67,0,User
1527846,12,1,User
1527888,12,1,User
1527895,12,1,User
1527952,14,0,User
1528025,12,0,User
1528046,12,1,User
1528090,12,1,User
1528097,12,1,User
1528104,12,1,User
1528116,14,1,User
1528129,12,1,User
1528233,22,0,User
1528237,67,0,User
1528251,12,0,User
1528418,12,0,User
1528419,12,0,User
1528428,12,0,User
1528432,50,0,User
1528433,53,1,User
1528451,12,0,User
1528460,29,1,User
1528474,31,1,User
1528493,12,1,User
1528563,12,1,User
1528576,34,1,User
1528585,12,1,User
1528663,69,1,User
1528665,12,1,User
1528667,41,0,User
1528691,45,0,User
1528737,12,1,User
1528774,12,0,User
1528839,12,1,User
1528884,17,1,User
1528903,59,1,User
1528912,12,0,User
1528938,67,0,User
1528983,48,1,User
1528991,31,1,User
1529039,12,1,User
1529080,59,0,User
1529096,12,1,User
1529114,12,0,User
1529166,12,1,User
1529177,60,0,User
1529179,14,0,User
1529222,67,1,User
1529237,12,0,User
1529247,57,1,User
1529289,14,1,User
1529316,12,1,User
1529318,12,1,User
1529321,47,0,User
1529347,12,1,User
1529362,12,1,User
1529380,12,0,User
1529393,12,0,User
1529410,12,1,User
1529437,67,1,User
1529482,12,0,User
1529555,12,1,User
1529628,48,0,User
1529662,53,0,User
1529673,71,1,User
1529723,50,1,User
1529735,12,0,User
1529772,12,1,User
1529781,12,0,User
1529827,12,0,User
1529905,16,0,User
1529957,12,1,User
1530056,12,1,User
1530063,12,1,User
1530064,12,1,User
1530068,40,1,User
1530106,59,1,User
1530116,12,0,User
1530218,12,0,User
1530263,67,0,User
1530270,12,0,User
1530381,43,0,User
1530499,12,1,User
1530539,12,1,User
1530542,12,1,User
1530624,12,0,User
1530724,14,1,User
1530742,52,1,User
1530815,67,1,User
1530873,38,0,User
1530918,12,0,User
1530919,12,0,User
1530943,36,0,User
1531000,12,0,User
1531092,66,1,User
1531097,59,1,User
1531190,59,1,User
1531197,12,0,User
1531202,62,0,User
1531253,29,0,User
1531258,48,0,User
1531283,12,0,User
1531319,64,1,User
1531392,12,1,User
1531412,64,0,User
1531429,12,0,User
1531471,12,1,User
1531486,12,1,User
1531491,57,0,User
1531497,12,1,User
1531509,47,0,User
1531530,12,0,User
1531533,12,1,User
1531572,19,0,User
1531620,22,1,User
1531625,45,1,User
1531744,12,1,User
1531768,62,1,User
1531865,12,0,User
1531880,12,1,User
1531897,12,0,User
1531903,12,1,User
1531995,53,1,User
1532009,60,1,User
1532015,12,0,User
1532018,12,1,User
1532022,12,1,User
1532028,12,0,User
1532114,64,0,User
1532148,71,0,User
1532206,71,1,User
1532289,12,1,User
1532295,69,0,User
1532378,12,0,User
1532485,14,0,User
1532553,28,1,User
1532592,62,1,User
1532624,12,1,User
1532657,12,1,User
1532695,66,0,User
1532705,12,0,User
1532769,16,0,User
1532803,12,0,User
1532821,12,1,User
1532842,12,1,User
1532843,50,1,User
1532883,12,0,User
1532950,14,0,User
1532989,38,0,User
1532995,12,0,User
1533001,24,1,User
1533081,64,1,User
1533125,12,1,User
1533198,64,1,User
1533207,21,1,User
1533214,12,0,User
1533249,67,1,User
1533306,12,0,User
1533307,19,0,User
1533380,71,0,User
1533390,59,0,User
1533393,67,1,User
1533442,12,1,User
1533469,12,1,User
1533521,71,1,User
1533536,12,1,User
1533589,16,1,User
1533590,29,1,User
1533673,12,0,User
1533713,12,1,User
1533759,12,0,User
1533780,12,0,User
1533781,26,1,User
1533805,12,1,User
1533860,12,0,User
1533945,71,0,User
1533995,57,0,User
1534007,66,0,User
1534018,12,1,User
1534073,12,1,User
1534233,71,1,User
1534259,12,1,User
1534274,43,0,User
1534293,12,1,User
1534318,12,1,User
1534335,38,0,User
1534365,12,0,User
1534406,12,1,User
1534472,71,0,User
1534481,62,1,User
1534508,64,0,User
1534519,12,1,User
1534557,12,1,User
1534570,55,0,User
1534571,12,0,User
1534572,33,1,User
1534639,41,1,User
1534651,12,0,User
1534656,45,0,User
1534658,12,0,User
1534691,12,0,User
1534779,17,0,User
1534841,12,1,User
1534868,47,1,User
1534898,12,1,User
1534913,34,0,User
1534936,62,1,User
1534940,14,1,User
1534992,45,0,User
1534995,12,1,User
1535031,34,1,User
1535060,12,0,User
1535092,12,0,User
1535144,12,1,User
1535164,12,1,User
1535235,62,0,User
1535238,12,1,User
1535262,12,0,User
1535264,69,0,User
1535315,69,1,User
1535338,12,1,User
1535350,12,1,User
1535352,12,1,User
1535487,12,1,User
1535489,12,1,User
1535498,67,1,User
1535527,12,1,User
1535552,12,0,User
1535574,47,0,User
1535594,59,1,User
1535687,12,0,User
1535703,12,0,User
1535704,48,0,User
1535752,62,0,User
1535788,66,1,User
1535814,22,0,User
1535855,71,1,User
1535909,12,0,User
1535916,57,1,User
1535956,12,1,User
1535970,45,1,User
1535993,12,1,User
1536053,52,0,User
1536107,12,1,User
1536118,12,1,User
1536139,12,1,User
1536180,12,1,User
1536185,47,0,User
1536193,55,1,User
1536195,26,0,User
1536210,14,1,User
1536282,17,0,User
1536338,12,0,User
1536352,12,1,User
1536389,40,1,User
1536407,76,0,User
1536425,60,0,User
1536510,19,1,User
1536549,12,0,User
1536571,64,1,User
1536573,12,1,User
1536607,12,1,User
1536642,12,1,User
1536663,12,0,User
1536669,12,0,User
1536674,12,1,User
1536699,12,0,User
1536703,55,0,User
1536843,12,0,User
1536861,14,0,User
1536870,48,0,User
1536875,12,1,User
1536940,12,0,User
1536945,45,0,User
1537006,31,1,User
1537014,12,0,User
1537027,64,0,User
1537030,12,1,User
1537117,12,0,User
1537118,12,0,User
1537160,59,0,User
1537180,12,0,User
1537189,12,0,User
1537203,12,0,User
1537209,48,0,User
1537238,33,0,User
1537297,12,0,User
1537335,12,1,User
1537345,12,1,User
1537361,12,1,User
1537413,12,0,User
1537421,12,0,User
1537424,12,0,User
1537450,12,0,User
1537497,48,1,User
1537534,55,0,User
1537555,12,0,User
1537558,12,0,User
1537570,12,0,User
1537589,67,0,User
1537601,12,0,User
1537620,67,0,User
1537628,12,0,User
1537629,12,1,User
1537678,69,1,User
1537743,12,1,User
1537762,12,1,User
1537765,12,0,User
1537814,12,1,User
1537841,14,0,User
1537843,12,1,User
1537844,72,0,User
1537860,64,0,User
1537909,57,0,User
1537938,12,1,User
1537965,59,0,User
1538015,22,0,User
1538054,62,0,User
1538058,31,0,User
1538076,12,1,User
1538115,62,0,User
1538246,71,1,User
1538275,33,1,User
1538320,78,1,User
1538344,24,0,User
1538354,64,0,User
1538382,12,1,User
1538406,12,0,User
1538450,12,0,User
1538464,12,1,User
1538546,60,0,User
1538556,12,1,User
1538596,12,1,User
1538633,47,1,User
1538640,12,0,User
1538685,12,0,User
1538747,12,1,User
1538825,34,0,User
1538868,41,1,User
1538874,69,0,User
1538894,66,0,User
1538917,12,1,User
1538918,12,1,User
1538925,12,1,User
1538928,12,0,User
1538964,12,0,User
1538985,14,0,User
1539076,60,1,User
1539195,74,1,User
1539209,12,0,User
1539270,12,0,User
1539343,14,0,User
1539374,21,0,User
1539385,12,1,User
1539387,14,1,User
1539534,48,0,User
1539541,12,0,User
1539574,45,1,User
1539587,12,1,User
1539658,12,0,User
1539683,57,0,User
1539776,12,1,User
1539778,12,0,User
1539781,12,1,User
1539843,16,1,User
1539901,12,0,User
1539924,12,1,User
1539957,12,0,User
1540001,14,0,User
1540026,12,1,User
1540082,60,1,User
1540083,69,0,User
1540127,28,0,User
1540128,12,0,User
1540157,12,1,User
1540256,12,1,User
1540286,69,1,User
1540288,12,0,User
1540307,12,0,User
1540316,12,1,User
1540325,41,0,User
1540367,28,0,User
1540390,12,0,User
1540401,31,1,User
1540424,31,1,User
1540474,12,0,User
1540520,12,0,User
1540569,69,1,User
1540572,12,1,User
1540583,16,1,User
1540658,31,1,User
1540697,47,1,User
1540709,12,1,User
1540755,43,0,User
1540818,52,1,User
1540864,12,1,User
1540878,12,0,User
1540897,12,0,User
1540919,12,1,User
1540950,60,0,User
1540966,64,1,User
1540982,12,0,User
1540989,12,1,User
1541035,12,0,User
1541121,55,1,User
1541158,12,0,User
1541240,12,0,User
1541242,12,1,User
1541254,12,1,User
1541405,12,0,User
1541410,12,0,User
1541413,40,0,User
1541424,34,0,User
1541446,12,1,User
1541508,69,0,User
1541524,12,1,User
1541537,12,0,User
1541572,14,0,User
1541584,12,0,User
1541590,16,0,User
1541592,14,0,User
1541599,12,0,User
1541652,12,0,User
1541687,12,0,User
1541706,12,1,User
1541732,26,1,User
1541815,12,1,User
1541870,12,1,User
1541906,12,0,User
1541925,50,1,User
1541945,12,0,User
1542028,84,1,User
1542029,12,1,User
1542052,36,0,User
1542101,14,1,User
1542169,66,1,User
1542185,12,1,User
1542239,12,0,User
1542271,12,1,User
1542290,69,1,User
1542302,12,0,User
1542362,48,0,User
1542384,12,0,User
1542386,43,0,User
1542387,12,0,User
1542391,67,1,User
1542460,12,1,User
1542461,12,0,User
1542564,12,1,User
1542575,12,0,User
1542641,59,1,User
1542766,47,0,User
1542803,38,0,User
1542816,28,1,User
1542840,71,1,User
1542848,12,1,User
1542912,12,0,User
1542933,69,1,User
1542965,41,0,User
1543043,14,1,User
1543044,16,0,User
1543047,12,1,User
1543122,12,1,User
1543146,55,0,User
1543165,34,1,User
1543212,12,0,User
1543213,36,1,User
1543285,52,0,User
1543296,38,1,User
1543319,12,0,User
1543332,14,0,User
1543412,33,0,User
1543419,12,1,User
1543420,12,0,User
1543439,16,0,User
1543460,14,1,User
1543489,45,1,User
1543492,43,0,User
1543496,12,0,User
1543521,47,0,User
1543541,12,1,User
1543608,12,1,User
1543612,12,0,User
1543628,12,1,User
1543645,12,1,User
1543684,69,0,User
1543696,12,1,User
1543698,12,1,User
1543705,14,0,User
1543752,57,1,User
1543759,12,1,User
1543760,12,1,User
1543767,55,1,User
1543790,50,0,User
1543811,17,1,User
1543819,12,0,User
1543820,12,0,User
1543823,12,0,User
1543836,12,0,User
1543862,12,0,User
1543884,41,0,User
1543919,12,1,User
1543936,12,0,User
1543982,12,0,User
1544080,59,1,User
1544112,12,0,User
1544157,12,0,User
1544163,12,0,User
1544186,48,0,User
1544192,38,0,User
1544204,57,0,User
1544220,12,1,User
1544252,66,0,User
1544334,16,0,User
1544392,72,1,User
1544408,41,0,User
1544416,12,0,User
1544423,14,1,User
1544432,67,0,User
1544443,43,0,User
1544498,12,0,User
1544528,16,1,User
1544586,14,1,User
1544606,12,0,User
1544662,12,0,User
1544672,12,1,User
1544684,12,0,User
1544707,64,1,User
1544727,59,0,User
1544730,69,1,User
1544763,12,0,User
1544830,62,0,User
1544845,12,0,User
1544853,12,1,User
1544863,60,0,User
1544878,45,0,User
1544900,12,0,User
1544968,47,0,User
1544972,12,0,User
1544989,14,1,User
1545035,12,0,User
1545101,33,0,User
1545163,59,1,User
1545195,12,1,User
1545218,53,1,User
1545220,12,1,User
1545227,12,1,User
1545329,12,1,User
1545351,38,1,User
1545363,12,1,User
1545379,12,1,User
1545400,12,0,User
1545430,12,0,User
1545441,12,1,User
1545469,67,1,User
1545487,33,0,User
1545499,29,0,User
1545557,34,1,User
1545585,12,1,User
1545587,12,0,User
1545634,12,1,User
1545636,12,0,User
1545639,12,1,User
1545673,28,0,User
1545687,17,1,User
1545701,60,0,User
1545706,48,1,User
1545710,12,0,User
1545748,12,0,User
1545767,12,0,User
1545774,12,0,User
1545849,12,1,User
1545880,12,0,User
1545882,12,0,User
1545885,12,0,User
1545991,12,0,User
1545998,12,1,User
1546015,47,1,User
1546017,12,1,User
1546035,12,1,User
1546043,60,1,User
1546096,48,1,User
1546130,12,1,User
1546133,12,1,User
1546141,64,1,User
1546177,36,1,User
1546218,12,0,User
1546226,12,0,User
1546285,12,0,User
1546312,12,1,User
1546332,14,0,User
1546449,62,0,User
1546491,12,0,User
1546527,12,1,User
1546572,12,0,User
1546575,12,0,User
1546590,12,0,User
1546665,12,1,User
1546696,12,1,User
1546749,12,1,User
1546758,33,0,User
1546768,29,1,User
1546807,12,0,User
1546845,47,0,User
1546885,43,0,User
1546900,12,1,User
1546901,12,0,User
1546925,64,1,User
1547020,62,1,User
1547287,14,1,User
1547407,12,1,User
1547413,12,1,User
1547414,12,1,User
1547481,12,1,User
1547496,24,1,User
1547548,55,1,User
1547568,12,0,User
1547579,71,1,User
1547654,12,1,User
1547687,31,0,User
1547737,12,0,User
1547745,34,0,User
1547757,12,1,User
1547789,12,1,User
1547899,12,0,User
1547915,12,0,User
1547926,12,0,User
1548015,17,0,User
1548077,69,1,User
1548098,12,1,User
1548167,71,1,User
1548195,12,0,User
1548268,12,1,User
1548291,12,1,User
1548310,24,0,User
1548399,12,0,User
1548422,12,0,User
1548433,12,0,User
1548452,12,0,User
1548481,12,1,User
1548489,12,1,User
1548590,12,0,User
1548654,12,0,User
1548656,60,1,User
1548765,34,1,User
1548861,69,1,User
1548864,12,0,User
1548890,29,1,User
1548914,12,0,User
1548929,12,1,User
1549025,59,1,User
1549029,12,0,User
1549049,67,0,User
1549051,47,1,User
1549099,12,1,User
1549167,12,1,User
1549187,43,1,User
1549196,36,0,User
1549199,43,0,User
1549229,12,0,User
1549422,31,1,User
1549433,40,1,User
1549447,71,0,User
1549457,12,0,User
1549504,12,1,User
1549545,12,1,User
1549557,71,0,User
1549601,12,1,User
1549607,29,1,User
1549622,12,1,User
1549633,22,0,User
1549640,40,1,User
1549764,12,1,User
1549780,12,0,User
1549870,28,0,User
1549922,43,1,User
1549934,29,1,User
1549942,28,1,User
1549950,12,0,User
1549973,12,0,User
1550020,12,1,User
1550030,12,0,User
1550065,12,0,User
1550081,43,1,User
1550096,55,0,User
1550129,12,1,User
1550132,16,1,User
1550210,12,1,User
1550244,14,0,User
1550273,47,0,User
1550281,12,0,User
1550306,12,0,User
1550413,66,1,User
1550428,16,1,User
1550499,60,1,User
1550511,29,1,User
1550512,24,0,User
1550526,12,1,User
1550549,12,0,User
1550558,12,0,User
1550635,45,0,User
1550642,12,0,User
1550694,12,1,User
1550708,71,0,User
1550718,0,,User
1550751,12,1,User
1550781,12,0,User
1550825,55,0,User
1550827,12,0,User
1550843,12,1,User
1550873,12,1,User
1550931,50,1,User
1551060,31,1,User
1551062,50,0,User
1551101,60,0,User
1551106,12,0,User
1551121,47,0,User
1551144,12,1,User
1551164,14,0,User
1551180,12,1,User
1551195,12,1,User
1551286,59,0,User
1551301,12,0,User
1551363,62,1,User
1551503,29,1,User
1551516,12,0,User
1551526,12,1,User
1551527,52,1,User
1551549,12,0,User
1551554,52,1,User
1551557,12,0,User
1551570,12,0,User
1551591,12,0,User
1551611,66,1,User
1551647,12,0,User
1551713,12,0,User
1551784,12,0,User
1551823,12,0,User
1551844,12,0,User
1551941,53,1,User
1551950,12,1,User
1552000,12,1,User
1552030,12,1,User
1552068,12,0,User
1552069,12,1,User
1552128,12,1,User
1552130,12,1,User
1552170,14,1,User
1552198,12,0,User
1552246,12,1,User
1552304,14,0,User
1552341,14,1,User
1552342,14,0,User
1552357,69,0,User
1552372,33,0,User
1552377,12,1,User
1552378,12,1,User
1552401,21,1,User
1552404,12,1,User
1552479,12,1,User
1552482,53,0,User
1552558,12,1,User
1552617,12,1,User
1552625,12,0,User
1552662,12,0,User
1552666,12,0,User
1552669,12,1,User
1552680,38,1,User
1552685,59,1,User
1552695,31,1,User
1552706,40,0,User
1552710,12,0,User
1552723,12,1,User
1552783,12,1,User
1552794,31,1,User
1552809,60,0,User
1552828,12,1,User
1552873,12,1,User
1552880,12,0,User
1552903,12,1,User
1552926,43,1,User
1552937,12,1,User
1552957,22,1,User
1552969,12,1,User
1552972,12,1,User
1552975,16,1,User
1552981,17,0,User
1553006,60,1,User
1553019,12,0,User
1553038,22,1,User
1553048,12,1,User
1553189,12,1,User
1553212,12,1,User
1553217,12,1,User
1553224,33,1,User
1553253,12,0,User
1553254,12,0,User
1553330,55,0,User
1553342,12,0,User
1553374,12,0,User
1553519,12,1,User
1553535,22,1,User
1553567,12,0,User
1553571,12,1,User
1553731,12,0,User
1553768,12,1,User
1553787,69,0,User
1553824,34,0,User
1553856,12,0,User
1553858,67,0,User
1553879,12,0,User
1553881,12,1,User
1553889,12,1,User
1553927,12,1,User
1554029,12,0,User
1554121,64,0,User
1554137,12,0,User
1554139,12,1,User
1554141,79,0,User
1554174,12,0,User
1554176,31,0,User
1554187,12,1,User
1554239,29,1,User
1554243,12,1,User
1554261,12,0,User
1554271,41,0,User
1554301,12,1,User
1554323,12,1,User
1554389,17,0,User
1554408,12,0,User
1554415,43,1,User
1554436,12,1,User
1554461,12,1,User
1554472,48,0,User
1554476,12,1,User
1554480,55,0,User
1554527,62,1,User
1554543,12,0,User
1554549,12,1,User
1554552,12,1,User
1554595,12,0,User
1554607,16,0,User
1554625,24,1,User
1554644,24,0,User
1554669,12,0,User
1554684,12,0,User
1554694,21,0,User
1554710,12,1,User
1554774,31,1,User
1554776,12,1,User
1554895,12,0,User
1554921,12,1,User
1554922,69,1,User
1555015,57,1,User
1555017,12,1,User
1555032,26,1,User
1555077,12,1,User
1555106,29,1,User
1555113,12,1,User
1555143,12,1,User
1555181,59,1,User
1555215,12,1,User
1555265,12,0,User
1555293,40,1,User
1555407,12,1,User
1555454,12,0,User
1555463,12,1,User
1555486,12,1,User
1555498,12,0,User
1555585,12,1,User
1555613,12,0,User
1555640,59,1,User
1555657,16,1,User
1555701,12,1,User
1555708,16,0,User
1555726,67,0,User
1555881,71,1,User
1555882,33,0,User
1555969,12,1,User
1555981,12,1,User
1556014,12,0,User
1556081,12,0,User
1556131,12,1,User
1556178,12,1,User
1556238,48,0,User
1556245,12,0,User
1556395,12,1,User
1556396,12,1,User
1556403,12,1,User
1556412,12,0,User
1556440,64,1,User
1556495,45,0,User
1556498,12,1,User
1556503,12,1,User
1556524,12,1,User
1556541,12,0,User
1556552,12,1,User
1556591,12,1,User
1556600,12,1,User
1556652,64,1,User
1556703,60,1,User
1556917,12,1,User
1557005,12,0,User
1557094,12,0,User
1557120,12,0,User
1557141,12,1,User
1557152,67,1,User
1557175,12,0,User
1557244,12,1,User
1557295,29,0,User
1557303,12,1,User
1557317,12,1,User
1557331,38,0,User
1557369,12,0,User
1557406,12,0,User
1557577,12,1,User
1557584,69,1,User
1557604,12,0,User
1557672,12,1,User
1557744,38,0,User
1557779,12,0,User
1557829,12,1,User
1557986,41,0,User
1558028,12,1,User
1558081,12,0,User
1558098,59,0,User
1558115,71,1,User
1558125,12,1,User
1558134,14,1,User
1558158,12,1,User
1558242,12,0,User
1558253,47,0,User
1558265,52,1,User
1558295,34,1,User
1558300,12,1,User
1558382,17,0,User
1558402,12,0,User
1558452,12,0,User
1558466,12,1,User
1558551,69,0,User
1558584,55,0,User
1558589,12,1,User
1558597,12,1,User
1558599,52,1,User
1558612,12,1,User
1558646,12,1,User
1558669,12,0,User
1558676,12,0,User
1558682,12,1,User
1558699,12,1,User
1558700,69,1,User
1558708,17,1,User
1558742,12,0,User
1558802,12,1,User
1558816,60,1,User
1558839,12,0,User
1558923,19,0,User
1558936,55,1,User
1558982,64,1,User
1558988,12,0,User
1558997,14,1,User
1559012,34,0,User
1559066,12,1,User
1559079,12,0,User
1559124,14,1,User
1559137,57,0,User
1559215,12,1,User
1559219,53,0,User
1559221,47,0,User
1559244,12,1,User
1559262,52,1,User
1559297,12,0,User
1559433,12,1,User
1559434,12,1,User
1559460,12,1,User
1559490,12,1,User
1559511,12,0,User
1559555,40,1,User
1559557,31,0,User
1559576,59,0,User
1559622,12,0,User
1559630,12,0,User
1559667,41,0,User
1559705,12,0,User
1559740,12,0,User
1559755,12,0,User
1559769,62,0,User
1559772,12,0,User
1559958,12,1,User
1559981,12,1,User
1560005,12,1,User
1560010,12,0,User
1560102,12,1,User
1560169,12,0,User
1560200,12,1,User
1560239,60,1,User
1560304,31,1,User
1560335,12,1,User
1560360,12,1,User
1560409,12,1,User
1560416,62,1,User
1560547,12,0,User
1560548,12,0,User
1560584,12,0,User
1560612,12,0,User
1560811,34,0,User
1560829,12,1,User
1560854,12,0,User
1560900,12,0,User
1560938,12,1,User
1560956,12,1,User
1560960,12,0,User
1560962,22,0,User
1560980,12,1,User
1561004,12,0,User
1561094,60,0,User
1561095,71,0,User
1561103,12,1,User
1561106,59,0,User
1561164,12,1,User
1561201,45,1,User
1561204,12,1,User
1561241,12,0,User
1561277,12,1,User
1561295,31,0,User
1561296,12,0,User
1561348,12,1,User
1561374,12,0,User
1561379,36,0,User
1561424,12,0,User
1561482,22,0,User
1561567,22,1,User
1561613,12,1,User
1561614,59,0,User
1561628,12,1,User
1561662,71,1,User
1561697,12,0,User
1561742,55,1,User
1561754,12,1,User
1561777,12,1,User
1561794,71,1,User
1561836,62,0,User
1561857,12,1,User
1561860,62,1,User
1561900,12,0,User
1561946,12,0,User
1561994,12,1,User
1562055,12,1,User
1562093,55,1,User
1562118,69,0,User
1562172,69,0,User
1562183,12,1,User
1562266,24,1,User
1562307,12,0,User
1562372,12,1,User
1562409,12,1,User
1562413,12,0,User
1562415,26,0,User
1562430,50,0,User
1562486,12,0,User
1562510,69,0,User
1562552,12,1,User
1562558,12,1,User
1562568,64,0,User
1562582,12,1,User
1562625,12,0,User
1562647,53,1,User
1562677,12,0,User
1562717,52,1,User
1562783,34,1,User
1562794,60,1,User
1562857,29,0,User
1562888,12,0,User
1562900,64,1,User
1562911,12,1,User
1562931,52,0,User
1562935,12,1,User
1562968,12,0,User
1562983,48,0,User
1563063,71,1,User
1563134,71,1,User
1563140,36,1,User
1563175,12,0,User
1563201,12,0,User
1563206,62,0,User
1563209,12,1,User
1563237,24,1,User
1563309,12,0,User
1563343,12,0,User
1563400,12,0,User
1563433,28,0,User
1563437,62,0,User
1563480,38,0,User
1563493,47,0,User
1563514,12,0,User
1563536,31,0,User
1563588,16,0,User
1563597,26,0,User
1563680,12,0,User
1563697,47,0,User
1563736,52,0,User
1563767,12,1,User
1563781,12,1,User
1563795,12,0,User
1563832,12,0,User
1563853,12,0,User
1563860,33,0,User
1563900,12,0,User
1563919,12,0,User
1563922,34,0,User
1563929,41,0,User
1564084,12,0,User
1564206,53,0,User
1564223,66,1,User
1564248,17,1,User
1564278,64,1,User
1564349,12,1,User
1564399,12,1,User
1564414,47,0,User
1564420,12,0,User
1564431,12,0,User
1564477,60,1,User
1564484,48,1,User
1564515,12,0,User
1564529,12,1,User
1564539,53,0,User
1564552,12,1,User
1564613,50,0,User
1564626,12,1,User
1564659,26,0,User
1564686,12,0,User
1564687,12,1,User
1564735,12,0,User
1564808,12,0,User
1564811,12,1,User
1564820,31,1,User
1564849,12,0,User
1564973,12,1,User
1565082,12,1,User
1565145,14,1,User
1565161,12,0,User
1565167,12,1,User
1565218,12,0,User
1565238,16,0,User
1565247,38,1,User
1565313,12,0,User
1565335,64,0,User
1565343,12,1,User
1565344,55,1,User
1565362,12,1,User
1565429,52,0,User
1565461,12,0,User
1565530,34,1,User
1565591,62,1,User
1565691,59,0,User
1565739,31,0,User
1565754,12,1,User
1565763,60,0,User
1565811,12,0,User
1565829,38,0,User
1565842,66,1,User
1565865,57,1,User
1565885,12,1,User
1565901,17,0,User
1565909,64,1,User
1565930,50,1,User
1566021,12,1,User
1566092,45,1,User
1566102,12,0,User
1566130,12,0,User
1566157,12,0,User
1566259,12,0,User
1566299,12,1,User
1566322,12,0,User
1566398,12,1,User
1566426,12,1,User
1566438,12,0,User
1566525,12,0,User
1566531,12,0,User
1566550,12,0,User
1566551,12,0,User
1566583,12,0,User
1566635,12,0,User
1566702,66,1,User
1566786,19,0,User
1566791,12,0,User
1566813,34,1,User
1566849,12,0,User
1566850,12,1,User
1566869,12,1,User
1566879,67,1,User
1566880,14,0,User
1566981,21,0,User
1566995,64,0,User
1567009,14,0,User
1567036,12,0,User
1567217,50,0,User
1567235,12,1,User
1567240,12,0,User
1567313,12,1,User
1567371,48,0,User
1567407,57,0,User
1567420,12,1,User
1567451,12,0,User
1567465,12,1,User
1567477,55,1,User
1567492,64,1,User
1567499,22,1,User
1567510,12,0,User
1567524,12,1,User
1567534,12,0,User
1567547,12,1,User
1567620,41,1,User
1567677,62,1,User
1567723,50,0,User
1567756,12,0,User
1567759,12,0,User
1567766,12,0,User
1567769,21,1,User
1567841,14,1,User
1567846,12,0,User
1567857,12,0,User
1567865,12,0,User
1567869,53,0,User
1567872,19,1,User
1567899,19,1,User
1567906,12,1,User
1567915,12,1,User
1567927,48,1,User
1568065,67,1,User
1568066,12,0,User
1568117,31,0,User
1568135,34,1,User
1568140,12,0,User
1568146,53,1,User
1568201,21,0,User
1568207,12,0,User
1568250,38,1,User
1568255,12,1,User
1568268,12,1,User
1568340,60,0,User
1568357,12,1,User
1568363,14,1,User
1568454,34,0,User
1568479,16,0,User
1568483,12,0,User
1568616,64,1,User
1568631,12,0,User
1568635,59,1,User
1568655,62,0,User
1568681,12,1,User
1568693,60,1,User
1568745,12,0,User
1568802,12,1,User
1568814,12,1,User
1568825,48,1,User
1568891,66,1,User
1568948,12,1,User
1569056,43,0,User
1569065,12,0,User
1569190,12,1,User
1569273,12,0,User
1569351,14,1,User
1569403,12,1,User
1569408,12,1,User
1569445,36,1,User
1569446,12,1,User
1569455,12,1,User
1569501,12,1,User
1569513,12,1,User
1569517,12,1,User
1569532,12,0,User
1569540,34,0,User
1569582,67,1,User
1569666,71,1,User
1569744,12,1,User
1569769,12,1,User
1569779,64,0,User
1569780,21,1,User
1569806,55,0,User
1569808,41,0,User
1569821,12,0,User
1569861,12,0,User
1569863,59,1,User
1570103,12,0,User
1570135,12,0,User
1570155,12,1,User
1570167,47,1,User
1570195,47,1,User
1570213,12,0,User
1570220,38,1,User
1570233,12,0,User
1570247,36,1,User
1570248,12,1,User
1570254,12,0,User
1570412,33,0,User
1570421,16,1,User
1570467,12,1,User
1570500,36,1,User
1570522,12,1,User
1570527,12,0,User
1570539,64,0,User
1570582,12,0,User
1570589,12,1,User
1570643,62,1,User
1570691,12,0,User
1570731,12,0,User
1570735,45,0,User
1570830,12,0,User
1570834,31,0,User
1570863,64,1,User
1570868,59,0,User
1570883,69,0,User
1570935,16,1,User
1570977,12,0,User
1571015,45,1,User
1571059,45,0,User
1571070,19,0,User
1571080,69,0,User
1571088,12,1,User
1571103,12,1,User
1571116,12,1,User
1571117,12,1,User
1571140,12,0,User
1571157,19,1,User
1571165,12,0,User
1571177,12,1,User
1571220,12,0,User
1571236,12,0,User
1571262,52,1,User
1571299,12,0,User
1571315,34,1,User
1571357,12,0,User
1571405,12,0,User
1571474,12,1,User
1571494,36,1,User
1571612,41,0,User
1571622,12,0,User
1571735,12,0,User
1571751,12,0,User
1571799,12,0,User
1571835,12,0,User
1571872,12,1,User
1571879,16,0,User
1571890,47,0,User
1571891,12,0,User
1571901,12,0,User
1571988,12,1,User
1572028,19,1,User
1572112,48,0,User
1572153,12,1,User
1572186,12,1,User
1572217,36,1,User
1572222,66,1,User
1572306,12,1,User
1572366,12,1,User
1572402,12,1,User
1572405,12,0,User
1572481,12,0,User
1572504,17,1,User
1572536,62,1,User
1572553,12,0,User
1572564,12,0,User
1572667,57,0,User
1572688,12,0,User
1572711,22,0,User
1572756,47,0,User
1572800,12,1,User
1572811,12,1,User
1572826,12,0,User
1572859,47,1,User
1572919,12,1,User
1572949,12,0,User
1572959,47,0,User
1573082,12,1,User
1573085,67,0,User
1573099,22,0,User
1573104,12,0,User
1573170,12,0,User
1573186,17,0,User
1573212,14,1,User
1573239,12,1,User
1573272,53,0,User
1573283,12,1,User
1573314,12,1,User
1573322,12,1,User
1573328,12,0,User
1573333,22,1,User
1573346,57,0,User
1573365,71,0,User
1573424,12,1,User
1573512,55,0,User
1573573,12,0,User
1573578,12,1,User
1573609,33,0,User
1573643,12,0,User
1573714,47,0,User
1573732,53,0,User
1573810,71,0,User
1573819,12,0,User
1573828,12,0,User
1573898,22,1,User
1573946,16,1,User
1574004,12,1,User
1574033,28,0,User
1574035,52,0,User
1574037,12,1,User
1574040,12,0,User
1574067,12,1,User
1574068,12,1,User
1574133,12,0,User
1574161,12,1,User
1574183,12,0,User
1574207,12,0,User
1574213,12,0,User
1574220,12,0,User
1574335,29,1,User
1574375,12,0,User
1574441,48,0,User
1574479,66,0,User
1574512,12,0,User
1574570,12,0,User
1574610,12,0,User
1574633,12,0,User
1574640,12,0,User
1574748,69,0,User
1574752,12,0,User
1574783,12,1,User
1574795,59,1,User
1574843,12,1,User
1574874,14,0,User
1574955,12,0,User
1574979,12,0,User
1574985,50,0,User
1575009,47,0,User
1575017,12,1,User
1575055,12,0,User
1575079,34,1,User
1575121,55,0,User
1575143,16,0,User
1575227,12,1,User
1575246,12,0,User
1575295,50,1,User
1575305,12,1,User
1575309,12,0,User
1575362,64,0,User
1575401,12,1,User
1575456,40,0,User
1575458,12,0,User
1575487,12,0,User
1575499,12,1,User
1575503,53,0,User
1575526,33,0,User
1575586,33,0,User
1575600,71,0,User
1575658,12,1,User
1575685,12,1,User
1575715,52,1,User
1575759,71,1,User
1575767,28,1,User
1575790,36,1,User
1575835,12,0,User
1575878,12,1,User
1575902,12,1,User
1575938,48,1,User
1575943,12,0,User
1576009,52,1,User
1576093,12,1,User
1576142,12,0,User
1576160,12,1,User
1576194,21,1,User
1576199,21,1,User
1576251,17,0,User
1576259,12,1,User
1576275,12,1,User
1576387,40,0,User
1576469,12,0,User
1576474,62,1,User
1576486,64,1,User
1576555,12,1,User
1576592,12,0,User
1576723,12,0,User
1576809,12,0,User
1576836,12,1,User
1577019,12,0,User
1577026,12,1,User
1577039,12,0,User
1577044,33,0,User
1577052,45,0,User
1577204,16,0,User
1577248,12,1,User
1577268,26,1,User
1577273,12,0,User
1577284,12,1,User
1577317,12,0,User
1577398,12,0,User
1577426,12,0,User
1577435,12,0,User
1577483,12,0,User
1577505,12,0,User
1577533,14,1,User
1577546,71,1,User
1577566,14,0,User
1577582,12,0,User
1577657,45,1,User
1577708,12,1,User
1577747,12,1,User
1577768,12,1,User
1577791,12,0,User
1577815,26,0,User
1577866,31,1,User
1577914,50,0,User
1577943,12,1,User
1577948,69,0,User
1578019,12,1,User
1578039,41,0,User
1578040,45,0,User
1578053,12,0,User
1578060,55,0,User
1578067,12,0,User
1578076,12,0,User
1578093,47,1,User
1578110,12,1,User
1578128,12,1,User
1578177,16,0,User
1578179,12,0,User
1578246,12,0,User
1578249,12,1,User
1578328,19,1,User
1578374,12,0,User
1578379,60,1,User
1578406,12,0,User
1578534,50,0,User
1578538,12,0,User
1578543,53,1,User
1578555,12,1,User
1578557,12,0,User
1578564,57,1,User
1578583,69,0,User
1578596,12,1,User
1578612,12,0,User
1578801,26,0,User
1578873,21,0,User
1578945,28,0,User
1578946,12,0,User
1578956,12,0,User
1579015,29,1,User
1579070,12,0,User
1579081,12,0,User
1579101,12,0,User
1579108,12,0,User
1579122,14,0,User
1579170,45,1,User
1579198,12,0,User
1579206,12,1,User
1579241,12,1,User
1579263,12,0,User
1579275,33,0,User
1579298,64,1,User
1579316,47,1,User
1579382,12,1,User
1579424,14,1,User
1579447,12,1,User
1579460,12,0,User
1579481,67,0,User
1579498,64,1,User
1579602,12,0,User
1579606,12,0,User
1579609,12,0,User
1579648,12,1,User
1579683,12,0,User
1579714,43,0,User
1579744,12,0,User
1579837,12,0,User
1579844,22,0,User
1579857,12,0,User
1579871,62,0,User
1579886,12,0,User
1579904,12,1,User
1579914,12,0,User
1579929,12,0,User
1579942,12,0,User
1579973,12,0,User
1580005,12,1,User
1580020,12,1,User
1580045,66,0,User
1580091,66,0,User
1580130,12,0,User
1580145,69,1,User
1580226,55,1,User
1580228,26,1,User
1580468,31,0,User
1580478,22,0,User
1580528,12,0,User
1580547,67,1,User
1580603,43,1,User
1580605,60,1,User
1580610,12,0,User
1580692,12,0,User
1580732,12,1,User
1580777,12,1,User
1580801,12,0,User
1580804,29,0,User
1580831,12,1,User
1580845,29,1,User
1580851,17,1,User
1580854,12,1,User
1580866,24,1,User
1580880,12,0,User
1580987,12,0,User
1580988,71,0,User
1581016,12,1,User
1581019,31,0,User
1581058,14,1,User
1581118,12,1,User
1581148,40,1,User
1581214,12,1,User
1581253,12,1,User
1581322,12,1,User
1581338,12,0,User
1581344,12,1,User
1581400,48,0,User
1581483,12,0,User
1581512,67,1,User
1581524,12,0,User
1581570,12,0,User
1581584,12,0,User
1581637,60,0,User
1581686,52,1,User
1581708,12,0,User
1581754,43,0,User
1581798,36,1,User
1581825,12,1,User
1581844,12,0,User
1581888,29,1,User
1581900,45,1,User
1581904,12,1,User
1581925,12,1,User
1581959,12,1,User
1581982,12,0,User
1581984,53,1,User
1581994,12,1,User
1582017,12,0,User
1582055,12,0,User
1582085,12,1,User
1582088,57,1,User
1582095,59,1,User
1582115,71,1,User
1582131,12,0,User
1582172,12,0,User
1582228,12,0,User
1582249,38,1,User
1582270,12,1,User
1582326,12,0,User
1582335,59,0,User
1582448,12,0,User
1582482,14,0,User
1582531,12,1,User
1582542,12,0,User
1582588,16,0,User
1582605,29,0,User
1582609,12,0,User
1582623,72,1,User
1582627,45,0,User
1582635,12,0,User
1582637,12,0,User
1582689,12,0,User
1582695,38,0,User
1582698,12,1,User
1582699,12,1,User
1582751,12,0,User
1582756,12,1,User
1582806,22,0,User
1582829,12,1,User
1582853,12,0,User
1582861,12,1,User
1582879,12,1,User
1582885,12,0,User
1582890,50,1,User
1582916,12,1,User
1582958,40,0,User
1582971,71,0,User
1582985,59,1,User
1582996,12,0,User
1583011,53,0,User
1583037,55,0,User
1583157,12,0,User
1583167,26,1,User
1583210,12,0,User
1583241,12,1,User
1583257,12,1,User
1583339,12,1,User
1583340,47,1,User
1583395,47,0,User
1583450,12,1,User
1583493,62,0,User
1583502,24,0,User
1583581,38,0,User
1583635,12,0,User
1583667,12,0,User
1583675,12,0,User
1583713,12,0,User
1583755,12,0,User
1583799,26,0,User
1583814,12,1,User
1583842,12,1,User
1583932,12,1,User
1583970,14,0,User
1583986,12,0,User
1583987,12,0,User
1583988,64,1,User
1584062,17,1,User
1584065,12,0,User
1584098,12,1,User
1584158,12,0,User
1584163,71,0,User
1584240,57,1,User
1584253,12,0,User
1584263,24,0,User
1584301,50,0,User
1584383,12,1,User
1584392,12,0,User
1584440,24,1,User
1584454,12,1,User
1584536,17,0,User
1584539,12,0,User
1584552,24,0,User
1584562,12,1,User
1584583,26,0,User
1584661,12,0,User
1584665,12,1,User
1584671,12,0,User
1584767,21,1,User
1584821,12,1,User
1584858,12,1,User
1584898,12,0,User
1584923,12,0,User
1584935,12,1,User
1585096,12,1,User
1585233,12,0,User
1585236,12,0,User
1585242,12,0,User
1585267,12,0,User
1585287,12,0,User
1585399,12,0,User
1585447,12,0,User
1585511,50,1,User
1585520,12,0,User
1585529,45,1,User
1585546,62,1,User
1585584,12,1,User
1585590,12,1,User
1585592,22,1,User
1585634,12,0,User
1585639,12,0,User
1585649,12,0,User
1585656,64,1,User
1585665,12,0,User
1585666,52,0,User
1585673,12,0,User
1585727,43,0,User
1585840,12,1,User
1585875,69,0,User
1585915,12,0,User
1585982,12,0,User
1586069,24,0,User
1586102,60,0,User
1586115,55,0,User
1586192,60,0,User
1586216,43,0,User
1586236,12,0,User
1586263,12,0,User
1586320,16,0,User
1586340,12,0,User
1586398,12,1,User
1586403,12,1,User
1586411,14,0,User
1586431,22,0,User
1586484,12,1,User
1586530,12,0,User
1586601,12,1,User
1586607,12,0,User
1586621,12,0,User
1586708,50,0,User
1586761,50,1,User
1586767,12,0,User
1586798,12,0,User
1586811,60,1,User
1586821,12,0,User
1586853,41,1,User
1586889,45,0,User
1586904,12,1,User
1586917,12,1,User
1586921,14,1,User
1586985,12,0,User
1587016,12,1,User
1587019,12,1,User
1587062,12,0,User
1587109,69,1,User
1587112,12,0,User
1587146,19,0,User
1587153,36,1,User
1587155,12,0,User
1587168,12,0,User
1587209,67,1,User
1587235,12,1,User
1587278,12,1,User
1587296,12,1,User
1587356,12,1,User
1587372,12,1,User
1587388,22,1,User
1587425,47,1,User
1587427,12,1,User
1587437,12,0,User
1587483,59,0,User
1587488,66,0,User
1587521,38,0,User
1587528,12,0,User
1587566,62,0,User
1587573,14,0,User
1587588,12,0,User
1587621,14,1,User
1587633,12,1,User
1587706,12,0,User
1587728,43,1,User
1587735,17,1,User
1587755,12,0,User
1587782,45,0,User
1587842,12,1,User
1587845,62,1,User
1587849,62,0,User
1587850,36,1,User
1587875,12,1,User
1587876,12,1,User
1587879,29,1,User
1587891,48,1,User
1587976,12,0,User
1587986,12,1,User
1588011,64,0,User
1588013,12,0,User
1588018,12,0,User
1588031,12,1,User
1588036,66,1,User
1588042,52,0,User
1588049,16,1,User
1588082,12,0,User
1588094,12,1,User
1588101,43,0,User
1588136,12,1,User
1588142,12,0,User
1588177,60,0,User
1588180,59,0,User
1588187,47,1,User
1588192,71,0,User
1588214,16,0,User
1588244,40,0,User
1588273,71,0,User
1588288,53,1,User
1588298,12,0,User
1588393,12,1,User
1588424,12,0,User
1588431,41,0,User
1588469,12,1,User
1588489,12,0,User
1588500,12,1,User
1588543,12,1,User
1588584,12,1,User
1588690,12,1,User
1588703,12,1,User
1588705,38,1,User
1588803,12,0,User
1588826,14,0,User
1588916,67,1,User
1588954,12,0,User
1588958,69,0,User
1588987,12,1,User
1589021,14,0,User
1589026,24,0,User
1589049,12,1,User
1589066,71,0,User
1589070,12,0,User
1589072,40,1,User
1589137,12,0,User
1589160,12,0,User
1589187,12,0,User
1589210,34,0,User
1589227,41,0,User
1589291,12,0,User
1589337,64,1,User
1589341,40,1,User
1589342,12,0,User
1589344,36,0,User
1589351,66,1,User
1589366,50,0,User
1589487,57,0,User
1589542,12,0,User
1589556,12,0,User
1589706,24,1,User
1589762,60,0,User
1589874,12,0,User
1589891,45,0,User
1589906,12,0,User
1589921,60,1,User
1589922,66,0,User
1589941,12,0,User
1590026,12,0,User
1590037,12,1,User
1590038,41,1,User
1590123,12,0,User
1590155,72,0,User
1590192,12,0,User
1590203,64,0,User
1590215,12,1,User
1590268,12,1,User
1590287,12,0,User
1590320,12,1,User
1590471,53,0,User
1590496,12,1,User
1590520,12,1,User
1590551,12,1,User
1590575,12,1,User
1590587,19,1,User
1590607,12,0,User
1590608,66,1,User
1590613,14,0,User
1590648,40,0,User
1590673,59,0,User
1590681,14,1,User
1590690,12,0,User
1590716,21,1,User
1590771,12,0,User
1590815,12,0,User
1590903,45,1,User
1590921,12,1,User
1590945,12,0,User
1590963,16,1,User
1590982,12,0,User
1590993,57,0,User
1591023,12,1,User
1591073,36,0,User
1591122,31,0,User
1591145,45,0,User
1591201,12,1,User
1591231,12,1,User
1591232,12,1,User
1591233,12,0,User
1591258,12,0,User
1591302,67,0,User
1591308,12,1,User
1591403,12,1,User
1591437,28,1,User
1591446,12,1,User
1591448,52,1,User
1591456,67,1,User
1591470,48,1,User
1591544,36,0,User
1591571,12,0,User
1591589,50,1,User
1591612,57,1,User
1591624,48,1,User
1591635,12,0,User
1591683,12,0,User
1591701,66,1,User
1591733,71,1,User
1591781,12,1,User
1591786,12,1,User
1591802,12,1,User
1591931,12,1,User
1591940,12,0,User
1592048,69,0,User
1592082,12,1,User
1592115,12,1,User
1592117,12,0,User
1592130,12,1,User
1592133,71,1,User
1592141,53,1,User
1592154,12,1,User
1592194,62,0,User
1592233,33,0,User
1592268,48,1,User
1592394,12,1,User
1592415,69,1,User
1592416,12,1,User
1592422,12,0,User
1592449,16,1,User
1592507,12,1,User
1592512,14,1,User
1592611,64,1,User
1592647,55,1,User
1592649,17,1,User
1592652,12,1,User
1592688,74,0,User
1592711,12,1,User
1592713,33,0,User
1592769,12,1,User
1592791,12,1,User
1592811,12,1,User
1592839,12,1,User
1592857,19,1,User
1592873,57,1,User
1592933,12,1,User
1592946,12,0,User
1592951,28,0,User
1592952,62,0,User
1593031,12,1,User
1593060,43,0,User
1593087,67,0,User
1593088,36,1,User
1593120,12,0,User
1593142,12,0,User
1593161,12,0,User
1593226,12,1,User
1593233,12,1,User
1593236,12,0,User
1593246,12,0,User
1593255,12,0,User
1593283,14,1,User
1593294,60,0,User
1593357,66,1,User
1593373,12,0,User
1593425,12,0,User
1593485,12,0,User
1593512,12,1,User
1593521,12,0,User
1593526,14,1,User
1593567,64,1,User
1593575,38,0,User
1593582,22,0,User
1593648,12,0,User
1593667,12,1,User
1593671,12,1,User
1593678,12,1,User
1593766,57,0,User
1593787,12,0,User
1593796,12,1,User
1593825,12,1,User
1593832,34,0,User
1593838,12,0,User
1593927,12,1,User
1593946,12,1,User
1594017,12,1,User
1594034,12,0,User
1594060,41,0,User
1594076,14,1,User
1594132,14,0,User
1594199,28,1,User
1594261,12,0,User
1594360,45,1,User
1594375,38,1,User
1594480,59,0,User
1594566,12,0,User
1594578,12,0,User
1594584,29,1,User
1594585,12,0,User
1594610,12,0,User
1594642,12,0,User
1594646,12,1,User
1594662,21,0,User
1594682,12,0,User
1594722,12,1,User
1594739,59,0,User
1594757,12,0,User
1594864,67,0,User
1594914,26,0,User
1594929,40,0,User
1594946,12,1,User
1594948,12,0,User
1595016,12,0,User
1595037,29,0,User
1595038,69,1,User
1595064,12,0,User
1595092,43,0,User
1595133,64,1,User
1595135,12,0,User
1595186,12,0,User
1595195,24,0,User
1595196,60,1,User
1595210,12,0,User
1595218,12,0,User
1595304,64,0,User
1595326,12,0,User
1595334,50,0,User
1595337,12,1,User
1595348,12,1,User
1595377,12,1,User
1595383,12,1,User
1595565,12,1,User
1595622,12,1,User
1595646,24,0,User
1595662,12,1,User
1595719,12,1,User
1595735,38,1,User
1595744,12,0,User
1595756,12,1,User
1595758,55,0,User
1595821,62,1,User
1595875,36,0,User
1595883,12,1,User
1595899,12,0,User
1595925,19,0,User
1595930,12,0,User
1596032,12,0,User
1596041,12,1,User
1596050,57,1,User
1596071,12,1,User
1596088,12,0,User
1596116,48,0,User
1596140,12,1,User
1596259,12,1,User
1596271,21,1,User
1596289,66,1,User
1596293,12,0,User
1596299,12,0,User
1596335,31,1,User
1596382,12,1,User
1596394,36,1,User
1596406,12,0,User
1596414,24,1,User
1596423,12,1,User
1596454,26,1,User
1596476,12,1,User
1596511,12,1,User
1596526,52,0,User
1596588,12,1,User
1596627,12,0,User
1596629,12,1,User
1596650,43,0,User
1596658,12,1,User
1596672,12,1,User
1596697,12,1,User
1596722,12,0,User
1596725,47,0,User
1596757,12,0,User
1596786,12,1,User
1596844,12,0,User
1596871,12,1,User
1596885,12,0,User
1596896,22,0,User
1596901,12,1,User
1596975,12,1,User
1596979,62,1,User
1597091,12,0,User
1597117,12,1,User
1597150,12,0,User
1597165,19,1,User
1597184,12,0,User
1597194,12,0,User
1597271,12,1,User
1597292,31,1,User
1597410,12,0,User
1597439,12,0,User
1597480,55,1,User
1597507,12,1,User
1597645,64,1,User
1597665,12,0,User
1597745,12,1,User
1597749,14,0,User
1597820,14,1,User
1597910,12,1,User
1597933,69,1,User
1597938,12,0,User
1598087,66,0,User
1598096,12,1,User
1598111,14,0,User
1598112,12,1,User
1598146,12,0,User
1598192,12,1,User
1598216,12,1,User
1598220,12,1,User
1598227,29,1,User
1598232,66,1,User
1598241,24,1,User
1598246,76,0,User
1598265,17,1,User
1598281,12,1,User
1598326,24,1,User
1598331,71,0,User
1598363,21,1,User
1598400,34,0,User
1598419,12,1,User
1598450,64,1,User
1598463,12,0,User
1598469,12,0,User
1598503,12,0,User
1598526,12,1,User
1598645,59,0,User
1598652,71,0,User
1598656,12,0,User
1598731,24,1,User
1598783,12,0,User
1598785,12,1,User
1598814,12,0,User
1598861,52,1,User
1598881,12,1,User
1598887,12,0,User
1598893,12,0,User
1598948,12,1,User
1598952,45,0,User
1599012,64,1,User
1599064,12,0,User
1599142,12,0,User
1599249,12,1,User
1599263,12,1,User
1599276,12,1,User
1599283,12,1,User
1599300,53,0,User
1599307,12,0,User
1599403,57,0,User
1599461,71,1,User
1599467,12,1,User
1599540,12,1,User
1599575,55,1,User
1599642,12,1,User
1599726,52,1,User
1599743,41,1,User
1599744,41,1,User
1599758,71,1,User
1599772,12,0,User
1599774,45,0,User
1599833,12,1,User
1599873,12,1,User
1599921,26,1,User
1599929,12,1,User
1599981,12,1,User
1599996,12,1,User
1600012,12,0,User
1600039,71,0,User
1600095,19,0,User
1600133,12,0,User
1600171,36,1,User
1600172,64,1,User
1600214,12,1,User
1600244,50,0,User
1600301,12,0,User
1600310,69,1,User
1600311,12,0,User
1600315,12,0,User
1600329,12,0,User
1600398,12,1,User
1600421,12,1,User
1600443,12,0,User
1600515,12,1,User
1600567,12,1,User
1600608,12,0,User
1600654,66,1,User
1600662,59,0,User
1600696,12,0,User
1600731,12,1,User
1600742,12,1,User
1600788,66,1,User
1600879,12,1,User
1600893,12,0,User
1600920,12,0,User
1600969,26,0,User
1600972,12,1,User
1600993,69,0,User
1601000,12,1,User
1601034,17,0,User
1601045,66,1,User
1601049,64,0,User
1601057,71,0,User
1601086,12,0,User
1601124,12,0,User
1601134,22,1,User
1601138,12,1,User
1601227,12,0,User
1601244,12,1,User
1601274,12,1,User
1601331,12,1,User
1601360,12,0,User
1601403,12,0,User
1601406,12,0,User
1601437,12,1,User
1601499,45,1,User
1601511,12,0,User
1601515,12,1,User
1601546,14,1,User
1601667,36,0,User
1601713,19,1,User
1601729,17,0,User
1601831,12,0,User
1601858,41,1,User
1601878,12,0,User
1601989,57,1,User
1602015,12,1,User
1602041,12,1,User
1602075,12,0,User
1602083,12,0,User
1602098,12,1,User
1602120,47,0,User
1602145,12,0,User
1602150,12,1,User
1602178,12,0,User
1602196,12,0,User
1602210,40,1,User
1602213,62,1,User
1602244,12,0,User
1602265,12,0,User
1602385,19,1,User
1602396,59,1,User
1602437,12,0,User
1602499,66,1,User
1602595,41,1,User
1602637,12,0,User
1602666,12,0,User
1602698,14,1,User
1602727,12,0,User
1602736,12,1,User
1602749,12,1,User
1602750,12,1,User
1602752,47,0,User
1602815,43,1,User
1602828,47,0,User
1602868,12,1,User
1602917,12,0,User
1602926,72,0,User
1602945,12,1,User
1602962,12,0,User
1602990,12,1,User
1603015,12,0,User
1603033,12,0,User
1603044,55,1,User
1603073,12,0,User
1603201,45,0,User
1603209,12,0,User
1603246,12,0,User
1603257,36,1,User
1603291,22,1,User
1603299,12,0,User
1603306,12,1,User
1603329,26,0,User
1603359,71,1,User
1603430,12,1,User
1603463,12,1,User
1603478,71,1,User
1603498,12,0,User
1603500,48,0,User
1603555,12,1,User
1603557,60,0,User
1603559,66,0,User
1603598,12,0,User
1603610,12,1,User
1603611,40,0,User
1603633,12,1,User
1603685,45,1,User
1603695,12,1,User
1603714,12,0,User
1603743,66,0,User
1603747,12,1,User
1603752,60,1,User
1603783,12,0,User
1603832,12,1,User
1603856,12,0,User
1603888,12,0,User
1603933,12,0,User
1603948,12,0,User
1603983,38,1,User
1604019,12,0,User
1604065,12,0,User
1604084,12,1,User
1604098,22,0,User
1604116,12,0,User
1604156,12,0,User
1604224,12,1,User
1604253,12,1,User
1604297,47,1,User
1604304,69,0,User
1604342,60,0,User
1604438,12,0,User
1604488,12,0,User
1604541,53,1,User
1604576,12,1,User
1604583,12,1,User
1604644,12,1,User
1604693,12,1,User
1604738,12,0,User
1604752,12,0,User
1604775,64,1,User
1604801,69,0,User
1604809,12,0,User
1604827,53,0,User
1604866,66,0,User
1604891,12,1,User
1604892,66,0,User
1604919,67,1,User
1604925,69,0,User
1604930,59,0,User
1604955,12,0,User
1604969,71,1,User
1604981,12,0,User
1605016,12,1,User
1605091,12,1,User
1605117,47,0,User
1605132,62,0,User
1605135,12,0,User
1605182,12,0,User
1605206,12,1,User
1605233,12,1,User
1605264,69,0,User
1605282,24,1,User
1605287,12,1,User
1605332,64,0,User
1605361,12,1,User
1605418,29,0,User
1605419,47,0,User
1605425,12,0,User
1605442,12,1,User
1605482,34,1,User
1605553,12,0,User
1605562,16,1,User
1605574,36,0,User
1605594,33,1,User
1605598,19,0,User
1605611,19,0,User
1605629,62,0,User
1605648,12,1,User
1605677,31,0,User
1605699,12,1,User
1605710,12,0,User
1605751,31,0,User
1605758,12,0,User
1605839,12,1,User
1605893,12,1,User
1605897,12,0,User
1605907,17,0,User
1605909,12,1,User
1605921,55,0,User
1606067,22,1,User
1606091,12,1,User
1606107,64,1,User
1606118,12,0,User
1606149,45,0,User
1606153,43,0,User
1606164,12,0,User
1606199,69,1,User
1606345,52,0,User
1606370,12,1,User
1606411,29,0,User
1606416,14,0,User
1606536,12,0,User
1606552,38,0,User
1606625,12,1,User
1606637,12,0,User
1606662,12,0,User
1606675,12,0,User
1606763,12,0,User
1606818,12,1,User
1606870,12,1,User
1606928,28,0,User
1606943,33,1,User
1606952,71,0,User
1606958,12,0,User
1607048,12,1,User
1607053,14,0,User
1607106,14,0,User
1607107,34,0,User
1607213,12,0,User
1607217,12,0,User
1607247,12,1,User
1607351,12,1,User
1607368,12,0,User
1607422,53,0,User
1607430,24,0,User
1607454,12,1,User
1607461,12,0,User
1607479,12,0,User
1607486,12,1,User
1607493,12,0,User
1607536,12,1,User
1607588,12,0,User
1607598,12,1,User
1607609,12,0,User
1607645,12,0,User
1607717,14,0,User
1607757,12,0,User
1607792,62,0,User
1607863,53,1,User
1607873,14,1,User
1607885,12,1,User
1607919,67,1,User
1607943,12,1,User
1607991,12,0,User
1607998,12,1,User
1608051,33,0,User
1608065,16,0,User
1608089,52,1,User
1608096,12,0,User
1608105,12,1,User
1608161,14,0,User
1608194,12,1,User
1608204,74,0,User
1608241,48,0,User
1608268,12,0,User
1608302,60,1,User
1608332,14,0,User
1608336,47,1,User
1608388,12,1,User
1608397,12,1,User
1608448,12,1,User
1608449,40,0,User
1608476,12,1,User
1608477,12,1,User
1608498,12,0,User
1608511,12,1,User
1608514,16,1,User
1608518,12,0,User
1608537,12,0,User
1608587,67,0,User
1608594,22,1,User
1608606,12,0,User
1608625,12,0,User
1608686,43,0,User
1608832,43,1,User
1608936,26,1,User
1608950,12,0,User
1608968,12,1,User
1608977,71,1,User
1609073,12,1,User
1609077,24,1,User
1609087,12,1,User
1609134,57,1,User
1609142,66,0,User
1609205,12,0,User
1609229,12,0,User
1609232,12,1,User
1609416,52,0,User
1609476,59,1,User
1609581,64,1,User
1609595,12,1,User
1609672,12,0,User
1609733,12,1,User
1609734,12,0,User
1609776,14,0,User
1609799,12,1,User
1609807,36,1,User
1609861,40,1,User
1609875,12,0,User
1609886,12,1,User
1609893,12,1,User
1609961,12,0,User
1609993,14,0,User
1610021,12,1,User
1610048,12,1,User
1610051,26,1,User
1610101,12,1,User
1610115,12,1,User
1610171,12,1,User
1610273,12,1,User
1610283,24,1,User
1610348,12,1,User
1610351,12,1,User
1610353,53,1,User
1610370,12,0,User
1610396,12,0,User
1610423,31,1,User
1610549,14,1,User
1610553,22,1,User
1610631,12,1,User
1610654,66,1,User
1610668,12,0,User
1610736,12,1,User
1610765,12,0,User
1610785,12,1,User
1610787,12,1,User
1610828,53,0,User
1610863,12,0,User
1610923,12,1,User
1610964,12,1,User
1611008,19,1,User
1611047,12,0,User
1611090,12,0,User
1611129,12,0,User
1611136,12,1,User
1611161,38,1,User
1611285,12,0,User
1611294,12,1,User
1611313,50,1,User
1611408,52,0,User
1611421,12,1,User
1611433,19,1,User
1611484,12,1,User
1611510,12,0,User
1611516,12,1,User
1611535,12,1,User
1611539,12,1,User
1611545,12,1,User
1611636,12,1,User
1611647,66,0,User
1611726,34,0,User
1611836,36,0,User
1611841,12,1,User
1611851,12,1,User
1611866,66,0,User
1611878,12,0,User
1611893,14,0,User
1611926,12,1,User
1611947,12,1,User
1611982,43,1,User
1612031,12,0,User
1612054,12,0,User
1612071,12,0,User
1612090,12,1,User
1612175,59,0,User
1612181,12,0,User
1612187,12,0,User
1612193,12,0,User
1612216,12,0,User
1612289,12,1,User
1612306,12,0,User
1612315,12,0,User
1612372,12,1,User
1612435,14,0,User
1612464,31,0,User
1612471,12,0,User
1612502,69,0,User
1612538,71,0,User
1612539,12,0,User
1612612,12,1,User
1612627,59,1,User
1612643,12,0,User
1612686,22,1,User
1612713,12,1,User
1612735,41,0,User
1612764,69,1,User
1612774,36,1,User
1612776,12,0,User
1612843,28,0,User
1612944,66,0,User
1612974,12,1,User
1612976,31,0,User
1612978,12,1,User
1612993,14,1,User
1612999,33,1,User
1613083,64,1,User
1613109,50,0,User
1613121,64,1,User
1613132,22,0,User
1613135,12,0,User
1613193,12,0,User
1613239,12,0,User
1613275,34,1,User
1613280,21,0,User
1613285,12,0,User
1613324,12,1,User
1613381,12,1,User
1613410,12,1,User
1613466,12,0,User
1613535,12,1,User
1613602,12,0,User
1613712,12,0,User
1613722,12,1,User
1613724,41,0,User
1613728,48,0,User
1613739,12,0,User
1613758,12,1,User
1613776,12,0,User
1613837,12,0,User
1613839,12,0,User
1613899,12,1,User
1614007,12,1,User
1614018,12,1,User
1614029,57,0,User
1614040,12,0,User
1614052,34,1,User
1614056,50,0,User
1614075,12,1,User
1614151,12,0,User
1614161,12,1,User
1614173,62,0,User
1614176,64,1,User
1614211,12,0,User
1614224,12,1,User
1614240,12,1,User
1614260,55,0,User
1614289,29,1,User
1614310,38,1,User
1614339,62,0,User
1614347,12,1,User
1614378,26,0,User
1614428,12,0,User
1614483,14,0,User
1614489,12,1,User
1614508,12,0,User
1614524,48,0,User
1614526,14,1,User
1614547,12,0,User
1614560,12,0,User
1614583,19,0,User
1614596,12,1,User
1614645,55,1,User
1614657,47,0,User
1614694,12,1,User
1614780,62,1,User
1614783,12,1,User
1614785,12,1,User
1614810,12,1,User
1614851,12,1,User
1614872,41,1,User
1614889,60,1,User
1614892,12,1,User
1614928,12,1,User
1614936,59,1,User
1614955,12,1,User
1614991,38,1,User
1615003,41,1,User
1615051,66,1,User
1615155,12,0,User
1615162,12,0,User
1615175,21,1,User
1615240,19,0,User
1615255,12,0,User
1615261,12,0,User
1615355,12,1,User
1615361,16,1,User
1615408,12,0,User
1615429,12,1,User
1615452,12,0,User
1615506,12,0,User
1615554,53,1,User
1615558,59,1,User
1615626,12,0,User
1615636,12,0,User
1615650,12,1,User
1615820,36,1,User
1615869,12,0,User
1616021,12,1,User
1616073,43,1,User
1616122,12,0,User
1616131,57,0,User
1616139,40,0,User
1616156,12,0,User
1616209,22,1,User
1616215,12,1,User
1616228,12,0,User
1616250,12,1,User
1616309,12,1,User
1616339,12,1,User
1616341,12,0,User
1616355,12,1,User
1616370,12,0,User
1616373,12,1,User
1616428,12,1,User
1616443,12,1,User
1616448,12,0,User
1616470,12,0,User
1616486,12,0,User
1616541,12,1,User
1616555,69,1,User
1616558,12,1,User
1616615,12,1,User
1616692,17,0,User
1616700,66,0,User
1616709,12,1,User
1616796,12,1,User
1616823,60,0,User
1616855,64,0,User
1616899,12,0,User
1616919,12,0,User
1616923,62,0,User
1616936,57,0,User
1616999,12,0,User
1617031,59,1,User
1617046,12,0,User
1617170,12,0,User
1617180,12,0,User
1617200,12,1,User
1617274,12,0,User
1617278,12,0,User
1617288,55,0,User
1617299,12,0,User
1617323,71,1,User
1617331,64,0,User
1617348,12,1,User
1617349,24,0,User
1617360,60,1,User
1617368,71,0,User
1617422,12,0,User
1617423,66,0,User
1617438,12,1,User
1617441,12,1,User
1617563,12,0,User
1617581,12,1,User
1617582,12,0,User
1617628,41,0,User
1617632,12,0,User
1617687,59,1,User
1617697,67,1,User
1617705,48,1,User
1617722,47,0,User
1617774,12,1,User
1617777,12,1,User
1617779,14,0,User
1617788,12,1,User
1617826,12,0,User
1617834,12,0,User
1617901,12,1,User
1617965,62,0,User
1618014,12,1,User
1618118,12,1,User
1618120,45,0,User
1618121,38,0,User
1618166,12,0,User
1618194,36,0,User
1618216,12,0,User
1618217,12,0,User
1618240,21,1,User
1618247,59,0,User
1618252,12,1,User
1618261,12,0,User
1618272,12,1,User
1618286,71,0,User
1618371,12,1,User
1618412,17,1,User
1618433,12,1,User
1618434,12,0,User
1618491,12,0,User
1618498,29,1,User
1618545,48,0,User
1618578,12,1,User
1618616,12,0,User
1618663,12,0,User
1618692,12,1,User
1618747,12,0,User
1618754,59,0,User
1618794,31,0,User
1618798,19,1,User
1618836,55,0,User
1618870,71,1,User
1618890,62,0,User
1618908,12,1,User
1618936,12,0,User
1618952,12,1,User
1618966,12,1,User
1618986,14,1,User
1619003,38,1,User
1619008,12,1,User
1619120,12,1,User
1619122,12,1,User
1619135,12,0,User
1619147,45,1,User
1619150,12,0,User
1619159,12,1,User
1619187,12,0,User
1619217,45,0,User
1619227,59,1,User
1619268,12,1,User
1619300,48,0,User
1619314,12,0,User
1619332,12,0,User
1619431,12,1,User
1619449,64,1,User
1619465,12,1,User
1619551,31,0,User
1619559,12,0,User
1619562,12,0,User
1619587,48,1,User
1619593,12,1,User
1619616,12,1,User
1619636,12,1,User
1619645,12,0,User
1619683,12,1,User
1619709,52,1,User
1619728,12,0,User
1619738,12,1,User
1619740,12,0,User
1619789,12,0,User
1619826,12,1,User
1619849,12,1,User
1619869,12,0,User
1619947,12,0,User
1620010,12,1,User
1620042,66,1,User
1620086,22,1,User
1620103,12,1,User
1620110,22,0,User
1620139,36,0,User
1620173,12,0,User
1620202,26,0,User
1620204,12,1,User
1620328,67,1,User
1620378,71,1,User
1620416,12,1,User
1620443,14,0,User
1620456,12,1,User
1620482,12,1,User
1620511,29,1,User
1620522,12,0,User
1620559,52,0,User
1620600,12,0,User
1620647,59,0,User
1620657,50,0,User
1620680,12,1,User
1620705,12,0,User
1620833,12,0,User
1620854,50,1,User
1620859,12,1,User
1620869,64,0,User
1620927,43,1,User
1620987,14,1,User
1620995,12,1,User
1621005,16,1,User
1621014,12,0,User
1621017,12,1,User
1621056,64,1,User
1621072,12,1,User
1621098,24,1,User
1621162,12,0,User
1621164,21,1,User
1621166,67,0,User
1621200,12,0,User
1621235,43,0,User
1621298,12,0,User
1621345,28,0,User
1621446,12,0,User
1621455,12,0,User
1621459,16,0,User
1621543,52,1,User
1621594,53,0,User
1621646,12,1,User
1621657,31,1,User
1621727,71,1,User
1621751,12,0,User
1621769,62,0,User
1621812,12,1,User
1621898,28,0,User
1621924,12,0,User
1621935,28,0,User
1622028,67,0,User
1622080,12,1,User
1622148,64,1,User
1622171,12,1,User
1622220,12,1,User
1622256,12,0,User
1622268,12,0,User
1622271,12,0,User
1622307,43,0,User
1622313,12,1,User
1622327,55,0,User
1622379,52,0,User
1622502,12,0,User
1622509,28,0,User
1622514,12,1,User
1622582,67,0,User
1622595,12,0,User
1622613,12,1,User
1622614,12,1,User
1622650,41,1,User
1622688,67,0,User
1622777,12,0,User
1622847,12,0,User
1622864,14,1,User
1622899,12,0,User
1622927,12,0,User
1622928,12,0,User
1622930,45,1,User
1623011,19,1,User
1623041,48,0,User
1623078,12,1,User
1623101,12,1,User
1623111,21,1,User
1623138,12,0,User
1623167,55,1,User
1623171,66,0,User
1623211,64,0,User
1623232,41,1,User
1623274,12,0,User
1623428,12,1,User
1623433,17,1,User
1623514,12,0,User
1623518,12,1,User
1623662,16,1,User
1623669,62,1,User
1623684,12,0,User
1623713,12,1,User
1623757,12,1,User
1623762,12,0,User
1623764,31,1,User
1623800,66,0,User
1623907,12,0,User
1623918,12,0,User
1623946,12,0,User
1624002,12,1,User
1624005,71,0,User
1624040,16,1,User
1624054,12,0,User
1624057,12,1,User
1624133,14,0,User
1624150,12,0,User
1624190,12,0,User
1624196,12,0,User
1624210,12,0,User
1624307,53,1,User
1624350,69,0,User
1624381,64,1,User
1624404,12,0,User
1624407,14,0,User
1624420,12,1,User
1624443,31,1,User
1624452,12,1,User
1624465,59,1,User
1624483,12,0,User
1624492,12,0,User
1624495,28,1,User
1624496,12,1,User
1624535,12,1,User
1624542,12,0,User
1624575,55,0,User
1624577,12,1,User
1624583,12,0,User
1624713,12,0,User
1624755,12,0,User
1624805,12,1,User
1624847,12,1,User
1624906,16,0,User
1625008,12,1,User
1625041,71,1,User
1625044,66,1,User
1625072,12,1,User
1625139,12,0,User
1625224,67,1,User
1625245,12,0,User
1625278,45,0,User
1625358,12,0,User
1625413,12,0,User
1625600,64,0,User
1625676,12,1,User
1625732,12,0,User
1625782,12,1,User
1625800,62,1,User
1625876,12,1,User
1625897,12,1,User
1625916,12,0,User
1625940,29,1,User
1625979,71,1,User
1625988,12,1,User
1625996,12,0,User
1626017,14,0,User
1626024,50,1,User
1626034,12,0,User
1626052,38,0,User
1626080,12,1,User
1626106,12,1,User
1626172,55,0,User
1626224,12,1,User
1626256,12,1,User
1626288,12,0,User
1626330,12,0,User
1626337,12,0,User
1626340,12,0,User
1626353,12,1,User
1626356,12,1,User
1626373,50,1,User
1626402,12,0,User
1626408,12,1,User
1626465,66,1,User
1626471,41,0,User
1626596,12,0,User
1626625,12,0,User
1626665,34,1,User
1626673,67,1,User
1626740,12,0,User
1626788,12,0,User
1626822,12,1,User
1626844,12,0,User
1626892,12,1,User
1626897,12,0,User
1626900,71,0,User
1626938,22,0,User
1626978,12,0,User
1626981,12,1,User
1626986,12,1,User
1627008,12,1,User
1627081,47,1,User
1627085,12,1,User
1627090,33,0,User
1627096,57,1,User
1627101,29,0,User
1627139,76,1,User
1627147,40,1,User
1627180,14,0,User
1627182,12,1,User
1627233,33,1,User
1627236,47,1,User
1627253,12,0,User
1627278,12,1,User
1627313,64,0,User
1627333,12,1,User
1627439,12,0,User
1627461,60,0,User
1627484,12,1,User
1627500,71,0,User
1627510,12,0,User
1627514,12,1,User
1627543,12,0,User
1627572,12,0,User
1627577,71,1,User
1627589,12,1,User
1627616,12,1,User
1627636,12,0,User
1627645,59,0,User
1627702,12,1,User
1627731,12,1,User
1627764,12,1,User
1627896,12,1,User
1627904,12,0,User
1627925,14,1,User
1627945,50,0,User
1627976,12,0,User
1628026,21,0,User
1628176,45,1,User
1628181,14,1,User
1628223,12,0,User
1628233,12,1,User
1628243,12,1,User
1628287,12,0,User
1628332,57,1,User
1628354,62,1,User
1628391,71,0,User
1628460,12,1,User
1628469,40,0,User
1628495,17,0,User
1628499,48,1,User
1628528,47,0,User
1628604,12,1,User
1628617,12,1,User
1628692,69,0,User
1628712,33,1,User
1628786,12,1,User
1628796,12,0,User
1628809,12,1,User
1628813,57,1,User
1628856,53,1,User
1628859,12,1,User
1628873,50,0,User
1628875,29,1,User
1628887,12,1,User
1628945,28,0,User
1628996,12,1,User
1629152,12,1,User
1629178,12,0,User
1629232,12,1,User
1629241,12,1,User
1629295,50,1,User
1629300,14,1,User
1629309,12,1,User
1629326,48,0,User
1629366,12,1,User
1629393,62,0,User
1629410,12,0,User
1629429,12,1,User
1629477,12,0,User
1629480,12,0,User
1629489,12,1,User
1629498,47,1,User
1629512,71,0,User
1629519,55,1,User
1629528,12,1,User
1629542,12,1,User
1629580,12,0,User
1629593,12,1,User
1629606,19,1,User
1629621,41,0,User
1629654,24,0,User
1629739,12,1,User
1629776,12,1,User
1629804,12,0,User
1629814,12,0,User
1629834,74,0,User
1629867,17,0,User
1629869,12,0,User
1629880,48,0,User
1629902,19,0,User
1630038,21,0,User
1630051,12,1,User
1630074,12,0,User
1630087,12,1,User
1630108,43,0,User
1630113,67,1,User
1630115,12,0,User
1630124,47,0,User
1630157,12,0,User
1630158,12,0,User
1630167,12,0,User
1630168,12,0,User
1630229,12,1,User
1630244,12,1,User
1630267,12,1,User
1630299,12,0,User
1630319,12,1,User
1630320,12,0,User
1630321,47,0,User
1630453,67,1,User
1630463,12,1,User
1630483,71,0,User
1630553,12,1,User
1630600,12,0,User
1630629,17,1,User
1630660,64,1,User
1630664,12,0,User
1630679,67,0,User
1630681,71,1,User
1630705,12,0,User
1630749,12,0,User
1630809,12,0,User
1630836,12,0,User
1630842,12,1,User
1630914,14,1,User
1630932,12,0,User
1630950,12,1,User
1630959,12,0,User
1630984,45,0,User
1631032,71,0,User
1631047,50,1,User
1631074,12,1,User
1631076,60,1,User
1631100,19,1,User
1631116,12,1,User
1631120,12,0,User
1631182,12,1,User
1631266,45,1,User
1631287,12,0,User
1631326,22,1,User
1631330,12,1,User
1631481,14,0,User
1631482,12,1,User
1631571,28,0,User
1631597,62,0,User
1631620,12,1,User
1631629,47,1,User
1631723,12,0,User
1631730,12,1,User
1631738,12,0,User
1631746,12,0,User
1631748,12,0,User
1631761,24,0,User
1631826,53,0,User
1631884,16,1,User
1631925,64,0,User
1631935,12,1,User
1631954,12,0,User
1631984,12,0,User
1631986,14,0,User
1631990,12,1,User
1632015,12,1,User
1632065,12,1,User
1632075,12,1,User
1632081,12,1,User
1632087,36,1,User
1632146,12,0,User
1632170,71,1,User
1632375,12,1,User
1632377,12,0,User
1632416,12,1,User
1632436,12,0,User
1632477,12,1,User
1632494,12,0,User
1632525,12,0,User
1632530,12,0,User
1632612,12,0,User
1632658,12,1,User
1632669,12,1,User
1632670,12,0,User
1632679,43,1,User
1632746,64,1,User
1632781,12,0,User
